https://www.weathergraphics.com/identifiers/,,,,,,,,,,,
,,,,,,,,,,,
,,,,,,,,,,,
,,,,,,,,,,,
,,,,,,,,,,,
,,,,,,,,,,,
StationID,url,name,province,latitude,longitude,elevation,climateid,wmoid,tcid,_Tagz,_Flgz
8400416,https://climate.weather.gc.ca/climate_data/daily_data_e.html?hlyRange=2022-10-26%7C2026-03-25&dlyRange=2022-10-26%7C2026-03-25&mlyRange=%7C&climate_id=8400416&Prov=NL&urlExtension=_e.html&searchType=stnProv&optLimit=specDate&StartYear=1840&EndYear=2026&selRowPerPage=100&Line=871&Month=3&Day=25&lstProvince=&Apply=Apply&timeframe=2,ST ALBAN'S, NEWFOUNDLAND AND LABRADOR ,"47°51'27.828"" N","55°51'40.043"" W",185.20 m,8400416,73051,AAB                 ,CAAB                 ,
8205092,https://climate.weather.gc.ca/climate_data/daily_data_e.html?hlyRange=2008-06-26%7C2026-03-25&dlyRange=2008-07-02%7C2026-03-25&mlyRange=%7C&climate_id=8205092&Prov=NS&urlExtension=_e.html&searchType=stnProv&optLimit=specDate&StartYear=1840&EndYear=2026&selRowPerPage=100&Line=850&Month=3&Day=25&lstProvince=&Apply=Apply&timeframe=2,SHEARWATER RCS, NOVA SCOTIA ,"44°38'09.310"" N","63°30'53.600"" W",45.30 m,8205092,71264,AAW                 ,CAAW                 ,
8200573,https://climate.weather.gc.ca/climate_data/daily_data_e.html?hlyRange=2004-01-17%7C2026-03-25&dlyRange=2018-05-14%7C2026-03-25&mlyRange=%7C&climate_id=8200573&Prov=NS&urlExtension=_e.html&searchType=stnProv&optLimit=specDate&StartYear=1840&EndYear=2026&selRowPerPage=100&Line=61&Month=3&Day=25&lstProvince=&Apply=Apply&timeframe=2,BEDFORD BASIN, NOVA SCOTIA ,"44°42'28.008"" N","63°38'03.001"" W",3.50 m,8200573,71329,ABB                 ,CABB                 ,
8400801,https://climate.weather.gc.ca/climate_data/daily_data_e.html?hlyRange=2006-01-23%7C2026-03-25&dlyRange=2006-08-01%7C2026-03-25&mlyRange=2006-08-01%7C2007-07-01&climate_id=8400801&Prov=NL&urlExtension=_e.html&searchType=stnProv&optLimit=specDate&StartYear=1840&EndYear=2026&selRowPerPage=100&Line=98&Month=3&Day=25&lstProvince=&Apply=Apply&timeframe=2,BURGEO NL, NEWFOUNDLAND AND LABRADOR ,"47°37'00.000"" N","57°37'00.000"" W",10.60 m,8400801,71152,ABF                 ,CABF                 ,
8404242,https://climate.weather.gc.ca/climate_data/daily_data_e.html?hlyRange=2018-12-11%7C2026-03-25&dlyRange=2018-12-10%7C2026-03-25&mlyRange=%7C&climate_id=8404242&Prov=NL&urlExtension=_e.html&searchType=stnProv&optLimit=specDate&StartYear=1840&EndYear=2026&selRowPerPage=100&Line=1038&Month=3&Day=25&lstProvince=&Apply=Apply&timeframe=2,WINTERLAND BRANCH HILL, NEWFOUNDLAND AND LABRADOR ,"47°08'10.000"" N","55°19'41.000"" W",29.30 m,8404242,73080,ABH                 ,CABH                 ,
8200574,https://climate.weather.gc.ca/climate_data/daily_data_e.html?hlyRange=2004-09-24%7C2026-03-25&dlyRange=2018-05-14%7C2026-03-25&mlyRange=%7C&climate_id=8200574&Prov=NS&urlExtension=_e.html&searchType=stnProv&optLimit=specDate&StartYear=1840&EndYear=2026&selRowPerPage=100&Line=62&Month=3&Day=25&lstProvince=&Apply=Apply&timeframe=2,BEDFORD RANGE, NOVA SCOTIA ,"44°44'45.090"" N","63°39'42.080"" W",9.60 m,8200574,71325,ABR                 ,CABR                 ,
8401295,https://climate.weather.gc.ca/climate_data/daily_data_e.html?hlyRange=2012-10-17%7C2026-03-25&dlyRange=2012-10-17%7C2026-03-25&mlyRange=%7C&climate_id=8401295&Prov=NL&urlExtension=_e.html&searchType=stnProv&optLimit=specDate&StartYear=1840&EndYear=2026&selRowPerPage=100&Line=191&Month=3&Day=25&lstProvince=&Apply=Apply&timeframe=2,CORMACK RCS, NEWFOUNDLAND AND LABRADOR ,"49°19'19.031"" N","57°23'36.010"" W",165.80 m,8401295,71367,ACM                 ,CACM                 ,
8200255,https://climate.weather.gc.ca/climate_data/daily_data_e.html?hlyRange=2007-06-07%7C2026-03-25&dlyRange=2007-06-01%7C2026-03-25&mlyRange=2007-06-01%7C2007-07-01&climate_id=8200255&Prov=NS&urlExtension=_e.html&searchType=stnProv&optLimit=specDate&StartYear=1840&EndYear=2026&selRowPerPage=100&Line=29&Month=3&Day=25&lstProvince=&Apply=Apply&timeframe=2,BACCARO PT, NOVA SCOTIA ,"43°27'03.000"" N","65°28'18.000"" W",4.60 m,8200255,71920,ACP                 ,CACP                 ,
8100989,https://climate.weather.gc.ca/climate_data/daily_data_e.html?hlyRange=1994-02-01%7C2026-03-25&dlyRange=2005-09-01%7C2026-03-25&mlyRange=2005-09-01%7C2007-07-01&climate_id=8100989&Prov=NB&urlExtension=_e.html&searchType=stnProv&optLimit=specDate&StartYear=1840&EndYear=2026&selRowPerPage=100&Line=585&Month=3&Day=25&lstProvince=&Apply=Apply&timeframe=2,MIRAMICHI RCS, NEW BRUNSWICK ,"47°00'34.000"" N","65°27'54.000"" W",33.00 m,8100989,71744,ACQ                 ,CACQ                 ,
8401405,https://climate.weather.gc.ca/climate_data/daily_data_e.html?hlyRange=2018-07-19%7C2026-03-25&dlyRange=2018-07-19%7C2026-03-25&mlyRange=%7C&climate_id=8401405&Prov=NL&urlExtension=_e.html&searchType=stnProv&optLimit=specDate&StartYear=1840&EndYear=2026&selRowPerPage=100&Line=206&Month=3&Day=25&lstProvince=&Apply=Apply&timeframe=2,DANIEL'S HARBOUR, NEWFOUNDLAND AND LABRADOR ,"50°14'09.000"" N","57°34'51.000"" W",19.00 m,8401405,73024,ADL                 ,CADL                 ,
8101201,https://climate.weather.gc.ca/climate_data/daily_data_e.html?hlyRange=2013-05-22%7C2026-03-25&dlyRange=2013-05-23%7C2026-03-25&mlyRange=%7C&climate_id=8101201&Prov=NB&urlExtension=_e.html&searchType=stnProv&optLimit=specDate&StartYear=1840&EndYear=2026&selRowPerPage=100&Line=227&Month=3&Day=25&lstProvince=&Apply=Apply&timeframe=2,DOAKTOWN AUTO RCS, NEW BRUNSWICK ,"46°35'06.090"" N","66°00'35.071"" W",43.00 m,8101201,71038,ADN                 ,CADN                 ,
8403619,https://climate.weather.gc.ca/climate_data/daily_data_e.html?hlyRange=2006-01-23%7C2026-03-25&dlyRange=2006-12-01%7C2026-03-25&mlyRange=2006-12-01%7C2007-07-01&climate_id=8403619&Prov=NL&urlExtension=_e.html&searchType=stnProv&optLimit=specDate&StartYear=1840&EndYear=2026&selRowPerPage=100&Line=877&Month=3&Day=25&lstProvince=&Apply=Apply&timeframe=2,ST LAWRENCE, NEWFOUNDLAND AND LABRADOR ,"46°55'00.000"" N","55°23'00.000"" W",48.50 m,8403619,71110,ADS                 ,CADS                 ,
8201780,https://climate.weather.gc.ca/climate_data/daily_data_e.html?hlyRange=2011-12-01%7C2026-03-25&dlyRange=2011-12-01%7C2026-03-25&mlyRange=%7C&climate_id=8201780&Prov=NS&urlExtension=_e.html&searchType=stnProv&optLimit=specDate&StartYear=1840&EndYear=2026&selRowPerPage=100&Line=260&Month=3&Day=25&lstProvince=&Apply=Apply&timeframe=2,ESKASONI FIRST NATION AUTOMATIC WEATHER STATION, NOVA SCOTIA ,"45°55'14.000"" N","60°38'49.000"" W",28.00 m,8201780,71175,AEI                 ,CAEI                 ,
8101605,https://climate.weather.gc.ca/climate_data/daily_data_e.html?hlyRange=2004-12-30%7C2026-03-25&dlyRange=2000-06-01%7C2026-03-25&mlyRange=2000-06-01%7C2007-07-01&climate_id=8101605&Prov=NB&urlExtension=_e.html&searchType=stnProv&optLimit=specDate&StartYear=1840&EndYear=2026&selRowPerPage=100&Line=313&Month=3&Day=25&lstProvince=&Apply=Apply&timeframe=2,FREDERICTON CDA CS, NEW BRUNSWICK ,"45°55'13.000"" N","66°36'32.010"" W",35.10 m,8101605,71668,AFC                 ,CAFC                 ,
8501136,https://climate.weather.gc.ca/climate_data/daily_data_e.html?hlyRange=2023-12-01%7C2026-03-25&dlyRange=2023-12-01%7C2026-03-25&mlyRange=%7C&climate_id=8501136&Prov=NL&urlExtension=_e.html&searchType=stnProv&optLimit=specDate&StartYear=1840&EndYear=2026&selRowPerPage=100&Line=168&Month=3&Day=25&lstProvince=&Apply=Apply&timeframe=2,CHURCHILL FALLS, NEWFOUNDLAND AND LABRADOR ,"53°33'28.800"" N","64°05'38.400"" W",439.50 m,8501136,73122,AFL                 ,CAFL                 ,
8101746,https://climate.weather.gc.ca/climate_data/daily_data_e.html?hlyRange=2005-05-03%7C2026-03-25&dlyRange=1993-07-01%7C2026-03-25&mlyRange=1993-01-01%7C2007-07-01&climate_id=8101746&Prov=NB&urlExtension=_e.html&searchType=stnProv&optLimit=specDate&StartYear=1840&EndYear=2026&selRowPerPage=100&Line=317&Month=3&Day=25&lstProvince=&Apply=Apply&timeframe=2,FUNDY PARK (ALMA) CS, NEW BRUNSWICK ,"45°36'00.000"" N","64°57'00.000"" W",42.70 m,8101746,71191,AFY                 ,CAFY                 ,
8201001,https://climate.weather.gc.ca/climate_data/daily_data_e.html?hlyRange=2015-01-30%7C2026-03-25&dlyRange=2015-02-02%7C2026-03-25&mlyRange=%7C&climate_id=8201001&Prov=NS&urlExtension=_e.html&searchType=stnProv&optLimit=specDate&StartYear=1840&EndYear=2026&selRowPerPage=100&Line=182&Month=3&Day=25&lstProvince=&Apply=Apply&timeframe=2,COLLEGEVILLE AUTO, NOVA SCOTIA ,"45°29'28.300"" N","62°00'53.900"" W",69.00 m,8201001,71698,AGL                 ,CAGL                 ,
8202240,https://climate.weather.gc.ca/climate_data/daily_data_e.html?hlyRange=2004-09-24%7C2026-03-25&dlyRange=2018-05-14%7C2026-03-25&mlyRange=%7C&climate_id=8202240&Prov=NS&urlExtension=_e.html&searchType=stnProv&optLimit=specDate&StartYear=1840&EndYear=2026&selRowPerPage=100&Line=369&Month=3&Day=25&lstProvince=&Apply=Apply&timeframe=2,HALIFAX DOCKYARD, NOVA SCOTIA ,"44°39'19.000"" N","63°34'36.000"" W",3.80 m,8202240,71328,AHD                 ,CAHD                 ,
8202252,https://climate.weather.gc.ca/climate_data/daily_data_e.html?hlyRange=2004-09-28%7C2026-03-25&dlyRange=2018-05-14%7C2026-03-25&mlyRange=%7C&climate_id=8202252&Prov=NS&urlExtension=_e.html&searchType=stnProv&optLimit=specDate&StartYear=1840&EndYear=2026&selRowPerPage=100&Line=370&Month=3&Day=25&lstProvince=&Apply=Apply&timeframe=2,HALIFAX KOOTENAY, NOVA SCOTIA ,"44°35'15.500"" N","63°33'03.000"" W",52.00 m,8202252,71326,AHK                 ,CAHK                 ,
830P001,https://climate.weather.gc.ca/climate_data/daily_data_e.html?hlyRange=2004-03-25%7C2026-03-25&dlyRange=2000-07-01%7C2026-03-25&mlyRange=2000-07-01%7C2007-07-01&climate_id=830P001&Prov=PE&urlExtension=_e.html&searchType=stnProv&optLimit=specDate&StartYear=1840&EndYear=2026&selRowPerPage=100&Line=378&Month=3&Day=25&lstProvince=&Apply=Apply&timeframe=2,HARRINGTON CDA CS, PRINCE EDWARD ISLAND ,"46°20'37.020"" N","63°10'11.050"" W",53.00 m,830P001,71350,AHR                 ,CAHR                 ,
8200828,https://climate.weather.gc.ca/climate_data/daily_data_e.html?hlyRange=2018-09-28%7C2026-03-25&dlyRange=2018-09-27%7C2026-03-25&mlyRange=%7C&climate_id=8200828&Prov=NS&urlExtension=_e.html&searchType=stnProv&optLimit=specDate&StartYear=1840&EndYear=2026&selRowPerPage=100&Line=156&Month=3&Day=25&lstProvince=&Apply=Apply&timeframe=2,CHETICAMP HIGHLANDS NATIONAL PARK, NOVA SCOTIA ,"46°39'04.130"" N","60°57'16.790"" W",8.00 m,8200828,73023,AHT                 ,CAHT                 ,
8501915,https://climate.weather.gc.ca/climate_data/daily_data_e.html?hlyRange=2020-09-02%7C2026-03-25&dlyRange=2020-09-02%7C2026-03-25&mlyRange=%7C&climate_id=8501915&Prov=NL&urlExtension=_e.html&searchType=stnProv&optLimit=specDate&StartYear=1840&EndYear=2026&selRowPerPage=100&Line=377&Month=3&Day=25&lstProvince=&Apply=Apply&timeframe=2,HAPPY VALLEY GOOSE BAY, NEWFOUNDLAND AND LABRADOR ,"53°24'23.099"" N","60°33'38.099"" W",38.00 m,8501915,73120,AHV                 ,CAHV                 ,
8202255,https://climate.weather.gc.ca/climate_data/daily_data_e.html?hlyRange=2004-09-24%7C2026-03-25&dlyRange=2018-05-14%7C2026-03-25&mlyRange=%7C&climate_id=8202255&Prov=NS&urlExtension=_e.html&searchType=stnProv&optLimit=specDate&StartYear=1840&EndYear=2026&selRowPerPage=100&Line=373&Month=3&Day=25&lstProvince=&Apply=Apply&timeframe=2,HALIFAX WINDSOR PARK, NOVA SCOTIA ,"44°39'25.000"" N","63°36'32.000"" W",51.00 m,8202255,71327,AHW                 ,CAHW                 ,
8104905,https://climate.weather.gc.ca/climate_data/daily_data_e.html?hlyRange=2022-09-16%7C2026-03-25&dlyRange=2022-09-16%7C2026-03-25&mlyRange=%7C&climate_id=8104905&Prov=NB&urlExtension=_e.html&searchType=stnProv&optLimit=specDate&StartYear=1840&EndYear=2026&selRowPerPage=100&Line=325&Month=3&Day=25&lstProvince=&Apply=Apply&timeframe=2,GARNETT SETTLEMENT, NEW BRUNSWICK ,"45°17'23.622"" N","65°48'49.147"" W",94.30 m,8104905,73038,AJH                 ,CAJH                 ,
8403820,https://climate.weather.gc.ca/climate_data/daily_data_e.html?hlyRange=2008-07-31%7C2026-03-25&dlyRange=2008-12-25%7C2026-03-25&mlyRange=%7C&climate_id=8403820&Prov=NL&urlExtension=_e.html&searchType=stnProv&optLimit=specDate&StartYear=1840&EndYear=2026&selRowPerPage=100&Line=892&Month=3&Day=25&lstProvince=&Apply=Apply&timeframe=2,STEPHENVILLE RCS, NEWFOUNDLAND AND LABRADOR ,"48°33'41.000"" N","58°33'58.000"" W",58.00 m,8403820,71159,AJT                 ,CAJT                 ,
8403603,https://climate.weather.gc.ca/climate_data/daily_data_e.html?hlyRange=2010-08-24%7C2026-03-25&dlyRange=2010-08-24%7C2026-03-25&mlyRange=%7C&climate_id=8403603&Prov=NL&urlExtension=_e.html&searchType=stnProv&optLimit=specDate&StartYear=1840&EndYear=2026&selRowPerPage=100&Line=875&Month=3&Day=25&lstProvince=&Apply=Apply&timeframe=2,ST JOHNS WEST CLIMATE, NEWFOUNDLAND AND LABRADOR ,"47°30'48.080"" N","52°47'00.020"" W",110.00 m,8403603,71250,AJW                 ,CAJW                 ,
8102326,https://climate.weather.gc.ca/climate_data/daily_data_e.html?hlyRange=2018-04-06%7C2026-03-25&dlyRange=2016-11-22%7C2026-03-25&mlyRange=%7C&climate_id=8102326&Prov=NB&urlExtension=_e.html&searchType=stnProv&optLimit=specDate&StartYear=1840&EndYear=2026&selRowPerPage=100&Line=474&Month=3&Day=25&lstProvince=&Apply=Apply&timeframe=2,KOUCHIBOUGUAC, NEW BRUNSWICK ,"46°47'21.004"" N","65°00'47.000"" W",21.00 m,8102326,71670,AKC                 ,CAKC                 ,
8402757,https://climate.weather.gc.ca/climate_data/daily_data_e.html?hlyRange=2013-01-21%7C2026-03-25&dlyRange=2013-01-21%7C2026-03-25&mlyRange=%7C&climate_id=8402757&Prov=NL&urlExtension=_e.html&searchType=stnProv&optLimit=specDate&StartYear=1840&EndYear=2026&selRowPerPage=100&Line=584&Month=3&Day=25&lstProvince=&Apply=Apply&timeframe=2,MILLERTOWN RCS, NEWFOUNDLAND AND LABRADOR ,"48°49'00.119"" N","56°32'36.695"" W",203.60 m,8402757,71856,AMR                 ,CAMR                 ,
8102848,https://climate.weather.gc.ca/climate_data/daily_data_e.html?hlyRange=2006-01-23%7C2026-03-25&dlyRange=2006-07-27%7C2026-03-25&mlyRange=2006-08-01%7C2007-07-01&climate_id=8102848&Prov=NB&urlExtension=_e.html&searchType=stnProv&optLimit=specDate&StartYear=1840&EndYear=2026&selRowPerPage=100&Line=575&Month=3&Day=25&lstProvince=&Apply=Apply&timeframe=2,MECHANIC SETTLEMENT, NEW BRUNSWICK ,"45°41'37.040"" N","65°09'54.040"" W",403.00 m,8102848,71787,AMS                 ,CAMS                 ,
8300590,https://climate.weather.gc.ca/climate_data/daily_data_e.html?hlyRange=2013-12-10%7C2026-03-25&dlyRange=1961-06-01%7C2026-03-25&mlyRange=1961-01-01%7C2007-07-01&climate_id=8300590&Prov=PE&urlExtension=_e.html&searchType=stnProv&optLimit=specDate&StartYear=1840&EndYear=2026&selRowPerPage=100&Line=886&Month=3&Day=25&lstProvince=&Apply=Apply&timeframe=2,STANHOPE, PRINCE EDWARD ISLAND ,"46°24'59.000"" N","63°04'59.000"" W",3.00 m,8300590,,ANH                 ,CANH                 ,
8204020,https://climate.weather.gc.ca/climate_data/daily_data_e.html?hlyRange=2021-09-10%7C2026-03-25&dlyRange=2021-09-10%7C2026-03-25&mlyRange=%7C&climate_id=8204020&Prov=NS&urlExtension=_e.html&searchType=stnProv&optLimit=specDate&StartYear=1840&EndYear=2026&selRowPerPage=100&Line=0&Month=3&Day=25&lstProvince=&Apply=Apply&timeframe=2,AALDERSVILLE, NOVA SCOTIA ,"44°49'36.006"" N","64°30'32.005"" W",237.00 m,8204020,73081,ANR                 ,CANR                 ,
8204193,https://climate.weather.gc.ca/climate_data/daily_data_e.html?hlyRange=2005-12-20%7C2026-03-25&dlyRange=2005-11-01%7C2026-03-25&mlyRange=2005-11-01%7C2007-07-01&climate_id=8204193&Prov=NS&urlExtension=_e.html&searchType=stnProv&optLimit=specDate&StartYear=1840&EndYear=2026&selRowPerPage=100&Line=967&Month=3&Day=25&lstProvince=&Apply=Apply&timeframe=2,UPPER STEWIACKE RCS, NOVA SCOTIA ,"45°13'59.000"" N","63°03'19.000"" W",23.50 m,8204193,71753,AOH                 ,CAOH                 ,
8204190,https://climate.weather.gc.ca/climate_data/daily_data_e.html?hlyRange=2004-09-24%7C2026-03-25&dlyRange=2018-05-14%7C2026-03-25&mlyRange=%7C&climate_id=8204190&Prov=NS&urlExtension=_e.html&searchType=stnProv&optLimit=specDate&StartYear=1840&EndYear=2026&selRowPerPage=100&Line=662&Month=3&Day=25&lstProvince=&Apply=Apply&timeframe=2,OSBORNE HEAD DND, NOVA SCOTIA ,"44°36'46.002"" N","63°25'23.007"" W",30.00 m,8204190,71324,AOS                 ,CAOS                 ,
8402980,https://climate.weather.gc.ca/climate_data/daily_data_e.html?hlyRange=2017-09-19%7C2026-03-25&dlyRange=2017-09-21%7C2026-03-25&mlyRange=%7C&climate_id=8402980&Prov=NL&urlExtension=_e.html&searchType=stnProv&optLimit=specDate&StartYear=1840&EndYear=2026&selRowPerPage=100&Line=720&Month=3&Day=25&lstProvince=&Apply=Apply&timeframe=2,PORT AUX BASQUES, NEWFOUNDLAND AND LABRADOR ,"47°34'26.000"" N","59°09'17.000"" W",39.70 m,8402980,73026,APB                 ,CAPB                 ,
8204402,https://climate.weather.gc.ca/climate_data/daily_data_e.html?hlyRange=2004-11-01%7C2026-03-25&dlyRange=2004-11-01%7C2026-03-25&mlyRange=2004-11-01%7C2007-07-01&climate_id=8204402&Prov=NS&urlExtension=_e.html&searchType=stnProv&optLimit=specDate&StartYear=1840&EndYear=2026&selRowPerPage=100&Line=677&Month=3&Day=25&lstProvince=&Apply=Apply&timeframe=2,PARRSBORO, NOVA SCOTIA ,"45°24'48.012"" N","64°20'46.074"" W",30.90 m,8204402,71493,APR                 ,CAPR                 ,
8205702,https://climate.weather.gc.ca/climate_data/daily_data_e.html?hlyRange=2006-01-23%7C2026-03-25&dlyRange=2006-01-01%7C2026-03-25&mlyRange=2006-01-01%7C2007-07-01&climate_id=8205702&Prov=NS&urlExtension=_e.html&searchType=stnProv&optLimit=specDate&StartYear=1840&EndYear=2026&selRowPerPage=100&Line=912&Month=3&Day=25&lstProvince=&Apply=Apply&timeframe=2,SYDNEY CS, NOVA SCOTIA ,"46°09'48.000"" N","60°02'30.000"" W",62.50 m,8205702,71758,AQY                 ,CAQY                 ,
8104295,https://climate.weather.gc.ca/climate_data/daily_data_e.html?hlyRange=2010-06-30%7C2026-03-25&dlyRange=2010-06-30%7C2026-03-25&mlyRange=%7C&climate_id=8104295&Prov=NB&urlExtension=_e.html&searchType=stnProv&optLimit=specDate&StartYear=1840&EndYear=2026&selRowPerPage=100&Line=774&Month=3&Day=25&lstProvince=&Apply=Apply&timeframe=2,RED PINES, NEW BRUNSWICK ,"47°26'22.000"" N","65°35'52.000"" W",124.00 m,8104295,71634,ARP                 ,CARP                 ,
8204708,https://climate.weather.gc.ca/climate_data/daily_data_e.html?hlyRange=2017-10-29%7C2026-03-25&dlyRange=2017-10-29%7C2026-03-25&mlyRange=%7C&climate_id=8204708&Prov=NS&urlExtension=_e.html&searchType=stnProv&optLimit=specDate&StartYear=1840&EndYear=2026&selRowPerPage=100&Line=806&Month=3&Day=25&lstProvince=&Apply=Apply&timeframe=2,SABLE ISLAND, NOVA SCOTIA ,"43°55'53.000"" N","60°00'30.000"" W",1.20 m,8204708,73025,ASB                 ,CASB                 ,
8105210,https://climate.weather.gc.ca/climate_data/daily_data_e.html?hlyRange=2015-09-18%7C2026-03-25&dlyRange=2015-10-08%7C2026-03-25&mlyRange=%7C&climate_id=8105210&Prov=NB&urlExtension=_e.html&searchType=stnProv&optLimit=specDate&StartYear=1840&EndYear=2026&selRowPerPage=100&Line=905&Month=3&Day=25&lstProvince=&Apply=Apply&timeframe=2,SUSSEX FOUR CORNERS, NEW BRUNSWICK ,"45°44'30.048"" N","65°31'44.039"" W",47.00 m,8105210,71656,ASF                 ,CASF                 ,
8203163,https://climate.weather.gc.ca/climate_data/daily_data_e.html?hlyRange=2017-07-19%7C2026-03-25&dlyRange=2017-07-21%7C2026-03-25&mlyRange=%7C&climate_id=8203163&Prov=NS&urlExtension=_e.html&searchType=stnProv&optLimit=specDate&StartYear=1840&EndYear=2026&selRowPerPage=100&Line=532&Month=3&Day=25&lstProvince=&Apply=Apply&timeframe=2,LOUISBOURG, NOVA SCOTIA ,"45°54'03.170"" N","59°59'44.260"" W",15.00 m,8203163,71596,AUU                 ,CAUU                 ,
8400601,https://climate.weather.gc.ca/climate_data/daily_data_e.html?hlyRange=2006-01-23%7C2026-03-25&dlyRange=2006-07-09%7C2026-03-25&mlyRange=2006-08-01%7C2007-07-01&climate_id=8400601&Prov=NL&urlExtension=_e.html&searchType=stnProv&optLimit=specDate&StartYear=1840&EndYear=2026&selRowPerPage=100&Line=80&Month=3&Day=25&lstProvince=&Apply=Apply&timeframe=2,BONAVISTA, NEWFOUNDLAND AND LABRADOR ,"48°40'02.000"" N","53°06'51.000"" W",25.60 m,8400601,71178,AVA                 ,CAVA                 ,
8404343,https://climate.weather.gc.ca/climate_data/daily_data_e.html?hlyRange=2006-01-23%7C2026-03-25&dlyRange=2006-08-30%7C2026-03-25&mlyRange=2006-09-01%7C2007-07-01&climate_id=8404343&Prov=NL&urlExtension=_e.html&searchType=stnProv&optLimit=specDate&StartYear=1840&EndYear=2026&selRowPerPage=100&Line=1041&Month=3&Day=25&lstProvince=&Apply=Apply&timeframe=2,WRECKHOUSE, NEWFOUNDLAND AND LABRADOR ,"47°42'42.000"" N","59°18'30.000"" W",31.70 m,8404343,71180,AWR                 ,CAWR                 ,
1060815,https://climate.weather.gc.ca/climate_data/daily_data_e.html?hlyRange=2011-08-22%7C2026-03-25&dlyRange=2011-08-25%7C2026-03-25&mlyRange=%7C&climate_id=1060815&Prov=BC&urlExtension=_e.html&searchType=stnProv&optLimit=specDate&StartYear=1840&EndYear=2026&selRowPerPage=100&Line=64&Month=3&Day=25&lstProvince=&Apply=Apply&timeframe=2,BELLA BELLA, BRITISH COLUMBIA ,"52°11'06.000"" N","128°09'24.000"" W",43.00 m,1060815,71582,BBC                 ,CBBC                 ,
2100881,https://climate.weather.gc.ca/climate_data/daily_data_e.html?hlyRange=2020-08-10%7C2026-03-25&dlyRange=2020-08-10%7C2026-03-25&mlyRange=%7C&climate_id=2100881&Prov=YT&urlExtension=_e.html&searchType=stnProv&optLimit=specDate&StartYear=1840&EndYear=2026&selRowPerPage=100&Line=686&Month=3&Day=25&lstProvince=&Apply=Apply&timeframe=2,PELLY RANCH FORT SELKIRK, YUKON ,"62°49'00.000"" N","137°22'00.000"" W",454.20 m,2100881,73013,CPY                 ,CCPY                 ,
8206491,https://climate.weather.gc.ca/climate_data/daily_data_e.html?hlyRange=2012-07-24%7C2026-03-25&dlyRange=2012-07-24%7C2026-03-25&mlyRange=%7C&climate_id=8206491&Prov=NS&urlExtension=_e.html&searchType=stnProv&optLimit=specDate&StartYear=1840&EndYear=2026&selRowPerPage=100&Line=1046&Month=3&Day=25&lstProvince=&Apply=Apply&timeframe=2,YARMOUTH RCS, NOVA SCOTIA ,"43°49'51.010"" N","66°05'17.010"" W",36.00 m,8206491,71884,EQI                 ,CEQI                 ,
8101303,https://climate.weather.gc.ca/climate_data/daily_data_e.html?hlyRange=2004-12-10%7C2026-03-25&dlyRange=2004-12-01%7C2026-03-25&mlyRange=2004-12-01%7C2007-07-01&climate_id=8101303&Prov=NB&urlExtension=_e.html&searchType=stnProv&optLimit=specDate&StartYear=1840&EndYear=2026&selRowPerPage=100&Line=247&Month=3&Day=25&lstProvince=&Apply=Apply&timeframe=2,EDMUNDSTON, NEW BRUNSWICK ,"47°25'00.000"" N","68°19'28.040"" W",154.20 m,8101303,71590,ERM                 ,CERM                 ,
8205130,https://climate.weather.gc.ca/climate_data/daily_data_e.html?hlyRange=2018-04-04%7C2026-03-25&dlyRange=2018-05-15%7C2026-03-25&mlyRange=%7C&climate_id=8205130&Prov=NS&urlExtension=_e.html&searchType=stnProv&optLimit=specDate&StartYear=1840&EndYear=2026&selRowPerPage=100&Line=851&Month=3&Day=25&lstProvince=&Apply=Apply&timeframe=2,SHELBURNE SANDY POINT, NOVA SCOTIA ,"43°45'10.830"" N","65°18'28.500"" W",32.00 m,8205130,73015,ESB                 ,CESB                 ,
8105603,https://climate.weather.gc.ca/climate_data/daily_data_e.html?hlyRange=2014-11-04%7C2026-03-25&dlyRange=2014-11-24%7C2026-03-25&mlyRange=%7C&climate_id=8105603&Prov=NB&urlExtension=_e.html&searchType=stnProv&optLimit=specDate&StartYear=1840&EndYear=2026&selRowPerPage=100&Line=1040&Month=3&Day=25&lstProvince=&Apply=Apply&timeframe=2,WOODSTOCK NEWBRIDGE, NEW BRUNSWICK ,"46°09'08.000"" N","67°32'34.000"" W",154.00 m,8105603,71606,EWD                 ,CEWD                 ,
7093GJ5,https://climate.weather.gc.ca/climate_data/daily_data_e.html?hlyRange=2005-10-10%7C2026-03-25&dlyRange=2005-01-01%7C2026-03-25&mlyRange=%7C&climate_id=7093GJ5&Prov=QC&urlExtension=_e.html&searchType=stnProv&optLimit=specDate&StartYear=1840&EndYear=2026&selRowPerPage=100&Line=488&Month=3&Day=25&lstProvince=&Apply=Apply&timeframe=2,LA GRANDE IV, QUEBEC ,"53°45'26.000"" N","73°40'43.000"" W",302.80 m,7093GJ5,71823,GAH                 ,CGAH                 ,
7040442,https://climate.weather.gc.ca/climate_data/daily_data_e.html?hlyRange=2004-04-07%7C2026-03-25&dlyRange=2005-01-01%7C2026-03-25&mlyRange=2005-01-01%7C2005-12-01&climate_id=7040442&Prov=QC&urlExtension=_e.html&searchType=stnProv&optLimit=specDate&StartYear=1840&EndYear=2026&selRowPerPage=100&Line=35&Month=3&Day=25&lstProvince=&Apply=Apply&timeframe=2,BAIE-COMEAU A, QUEBEC ,"49°08'00.000"" N","68°12'00.000"" W",21.60 m,7040442,71890,GBC                 ,CGBC                 ,
7091410,https://climate.weather.gc.ca/climate_data/daily_data_e.html?hlyRange=2017-11-22%7C2026-03-25&dlyRange=2017-11-28%7C2026-03-25&mlyRange=%7C&climate_id=7091410&Prov=QC&urlExtension=_e.html&searchType=stnProv&optLimit=specDate&StartYear=1840&EndYear=2026&selRowPerPage=100&Line=162&Month=3&Day=25&lstProvince=&Apply=Apply&timeframe=2,CHIBOUGAMAU-CHAPAIS, QUEBEC ,"49°46'38.058"" N","74°31'49.068"" W",381.00 m,7091410,73011,GCH                 ,CGCH                 ,
7051201,https://climate.weather.gc.ca/climate_data/daily_data_e.html?hlyRange=2017-03-02%7C2026-03-25&dlyRange=2017-04-04%7C2026-03-25&mlyRange=%7C&climate_id=7051201&Prov=QC&urlExtension=_e.html&searchType=stnProv&optLimit=specDate&StartYear=1840&EndYear=2026&selRowPerPage=100&Line=141&Month=3&Day=25&lstProvince=&Apply=Apply&timeframe=2,CAUSAPSCAL AIRPORT, QUEBEC ,"48°18'31.074"" N","67°15'09.090"" W",123.00 m,7051201,73005,GCL                 ,CGCL                 ,
7052603,https://climate.weather.gc.ca/climate_data/daily_data_e.html?hlyRange=2019-06-12%7C2026-03-25&dlyRange=2019-06-12%7C2026-03-25&mlyRange=%7C&climate_id=7052603&Prov=QC&urlExtension=_e.html&searchType=stnProv&optLimit=specDate&StartYear=1840&EndYear=2026&selRowPerPage=100&Line=328&Month=3&Day=25&lstProvince=&Apply=Apply&timeframe=2,GASPE AIRPORT, QUEBEC ,"48°47'00.000"" N","64°29'00.000"" W",36.00 m,7052603,73116,GGA                 ,CGGA                 ,
7117824,https://climate.weather.gc.ca/climate_data/daily_data_e.html?hlyRange=2019-01-09%7C2026-03-25&dlyRange=2019-01-09%7C2026-03-25&mlyRange=%7C&climate_id=7117824&Prov=QC&urlExtension=_e.html&searchType=stnProv&optLimit=specDate&StartYear=1840&EndYear=2026&selRowPerPage=100&Line=841&Month=3&Day=25&lstProvince=&Apply=Apply&timeframe=2,SCHEFFERVILLE COTE-NORD, QUEBEC ,"54°48'09.072"" N","66°48'16.032"" W",517.20 m,7117824,73075,GKM                 ,CGKM                 ,
7094637,https://climate.weather.gc.ca/climate_data/daily_data_e.html?hlyRange=1994-02-01%7C2026-03-25&dlyRange=1992-12-07%7C2026-03-25&mlyRange=%7C&climate_id=7094637&Prov=QC&urlExtension=_e.html&searchType=stnProv&optLimit=specDate&StartYear=1840&EndYear=2026&selRowPerPage=100&Line=564&Month=3&Day=25&lstProvince=&Apply=Apply&timeframe=2,MATAGAMI, QUEBEC ,"49°45'28.020"" N","77°47'35.060"" W",281.00 m,7094637,71821,GMG                 ,CGMG                 ,
70132G0,https://climate.weather.gc.ca/climate_data/daily_data_e.html?hlyRange=2025-10-17%7C2026-03-25&dlyRange=2025-10-21%7C2026-03-25&mlyRange=%7C&climate_id=70132G0&Prov=QC&urlExtension=_e.html&searchType=stnProv&optLimit=specDate&StartYear=1840&EndYear=2026&selRowPerPage=100&Line=405&Month=3&Day=25&lstProvince=&Apply=Apply&timeframe=2,ILE D'ORLEANS - QUAI DE ST-JEAN, QUEBEC ,"46°54'56.520"" N","70°53'46.930"" W",4.60 m,70132G0,73054,GOJ                 ,CGOJ                 ,
7018563,https://climate.weather.gc.ca/climate_data/daily_data_e.html?hlyRange=1963-09-03%7C2026-03-25&dlyRange=2004-11-02%7C2026-03-25&mlyRange=%7C&climate_id=7018563&Prov=QC&urlExtension=_e.html&searchType=stnProv&optLimit=specDate&StartYear=1840&EndYear=2026&selRowPerPage=100&Line=950&Month=3&Day=25&lstProvince=&Apply=Apply&timeframe=2,TROIS-RIVIERES, QUEBEC ,"46°22'00.000"" N","72°41'00.000"" W",62.20 m,7018563,71729,GRQ                 ,CGRQ                 ,
7026930,https://climate.weather.gc.ca/climate_data/daily_data_e.html?hlyRange=2020-11-28%7C2026-03-25&dlyRange=2020-11-27%7C2026-03-25&mlyRange=%7C&climate_id=7026930&Prov=QC&urlExtension=_e.html&searchType=stnProv&optLimit=specDate&StartYear=1840&EndYear=2026&selRowPerPage=100&Line=813&Month=3&Day=25&lstProvince=&Apply=Apply&timeframe=2,SAINT-CAMILLE-DE-LELLIS, QUEBEC ,"46°29'40.047"" N","70°12'25.060"" W",402.00 m,7026930,73105,GSA                 ,CGSA                 ,
7045335,https://climate.weather.gc.ca/climate_data/daily_data_e.html?hlyRange=2024-11-18%7C2026-03-25&dlyRange=2024-11-18%7C2026-03-25&mlyRange=%7C&climate_id=7045335&Prov=QC&urlExtension=_e.html&searchType=stnProv&optLimit=specDate&StartYear=1840&EndYear=2026&selRowPerPage=100&Line=595&Month=3&Day=25&lstProvince=&Apply=Apply&timeframe=2,MONT-TREMBLANT, QUEBEC ,"46°04'49.469"" N","74°33'22.057"" W",234.50 m,7045335,73118,GTL                 ,CGTL                 ,
7098603,https://climate.weather.gc.ca/climate_data/daily_data_e.html?hlyRange=2008-07-02%7C2026-03-25&dlyRange=2008-07-03%7C2026-03-25&mlyRange=%7C&climate_id=7098603&Prov=QC&urlExtension=_e.html&searchType=stnProv&optLimit=specDate&StartYear=1840&EndYear=2026&selRowPerPage=100&Line=974&Month=3&Day=25&lstProvince=&Apply=Apply&timeframe=2,VAL-D'OR, QUEBEC ,"48°03'23.004"" N","77°47'11.007"" W",338.90 m,7098603,71725,GVO                 ,CGVO                 ,
7060390,https://climate.weather.gc.ca/climate_data/daily_data_e.html?hlyRange=2022-10-27%7C2026-03-25&dlyRange=2022-10-27%7C2026-03-25&mlyRange=%7C&climate_id=7060390&Prov=QC&urlExtension=_e.html&searchType=stnProv&optLimit=specDate&StartYear=1840&EndYear=2026&selRowPerPage=100&Line=32&Month=3&Day=25&lstProvince=&Apply=Apply&timeframe=2,BAGOTVILLE AIRPORT, QUEBEC ,"48°19'50.000"" N","70°59'47.000"" W",150.00 m,7060390,73035,MBE                 ,CMBE                 ,
7103539,https://climate.weather.gc.ca/climate_data/daily_data_e.html?hlyRange=2015-08-07%7C2026-03-25&dlyRange=2015-08-07%7C2026-03-25&mlyRange=%7C&climate_id=7103539&Prov=QC&urlExtension=_e.html&searchType=stnProv&optLimit=specDate&StartYear=1840&EndYear=2026&selRowPerPage=100&Line=481&Month=3&Day=25&lstProvince=&Apply=Apply&timeframe=2,KUUJJUARAPIK, QUEBEC ,"55°22'00.000"" N","77°34'00.000"" W",30.00 m,7103539,71615,MFJ                 ,CMFJ                 ,
7042395,https://climate.weather.gc.ca/climate_data/daily_data_e.html?hlyRange=2003-11-10%7C2026-03-25&dlyRange=2003-11-10%7C2026-03-25&mlyRange=%7C&climate_id=7042395&Prov=QC&urlExtension=_e.html&searchType=stnProv&optLimit=specDate&StartYear=1840&EndYear=2026&selRowPerPage=100&Line=281&Month=3&Day=25&lstProvince=&Apply=Apply&timeframe=2,FORET MONTMORENCY RCS, QUEBEC ,"47°19'22.000"" N","71°08'54.000"" W",672.80 m,7042395,71212,MFM                 ,CMFM                 ,
7117800,https://climate.weather.gc.ca/climate_data/daily_data_e.html?hlyRange=2014-07-03%7C2026-03-25&dlyRange=2014-07-03%7C2026-03-25&mlyRange=%7C&climate_id=7117800&Prov=QC&urlExtension=_e.html&searchType=stnProv&optLimit=specDate&StartYear=1840&EndYear=2026&selRowPerPage=100&Line=816&Month=3&Day=25&lstProvince=&Apply=Apply&timeframe=2,SALLUIT, QUEBEC ,"62°10'46.005"" N","75°40'13.006"" W",228.00 m,7117800,71641,MFX                 ,CMFX                 ,
7022802,https://climate.weather.gc.ca/climate_data/daily_data_e.html?hlyRange=2003-10-07%7C2026-03-25&dlyRange=2018-05-14%7C2026-03-25&mlyRange=%7C&climate_id=7022802&Prov=QC&urlExtension=_e.html&searchType=stnProv&optLimit=specDate&StartYear=1840&EndYear=2026&selRowPerPage=100&Line=350&Month=3&Day=25&lstProvince=&Apply=Apply&timeframe=2,GRANBY, QUEBEC ,"45°22'22.000"" N","72°46'26.000"" W",86.00 m,7022802,,MGB                 ,CMGB                 ,
7042845,https://climate.weather.gc.ca/climate_data/daily_data_e.html?hlyRange=2018-02-07%7C2026-03-25&dlyRange=2018-03-06%7C2026-03-25&mlyRange=%7C&climate_id=7042845&Prov=QC&urlExtension=_e.html&searchType=stnProv&optLimit=specDate&StartYear=1840&EndYear=2026&selRowPerPage=100&Line=355&Month=3&Day=25&lstProvince=&Apply=Apply&timeframe=2,GRANDES-BERGERONNES, QUEBEC ,"48°15'29.000"" N","69°31'22.000"" W",61.00 m,7042845,71942,MGZ                 ,CMGZ                 ,
7115800,https://climate.weather.gc.ca/climate_data/daily_data_e.html?hlyRange=2009-10-06%7C2026-03-25&dlyRange=2009-10-06%7C2026-03-25&mlyRange=%7C&climate_id=7115800&Prov=QC&urlExtension=_e.html&searchType=stnProv&optLimit=specDate&StartYear=1840&EndYear=2026&selRowPerPage=100&Line=675&Month=3&Day=25&lstProvince=&Apply=Apply&timeframe=2,PARC NATIONAL DES PINGUALUIT, QUEBEC ,"61°18'46.199"" N","73°40'06.264"" W",503.40 m,7115800,71976,MIN                 ,CMIN                 ,
7055122,https://climate.weather.gc.ca/climate_data/daily_data_e.html?hlyRange=2015-10-27%7C2026-03-25&dlyRange=2015-10-20%7C2026-03-25&mlyRange=%7C&climate_id=7055122&Prov=QC&urlExtension=_e.html&searchType=stnProv&optLimit=specDate&StartYear=1840&EndYear=2026&selRowPerPage=100&Line=594&Month=3&Day=25&lstProvince=&Apply=Apply&timeframe=2,MONT-JOLI, QUEBEC ,"48°36'15.901"" N","68°11'40.682"" W",55.00 m,7055122,71658,MJI                 ,CMJI                 ,
710S005,https://climate.weather.gc.ca/climate_data/daily_data_e.html?hlyRange=2008-07-02%7C2026-03-25&dlyRange=2008-07-03%7C2026-03-25&mlyRange=%7C&climate_id=710S005&Prov=QC&urlExtension=_e.html&searchType=stnProv&optLimit=specDate&StartYear=1840&EndYear=2026&selRowPerPage=100&Line=414&Month=3&Day=25&lstProvince=&Apply=Apply&timeframe=2,INUKJUAK, QUEBEC ,"58°28'19.000"" N","78°04'37.000"" W",26.20 m,710S005,71907,MJK                 ,CMJK                 ,
7055440,https://climate.weather.gc.ca/climate_data/daily_data_e.html?hlyRange=2017-03-02%7C2026-03-25&dlyRange=2017-03-06%7C2026-03-25&mlyRange=%7C&climate_id=7055440&Prov=QC&urlExtension=_e.html&searchType=stnProv&optLimit=specDate&StartYear=1840&EndYear=2026&selRowPerPage=100&Line=633&Month=3&Day=25&lstProvince=&Apply=Apply&timeframe=2,NEW RICHMOND EAST, QUEBEC ,"48°09'23.064"" N","65°50'31.002"" W",2.00 m,7055440,71659,MJN                 ,CMJN                 ,
701Q009,https://climate.weather.gc.ca/climate_data/daily_data_e.html?hlyRange=1999-09-12%7C2026-03-25&dlyRange=1999-09-14%7C2026-03-25&mlyRange=%7C&climate_id=701Q009&Prov=QC&urlExtension=_e.html&searchType=stnProv&optLimit=specDate&StartYear=1840&EndYear=2026&selRowPerPage=100&Line=512&Month=3&Day=25&lstProvince=&Apply=Apply&timeframe=2,LEMIEUX, QUEBEC ,"46°18'13.000"" N","72°03'39.000"" W",97.20 m,701Q009,71616,MLU                 ,CMLU                 ,
7077571,https://climate.weather.gc.ca/climate_data/daily_data_e.html?hlyRange=2009-10-06%7C2026-03-25&dlyRange=2009-10-06%7C2026-03-25&mlyRange=%7C&climate_id=7077571&Prov=QC&urlExtension=_e.html&searchType=stnProv&optLimit=specDate&StartYear=1840&EndYear=2026&selRowPerPage=100&Line=815&Month=3&Day=25&lstProvince=&Apply=Apply&timeframe=2,SAINT-MICHEL-DES-SAINTS, QUEBEC ,"46°48'56.010"" N","74°05'38.050"" W",429.90 m,7077571,71737,MMY                 ,CMMY                 ,
7045401,https://climate.weather.gc.ca/climate_data/daily_data_e.html?hlyRange=2008-07-02%7C2026-03-25&dlyRange=2008-07-03%7C2026-03-25&mlyRange=%7C&climate_id=7045401&Prov=QC&urlExtension=_e.html&searchType=stnProv&optLimit=specDate&StartYear=1840&EndYear=2026&selRowPerPage=100&Line=626&Month=3&Day=25&lstProvince=&Apply=Apply&timeframe=2,NATASHQUAN AIRPORT, QUEBEC ,"50°11'24.004"" N","61°48'39.001"" W",11.70 m,7045401,71813,MNT                 ,CMNT                 ,
7116505,https://climate.weather.gc.ca/climate_data/daily_data_e.html?hlyRange=2005-09-19%7C2026-03-25&dlyRange=2006-04-04%7C2026-03-25&mlyRange=%7C&climate_id=7116505&Prov=QC&urlExtension=_e.html&searchType=stnProv&optLimit=specDate&StartYear=1840&EndYear=2026&selRowPerPage=100&Line=786&Month=3&Day=25&lstProvince=&Apply=Apply&timeframe=2,RIVIERE AUX FEUILLES, QUEBEC ,"57°54'34.006"" N","72°58'33.004"" W",171.40 m,7116505,71743,MRF                 ,CMRF                 ,
7027470,https://climate.weather.gc.ca/climate_data/daily_data_e.html?hlyRange=2008-10-06%7C2026-03-25&dlyRange=2008-10-06%7C2026-03-25&mlyRange=%7C&climate_id=7027470&Prov=QC&urlExtension=_e.html&searchType=stnProv&optLimit=specDate&StartYear=1840&EndYear=2026&selRowPerPage=100&Line=814&Month=3&Day=25&lstProvince=&Apply=Apply&timeframe=2,SAINT-GERMAIN-DE-GRANTHAM, QUEBEC ,"45°49'31.270"" N","72°32'13.120"" W",76.80 m,7027470,71967,MSI                 ,CMSI                 ,
7028442,https://climate.weather.gc.ca/climate_data/daily_data_e.html?hlyRange=2006-09-21%7C2026-03-25&dlyRange=2006-09-21%7C2026-03-25&mlyRange=%7C&climate_id=7028442&Prov=QC&urlExtension=_e.html&searchType=stnProv&optLimit=specDate&StartYear=1840&EndYear=2026&selRowPerPage=100&Line=930&Month=3&Day=25&lstProvince=&Apply=Apply&timeframe=2,THETFORD MINES RCS, QUEBEC ,"46°02'57.002"" N","71°15'58.004"" W",430.00 m,7028442,71494,MTH                 ,CMTH                 ,
7023681,https://climate.weather.gc.ca/climate_data/daily_data_e.html?hlyRange=2019-08-08%7C2026-03-25&dlyRange=2019-08-08%7C2026-03-25&mlyRange=%7C&climate_id=7023681&Prov=QC&urlExtension=_e.html&searchType=stnProv&optLimit=specDate&StartYear=1840&EndYear=2026&selRowPerPage=100&Line=623&Month=3&Day=25&lstProvince=&Apply=Apply&timeframe=2,NANTES, QUEBEC ,"45°36'22.092"" N","70°55'57.086"" W",477.00 m,7023681,73115,MUS                 ,CMUS                 ,
2303094,https://climate.weather.gc.ca/climate_data/daily_data_e.html?hlyRange=2004-09-17%7C2026-03-25&dlyRange=2004-09-17%7C2026-03-25&mlyRange=2007-05-01%7C2007-09-01&climate_id=2303094&Prov=NU&urlExtension=_e.html&searchType=stnProv&optLimit=specDate&StartYear=1840&EndYear=2026&selRowPerPage=100&Line=477&Month=3&Day=25&lstProvince=&Apply=Apply&timeframe=2,KUGAARUK CLIMATE, NUNAVUT ,"68°32'15.060"" N","89°47'47.020"" W",15.80 m,2303094,71407,NBB                 ,CNBB                 ,
2300551,https://climate.weather.gc.ca/climate_data/daily_data_e.html?hlyRange=2012-08-07%7C2026-03-25&dlyRange=2012-08-07%7C2026-03-25&mlyRange=%7C&climate_id=2300551&Prov=NU&urlExtension=_e.html&searchType=stnProv&optLimit=specDate&StartYear=1840&EndYear=2026&selRowPerPage=100&Line=52&Month=3&Day=25&lstProvince=&Apply=Apply&timeframe=2,BATHURST INLET, NUNAVUT ,"66°50'15.050"" N","108°00'53.030"" W",5.00 m,2300551,71874,NBI                 ,CNBI                 ,
2400636,https://climate.weather.gc.ca/climate_data/daily_data_e.html?hlyRange=2005-04-21%7C2026-03-25&dlyRange=2005-03-01%7C2026-03-25&mlyRange=2005-04-01%7C2007-09-01&climate_id=2400636&Prov=NU&urlExtension=_e.html&searchType=stnProv&optLimit=specDate&StartYear=1840&EndYear=2026&selRowPerPage=100&Line=466&Month=3&Day=25&lstProvince=&Apply=Apply&timeframe=2,KINNGAIT, NUNAVUT ,"64°13'50.700"" N","76°31'49.600"" W",50.00 m,2400636,71575,NCD                 ,CNCD                 ,
1161663,https://climate.weather.gc.ca/climate_data/daily_data_e.html?hlyRange=2015-03-23%7C2026-03-25&dlyRange=2015-03-27%7C2026-03-25&mlyRange=%7C&climate_id=1161663&Prov=BC&urlExtension=_e.html&searchType=stnProv&optLimit=specDate&StartYear=1840&EndYear=2026&selRowPerPage=100&Line=174&Month=3&Day=25&lstProvince=&Apply=Apply&timeframe=2,CLINTON RCS, BRITISH COLUMBIA ,"51°08'40.074"" N","121°30'17.208"" W","1,059.00 m",1161663,71474,NCN                 ,CNCN                 ,
2300708,https://climate.weather.gc.ca/climate_data/daily_data_e.html?hlyRange=2024-09-11%7C2026-03-25&dlyRange=2024-09-11%7C2026-03-25&mlyRange=%7C&climate_id=2300708&Prov=NU&urlExtension=_e.html&searchType=stnProv&optLimit=specDate&StartYear=1840&EndYear=2026&selRowPerPage=100&Line=155&Month=3&Day=25&lstProvince=&Apply=Apply&timeframe=2,CHESTERFIELD INLET AIRPORT, NUNAVUT ,"63°20'41.880"" N","90°43'55.019"" W",12.40 m,2300708,73101,NCS                 ,CNCS                 ,
2403204,https://climate.weather.gc.ca/climate_data/daily_data_e.html?hlyRange=2004-09-18%7C2026-03-25&dlyRange=2005-01-26%7C2026-03-25&mlyRange=2005-04-01%7C2007-11-01&climate_id=2403204&Prov=NU&urlExtension=_e.html&searchType=stnProv&optLimit=specDate&StartYear=1840&EndYear=2026&selRowPerPage=100&Line=717&Month=3&Day=25&lstProvince=&Apply=Apply&timeframe=2,POND INLET CLIMATE, NUNAVUT ,"72°41'36.000"" N","77°57'27.000"" W",64.70 m,2403204,71576,NDT                 ,CNDT                 ,
2401199,https://climate.weather.gc.ca/climate_data/daily_data_e.html?hlyRange=2013-12-10%7C2026-03-25&dlyRange=2015-09-22%7C2026-03-25&mlyRange=%7C&climate_id=2401199&Prov=NU&urlExtension=_e.html&searchType=stnProv&optLimit=specDate&StartYear=1840&EndYear=2026&selRowPerPage=100&Line=269&Month=3&Day=25&lstProvince=&Apply=Apply&timeframe=2,EUREKA CLIMATE, NUNAVUT ,"79°59'21.000"" N","85°56'02.000"" W",10.00 m,2401199,71613,NEK                 ,CNEK                 ,
2402051,https://climate.weather.gc.ca/climate_data/daily_data_e.html?hlyRange=2012-08-07%7C2026-03-25&dlyRange=2012-08-07%7C2026-03-25&mlyRange=%7C&climate_id=2402051&Prov=NU&urlExtension=_e.html&searchType=stnProv&optLimit=specDate&StartYear=1840&EndYear=2026&selRowPerPage=100&Line=301&Month=3&Day=25&lstProvince=&Apply=Apply&timeframe=2,FORT ROSS, NUNAVUT ,"72°01'04.060"" N","94°11'52.020"" W",10.00 m,2402051,71629,NFR                 ,CNFR                 ,
2402351,https://climate.weather.gc.ca/climate_data/daily_data_e.html?hlyRange=2007-11-21%7C2026-03-25&dlyRange=2007-11-01%7C2026-03-25&mlyRange=%7C&climate_id=2402351&Prov=NU&urlExtension=_e.html&searchType=stnProv&optLimit=specDate&StartYear=1840&EndYear=2026&selRowPerPage=100&Line=366&Month=3&Day=25&lstProvince=&Apply=Apply&timeframe=2,GRISE FIORD CLIMATE, NUNAVUT ,"76°25'22.040"" N","82°54'08.020"" W",44.50 m,2402351,71971,NGC                 ,CNGC                 ,
2402332,https://climate.weather.gc.ca/climate_data/daily_data_e.html?hlyRange=2011-12-06%7C2026-03-25&dlyRange=2011-12-05%7C2026-03-25&mlyRange=%7C&climate_id=2402332&Prov=NU&urlExtension=_e.html&searchType=stnProv&optLimit=specDate&StartYear=1840&EndYear=2026&selRowPerPage=100&Line=329&Month=3&Day=25&lstProvince=&Apply=Apply&timeframe=2,GATESHEAD ISLAND, NUNAVUT ,"70°37'58.000"" N","100°16'02.000"" W",20.00 m,2402332,71141,NGH                 ,CNGH                 ,
3055119,https://climate.weather.gc.ca/climate_data/daily_data_e.html?hlyRange=2005-05-10%7C2026-03-25&dlyRange=1998-02-01%7C2026-03-25&mlyRange=1998-05-01%7C2007-11-01&climate_id=3055119&Prov=AB&urlExtension=_e.html&searchType=stnProv&optLimit=specDate&StartYear=1840&EndYear=2026&selRowPerPage=100&Line=685&Month=3&Day=25&lstProvince=&Apply=Apply&timeframe=2,PEKISKO, ALBERTA ,"50°22'06.007"" N","114°24'56.001"" W","1,415.00 m",3055119,71669,NPK                 ,CNPK                 ,
2400675,https://climate.weather.gc.ca/climate_data/daily_data_e.html?hlyRange=2013-07-23%7C2026-03-25&dlyRange=2017-05-10%7C2026-03-25&mlyRange=%7C&climate_id=2400675&Prov=NU&urlExtension=_e.html&searchType=stnProv&optLimit=specDate&StartYear=1840&EndYear=2026&selRowPerPage=100&Line=123&Month=3&Day=25&lstProvince=&Apply=Apply&timeframe=2,CAPE LIVERPOOL, NUNAVUT ,"73°40'05.030"" N","78°17'36.070"" W",2.00 m,2400675,,NPL                 ,CNPL                 ,
2501419,https://climate.weather.gc.ca/climate_data/daily_data_e.html?hlyRange=2014-11-04%7C2026-03-25&dlyRange=2017-05-09%7C2026-03-25&mlyRange=%7C&climate_id=2501419&Prov=NT&urlExtension=_e.html&searchType=stnProv&optLimit=specDate&StartYear=1840&EndYear=2026&selRowPerPage=100&Line=125&Month=3&Day=25&lstProvince=&Apply=Apply&timeframe=2,CAPE PROVIDENCE, NORTHWEST TERRITORIES ,"74°27'23.800"" N","112°09'38.000"" W",12.00 m,2501419,,NPV                 ,CNPV                 ,
2403833,https://climate.weather.gc.ca/climate_data/daily_data_e.html?hlyRange=2012-07-16%7C2026-03-25&dlyRange=2012-07-16%7C2026-03-25&mlyRange=%7C&climate_id=2403833&Prov=NU&urlExtension=_e.html&searchType=stnProv&optLimit=specDate&StartYear=1840&EndYear=2026&selRowPerPage=100&Line=906&Month=3&Day=25&lstProvince=&Apply=Apply&timeframe=2,SVARTEVAEG, NUNAVUT ,"81°09'39.000"" N","91°48'59.060"" W",72.00 m,2403833,71872,NSG                 ,CNSG                 ,
2303668,https://climate.weather.gc.ca/climate_data/daily_data_e.html?hlyRange=2014-08-21%7C2026-03-25&dlyRange=2014-09-10%7C2026-03-25&mlyRange=%7C&climate_id=2303668&Prov=NU&urlExtension=_e.html&searchType=stnProv&optLimit=specDate&StartYear=1840&EndYear=2026&selRowPerPage=100&Line=825&Month=3&Day=25&lstProvince=&Apply=Apply&timeframe=2,SANIKILUAQ, NUNAVUT ,"56°32'14.460"" N","79°15'37.074"" W",34.00 m,2303668,71643,NSQ                 ,CNSQ                 ,
2202810,https://climate.weather.gc.ca/climate_data/daily_data_e.html?hlyRange=2003-12-31%7C2026-03-25&dlyRange=2004-09-09%7C2026-03-25&mlyRange=2005-03-01%7C2007-11-01&climate_id=2202810&Prov=NT&urlExtension=_e.html&searchType=stnProv&optLimit=specDate&StartYear=1840&EndYear=2026&selRowPerPage=100&Line=639&Month=3&Day=25&lstProvince=&Apply=Apply&timeframe=2,NORMAN WELLS CLIMATE, NORTHWEST TERRITORIES ,"65°17'15.090"" N","126°45'12.084"" W",93.60 m,2202810,71480,NVQ                 ,CNVQ                 ,
2204108,https://climate.weather.gc.ca/climate_data/daily_data_e.html?hlyRange=2022-09-01%7C2026-03-25&dlyRange=2022-09-01%7C2026-03-25&mlyRange=%7C&climate_id=2204108&Prov=NT&urlExtension=_e.html&searchType=stnProv&optLimit=specDate&StartYear=1840&EndYear=2026&selRowPerPage=100&Line=1049&Month=3&Day=25&lstProvince=&Apply=Apply&timeframe=2,YELLOWKNIFE AIRPORT, NORTHWEST TERRITORIES ,"62°28'28.000"" N","114°26'57.000"" W",205.00 m,2204108,73044,NYE                 ,CNYE                 ,
2301010,https://climate.weather.gc.ca/climate_data/daily_data_e.html?hlyRange=2014-09-26%7C2026-03-25&dlyRange=2014-09-30%7C2026-03-25&mlyRange=%7C&climate_id=2301010&Prov=NU&urlExtension=_e.html&searchType=stnProv&optLimit=specDate&StartYear=1840&EndYear=2026&selRowPerPage=100&Line=190&Month=3&Day=25&lstProvince=&Apply=Apply&timeframe=2,CORAL HARBOUR RCS, NUNAVUT ,"64°11'00.000"" N","83°21'00.000"" W",57.00 m,2301010,71134,NZS                 ,CNZS                 ,
6150690,https://climate.weather.gc.ca/climate_data/daily_data_e.html?hlyRange=2021-10-27%7C2026-03-25&dlyRange=2021-10-27%7C2026-03-25&mlyRange=%7C&climate_id=6150690&Prov=ON&urlExtension=_e.html&searchType=stnProv&optLimit=specDate&StartYear=1840&EndYear=2026&selRowPerPage=100&Line=68&Month=3&Day=25&lstProvince=&Apply=Apply&timeframe=2,BELLEVILLE QUINTE, ONTARIO ,"44°09'33.705"" N","77°26'23.430"" W",96.30 m,6150690,73042,OBQ                 ,COBQ                 ,
6131418,https://climate.weather.gc.ca/climate_data/daily_data_e.html?hlyRange=2022-11-17%7C2026-03-25&dlyRange=2022-11-17%7C2026-03-25&mlyRange=%7C&climate_id=6131418&Prov=ON&urlExtension=_e.html&searchType=stnProv&optLimit=specDate&StartYear=1840&EndYear=2026&selRowPerPage=100&Line=142&Month=3&Day=25&lstProvince=&Apply=Apply&timeframe=2,CEDAR SPRINGS, ONTARIO ,"42°15'57.000"" N","82°01'10.000"" W",183.00 m,6131418,73036,OCE                 ,COCE                 ,
6061366,https://climate.weather.gc.ca/climate_data/daily_data_e.html?hlyRange=2022-01-28%7C2026-03-25&dlyRange=2022-01-28%7C2026-03-25&mlyRange=%7C&climate_id=6061366&Prov=ON&urlExtension=_e.html&searchType=stnProv&optLimit=specDate&StartYear=1840&EndYear=2026&selRowPerPage=100&Line=147&Month=3&Day=25&lstProvince=&Apply=Apply&timeframe=2,CHAPLEAU AIRPORT, ONTARIO ,"47°49'09.006"" N","83°21'22.086"" W",447.00 m,6061366,73135,OCP                 ,COCP                 ,
6042719,https://climate.weather.gc.ca/climate_data/daily_data_e.html?hlyRange=2018-12-13%7C2026-03-25&dlyRange=2018-12-12%7C2026-03-25&mlyRange=%7C&climate_id=6042719&Prov=ON&urlExtension=_e.html&searchType=stnProv&optLimit=specDate&StartYear=1840&EndYear=2026&selRowPerPage=100&Line=332&Month=3&Day=25&lstProvince=&Apply=Apply&timeframe=2,GERALDTON AIRPORT, ONTARIO ,"49°46'51.276"" N","86°55'56.352"" W",340.00 m,6042719,73071,OGE                 ,COGE                 ,
6143092,https://climate.weather.gc.ca/climate_data/daily_data_e.html?hlyRange=2021-11-08%7C2026-03-25&dlyRange=2021-11-08%7C2026-03-25&mlyRange=%7C&climate_id=6143092&Prov=ON&urlExtension=_e.html&searchType=stnProv&optLimit=specDate&StartYear=1840&EndYear=2026&selRowPerPage=100&Line=367&Month=3&Day=25&lstProvince=&Apply=Apply&timeframe=2,GUELPH TURFGRASS INSTITUTE, ONTARIO ,"43°32'30.741"" N","80°13'19.492"" W",334.50 m,6143092,73073,OGI                 ,COGI                 ,
6075788,https://climate.weather.gc.ca/climate_data/daily_data_e.html?hlyRange=2022-11-22%7C2026-03-25&dlyRange=2022-11-22%7C2026-03-25&mlyRange=%7C&climate_id=6075788&Prov=ON&urlExtension=_e.html&searchType=stnProv&optLimit=specDate&StartYear=1840&EndYear=2026&selRowPerPage=100&Line=654&Month=3&Day=25&lstProvince=&Apply=Apply&timeframe=2,OGOKI POST, ONTARIO ,"51°39'28.057"" N","85°54'01.067"" W",178.00 m,6075788,73045,OGP                 ,COGP                 ,
6154150,https://climate.weather.gc.ca/climate_data/daily_data_e.html?hlyRange=2019-09-17%7C2026-03-25&dlyRange=2019-09-17%7C2026-03-25&mlyRange=%7C&climate_id=6154150&Prov=ON&urlExtension=_e.html&searchType=stnProv&optLimit=specDate&StartYear=1840&EndYear=2026&selRowPerPage=100&Line=461&Month=3&Day=25&lstProvince=&Apply=Apply&timeframe=2,KING CITY NORTH, ONTARIO ,"43°57'48.679"" N","79°34'26.800"" W",361.00 m,6154150,73074,OKN                 ,COKN                 ,
6037800,https://climate.weather.gc.ca/climate_data/daily_data_e.html?hlyRange=2018-09-13%7C2026-03-25&dlyRange=2018-09-13%7C2026-03-25&mlyRange=%7C&climate_id=6037800&Prov=ON&urlExtension=_e.html&searchType=stnProv&optLimit=specDate&StartYear=1840&EndYear=2026&selRowPerPage=100&Line=855&Month=3&Day=25&lstProvince=&Apply=Apply&timeframe=2,SIOUX LOOKOUT AIRPORT, ONTARIO ,"50°06'51.000"" N","91°54'20.000"" W",338.10 m,6037800,73017,OSL                 ,COSL                 ,
6057593,https://climate.weather.gc.ca/climate_data/daily_data_e.html?hlyRange=2019-02-09%7C2026-03-25&dlyRange=2019-02-08%7C2026-03-25&mlyRange=%7C&climate_id=6057593&Prov=ON&urlExtension=_e.html&searchType=stnProv&optLimit=specDate&StartYear=1840&EndYear=2026&selRowPerPage=100&Line=838&Month=3&Day=25&lstProvince=&Apply=Apply&timeframe=2,SAULT STE. MARIE AIRPORT, ONTARIO ,"46°28'41.000"" N","84°31'00.000"" W",187.00 m,6057593,73070,OSM                 ,COSM                 ,
6010740,https://climate.weather.gc.ca/climate_data/daily_data_e.html?hlyRange=2012-09-28%7C2026-03-25&dlyRange=2012-10-02%7C2026-03-25&mlyRange=%7C&climate_id=6010740&Prov=ON&urlExtension=_e.html&searchType=stnProv&optLimit=specDate&StartYear=1840&EndYear=2026&selRowPerPage=100&Line=73&Month=3&Day=25&lstProvince=&Apply=Apply&timeframe=2,BIG TROUT LAKE, ONTARIO ,"53°48'58.000"" N","89°53'30.000"" W",222.50 m,6010740,71208,OTL                 ,COTL                 ,
6048232,https://climate.weather.gc.ca/climate_data/daily_data_e.html?hlyRange=2017-12-21%7C2026-03-25&dlyRange=2018-01-08%7C2026-03-25&mlyRange=%7C&climate_id=6048232&Prov=ON&urlExtension=_e.html&searchType=stnProv&optLimit=specDate&StartYear=1840&EndYear=2026&selRowPerPage=100&Line=923&Month=3&Day=25&lstProvince=&Apply=Apply&timeframe=2,TERRACE BAY AIRPORT, ONTARIO ,"48°48'56.054"" N","87°05'30.041"" W",290.00 m,6048232,73018,OTR                 ,COTR                 ,
6166457,https://climate.weather.gc.ca/climate_data/daily_data_e.html?hlyRange=2022-12-16%7C2026-03-25&dlyRange=2022-12-16%7C2026-03-25&mlyRange=%7C&climate_id=6166457&Prov=ON&urlExtension=_e.html&searchType=stnProv&optLimit=specDate&StartYear=1840&EndYear=2026&selRowPerPage=100&Line=694&Month=3&Day=25&lstProvince=&Apply=Apply&timeframe=2,PETERBOROUGH TRENTU FARM, ONTARIO ,"44°21'14.000"" N","78°16'42.000"" W",225.00 m,6166457,73180,OTU                 ,COTU                 ,
6119296,https://climate.weather.gc.ca/climate_data/daily_data_e.html?hlyRange=2025-10-31%7C2026-03-25&dlyRange=2025-10-31%7C2026-03-25&mlyRange=%7C&climate_id=6119296&Prov=ON&urlExtension=_e.html&searchType=stnProv&optLimit=specDate&StartYear=1840&EndYear=2026&selRowPerPage=100&Line=997&Month=3&Day=25&lstProvince=&Apply=Apply&timeframe=2,WASAGA PROVINCIAL PARK, ONTARIO ,"44°29'56.980"" N","80°02'51.287"" W",178.00 m,6119296,73050,OWP                 ,COWP                 ,
6019400,https://climate.weather.gc.ca/climate_data/daily_data_e.html?hlyRange=2023-02-14%7C2026-03-25&dlyRange=2023-02-14%7C2026-03-25&mlyRange=%7C&climate_id=6019400&Prov=ON&urlExtension=_e.html&searchType=stnProv&optLimit=specDate&StartYear=1840&EndYear=2026&selRowPerPage=100&Line=1009&Month=3&Day=25&lstProvince=&Apply=Apply&timeframe=2,WEAGAMOW LAKE, ONTARIO ,"52°56'38.027"" N","91°18'57.082"" W",291.00 m,6019400,73046,OWW                 ,COWW                 ,
3050602,https://climate.weather.gc.ca/climate_data/daily_data_e.html?hlyRange=2012-02-02%7C2026-03-25&dlyRange=2012-02-07%7C2026-03-25&mlyRange=%7C&climate_id=3050602&Prov=AB&urlExtension=_e.html&searchType=stnProv&optLimit=specDate&StartYear=1840&EndYear=2026&selRowPerPage=100&Line=59&Month=3&Day=25&lstProvince=&Apply=Apply&timeframe=2,BEAVER MINES, ALBERTA ,"49°28'04.500"" N","114°10'30.000"" W","1,257.00 m",3050602,71304,PBM                 ,CPBM                 ,
5010490,https://climate.weather.gc.ca/climate_data/daily_data_e.html?hlyRange=2012-01-09%7C2026-03-25&dlyRange=2012-01-09%7C2026-03-25&mlyRange=%7C&climate_id=5010490&Prov=MB&urlExtension=_e.html&searchType=stnProv&optLimit=specDate&StartYear=1840&EndYear=2026&selRowPerPage=100&Line=88&Month=3&Day=25&lstProvince=&Apply=Apply&timeframe=2,BRANDON RCS, MANITOBA ,"49°54'00.000"" N","99°57'00.000"" W",409.40 m,5010490,71136,PBO                 ,CPBO                 ,
3072659,https://climate.weather.gc.ca/climate_data/daily_data_e.html?hlyRange=2012-10-19%7C2026-03-25&dlyRange=2012-10-19%7C2026-03-25&mlyRange=%7C&climate_id=3072659&Prov=AB&urlExtension=_e.html&searchType=stnProv&optLimit=specDate&StartYear=1840&EndYear=2026&selRowPerPage=100&Line=283&Month=3&Day=25&lstProvince=&Apply=Apply&timeframe=2,FORT CHIPEWYAN RCS, ALBERTA ,"58°46'02.000"" N","111°07'02.000"" W",238.00 m,3072659,71056,PCH                 ,CPCH                 ,
3031094,https://climate.weather.gc.ca/climate_data/daily_data_e.html?hlyRange=2008-12-22%7C2026-03-25&dlyRange=1999-05-01%7C2026-03-25&mlyRange=2000-06-01%7C2007-11-01&climate_id=3031094&Prov=AB&urlExtension=_e.html&searchType=stnProv&optLimit=specDate&StartYear=1840&EndYear=2026&selRowPerPage=100&Line=104&Month=3&Day=25&lstProvince=&Apply=Apply&timeframe=2,CALGARY INT'L CS, ALBERTA ,"51°06'34.010"" N","114°00'01.070"" W","1,081.90 m",3031094,71393,PCI                 ,CPCI                 ,
3035208,https://climate.weather.gc.ca/climate_data/daily_data_e.html?hlyRange=2010-10-21%7C2026-03-25&dlyRange=1996-03-01%7C2026-03-25&mlyRange=1996-04-01%7C2007-11-01&climate_id=3035208&Prov=AB&urlExtension=_e.html&searchType=stnProv&optLimit=specDate&StartYear=1840&EndYear=2026&selRowPerPage=100&Line=701&Month=3&Day=25&lstProvince=&Apply=Apply&timeframe=2,PINCHER CREEK CLIMATE, ALBERTA ,"49°31'18.003"" N","114°00'17.001"" W","1,190.00 m",3035208,71736,PCK                 ,CPCK                 ,
3031402,https://climate.weather.gc.ca/climate_data/daily_data_e.html?hlyRange=2012-01-16%7C2026-03-25&dlyRange=2012-01-16%7C2026-03-25&mlyRange=%7C&climate_id=3031402&Prov=AB&urlExtension=_e.html&searchType=stnProv&optLimit=specDate&StartYear=1840&EndYear=2026&selRowPerPage=100&Line=136&Month=3&Day=25&lstProvince=&Apply=Apply&timeframe=2,CARWAY, ALBERTA ,"49°00'02.000"" N","113°22'34.000"" W","1,354.00 m",3031402,71488,PCY                 ,CPCY                 ,
5031201,https://climate.weather.gc.ca/climate_data/daily_data_e.html?hlyRange=2005-01-23%7C2026-03-25&dlyRange=2005-01-20%7C2026-03-25&mlyRange=2005-02-01%7C2007-11-01&climate_id=5031201&Prov=MB&urlExtension=_e.html&searchType=stnProv&optLimit=specDate&StartYear=1840&EndYear=2026&selRowPerPage=100&Line=357&Month=3&Day=25&lstProvince=&Apply=Apply&timeframe=2,GREAT FALLS CLIMATE, MANITOBA ,"50°31'20.001"" N","95°58'38.000"" W",253.00 m,5031201,71570,PGF                 ,CPGF                 ,
5031042,https://climate.weather.gc.ca/climate_data/daily_data_e.html?hlyRange=2006-09-22%7C2026-03-25&dlyRange=2006-09-19%7C2026-03-25&mlyRange=2007-05-01%7C2007-11-01&climate_id=5031042&Prov=MB&urlExtension=_e.html&searchType=stnProv&optLimit=specDate&StartYear=1840&EndYear=2026&selRowPerPage=100&Line=336&Month=3&Day=25&lstProvince=&Apply=Apply&timeframe=2,GIMLI CLIMATE, MANITOBA ,"50°38'00.000"" N","97°03'00.000"" W",230.10 m,5031042,71748,PGH                 ,CPGH                 ,
3073148,https://climate.weather.gc.ca/climate_data/daily_data_e.html?hlyRange=2020-10-13%7C2026-03-25&dlyRange=2020-10-13%7C2026-03-25&mlyRange=%7C&climate_id=3073148&Prov=AB&urlExtension=_e.html&searchType=stnProv&optLimit=specDate&StartYear=1840&EndYear=2026&selRowPerPage=100&Line=388&Month=3&Day=25&lstProvince=&Apply=Apply&timeframe=2,HIGH LEVEL, ALBERTA ,"58°37'53.030"" N","117°09'50.015"" W",339.00 m,3073148,73085,PHJ                 ,CPHJ                 ,
4063605,https://climate.weather.gc.ca/climate_data/daily_data_e.html?hlyRange=2004-09-13%7C2026-03-25&dlyRange=2004-09-01%7C2026-03-25&mlyRange=2004-09-01%7C2007-11-01&climate_id=4063605&Prov=SK&urlExtension=_e.html&searchType=stnProv&optLimit=specDate&StartYear=1840&EndYear=2026&selRowPerPage=100&Line=420&Month=3&Day=25&lstProvince=&Apply=Apply&timeframe=2,ISLAND FALLS (AUT), SASKATCHEWAN ,"55°32'00.000"" N","102°21'00.000"" W",297.40 m,4063605,71331,PIF                 ,CPIF                 ,
3063600,https://climate.weather.gc.ca/climate_data/daily_data_e.html?hlyRange=2015-01-13%7C2026-03-25&dlyRange=2015-01-13%7C2026-03-25&mlyRange=%7C&climate_id=3063600&Prov=AB&urlExtension=_e.html&searchType=stnProv&optLimit=specDate&StartYear=1840&EndYear=2026&selRowPerPage=100&Line=423&Month=3&Day=25&lstProvince=&Apply=Apply&timeframe=2,ISLAND LAKE SOUTH, ALBERTA ,"54°49'15.059"" N","113°32'36.096"" W",618.70 m,3063600,71654,PII                 ,CPII                 ,
4064620,https://climate.weather.gc.ca/climate_data/daily_data_e.html?hlyRange=2009-08-21%7C2026-03-25&dlyRange=2009-08-21%7C2026-03-25&mlyRange=%7C&climate_id=4064620&Prov=SK&urlExtension=_e.html&searchType=stnProv&optLimit=specDate&StartYear=1840&EndYear=2026&selRowPerPage=100&Line=531&Month=3&Day=25&lstProvince=&Apply=Apply&timeframe=2,LOON LAKE RCS, SASKATCHEWAN ,"54°01'11.000"" N","109°08'18.000"" W",545.60 m,4064620,71273,PIL                 ,CPIL                 ,
5061378,https://climate.weather.gc.ca/climate_data/daily_data_e.html?hlyRange=2023-03-01%7C2026-03-25&dlyRange=2023-03-01%7C2026-03-25&mlyRange=%7C&climate_id=5061378&Prov=MB&urlExtension=_e.html&searchType=stnProv&optLimit=specDate&StartYear=1840&EndYear=2026&selRowPerPage=100&Line=422&Month=3&Day=25&lstProvince=&Apply=Apply&timeframe=2,ISLAND LAKE AIRPORT, MANITOBA ,"53°51'22.000"" N","94°39'15.000"" W",234.00 m,5061378,73100,PIV                 ,CPIV                 ,
4012410,https://climate.weather.gc.ca/climate_data/daily_data_e.html?hlyRange=2011-11-28%7C2026-03-25&dlyRange=2011-11-28%7C2026-03-25&mlyRange=%7C&climate_id=4012410&Prov=SK&urlExtension=_e.html&searchType=stnProv&optLimit=specDate&StartYear=1840&EndYear=2026&selRowPerPage=100&Line=262&Month=3&Day=25&lstProvince=&Apply=Apply&timeframe=2,ESTEVAN, SASKATCHEWAN ,"49°13'00.000"" N","102°58'00.000"" W",580.60 m,4012410,71559,PJM                 ,CPJM                 ,
5060624,https://climate.weather.gc.ca/climate_data/daily_data_e.html?hlyRange=2023-10-17%7C2026-03-25&dlyRange=2023-10-17%7C2026-03-25&mlyRange=%7C&climate_id=5060624&Prov=MB&urlExtension=_e.html&searchType=stnProv&optLimit=specDate&StartYear=1840&EndYear=2026&selRowPerPage=100&Line=430&Month=3&Day=25&lstProvince=&Apply=Apply&timeframe=2,JENPEG, MANITOBA ,"54°31'26.000"" N","98°02'29.000"" W",221.00 m,5060624,73048,PJN                 ,CPJN                 ,
5061649,https://climate.weather.gc.ca/climate_data/daily_data_e.html?hlyRange=2010-06-28%7C2026-03-25&dlyRange=2010-06-28%7C2026-03-25&mlyRange=%7C&climate_id=5061649&Prov=MB&urlExtension=_e.html&searchType=stnProv&optLimit=specDate&StartYear=1840&EndYear=2026&selRowPerPage=100&Line=542&Month=3&Day=25&lstProvince=&Apply=Apply&timeframe=2,LYNN LAKE RCS, MANITOBA ,"56°51'00.420"" N","101°04'00.005"" W",354.20 m,5061649,71632,PLE                 ,CPLE                 ,
4063753,https://climate.weather.gc.ca/climate_data/daily_data_e.html?hlyRange=2011-06-22%7C2026-03-25&dlyRange=2011-09-19%7C2026-03-25&mlyRange=%7C&climate_id=4063753&Prov=SK&urlExtension=_e.html&searchType=stnProv&optLimit=specDate&StartYear=1840&EndYear=2026&selRowPerPage=100&Line=453&Month=3&Day=25&lstProvince=&Apply=Apply&timeframe=2,KEY LAKE, SASKATCHEWAN ,"57°15'00.000"" N","105°36'00.000"" W",513.90 m,4063753,71033,PLS                 ,CPLS                 ,
4034910,https://climate.weather.gc.ca/climate_data/daily_data_e.html?hlyRange=2012-11-07%7C2026-03-25&dlyRange=1962-08-01%7C2026-03-25&mlyRange=1962-01-01%7C2007-11-01&climate_id=4034910&Prov=SK&urlExtension=_e.html&searchType=stnProv&optLimit=specDate&StartYear=1840&EndYear=2026&selRowPerPage=100&Line=552&Month=3&Day=25&lstProvince=&Apply=Apply&timeframe=2,MANKOTA, SASKATCHEWAN ,"49°05'57.000"" N","107°01'28.030"" W",830.00 m,4034910,71204,PMK                 ,CPMK                 ,
3015401,https://climate.weather.gc.ca/climate_data/daily_data_e.html?hlyRange=2013-11-07%7C2026-03-25&dlyRange=2013-11-07%7C2026-03-25&mlyRange=%7C&climate_id=3015401&Prov=AB&urlExtension=_e.html&searchType=stnProv&optLimit=specDate&StartYear=1840&EndYear=2026&selRowPerPage=100&Line=766&Month=3&Day=25&lstProvince=&Apply=Apply&timeframe=2,RANFURLY AUTO, ALBERTA ,"53°25'29.090"" N","111°43'32.060"" W",687.00 m,3015401,71637,PNX                 ,CPNX                 ,
5022710,https://climate.weather.gc.ca/climate_data/daily_data_e.html?hlyRange=2024-06-28%7C2026-03-25&dlyRange=2024-06-27%7C2026-03-25&mlyRange=%7C&climate_id=5022710&Prov=MB&urlExtension=_e.html&searchType=stnProv&optLimit=specDate&StartYear=1840&EndYear=2026&selRowPerPage=100&Line=862&Month=3&Day=25&lstProvince=&Apply=Apply&timeframe=2,SNOW LAKE, MANITOBA ,"54°52'40.050"" N","100°00'46.025"" W",305.00 m,5022710,73136,POW                 ,CPOW                 ,
4057165,https://climate.weather.gc.ca/climate_data/daily_data_e.html?hlyRange=2008-12-02%7C2026-03-25&dlyRange=2008-12-02%7C2026-03-25&mlyRange=%7C&climate_id=4057165&Prov=SK&urlExtension=_e.html&searchType=stnProv&optLimit=specDate&StartYear=1840&EndYear=2026&selRowPerPage=100&Line=835&Month=3&Day=25&lstProvince=&Apply=Apply&timeframe=2,SASKATOON RCS, SASKATCHEWAN ,"52°10'25.000"" N","106°43'08.001"" W",504.10 m,4057165,71496,POX                 ,CPOX                 ,
5010641,https://climate.weather.gc.ca/climate_data/daily_data_e.html?hlyRange=2009-09-09%7C2026-03-25&dlyRange=2009-09-11%7C2026-03-25&mlyRange=%7C&climate_id=5010641&Prov=MB&urlExtension=_e.html&searchType=stnProv&optLimit=specDate&StartYear=1840&EndYear=2026&selRowPerPage=100&Line=205&Month=3&Day=25&lstProvince=&Apply=Apply&timeframe=2,CYPRESS RIVER RCS, MANITOBA ,"49°33'44.000"" N","99°04'26.000"" W",374.00 m,5010641,71239,POY                 ,CPOY                 ,
4056243,https://climate.weather.gc.ca/climate_data/daily_data_e.html?hlyRange=2016-11-23%7C2026-03-25&dlyRange=2016-11-24%7C2026-03-25&mlyRange=%7C&climate_id=4056243&Prov=SK&urlExtension=_e.html&searchType=stnProv&optLimit=specDate&StartYear=1840&EndYear=2026&selRowPerPage=100&Line=738&Month=3&Day=25&lstProvince=&Apply=Apply&timeframe=2,PRINCE ALBERT GLASS FIELD, SASKATCHEWAN ,"53°12'37.000"" N","105°40'36.000"" W",425.50 m,4056243,73002,PPR                 ,CPPR                 ,
5052890,https://climate.weather.gc.ca/climate_data/daily_data_e.html?hlyRange=2005-08-22%7C2026-03-25&dlyRange=2005-08-22%7C2026-03-25&mlyRange=2007-08-01%7C2007-11-01&climate_id=5052890&Prov=MB&urlExtension=_e.html&searchType=stnProv&optLimit=specDate&StartYear=1840&EndYear=2026&selRowPerPage=100&Line=929&Month=3&Day=25&lstProvince=&Apply=Apply&timeframe=2,THE PAS CLIMATE, MANITOBA ,"53°58'00.000"" N","101°06'00.000"" W",274.00 m,5052890,71695,PQD                 ,CPQD                 ,
4045607,https://climate.weather.gc.ca/climate_data/daily_data_e.html?hlyRange=2005-10-27%7C2026-03-25&dlyRange=2005-11-23%7C2026-03-25&mlyRange=2006-06-01%7C2007-11-01&climate_id=4045607&Prov=SK&urlExtension=_e.html&searchType=stnProv&optLimit=specDate&StartYear=1840&EndYear=2026&selRowPerPage=100&Line=642&Month=3&Day=25&lstProvince=&Apply=Apply&timeframe=2,NORTH BATTLEFORD RCS, SASKATCHEWAN ,"52°46'19.004"" N","108°15'20.007"" W",548.00 m,4045607,71754,PQW                 ,CPQW                 ,
4019073,https://climate.weather.gc.ca/climate_data/daily_data_e.html?hlyRange=2011-12-13%7C2026-03-25&dlyRange=2011-12-13%7C2026-03-25&mlyRange=%7C&climate_id=4019073&Prov=SK&urlExtension=_e.html&searchType=stnProv&optLimit=specDate&StartYear=1840&EndYear=2026&selRowPerPage=100&Line=1052&Month=3&Day=25&lstProvince=&Apply=Apply&timeframe=2,YORKTON, SASKATCHEWAN ,"51°15'53.000"" N","102°27'52.000"" W",498.40 m,4019073,71886,PRJ                 ,CPRJ                 ,
3075043,https://climate.weather.gc.ca/climate_data/daily_data_e.html?hlyRange=2020-09-11%7C2026-03-25&dlyRange=2020-09-11%7C2026-03-25&mlyRange=%7C&climate_id=3075043&Prov=AB&urlExtension=_e.html&searchType=stnProv&optLimit=specDate&StartYear=1840&EndYear=2026&selRowPerPage=100&Line=797&Month=3&Day=25&lstProvince=&Apply=Apply&timeframe=2,ROMA, ALBERTA ,"56°11'35.096"" N","117°27'07.005"" W",559.50 m,3075043,73104,PRV                 ,CPRV                 ,
4043902,https://climate.weather.gc.ca/climate_data/daily_data_e.html?hlyRange=2021-09-15%7C2026-03-25&dlyRange=2021-09-15%7C2026-03-25&mlyRange=%7C&climate_id=4043902&Prov=SK&urlExtension=_e.html&searchType=stnProv&optLimit=specDate&StartYear=1840&EndYear=2026&selRowPerPage=100&Line=460&Month=3&Day=25&lstProvince=&Apply=Apply&timeframe=2,KINDERSLEY AIRPORT, SASKATCHEWAN ,"51°30'58.003"" N","109°10'40.032"" W",691.10 m,4043902,73097,PSY                 ,CPSY                 ,
5021500,https://climate.weather.gc.ca/climate_data/daily_data_e.html?hlyRange=2012-12-20%7C2026-03-25&dlyRange=2014-09-17%7C2026-03-25&mlyRange=%7C&climate_id=5021500&Prov=MB&urlExtension=_e.html&searchType=stnProv&optLimit=specDate&StartYear=1840&EndYear=2026&selRowPerPage=100&Line=473&Month=3&Day=25&lstProvince=&Apply=Apply&timeframe=2,KLEEFELD (MAFRI), MANITOBA ,"49°31'04.000"" N","96°54'04.000"" W",246.50 m,5021500,71646,PTG                 ,CPTG                 ,
5062918,https://climate.weather.gc.ca/climate_data/daily_data_e.html?hlyRange=2020-09-30%7C2026-03-25&dlyRange=2020-09-29%7C2026-03-25&mlyRange=%7C&climate_id=5062918&Prov=MB&urlExtension=_e.html&searchType=stnProv&optLimit=specDate&StartYear=1840&EndYear=2026&selRowPerPage=100&Line=932&Month=3&Day=25&lstProvince=&Apply=Apply&timeframe=2,THOMPSON AIRPORT, MANITOBA ,"55°47'56.000"" N","97°52'36.000"" W",214.00 m,5062918,73072,PTO                 ,CPTO                 ,
4056121,https://climate.weather.gc.ca/climate_data/daily_data_e.html?hlyRange=2012-12-11%7C2026-03-25&dlyRange=2014-11-12%7C2026-03-25&mlyRange=%7C&climate_id=4056121&Prov=SK&urlExtension=_e.html&searchType=stnProv&optLimit=specDate&StartYear=1840&EndYear=2026&selRowPerPage=100&Line=697&Month=3&Day=25&lstProvince=&Apply=Apply&timeframe=2,PILGER, SASKATCHEWAN ,"52°25'00.000"" N","105°09'00.000"" W",552.00 m,4056121,71655,PUN                 ,CPUN                 ,
4048521,https://climate.weather.gc.ca/climate_data/daily_data_e.html?hlyRange=2013-09-20%7C2026-03-25&dlyRange=2013-09-20%7C2026-03-25&mlyRange=%7C&climate_id=4048521&Prov=SK&urlExtension=_e.html&searchType=stnProv&optLimit=specDate&StartYear=1840&EndYear=2026&selRowPerPage=100&Line=999&Month=3&Day=25&lstProvince=&Apply=Apply&timeframe=2,WASECA RCS, SASKATCHEWAN ,"53°07'53.008"" N","109°24'18.006"" W",640.00 m,4048521,71663,PWX                 ,CPWX                 ,
5060608,https://climate.weather.gc.ca/climate_data/daily_data_e.html?hlyRange=2005-09-27%7C2026-03-25&dlyRange=2005-10-01%7C2026-03-25&mlyRange=2005-10-01%7C2007-10-01&climate_id=5060608&Prov=MB&urlExtension=_e.html&searchType=stnProv&optLimit=specDate&StartYear=1840&EndYear=2026&selRowPerPage=100&Line=167&Month=3&Day=25&lstProvince=&Apply=Apply&timeframe=2,CHURCHILL CLIMATE, MANITOBA ,"58°44'00.000"" N","94°04'00.000"" W",28.50 m,5060608,71696,PYQ                 ,CPYQ                 ,
4019041,https://climate.weather.gc.ca/climate_data/daily_data_e.html?hlyRange=2016-11-23%7C2026-03-25&dlyRange=2016-11-24%7C2026-03-25&mlyRange=%7C&climate_id=4019041&Prov=SK&urlExtension=_e.html&searchType=stnProv&optLimit=specDate&StartYear=1840&EndYear=2026&selRowPerPage=100&Line=1047&Month=3&Day=25&lstProvince=&Apply=Apply&timeframe=2,YELLOW GRASS NORTH, SASKATCHEWAN ,"49°49'00.000"" N","104°11'00.000"" W",578.00 m,4019041,73001,PYS                 ,CPYS                 ,
3061201,https://climate.weather.gc.ca/climate_data/daily_data_e.html?hlyRange=2013-11-07%7C2026-03-25&dlyRange=2013-11-07%7C2026-03-25&mlyRange=%7C&climate_id=3061201&Prov=AB&urlExtension=_e.html&searchType=stnProv&optLimit=specDate&StartYear=1840&EndYear=2026&selRowPerPage=100&Line=115&Month=3&Day=25&lstProvince=&Apply=Apply&timeframe=2,CAMPSIE AUTO, ALBERTA ,"54°07'50.041"" N","114°40'39.055"" W",647.00 m,3061201,71636,PZC                 ,CPZC                 ,
3065997,https://climate.weather.gc.ca/climate_data/daily_data_e.html?hlyRange=2012-10-23%7C2026-03-25&dlyRange=2012-10-23%7C2026-03-25&mlyRange=%7C&climate_id=3065997&Prov=AB&urlExtension=_e.html&searchType=stnProv&optLimit=specDate&StartYear=1840&EndYear=2026&selRowPerPage=100&Line=858&Month=3&Day=25&lstProvince=&Apply=Apply&timeframe=2,SLAVE LAKE RCS, ALBERTA ,"55°17'35.000"" N","114°46'38.000"" W",582.80 m,3065997,71693,PZH                 ,CPZH                 ,
6022474,https://climate.weather.gc.ca/climate_data/daily_data_e.html?hlyRange=2007-10-03%7C2026-03-25&dlyRange=2007-10-08%7C2026-03-25&mlyRange=%7C&climate_id=6022474&Prov=ON&urlExtension=_e.html&searchType=stnProv&optLimit=specDate&StartYear=1840&EndYear=2026&selRowPerPage=100&Line=284&Month=3&Day=25&lstProvince=&Apply=Apply&timeframe=2,FORT FRANCES RCS, ONTARIO ,"48°39'04.000"" N","93°26'20.002"" W",342.00 m,6022474,71962,TAG                 ,CTAG                 ,
6140942,https://climate.weather.gc.ca/climate_data/daily_data_e.html?hlyRange=2014-12-11%7C2026-03-25&dlyRange=2014-12-12%7C2026-03-25&mlyRange=%7C&climate_id=6140942&Prov=ON&urlExtension=_e.html&searchType=stnProv&optLimit=specDate&StartYear=1840&EndYear=2026&selRowPerPage=100&Line=89&Month=3&Day=25&lstProvince=&Apply=Apply&timeframe=2,BRANTFORD AIRPORT, ONTARIO ,"43°08'15.000"" N","80°19'53.000"" W",245.50 m,6140942,71602,TBF                 ,CTBF                 ,
6100970,https://climate.weather.gc.ca/climate_data/daily_data_e.html?hlyRange=2008-10-21%7C2026-03-25&dlyRange=2008-11-20%7C2026-03-25&mlyRange=%7C&climate_id=6100970&Prov=ON&urlExtension=_e.html&searchType=stnProv&optLimit=specDate&StartYear=1840&EndYear=2026&selRowPerPage=100&Line=93&Month=3&Day=25&lstProvince=&Apply=Apply&timeframe=2,BROCKVILLE CLIMATE, ONTARIO ,"44°38'07.000"" N","75°44'54.000"" W",120.40 m,6100970,71161,TBO                 ,CTBO                 ,
6110607,https://climate.weather.gc.ca/climate_data/daily_data_e.html?hlyRange=2005-09-28%7C2026-03-25&dlyRange=2005-09-28%7C2026-03-25&mlyRange=2005-11-01%7C2006-12-01&climate_id=6110607&Prov=ON&urlExtension=_e.html&searchType=stnProv&optLimit=specDate&StartYear=1840&EndYear=2026&selRowPerPage=100&Line=53&Month=3&Day=25&lstProvince=&Apply=Apply&timeframe=2,BEATRICE CLIMATE, ONTARIO ,"45°08'25.000"" N","79°24'10.000"" W",297.20 m,6110607,71694,TBT                 ,CTBT                 ,
6105397,https://climate.weather.gc.ca/climate_data/daily_data_e.html?hlyRange=2003-10-07%7C2026-03-25&dlyRange=2003-10-07%7C2026-03-25&mlyRange=%7C&climate_id=6105397&Prov=ON&urlExtension=_e.html&searchType=stnProv&optLimit=specDate&StartYear=1840&EndYear=2026&selRowPerPage=100&Line=600&Month=3&Day=25&lstProvince=&Apply=Apply&timeframe=2,MOOSE CREEK WELLS, ONTARIO ,"45°15'04.000"" N","74°57'46.000"" W",84.50 m,6105397,71635,TCK                 ,CTCK                 ,
6104142,https://climate.weather.gc.ca/climate_data/daily_data_e.html?hlyRange=2008-07-15%7C2026-03-25&dlyRange=2008-07-15%7C2026-03-25&mlyRange=%7C&climate_id=6104142&Prov=ON&urlExtension=_e.html&searchType=stnProv&optLimit=specDate&StartYear=1840&EndYear=2026&selRowPerPage=100&Line=464&Month=3&Day=25&lstProvince=&Apply=Apply&timeframe=2,KINGSTON CLIMATE, ONTARIO ,"44°13'24.000"" N","76°35'58.000"" W",93.00 m,6104142,71820,TKG                 ,CTKG                 ,
6034073,https://climate.weather.gc.ca/climate_data/daily_data_e.html?hlyRange=2008-07-21%7C2026-03-25&dlyRange=2008-07-21%7C2026-03-25&mlyRange=%7C&climate_id=6034073&Prov=ON&urlExtension=_e.html&searchType=stnProv&optLimit=specDate&StartYear=1840&EndYear=2026&selRowPerPage=100&Line=451&Month=3&Day=25&lstProvince=&Apply=Apply&timeframe=2,KENORA RCS, ONTARIO ,"49°47'26.000"" N","94°22'40.000"" W",412.70 m,6034073,71151,TKR                 ,CTKR                 ,
6054425,https://climate.weather.gc.ca/climate_data/daily_data_e.html?hlyRange=2013-11-19%7C2026-03-25&dlyRange=2013-11-19%7C2026-03-25&mlyRange=%7C&climate_id=6054425&Prov=ON&urlExtension=_e.html&searchType=stnProv&optLimit=specDate&StartYear=1840&EndYear=2026&selRowPerPage=100&Line=504&Month=3&Day=25&lstProvince=&Apply=Apply&timeframe=2,LAKE SUPERIOR PROVINCIAL PARK, ONTARIO ,"47°43'23.000"" N","84°48'51.000"" W",400.60 m,6054425,71640,TLS                 ,CTLS                 ,
6078282,https://climate.weather.gc.ca/climate_data/daily_data_e.html?hlyRange=2008-08-19%7C2026-03-25&dlyRange=2008-10-01%7C2026-03-25&mlyRange=%7C&climate_id=6078282&Prov=ON&urlExtension=_e.html&searchType=stnProv&optLimit=specDate&StartYear=1840&EndYear=2026&selRowPerPage=100&Line=938&Month=3&Day=25&lstProvince=&Apply=Apply&timeframe=2,TIMMINS CLIMATE, ONTARIO ,"48°33'26.000"" N","81°23'25.000"" W",294.40 m,6078282,71193,TMS                 ,CTMS                 ,
6080192,https://climate.weather.gc.ca/climate_data/daily_data_e.html?hlyRange=2004-09-01%7C2026-03-25&dlyRange=2004-09-02%7C2026-03-25&mlyRange=2005-05-01%7C2006-12-01&climate_id=6080192&Prov=ON&urlExtension=_e.html&searchType=stnProv&optLimit=specDate&StartYear=1840&EndYear=2026&selRowPerPage=100&Line=12&Month=3&Day=25&lstProvince=&Apply=Apply&timeframe=2,ALGONQUIN PARK EAST GATE, ONTARIO ,"45°32'00.000"" N","78°16'00.000"" W",397.00 m,6080192,71581,TNK                 ,CTNK                 ,
6106367,https://climate.weather.gc.ca/climate_data/daily_data_e.html?hlyRange=2010-11-10%7C2026-03-25&dlyRange=2010-11-10%7C2026-03-25&mlyRange=%7C&climate_id=6106367&Prov=ON&urlExtension=_e.html&searchType=stnProv&optLimit=specDate&StartYear=1840&EndYear=2026&selRowPerPage=100&Line=689&Month=3&Day=25&lstProvince=&Apply=Apply&timeframe=2,PEMBROKE CLIMATE, ONTARIO ,"45°51'37.000"" N","77°15'08.000"" W",161.00 m,6106367,71196,TPM                 ,CTPM                 ,
6036907,https://climate.weather.gc.ca/climate_data/daily_data_e.html?hlyRange=2005-01-09%7C2026-03-25&dlyRange=2003-12-01%7C2026-03-25&mlyRange=%7C&climate_id=6036907&Prov=ON&urlExtension=_e.html&searchType=stnProv&optLimit=specDate&StartYear=1840&EndYear=2026&selRowPerPage=100&Line=768&Month=3&Day=25&lstProvince=&Apply=Apply&timeframe=2,RAWSON LAKE (AUT), ONTARIO ,"49°39'51.001"" N","93°43'58.002"" W",435.00 m,6036907,71855,TRA                 ,CTRA                 ,
6068145,https://climate.weather.gc.ca/climate_data/daily_data_e.html?hlyRange=2011-08-04%7C2026-03-25&dlyRange=2011-08-12%7C2026-03-25&mlyRange=%7C&climate_id=6068145&Prov=ON&urlExtension=_e.html&searchType=stnProv&optLimit=specDate&StartYear=1840&EndYear=2026&selRowPerPage=100&Line=897&Month=3&Day=25&lstProvince=&Apply=Apply&timeframe=2,SUDBURY CLIMATE, ONTARIO ,"46°37'56.090"" N","80°47'46.080"" W",348.00 m,6068145,71733,TSB                 ,CTSB                 ,
6128330,https://climate.weather.gc.ca/climate_data/daily_data_e.html?hlyRange=2007-02-14%7C2026-03-25&dlyRange=2007-01-25%7C2026-03-25&mlyRange=%7C&climate_id=6128330&Prov=ON&urlExtension=_e.html&searchType=stnProv&optLimit=specDate&StartYear=1840&EndYear=2026&selRowPerPage=100&Line=939&Month=3&Day=25&lstProvince=&Apply=Apply&timeframe=2,TOBERMORY RCS, ONTARIO ,"45°14'00.000"" N","81°38'00.000"" W",213.50 m,6128330,71767,TTR                 ,CTTR                 ,
6159123,https://climate.weather.gc.ca/climate_data/daily_data_e.html?hlyRange=2012-07-30%7C2026-03-25&dlyRange=2012-07-30%7C2026-03-25&mlyRange=%7C&climate_id=6159123&Prov=ON&urlExtension=_e.html&searchType=stnProv&optLimit=specDate&StartYear=1840&EndYear=2026&selRowPerPage=100&Line=970&Month=3&Day=25&lstProvince=&Apply=Apply&timeframe=2,UXBRIDGE WEST, ONTARIO ,"44°05'54.000"" N","79°09'49.020"" W",325.00 m,6159123,71932,TUX                 ,CTUX                 ,
6139449,https://climate.weather.gc.ca/climate_data/daily_data_e.html?hlyRange=2005-11-23%7C2026-03-25&dlyRange=2005-11-01%7C2026-03-25&mlyRange=2005-11-01%7C2006-12-01&climate_id=6139449&Prov=ON&urlExtension=_e.html&searchType=stnProv&optLimit=specDate&StartYear=1840&EndYear=2026&selRowPerPage=100&Line=1012&Month=3&Day=25&lstProvince=&Apply=Apply&timeframe=2,WELLAND-PELHAM, ONTARIO ,"42°58'00.000"" N","79°20'00.000"" W",178.00 m,6139449,71752,TWL                 ,CTWL                 ,
6072230,https://climate.weather.gc.ca/climate_data/daily_data_e.html?hlyRange=2008-11-20%7C2026-03-25&dlyRange=2008-11-20%7C2026-03-25&mlyRange=%7C&climate_id=6072230&Prov=ON&urlExtension=_e.html&searchType=stnProv&optLimit=specDate&StartYear=1840&EndYear=2026&selRowPerPage=100&Line=235&Month=3&Day=25&lstProvince=&Apply=Apply&timeframe=2,EARLTON CLIMATE, ONTARIO ,"47°41'42.000"" N","79°50'56.000"" W",243.40 m,6072230,71213,TXR                 ,CTXR                 ,
6092920,https://climate.weather.gc.ca/climate_data/daily_data_e.html?hlyRange=2010-07-09%7C2026-03-25&dlyRange=2010-07-09%7C2026-03-25&mlyRange=%7C&climate_id=6092920&Prov=ON&urlExtension=_e.html&searchType=stnProv&optLimit=specDate&StartYear=1840&EndYear=2026&selRowPerPage=100&Line=348&Month=3&Day=25&lstProvince=&Apply=Apply&timeframe=2,GORE BAY CLIMATE, ONTARIO ,"45°53'00.000"" N","82°34'00.000"" W",188.60 m,6092920,71956,TZE                 ,CTZE                 ,
6085695,https://climate.weather.gc.ca/climate_data/daily_data_e.html?hlyRange=2017-11-27%7C2026-03-25&dlyRange=2017-12-06%7C2026-03-25&mlyRange=%7C&climate_id=6085695&Prov=ON&urlExtension=_e.html&searchType=stnProv&optLimit=specDate&StartYear=1840&EndYear=2026&selRowPerPage=100&Line=645&Month=3&Day=25&lstProvince=&Apply=Apply&timeframe=2,NORTH BAY AIRPORT, ONTARIO ,"46°22'30.000"" N","79°24'09.000"" W",370.30 m,6085695,73016,TZN                 ,CTZN                 ,
6127519,https://climate.weather.gc.ca/climate_data/daily_data_e.html?hlyRange=2005-12-07%7C2026-03-25&dlyRange=2006-03-20%7C2026-03-25&mlyRange=%7C&climate_id=6127519&Prov=ON&urlExtension=_e.html&searchType=stnProv&optLimit=specDate&StartYear=1840&EndYear=2026&selRowPerPage=100&Line=832&Month=3&Day=25&lstProvince=&Apply=Apply&timeframe=2,SARNIA CLIMATE, ONTARIO ,"43°00'00.000"" N","82°18'00.000"" W",181.00 m,6127519,71746,TZR                 ,CTZR                 ,
1160515,https://climate.weather.gc.ca/climate_data/daily_data_e.html?hlyRange=2010-06-16%7C2026-03-25&dlyRange=2010-06-16%7C2026-03-25&mlyRange=%7C&climate_id=1160515&Prov=BC&urlExtension=_e.html&searchType=stnProv&optLimit=specDate&StartYear=1840&EndYear=2026&selRowPerPage=100&Line=23&Month=3&Day=25&lstProvince=&Apply=Apply&timeframe=2,ASHCROFT, BRITISH COLUMBIA ,"50°42'30.005"" N","121°16'53.001"" W",327.00 m,1160515,71681,VAS                 ,CVAS                 ,
1102415,https://climate.weather.gc.ca/climate_data/daily_data_e.html?hlyRange=2010-11-19%7C2026-03-25&dlyRange=2011-01-25%7C2026-03-25&mlyRange=%7C&climate_id=1102415&Prov=BC&urlExtension=_e.html&searchType=stnProv&optLimit=specDate&StartYear=1840&EndYear=2026&selRowPerPage=100&Line=223&Month=3&Day=25&lstProvince=&Apply=Apply&timeframe=2,DELTA BURNS BOG, BRITISH COLUMBIA ,"49°07'33.053"" N","123°00'08.085"" W",3.10 m,1102415,71042,VBB                 ,CVBB                 ,
1060844,https://climate.weather.gc.ca/climate_data/daily_data_e.html?hlyRange=2015-11-26%7C2026-03-25&dlyRange=2015-12-09%7C2026-03-25&mlyRange=%7C&climate_id=1060844&Prov=BC&urlExtension=_e.html&searchType=stnProv&optLimit=specDate&StartYear=1840&EndYear=2026&selRowPerPage=100&Line=67&Month=3&Day=25&lstProvince=&Apply=Apply&timeframe=2,BELLA COOLA AIRPORT, BRITISH COLUMBIA ,"52°23'19.000"" N","126°35'13.000"" W",36.90 m,1060844,71533,VBD                 ,CVBD                 ,
2100184,https://climate.weather.gc.ca/climate_data/daily_data_e.html?hlyRange=2013-09-09%7C2026-03-25&dlyRange=2013-09-09%7C2026-03-25&mlyRange=%7C&climate_id=2100184&Prov=YT&urlExtension=_e.html&searchType=stnProv&optLimit=specDate&StartYear=1840&EndYear=2026&selRowPerPage=100&Line=103&Month=3&Day=25&lstProvince=&Apply=Apply&timeframe=2,BURWASH AIRPORT AUTO, YUKON ,"61°22'00.000"" N","139°01'00.000"" W",807.00 m,2100184,71195,VBR                 ,CVBR                 ,
1102221,https://climate.weather.gc.ca/climate_data/daily_data_e.html?hlyRange=2012-06-05%7C2026-03-25&dlyRange=2018-05-14%7C2026-03-25&mlyRange=%7C&climate_id=1102221&Prov=BC&urlExtension=_e.html&searchType=stnProv&optLimit=specDate&StartYear=1840&EndYear=2026&selRowPerPage=100&Line=202&Month=3&Day=25&lstProvince=&Apply=Apply&timeframe=2,CULTUS LAKE, BRITISH COLUMBIA ,"49°04'44.000"" N","121°58'43.000"" W",45.70 m,1102221,,VCL                 ,CVCL                 ,
1161650,https://climate.weather.gc.ca/climate_data/daily_data_e.html?hlyRange=2014-07-17%7C2026-03-25&dlyRange=2014-07-17%7C2026-03-25&mlyRange=%7C&climate_id=1161650&Prov=BC&urlExtension=_e.html&searchType=stnProv&optLimit=specDate&StartYear=1840&EndYear=2026&selRowPerPage=100&Line=172&Month=3&Day=25&lstProvince=&Apply=Apply&timeframe=2,CLEARWATER AUTO, BRITISH COLUMBIA ,"51°39'09.300"" N","120°04'56.400"" W",438.00 m,1161650,71645,VCW                 ,CVCW                 ,
1092977,https://climate.weather.gc.ca/climate_data/daily_data_e.html?hlyRange=2022-06-29%7C2026-03-25&dlyRange=2022-06-29%7C2026-03-25&mlyRange=%7C&climate_id=1092977&Prov=BC&urlExtension=_e.html&searchType=stnProv&optLimit=specDate&StartYear=1840&EndYear=2026&selRowPerPage=100&Line=309&Month=3&Day=25&lstProvince=&Apply=Apply&timeframe=2,FORT ST JAMES GOLF CLUB, BRITISH COLUMBIA ,"54°27'34.038"" N","124°17'33.007"" W",712.00 m,1092977,73047,VFJ                 ,CVFJ                 ,
1192948,https://climate.weather.gc.ca/climate_data/daily_data_e.html?hlyRange=2015-10-14%7C2026-03-25&dlyRange=2015-10-27%7C2026-03-25&mlyRange=%7C&climate_id=1192948&Prov=BC&urlExtension=_e.html&searchType=stnProv&optLimit=specDate&StartYear=1840&EndYear=2026&selRowPerPage=100&Line=296&Month=3&Day=25&lstProvince=&Apply=Apply&timeframe=2,FORT NELSON, BRITISH COLUMBIA ,"58°50'29.006"" N","122°34'27.002"" W",380.20 m,1192948,71594,VFN                 ,CVFN                 ,
1173220,https://climate.weather.gc.ca/climate_data/daily_data_e.html?hlyRange=2015-11-26%7C2026-03-25&dlyRange=2015-11-26%7C2026-03-25&mlyRange=%7C&climate_id=1173220&Prov=BC&urlExtension=_e.html&searchType=stnProv&optLimit=specDate&StartYear=1840&EndYear=2026&selRowPerPage=100&Line=346&Month=3&Day=25&lstProvince=&Apply=Apply&timeframe=2,GOLDEN AIRPORT, BRITISH COLUMBIA ,"51°18'00.800"" N","116°59'03.600"" W",785.00 m,1173220,71905,VGE                 ,CVGE                 ,
1026273,https://climate.weather.gc.ca/climate_data/daily_data_e.html?hlyRange=2023-03-24%7C2026-03-25&dlyRange=2023-03-24%7C2026-03-25&mlyRange=%7C&climate_id=1026273&Prov=BC&urlExtension=_e.html&searchType=stnProv&optLimit=specDate&StartYear=1840&EndYear=2026&selRowPerPage=100&Line=724&Month=3&Day=25&lstProvince=&Apply=Apply&timeframe=2,PORT HARDY AIRPORT, BRITISH COLUMBIA ,"50°41'04.048"" N","127°22'37.001"" W",21.60 m,1026273,73014,VHD                 ,CVHD                 ,
1064324,https://climate.weather.gc.ca/climate_data/daily_data_e.html?hlyRange=2020-03-14%7C2026-03-25&dlyRange=2020-03-14%7C2026-03-25&mlyRange=%7C&climate_id=1064324&Prov=BC&urlExtension=_e.html&searchType=stnProv&optLimit=specDate&StartYear=1840&EndYear=2026&selRowPerPage=100&Line=472&Month=3&Day=25&lstProvince=&Apply=Apply&timeframe=2,KITIMAT FOREST AVE, BRITISH COLUMBIA ,"54°03'13.025"" N","128°38'01.087"" W",98.00 m,1064324,73007,VKC                 ,CVKC                 ,
1123996,https://climate.weather.gc.ca/climate_data/daily_data_e.html?hlyRange=2012-12-13%7C2026-03-25&dlyRange=2013-12-16%7C2026-03-25&mlyRange=%7C&climate_id=1123996&Prov=BC&urlExtension=_e.html&searchType=stnProv&optLimit=specDate&StartYear=1840&EndYear=2026&selRowPerPage=100&Line=445&Month=3&Day=25&lstProvince=&Apply=Apply&timeframe=2,KELOWNA UBCO, BRITISH COLUMBIA ,"49°56'26.700"" N","119°24'00.760"" W",456.00 m,1123996,71644,VKU                 ,CVKU                 ,
1114746,https://climate.weather.gc.ca/climate_data/daily_data_e.html?hlyRange=2006-05-23%7C2026-03-25&dlyRange=2006-05-01%7C2026-03-25&mlyRange=2006-05-01%7C2006-12-01&climate_id=1114746&Prov=BC&urlExtension=_e.html&searchType=stnProv&optLimit=specDate&StartYear=1840&EndYear=2026&selRowPerPage=100&Line=544&Month=3&Day=25&lstProvince=&Apply=Apply&timeframe=2,LYTTON RCS, BRITISH COLUMBIA ,"50°13'28.000"" N","121°34'55.000"" W",225.00 m,1114746,71765,VLY                 ,CVLY                 ,
1125073,https://climate.weather.gc.ca/climate_data/daily_data_e.html?hlyRange=2011-05-15%7C2026-03-25&dlyRange=2011-05-03%7C2026-03-25&mlyRange=%7C&climate_id=1125073&Prov=BC&urlExtension=_e.html&searchType=stnProv&optLimit=specDate&StartYear=1840&EndYear=2026&selRowPerPage=100&Line=581&Month=3&Day=25&lstProvince=&Apply=Apply&timeframe=2,MERRITT, BRITISH COLUMBIA ,"50°06'45.007"" N","120°46'41.000"" W",591.00 m,1125073,71557,VME                 ,CVME                 ,
1100875,https://climate.weather.gc.ca/climate_data/daily_data_e.html?hlyRange=2005-01-17%7C2026-03-25&dlyRange=2005-06-13%7C2026-03-25&mlyRange=2005-11-01%7C2007-02-01&climate_id=1100875&Prov=BC&urlExtension=_e.html&searchType=stnProv&optLimit=specDate&StartYear=1840&EndYear=2026&selRowPerPage=100&Line=1021&Month=3&Day=25&lstProvince=&Apply=Apply&timeframe=2,WHISTLER - NESTERS, BRITISH COLUMBIA ,"50°07'44.200"" N","122°57'16.600"" W",659.00 m,1100875,71687,VOC                 ,CVOC                 ,
1101300,https://climate.weather.gc.ca/climate_data/daily_data_e.html?hlyRange=2005-01-18%7C2026-03-25&dlyRange=2005-06-13%7C2026-03-25&mlyRange=2005-11-01%7C2007-02-01&climate_id=1101300&Prov=BC&urlExtension=_e.html&searchType=stnProv&optLimit=specDate&StartYear=1840&EndYear=2026&selRowPerPage=100&Line=107&Month=3&Day=25&lstProvince=&Apply=Apply&timeframe=2,CALLAGHAN VALLEY, BRITISH COLUMBIA ,"50°08'38.059"" N","123°06'38.010"" W",884.00 m,1101300,71688,VOD                 ,CVOD                 ,
1046332,https://climate.weather.gc.ca/climate_data/daily_data_e.html?hlyRange=2006-07-28%7C2026-03-25&dlyRange=2006-07-28%7C2026-03-25&mlyRange=2006-08-01%7C2007-02-01&climate_id=1046332&Prov=BC&urlExtension=_e.html&searchType=stnProv&optLimit=specDate&StartYear=1840&EndYear=2026&selRowPerPage=100&Line=726&Month=3&Day=25&lstProvince=&Apply=Apply&timeframe=2,PORT MELLON, BRITISH COLUMBIA ,"49°31'34.700"" N","123°29'46.500"" W",125.10 m,1046332,71605,VOM                 ,CVOM                 ,
1015630,https://climate.weather.gc.ca/climate_data/daily_data_e.html?hlyRange=2007-11-27%7C2026-03-25&dlyRange=2007-11-27%7C2026-03-25&mlyRange=%7C&climate_id=1015630&Prov=BC&urlExtension=_e.html&searchType=stnProv&optLimit=specDate&StartYear=1840&EndYear=2026&selRowPerPage=100&Line=647&Month=3&Day=25&lstProvince=&Apply=Apply&timeframe=2,NORTH COWICHAN, BRITISH COLUMBIA ,"48°49'27.010"" N","123°43'08.009"" W",44.80 m,1015630,71927,VOO                 ,CVOO                 ,
1046392,https://climate.weather.gc.ca/climate_data/daily_data_e.html?hlyRange=2007-07-10%7C2026-03-25&dlyRange=2007-07-10%7C2026-03-25&mlyRange=%7C&climate_id=1046392&Prov=BC&urlExtension=_e.html&searchType=stnProv&optLimit=specDate&StartYear=1840&EndYear=2026&selRowPerPage=100&Line=734&Month=3&Day=25&lstProvince=&Apply=Apply&timeframe=2,POWELL RIVER, BRITISH COLUMBIA ,"49°50'04.400"" N","124°29'48.500"" W",125.00 m,1046392,71720,VOP                 ,CVOP                 ,
1026562,https://climate.weather.gc.ca/climate_data/daily_data_e.html?hlyRange=2006-12-11%7C2026-03-25&dlyRange=2006-11-01%7C2026-03-25&mlyRange=2006-11-01%7C2006-11-01&climate_id=1026562&Prov=BC&urlExtension=_e.html&searchType=stnProv&optLimit=specDate&StartYear=1840&EndYear=2026&selRowPerPage=100&Line=755&Month=3&Day=25&lstProvince=&Apply=Apply&timeframe=2,QUALICUM BEACH AIRPORT, BRITISH COLUMBIA ,"49°20'14.000"" N","124°23'38.000"" W",58.20 m,1026562,71766,VOQ                 ,CVOQ                 ,
1047172,https://climate.weather.gc.ca/climate_data/daily_data_e.html?hlyRange=2007-07-11%7C2026-03-25&dlyRange=2007-07-10%7C2026-03-25&mlyRange=%7C&climate_id=1047172&Prov=BC&urlExtension=_e.html&searchType=stnProv&optLimit=specDate&StartYear=1840&EndYear=2026&selRowPerPage=100&Line=843&Month=3&Day=25&lstProvince=&Apply=Apply&timeframe=2,SECHELT AUT, BRITISH COLUMBIA ,"49°27'28.788"" N","123°42'54.945"" W",86.20 m,1047172,71638,VOU                 ,CVOU                 ,
1113543,https://climate.weather.gc.ca/climate_data/daily_data_e.html?hlyRange=2012-08-02%7C2026-03-25&dlyRange=2012-08-01%7C2026-03-25&mlyRange=%7C&climate_id=1113543&Prov=BC&urlExtension=_e.html&searchType=stnProv&optLimit=specDate&StartYear=1840&EndYear=2026&selRowPerPage=100&Line=394&Month=3&Day=25&lstProvince=&Apply=Apply&timeframe=2,HOPE AIRPORT, BRITISH COLUMBIA ,"49°22'11.400"" N","121°29'36.500"" W",39.00 m,1113543,71114,VPE                 ,CVPE                 ,
1096454,https://climate.weather.gc.ca/climate_data/daily_data_e.html?hlyRange=2012-04-16%7C2026-03-25&dlyRange=2018-05-14%7C2026-03-25&mlyRange=%7C&climate_id=1096454&Prov=BC&urlExtension=_e.html&searchType=stnProv&optLimit=specDate&StartYear=1840&EndYear=2026&selRowPerPage=100&Line=743&Month=3&Day=25&lstProvince=&Apply=Apply&timeframe=2,PRINCE GEORGE MASSEY AUTO, BRITISH COLUMBIA ,"53°53'59.009"" N","122°47'27.001"" W",601.00 m,1096454,,VPX                 ,CVPX                 ,
1096631,https://climate.weather.gc.ca/climate_data/daily_data_e.html?hlyRange=2009-08-19%7C2026-03-25&dlyRange=2009-08-19%7C2026-03-25&mlyRange=%7C&climate_id=1096631&Prov=BC&urlExtension=_e.html&searchType=stnProv&optLimit=specDate&StartYear=1840&EndYear=2026&selRowPerPage=100&Line=762&Month=3&Day=25&lstProvince=&Apply=Apply&timeframe=2,QUESNEL AIRPORT AUTO, BRITISH COLUMBIA ,"53°01'36.008"" N","122°30'23.007"" W",545.30 m,1096631,71779,VQZ                 ,CVQZ                 ,
1176755,https://climate.weather.gc.ca/climate_data/daily_data_e.html?hlyRange=2011-07-06%7C2026-03-25&dlyRange=2012-06-06%7C2026-03-25&mlyRange=%7C&climate_id=1176755&Prov=BC&urlExtension=_e.html&searchType=stnProv&optLimit=specDate&StartYear=1840&EndYear=2026&selRowPerPage=100&Line=782&Month=3&Day=25&lstProvince=&Apply=Apply&timeframe=2,REVELSTOKE AIRPORT AUTO, BRITISH COLUMBIA ,"50°57'29.600"" N","118°10'34.600"" W",444.70 m,1176755,71882,VRA                 ,CVRA                 ,
1016943,https://climate.weather.gc.ca/climate_data/daily_data_e.html?hlyRange=2020-02-03%7C2026-03-25&dlyRange=2020-02-03%7C2026-03-25&mlyRange=%7C&climate_id=1016943&Prov=BC&urlExtension=_e.html&searchType=stnProv&optLimit=specDate&StartYear=1840&EndYear=2026&selRowPerPage=100&Line=804&Month=3&Day=25&lstProvince=&Apply=Apply&timeframe=2,SAANICHTON CFIA, BRITISH COLUMBIA ,"48°37'18.000"" N","123°25'08.000"" W",61.00 m,1016943,73028,VSA                 ,CVSA                 ,
1183002,https://climate.weather.gc.ca/climate_data/daily_data_e.html?hlyRange=2021-08-12%7C2026-03-25&dlyRange=2021-08-12%7C2026-03-25&mlyRange=%7C&climate_id=1183002&Prov=BC&urlExtension=_e.html&searchType=stnProv&optLimit=specDate&StartYear=1840&EndYear=2026&selRowPerPage=100&Line=310&Month=3&Day=25&lstProvince=&Apply=Apply&timeframe=2,FORT ST JOHN AIRPORT, BRITISH COLUMBIA ,"56°14'51.007"" N","120°44'59.008"" W",695.00 m,1183002,73090,VSJ                 ,CVSJ                 ,
1085836,https://climate.weather.gc.ca/climate_data/daily_data_e.html?hlyRange=2005-08-22%7C2026-03-25&dlyRange=2005-08-22%7C2026-03-25&mlyRange=2006-01-01%7C2007-01-01&climate_id=1085836&Prov=BC&urlExtension=_e.html&searchType=stnProv&optLimit=specDate&StartYear=1840&EndYear=2026&selRowPerPage=100&Line=661&Month=3&Day=25&lstProvince=&Apply=Apply&timeframe=2,OOTSA LAKESKINS LAKE CLIMATE, BRITISH COLUMBIA ,"53°46'18.800"" N","125°59'48.190"" W",861.00 m,1085836,71679,VSL                 ,CVSL                 ,
1108291,https://climate.weather.gc.ca/climate_data/daily_data_e.html?hlyRange=2012-04-30%7C2026-03-25&dlyRange=2018-05-14%7C2026-03-25&mlyRange=%7C&climate_id=1108291&Prov=BC&urlExtension=_e.html&searchType=stnProv&optLimit=specDate&StartYear=1840&EndYear=2026&selRowPerPage=100&Line=952&Month=3&Day=25&lstProvince=&Apply=Apply&timeframe=2,TSAWWASSEN FERRY AUTO, BRITISH COLUMBIA ,"49°00'14.080"" N","123°08'00.040"" W",7.30 m,1108291,,VTF                 ,CVTF                 ,
1108380,https://climate.weather.gc.ca/climate_data/daily_data_e.html?hlyRange=2013-03-20%7C2026-03-25&dlyRange=2013-04-25%7C2026-03-25&mlyRange=%7C&climate_id=1108380&Prov=BC&urlExtension=_e.html&searchType=stnProv&optLimit=specDate&StartYear=1840&EndYear=2026&selRowPerPage=100&Line=980&Month=3&Day=25&lstProvince=&Apply=Apply&timeframe=2,VANCOUVER SEA ISLAND CCG, BRITISH COLUMBIA ,"49°10'57.000"" N","123°11'14.050"" W",2.10 m,1108380,71608,VVR                 ,CVVR                 ,
1152106,https://climate.weather.gc.ca/climate_data/daily_data_e.html?hlyRange=2013-11-13%7C2026-03-25&dlyRange=2013-11-13%7C2026-03-25&mlyRange=%7C&climate_id=1152106&Prov=BC&urlExtension=_e.html&searchType=stnProv&optLimit=specDate&StartYear=1840&EndYear=2026&selRowPerPage=100&Line=199&Month=3&Day=25&lstProvince=&Apply=Apply&timeframe=2,CRANBROOK AIRPORT AUTO, BRITISH COLUMBIA ,"49°37'03.428"" N","115°47'20.576"" W",926.70 m,1152106,71660,VXC                 ,CVXC                 ,
1096453,https://climate.weather.gc.ca/climate_data/daily_data_e.html?hlyRange=2009-11-27%7C2026-03-25&dlyRange=2009-11-27%7C2026-03-25&mlyRange=%7C&climate_id=1096453&Prov=BC&urlExtension=_e.html&searchType=stnProv&optLimit=specDate&StartYear=1840&EndYear=2026&selRowPerPage=100&Line=742&Month=3&Day=25&lstProvince=&Apply=Apply&timeframe=2,PRINCE GEORGE AIRPORT AUTO, BRITISH COLUMBIA ,"53°53'20.000"" N","122°40'19.002"" W",680.00 m,1096453,71302,VXS                 ,CVXS                 ,
2101310,https://climate.weather.gc.ca/climate_data/daily_data_e.html?hlyRange=2009-09-11%7C2026-03-25&dlyRange=2009-09-11%7C2026-03-25&mlyRange=%7C&climate_id=2101310&Prov=YT&urlExtension=_e.html&searchType=stnProv&optLimit=specDate&StartYear=1840&EndYear=2026&selRowPerPage=100&Line=1028&Month=3&Day=25&lstProvince=&Apply=Apply&timeframe=2,WHITEHORSE AUTO, YUKON ,"60°43'59.000"" N","135°05'52.000"" W",707.00 m,2101310,71773,VXY                 ,CVXY                 ,
1077501,https://climate.weather.gc.ca/climate_data/daily_data_e.html?hlyRange=2013-08-19%7C2026-03-25&dlyRange=2013-08-19%7C2026-03-25&mlyRange=%7C&climate_id=1077501&Prov=BC&urlExtension=_e.html&searchType=stnProv&optLimit=specDate&StartYear=1840&EndYear=2026&selRowPerPage=100&Line=861&Month=3&Day=25&lstProvince=&Apply=Apply&timeframe=2,SMITHERS AIRPORT AUTO, BRITISH COLUMBIA ,"54°49'27.000"" N","127°11'22.000"" W",517.60 m,1077501,71268,VYD                 ,CVYD                 ,
1057051,https://climate.weather.gc.ca/climate_data/daily_data_e.html?hlyRange=2012-02-21%7C2026-03-25&dlyRange=2013-04-12%7C2026-03-25&mlyRange=%7C&climate_id=1057051&Prov=BC&urlExtension=_e.html&searchType=stnProv&optLimit=specDate&StartYear=1840&EndYear=2026&selRowPerPage=100&Line=823&Month=3&Day=25&lstProvince=&Apply=Apply&timeframe=2,SANDSPIT AIRPORT AUTO, BRITISH COLUMBIA ,"53°14'58.002"" N","131°48'47.257"" W",6.50 m,1057051,71101,VZP                 ,CVZP                 ,
1184793,https://climate.weather.gc.ca/climate_data/daily_data_e.html?hlyRange=2013-05-15%7C2026-03-25&dlyRange=2013-05-15%7C2026-03-25&mlyRange=%7C&climate_id=1184793&Prov=BC&urlExtension=_e.html&searchType=stnProv&optLimit=specDate&StartYear=1840&EndYear=2026&selRowPerPage=100&Line=546&Month=3&Day=25&lstProvince=&Apply=Apply&timeframe=2,MACKENZIE AIRPORT AUTO, BRITISH COLUMBIA ,"55°18'19.041"" N","123°08'16.088"" W",694.00 m,1184793,71944,VZY                 ,CVZY                 ,
1021330,https://climate.weather.gc.ca/climate_data/daily_data_e.html?hlyRange=1994-02-01%7C2001-12-13&dlyRange=1978-09-01%7C2026-03-25&mlyRange=1978-01-01%7C2007-02-01&climate_id=1021330&Prov=BC&urlExtension=_e.html&searchType=stnProv&optLimit=specDate&StartYear=1840&EndYear=2026&selRowPerPage=100&Line=124&Month=3&Day=25&lstProvince=&Apply=Apply&timeframe=2,CAPE MUDGE, BRITISH COLUMBIA ,"49°59'54.500"" N","125°11'43.700"" W",4.60 m,1021330,,WAD                 ,CWAD                 ,
1048899,https://climate.weather.gc.ca/climate_data/daily_data_e.html?hlyRange=2014-04-29%7C2026-03-25&dlyRange=%7C&mlyRange=%7C&climate_id=1048899&Prov=BC&urlExtension=_e.html&searchType=stnProv&optLimit=specDate&StartYear=1840&EndYear=2026&selRowPerPage=100&Line=1022&Month=3&Day=25&lstProvince=&Apply=Apply&timeframe=2,WHISTLER A, BRITISH COLUMBIA ,"50°07'44.000"" N","122°57'17.000"" W",657.80 m,1048899,,WAE                 ,CWAE                 ,
7043BP9,https://climate.weather.gc.ca/climate_data/daily_data_e.html?hlyRange=1994-02-01%7C2026-03-25&dlyRange=1993-03-22%7C2026-03-25&mlyRange=%7C&climate_id=7043BP9&Prov=QC&urlExtension=_e.html&searchType=stnProv&optLimit=specDate&StartYear=1840&EndYear=2026&selRowPerPage=100&Line=406&Month=3&Day=25&lstProvince=&Apply=Apply&timeframe=2,ILE ROUGE, QUEBEC ,"48°04'08.000"" N","69°33'20.000"" W",5.90 m,7043BP9,71426,WAF                 ,CWAF                 ,
8402520,https://climate.weather.gc.ca/climate_data/daily_data_e.html?hlyRange=1984-06-16%7C2026-03-25&dlyRange=1984-06-01%7C2026-03-25&mlyRange=1984-01-01%7C2007-07-01&climate_id=8402520&Prov=NL&urlExtension=_e.html&searchType=stnProv&optLimit=specDate&StartYear=1840&EndYear=2026&selRowPerPage=100&Line=493&Month=3&Day=25&lstProvince=&Apply=Apply&timeframe=2,LA SCIE, NEWFOUNDLAND AND LABRADOR ,"49°55'00.000"" N","55°40'00.000"" W",194.00 m,8402520,71337,WAG                 ,CWAG                 ,
3074182,https://climate.weather.gc.ca/climate_data/daily_data_e.html?hlyRange=%7C&dlyRange=1985-07-01%7C2026-03-25&mlyRange=1985-01-01%7C2007-11-01&climate_id=3074182&Prov=AB&urlExtension=_e.html&searchType=stnProv&optLimit=specDate&StartYear=1840&EndYear=2026&selRowPerPage=100&Line=553&Month=3&Day=25&lstProvince=&Apply=Apply&timeframe=2,MANNING, ALBERTA ,"56°57'03.000"" N","117°38'39.000"" W",491.30 m,3074182,,WAI                 ,CWAI                 ,
40318MN,https://climate.weather.gc.ca/climate_data/daily_data_e.html?hlyRange=1995-12-06%7C2026-03-25&dlyRange=1980-12-01%7C2026-03-25&mlyRange=1980-01-01%7C2007-11-01&climate_id=40318MN&Prov=SK&urlExtension=_e.html&searchType=stnProv&optLimit=specDate&StartYear=1840&EndYear=2026&selRowPerPage=100&Line=195&Month=3&Day=25&lstProvince=&Apply=Apply&timeframe=2,CORONACH SPC, SASKATCHEWAN ,"49°03'00.000"" N","105°29'00.000"" W",756.00 m,40318MN,71516,WAQ                 ,CWAQ                 ,
8400104,https://climate.weather.gc.ca/climate_data/daily_data_e.html?hlyRange=1987-01-01%7C2026-03-25&dlyRange=1992-12-01%7C2026-03-25&mlyRange=2004-01-01%7C2007-07-01&climate_id=8400104&Prov=NL&urlExtension=_e.html&searchType=stnProv&optLimit=specDate&StartYear=1840&EndYear=2026&selRowPerPage=100&Line=17&Month=3&Day=25&lstProvince=&Apply=Apply&timeframe=2,ARGENTIA (AUT), NEWFOUNDLAND AND LABRADOR ,"47°18'38.278"" N","53°59'53.423"" W",9.50 m,8400104,71807,WAR                 ,CWAR                 ,
10459NN,https://climate.weather.gc.ca/climate_data/daily_data_e.html?hlyRange=1994-02-01%7C2026-03-25&dlyRange=1991-07-01%7C2026-03-25&mlyRange=1991-01-01%7C2007-02-01&climate_id=10459NN&Prov=BC&urlExtension=_e.html&searchType=stnProv&optLimit=specDate&StartYear=1840&EndYear=2026&selRowPerPage=100&Line=398&Month=3&Day=25&lstProvince=&Apply=Apply&timeframe=2,HOWE SOUND - PAM ROCKS, BRITISH COLUMBIA ,"49°29'16.009"" N","123°17'58.030"" W",7.10 m,10459NN,71211,WAS                 ,CWAS                 ,
1062544,https://climate.weather.gc.ca/climate_data/daily_data_e.html?hlyRange=1994-02-01%7C2001-12-13&dlyRange=1977-11-01%7C2026-03-25&mlyRange=1977-01-01%7C2007-02-01&climate_id=1062544&Prov=BC&urlExtension=_e.html&searchType=stnProv&optLimit=specDate&StartYear=1840&EndYear=2026&selRowPerPage=100&Line=230&Month=3&Day=25&lstProvince=&Apply=Apply&timeframe=2,DRYAD POINT, BRITISH COLUMBIA ,"52°11'06.002"" N","128°06'44.008"" W",3.50 m,1062544,,WAU                 ,CWAU                 ,
3026KNQ,https://climate.weather.gc.ca/climate_data/daily_data_e.html?hlyRange=1994-02-01%7C2026-03-25&dlyRange=1993-06-04%7C2026-03-25&mlyRange=1995-06-01%7C2007-11-01&climate_id=3026KNQ&Prov=AB&urlExtension=_e.html&searchType=stnProv&optLimit=specDate&StartYear=1840&EndYear=2026&selRowPerPage=100&Line=903&Month=3&Day=25&lstProvince=&Apply=Apply&timeframe=2,SUNDRE A, ALBERTA ,"51°46'41.000"" N","114°40'57.000"" W","1,114.40 m",3026KNQ,71248,WAV                 ,CWAV                 ,
250M001,https://climate.weather.gc.ca/climate_data/daily_data_e.html?hlyRange=1997-08-07%7C2026-03-25&dlyRange=1997-08-01%7C2026-03-25&mlyRange=2002-12-01%7C2007-11-01&climate_id=250M001&Prov=NT&urlExtension=_e.html&searchType=stnProv&optLimit=specDate&StartYear=1840&EndYear=2026&selRowPerPage=100&Line=606&Month=3&Day=25&lstProvince=&Apply=Apply&timeframe=2,MOULD BAY CS, NORTHWEST TERRITORIES ,"76°14'15.060"" N","119°20'50.040"" W",1.50 m,250M001,71989,WAY                 ,CWAY                 ,
7080468,https://climate.weather.gc.ca/climate_data/daily_data_e.html?hlyRange=1997-09-24%7C2026-03-25&dlyRange=1910-04-01%7C2026-03-25&mlyRange=1910-01-01%7C1995-10-01&climate_id=7080468&Prov=QC&urlExtension=_e.html&searchType=stnProv&optLimit=specDate&StartYear=1840&EndYear=2026&selRowPerPage=100&Line=44&Month=3&Day=25&lstProvince=&Apply=Apply&timeframe=2,BARRAGE TEMISCAMINGUE, QUEBEC ,"46°42'35.000"" N","79°06'04.000"" W",181.40 m,7080468,71732,WBA                 ,CWBA                 ,
4013480,https://climate.weather.gc.ca/climate_data/daily_data_e.html?hlyRange=1995-11-07%7C2026-03-25&dlyRange=1885-03-01%7C2026-03-25&mlyRange=1885-01-01%7C2007-11-01&climate_id=4013480&Prov=SK&urlExtension=_e.html&searchType=stnProv&optLimit=specDate&StartYear=1840&EndYear=2026&selRowPerPage=100&Line=411&Month=3&Day=25&lstProvince=&Apply=Apply&timeframe=2,INDIAN HEAD CDA, SASKATCHEWAN ,"50°33'00.000"" N","103°39'00.000"" W",579.10 m,4013480,71515,WBD                 ,CWBD                 ,
2202560,https://climate.weather.gc.ca/climate_data/daily_data_e.html?hlyRange=1994-02-01%7C2026-03-25&dlyRange=1994-09-07%7C2026-03-25&mlyRange=1998-08-01%7C2007-09-01&climate_id=2202560&Prov=NT&urlExtension=_e.html&searchType=stnProv&optLimit=specDate&StartYear=1840&EndYear=2026&selRowPerPage=100&Line=413&Month=3&Day=25&lstProvince=&Apply=Apply&timeframe=2,INNER WHALEBACKS, NORTHWEST TERRITORIES ,"61°55'13.030"" N","113°43'35.040"" W",165.20 m,2202560,71162,WBJ                 ,CWBJ                 ,
8200774,https://climate.weather.gc.ca/climate_data/daily_data_e.html?hlyRange=1994-02-01%7C2026-03-25&dlyRange=1993-04-01%7C2026-03-25&mlyRange=2004-11-01%7C2007-07-01&climate_id=8200774&Prov=NS&urlExtension=_e.html&searchType=stnProv&optLimit=specDate&StartYear=1840&EndYear=2026&selRowPerPage=100&Line=132&Month=3&Day=25&lstProvince=&Apply=Apply&timeframe=2,CARIBOU POINT (AUT), NOVA SCOTIA ,"45°46'00.000"" N","62°41'00.000"" W",2.40 m,8200774,71415,WBK                 ,CWBK                 ,
3070600,https://climate.weather.gc.ca/climate_data/daily_data_e.html?hlyRange=2001-02-14%7C2026-03-25&dlyRange=2001-01-01%7C2026-03-25&mlyRange=2001-01-01%7C2007-11-01&climate_id=3070600&Prov=AB&urlExtension=_e.html&searchType=stnProv&optLimit=specDate&StartYear=1840&EndYear=2026&selRowPerPage=100&Line=60&Month=3&Day=25&lstProvince=&Apply=Apply&timeframe=2,BEAVERLODGE RCS, ALBERTA ,"55°11'48.002"" N","119°23'47.090"" W",745.00 m,3070600,71230,WBM                 ,CWBM                 ,
3030QLP,https://climate.weather.gc.ca/climate_data/daily_data_e.html?hlyRange=1994-02-01%7C2026-03-25&dlyRange=1988-12-01%7C2026-03-25&mlyRange=1988-01-01%7C2007-10-01&climate_id=3030QLP&Prov=AB&urlExtension=_e.html&searchType=stnProv&optLimit=specDate&StartYear=1840&EndYear=2026&selRowPerPage=100&Line=94&Month=3&Day=25&lstProvince=&Apply=Apply&timeframe=2,BROOKS, ALBERTA ,"50°33'19.070"" N","111°50'56.030"" W",747.00 m,3030QLP,71457,WBO                 ,CWBO                 ,
701LP0N,https://climate.weather.gc.ca/climate_data/daily_data_e.html?hlyRange=1994-02-15%7C2026-03-25&dlyRange=1995-02-16%7C2026-03-25&mlyRange=%7C&climate_id=701LP0N&Prov=QC&urlExtension=_e.html&searchType=stnProv&optLimit=specDate&StartYear=1840&EndYear=2026&selRowPerPage=100&Line=499&Month=3&Day=25&lstProvince=&Apply=Apply&timeframe=2,LAC SAINT-PIERRE, QUEBEC ,"46°11'00.000"" N","72°55'00.000"" W",16.20 m,701LP0N,71198,WBS                 ,CWBS                 ,
7044328,https://climate.weather.gc.ca/climate_data/daily_data_e.html?hlyRange=1994-02-01%7C2026-03-25&dlyRange=1994-01-27%7C2026-03-25&mlyRange=%7C&climate_id=7044328&Prov=QC&urlExtension=_e.html&searchType=stnProv&optLimit=specDate&StartYear=1840&EndYear=2026&selRowPerPage=100&Line=530&Month=3&Day=25&lstProvince=&Apply=Apply&timeframe=2,LONGUE-POINTE-DE-MINGAN, QUEBEC ,"50°16'17.000"" N","64°13'35.000"" W",11.00 m,7044328,71512,WBT                 ,CWBT                 ,
407N51G,https://climate.weather.gc.ca/climate_data/daily_data_e.html?hlyRange=1994-02-01%7C2026-03-25&dlyRange=1996-11-01%7C2026-03-25&mlyRange=1997-03-01%7C2007-10-01&climate_id=407N51G&Prov=SK&urlExtension=_e.html&searchType=stnProv&optLimit=specDate&StartYear=1840&EndYear=2026&selRowPerPage=100&Line=635&Month=3&Day=25&lstProvince=&Apply=Apply&timeframe=2,NIPAWIN, SASKATCHEWAN ,"53°20'00.000"" N","104°00'00.000"" W",371.90 m,407N51G,71312,WBU                 ,CWBU                 ,
8200558,https://climate.weather.gc.ca/climate_data/daily_data_e.html?hlyRange=1994-02-01%7C2026-03-25&dlyRange=1992-12-19%7C2026-03-25&mlyRange=%7C&climate_id=8200558&Prov=NS&urlExtension=_e.html&searchType=stnProv&optLimit=specDate&StartYear=1840&EndYear=2026&selRowPerPage=100&Line=58&Month=3&Day=25&lstProvince=&Apply=Apply&timeframe=2,BEAVER ISLAND (AUT), NOVA SCOTIA ,"44°49'00.000"" N","62°20'00.000"" W",16.00 m,8200558,71403,WBV                 ,CWBV                 ,
7056202,https://climate.weather.gc.ca/climate_data/daily_data_e.html?hlyRange=1994-02-01%7C2026-03-25&dlyRange=1992-12-02%7C2026-03-25&mlyRange=%7C&climate_id=7056202&Prov=QC&urlExtension=_e.html&searchType=stnProv&optLimit=specDate&StartYear=1840&EndYear=2026&selRowPerPage=100&Line=729&Month=3&Day=25&lstProvince=&Apply=Apply&timeframe=2,PORT-MENIER, QUEBEC ,"49°50'19.000"" N","64°17'36.000"" W",55.20 m,7056202,71810,WBY                 ,CWBY                 ,
702FQLF,https://climate.weather.gc.ca/climate_data/daily_data_e.html?hlyRange=1994-02-01%7C2026-03-25&dlyRange=1994-07-06%7C2026-03-25&mlyRange=%7C&climate_id=702FQLF&Prov=QC&urlExtension=_e.html&searchType=stnProv&optLimit=specDate&StartYear=1840&EndYear=2026&selRowPerPage=100&Line=879&Month=3&Day=25&lstProvince=&Apply=Apply&timeframe=2,ST-ANICET 1, QUEBEC ,"45°07'15.000"" N","74°17'22.000"" W",49.10 m,702FQLF,71712,WBZ                 ,CWBZ                 ,
5030203,https://climate.weather.gc.ca/climate_data/daily_data_e.html?hlyRange=1985-05-14%7C2026-03-25&dlyRange=1985-07-01%7C2026-03-25&mlyRange=1985-01-01%7C2007-10-01&climate_id=5030203&Prov=MB&urlExtension=_e.html&searchType=stnProv&optLimit=specDate&StartYear=1840&EndYear=2026&selRowPerPage=100&Line=71&Month=3&Day=25&lstProvince=&Apply=Apply&timeframe=2,BERENS RIVER CS, MANITOBA ,"52°21'35.052"" N","97°01'19.032"" W",221.90 m,5030203,71158,WCF                 ,CWCF                 ,
6020LPQ,https://climate.weather.gc.ca/climate_data/daily_data_e.html?hlyRange=1994-02-01%7C2026-03-25&dlyRange=2000-12-13%7C2026-03-25&mlyRange=2005-02-01%7C2006-12-01&climate_id=6020LPQ&Prov=ON&urlExtension=_e.html&searchType=stnProv&optLimit=specDate&StartYear=1840&EndYear=2026&selRowPerPage=100&Line=25&Month=3&Day=25&lstProvince=&Apply=Apply&timeframe=2,ATIKOKAN (AUT), ONTARIO ,"48°45'40.000"" N","91°37'41.000"" W",389.30 m,6020LPQ,71747,WCH                 ,CWCH                 ,
6041222,https://climate.weather.gc.ca/climate_data/daily_data_e.html?hlyRange=1994-02-01%7C2026-03-25&dlyRange=1993-01-09%7C2026-03-25&mlyRange=%7C&climate_id=6041222&Prov=ON&urlExtension=_e.html&searchType=stnProv&optLimit=specDate&StartYear=1840&EndYear=2026&selRowPerPage=100&Line=131&Month=3&Day=25&lstProvince=&Apply=Apply&timeframe=2,CARIBOU ISLAND (AUT), ONTARIO ,"47°20'00.000"" N","85°50'00.000"" W",187.00 m,6041222,71433,WCI                 ,CWCI                 ,
6046768,https://climate.weather.gc.ca/climate_data/daily_data_e.html?hlyRange=2012-06-01%7C2026-03-25&dlyRange=2011-11-24%7C2026-03-25&mlyRange=%7C&climate_id=6046768&Prov=ON&urlExtension=_e.html&searchType=stnProv&optLimit=specDate&StartYear=1840&EndYear=2026&selRowPerPage=100&Line=748&Month=3&Day=25&lstProvince=&Apply=Apply&timeframe=2,PUKASKWA (AUT), ONTARIO ,"48°36'28.000"" N","86°17'14.000"" W",191.50 m,6046768,71750,WCJ                 ,CWCJ                 ,
3011887,https://climate.weather.gc.ca/climate_data/daily_data_e.html?hlyRange=1999-09-13%7C2026-03-25&dlyRange=1996-03-01%7C2026-03-25&mlyRange=1996-05-01%7C2007-11-01&climate_id=3011887&Prov=AB&urlExtension=_e.html&searchType=stnProv&optLimit=specDate&StartYear=1840&EndYear=2026&selRowPerPage=100&Line=196&Month=3&Day=25&lstProvince=&Apply=Apply&timeframe=2,CORONATION CLIMATE, ALBERTA ,"52°04'27.000"" N","111°26'58.000"" W",791.00 m,3011887,71318,WCT                 ,CWCT                 ,
1060080,https://climate.weather.gc.ca/climate_data/daily_data_e.html?hlyRange=1994-02-01%7C2001-12-13&dlyRange=1978-01-01%7C2026-03-25&mlyRange=1978-01-01%7C2007-02-01&climate_id=1060080&Prov=BC&urlExtension=_e.html&searchType=stnProv&optLimit=specDate&StartYear=1840&EndYear=2026&selRowPerPage=100&Line=3&Month=3&Day=25&lstProvince=&Apply=Apply&timeframe=2,ADDENBROKE ISLAND, BRITISH COLUMBIA ,"51°36'12.700"" N","127°51'49.900"" W",21.30 m,1060080,,WCZ                 ,CWCZ                 ,
8401538,https://climate.weather.gc.ca/climate_data/daily_data_e.html?hlyRange=1994-02-01%7C2026-03-25&dlyRange=1993-04-03%7C2026-03-25&mlyRange=2005-11-01%7C2007-07-01&climate_id=8401538&Prov=NL&urlExtension=_e.html&searchType=stnProv&optLimit=specDate&StartYear=1840&EndYear=2026&selRowPerPage=100&Line=256&Month=3&Day=25&lstProvince=&Apply=Apply&timeframe=2,ENGLEE (AUT), NEWFOUNDLAND AND LABRADOR ,"50°43'16.000"" N","56°06'46.000"" W",30.30 m,8401538,71417,WDA                 ,CWDA                 ,
406QLD0,https://climate.weather.gc.ca/climate_data/daily_data_e.html?hlyRange=1994-02-01%7C2026-03-25&dlyRange=1992-12-17%7C2026-03-25&mlyRange=1998-07-01%7C2007-10-01&climate_id=406QLD0&Prov=SK&urlExtension=_e.html&searchType=stnProv&optLimit=specDate&StartYear=1840&EndYear=2026&selRowPerPage=100&Line=969&Month=3&Day=25&lstProvince=&Apply=Apply&timeframe=2,URANIUM CITY (AUT), SASKATCHEWAN ,"59°34'00.000"" N","108°29'00.000"" W",318.20 m,406QLD0,71076,WDC                 ,CWDC                 ,
706I001,https://climate.weather.gc.ca/climate_data/daily_data_e.html?hlyRange=1994-09-19%7C2026-03-25&dlyRange=1995-11-09%7C2026-03-25&mlyRange=%7C&climate_id=706I001&Prov=QC&urlExtension=_e.html&searchType=stnProv&optLimit=specDate&StartYear=1840&EndYear=2026&selRowPerPage=100&Line=495&Month=3&Day=25&lstProvince=&Apply=Apply&timeframe=2,LAC BENOIT, QUEBEC ,"51°31'57.000"" N","71°06'39.000"" W",549.00 m,706I001,71520,WDE                 ,CWDE                 ,
8400301,https://climate.weather.gc.ca/climate_data/daily_data_e.html?hlyRange=1986-12-31%7C2026-03-25&dlyRange=1973-01-01%7C2026-03-25&mlyRange=1973-01-01%7C2007-07-01&climate_id=8400301&Prov=NL&urlExtension=_e.html&searchType=stnProv&optLimit=specDate&StartYear=1840&EndYear=2026&selRowPerPage=100&Line=30&Month=3&Day=25&lstProvince=&Apply=Apply&timeframe=2,BADGER (AUT), NEWFOUNDLAND AND LABRADOR ,"48°58'00.000"" N","56°04'00.000"" W",102.70 m,8400301,71400,WDI                 ,CWDI                 ,
4016699,https://climate.weather.gc.ca/climate_data/daily_data_e.html?hlyRange=1996-01-30%7C2026-03-25&dlyRange=1999-10-01%7C2026-03-25&mlyRange=1999-10-01%7C2007-11-01&climate_id=4016699&Prov=SK&urlExtension=_e.html&searchType=stnProv&optLimit=specDate&StartYear=1840&EndYear=2026&selRowPerPage=100&Line=776&Month=3&Day=25&lstProvince=&Apply=Apply&timeframe=2,REGINA RCS, SASKATCHEWAN ,"50°26'00.000"" N","104°40'00.000"" W",577.30 m,4016699,71514,WDJ                 ,CWDJ                 ,
3031640,https://climate.weather.gc.ca/climate_data/daily_data_e.html?hlyRange=1994-02-01%7C2026-03-25&dlyRange=1951-08-01%7C2026-03-25&mlyRange=1951-01-01%7C2007-11-01&climate_id=3031640&Prov=AB&urlExtension=_e.html&searchType=stnProv&optLimit=specDate&StartYear=1840&EndYear=2026&selRowPerPage=100&Line=171&Month=3&Day=25&lstProvince=&Apply=Apply&timeframe=2,CLARESHOLM, ALBERTA ,"50°00'13.070"" N","113°38'19.090"" W","1,009.00 m",3031640,71234,WDK                 ,CWDK                 ,
7041382,https://climate.weather.gc.ca/climate_data/daily_data_e.html?hlyRange=1994-02-01%7C2026-03-25&dlyRange=1992-12-02%7C2026-03-25&mlyRange=%7C&climate_id=7041382&Prov=QC&urlExtension=_e.html&searchType=stnProv&optLimit=specDate&StartYear=1840&EndYear=2026&selRowPerPage=100&Line=160&Month=3&Day=25&lstProvince=&Apply=Apply&timeframe=2,CHEVERY, QUEBEC ,"50°27'54.000"" N","59°38'22.000"" W",7.70 m,7041382,71814,WDM                 ,CWDM                 ,
8404025,https://climate.weather.gc.ca/climate_data/daily_data_e.html?hlyRange=1994-02-01%7C2026-03-25&dlyRange=1993-02-06%7C2026-03-25&mlyRange=2004-11-01%7C2007-07-01&climate_id=8404025&Prov=NL&urlExtension=_e.html&searchType=stnProv&optLimit=specDate&StartYear=1840&EndYear=2026&selRowPerPage=100&Line=959&Month=3&Day=25&lstProvince=&Apply=Apply&timeframe=2,TWILLINGATE (AUT), NEWFOUNDLAND AND LABRADOR ,"49°41'00.000"" N","54°48'00.000"" W",92.30 m,8404025,71402,WDO                 ,CWDO                 ,
706I155,https://climate.weather.gc.ca/climate_data/daily_data_e.html?hlyRange=1994-09-30%7C2026-03-25&dlyRange=1994-10-03%7C2026-03-25&mlyRange=%7C&climate_id=706I155&Prov=QC&urlExtension=_e.html&searchType=stnProv&optLimit=specDate&StartYear=1840&EndYear=2026&selRowPerPage=100&Line=554&Month=3&Day=25&lstProvince=&Apply=Apply&timeframe=2,MANOUANE EST, QUEBEC ,"50°39'23.000"" N","70°31'55.000"" W",497.00 m,706I155,71521,WDP                 ,CWDP                 ,
707DBD4,https://climate.weather.gc.ca/climate_data/daily_data_e.html?hlyRange=1994-02-01%7C2026-03-25&dlyRange=1994-07-06%7C2026-03-25&mlyRange=%7C&climate_id=707DBD4&Prov=QC&urlExtension=_e.html&searchType=stnProv&optLimit=specDate&StartYear=1840&EndYear=2026&selRowPerPage=100&Line=494&Month=3&Day=25&lstProvince=&Apply=Apply&timeframe=2,LA TUQUE, QUEBEC ,"47°24'40.000"" N","72°47'15.000"" W",168.90 m,707DBD4,71378,WDQ                 ,CWDQ                 ,
1012475,https://climate.weather.gc.ca/climate_data/daily_data_e.html?hlyRange=1997-01-02%7C2026-03-25&dlyRange=1997-04-01%7C2026-03-25&mlyRange=1998-05-01%7C2005-08-01&climate_id=1012475&Prov=BC&urlExtension=_e.html&searchType=stnProv&optLimit=specDate&StartYear=1840&EndYear=2026&selRowPerPage=100&Line=226&Month=3&Day=25&lstProvince=&Apply=Apply&timeframe=2,DISCOVERY ISLAND, BRITISH COLUMBIA ,"48°25'28.590"" N","123°13'32.519"" W",18.90 m,1012475,71031,WDR                 ,CWDR                 ,
7061541,https://climate.weather.gc.ca/climate_data/daily_data_e.html?hlyRange=1994-08-01%7C2026-03-25&dlyRange=1960-03-01%7C2026-03-25&mlyRange=1960-01-01%7C1976-12-01&climate_id=7061541&Prov=QC&urlExtension=_e.html&searchType=stnProv&optLimit=specDate&StartYear=1840&EndYear=2026&selRowPerPage=100&Line=170&Month=3&Day=25&lstProvince=&Apply=Apply&timeframe=2,CHUTE-DES-PASSES, QUEBEC ,"49°50'25.000"" N","71°10'06.000"" W",398.20 m,7061541,71522,WDT                 ,CWDT                 ,
3031875,https://climate.weather.gc.ca/climate_data/daily_data_e.html?hlyRange=1994-02-01%7C2026-03-25&dlyRange=1993-06-04%7C2026-03-25&mlyRange=1996-06-01%7C2007-11-01&climate_id=3031875&Prov=AB&urlExtension=_e.html&searchType=stnProv&optLimit=specDate&StartYear=1840&EndYear=2026&selRowPerPage=100&Line=187&Month=3&Day=25&lstProvince=&Apply=Apply&timeframe=2,COP UPPER, ALBERTA ,"51°04'34.020"" N","114°13'20.090"" W","1,235.00 m",3031875,71235,WDU                 ,CWDU                 ,
6049095,https://climate.weather.gc.ca/climate_data/daily_data_e.html?hlyRange=1994-02-01%7C2026-03-25&dlyRange=1973-01-01%7C2026-03-25&mlyRange=1972-01-01%7C2006-11-01&climate_id=6049095&Prov=ON&urlExtension=_e.html&searchType=stnProv&optLimit=specDate&StartYear=1840&EndYear=2026&selRowPerPage=100&Line=968&Month=3&Day=25&lstProvince=&Apply=Apply&timeframe=2,UPSALA (AUT), ONTARIO ,"49°02'00.000"" N","90°28'00.000"" W",488.50 m,6049095,71435,WDV                 ,CWDV                 ,
8403399,https://climate.weather.gc.ca/climate_data/daily_data_e.html?hlyRange=1996-11-05%7C2026-03-25&dlyRange=1999-12-17%7C2026-03-25&mlyRange=2006-08-01%7C2007-07-01&climate_id=8403399&Prov=NL&urlExtension=_e.html&searchType=stnProv&optLimit=specDate&StartYear=1840&EndYear=2026&selRowPerPage=100&Line=872&Month=3&Day=25&lstProvince=&Apply=Apply&timeframe=2,ST ANTHONY, NEWFOUNDLAND AND LABRADOR ,"51°23'00.000"" N","56°06'00.000"" W",29.30 m,8403399,71558,WDW                 ,CWDW                 ,
30221LG,https://climate.weather.gc.ca/climate_data/daily_data_e.html?hlyRange=1994-02-01%7C2026-03-25&dlyRange=1995-10-06%7C2026-03-25&mlyRange=1996-04-01%7C2007-10-01&climate_id=30221LG&Prov=AB&urlExtension=_e.html&searchType=stnProv&optLimit=specDate&StartYear=1840&EndYear=2026&selRowPerPage=100&Line=228&Month=3&Day=25&lstProvince=&Apply=Apply&timeframe=2,DRUMHELLER EAST, ALBERTA ,"51°26'43.000"" N","112°40'36.000"" W",678.20 m,30221LG,71237,WDZ                 ,CWDZ                 ,
503B1ER,https://climate.weather.gc.ca/climate_data/daily_data_e.html?hlyRange=1994-02-01%7C2026-03-25&dlyRange=1992-12-01%7C2026-03-25&mlyRange=1996-01-01%7C2007-10-01&climate_id=503B1ER&Prov=MB&urlExtension=_e.html&searchType=stnProv&optLimit=specDate&StartYear=1840&EndYear=2026&selRowPerPage=100&Line=699&Month=3&Day=25&lstProvince=&Apply=Apply&timeframe=2,PINAWA, MANITOBA ,"50°10'38.020"" N","96°03'53.000"" W",268.00 m,503B1ER,71448,WEA                 ,CWEA                 ,
1032731,https://climate.weather.gc.ca/climate_data/daily_data_e.html?hlyRange=1994-02-01%7C2026-03-25&dlyRange=1993-01-18%7C2026-03-25&mlyRange=1997-04-01%7C2007-02-01&climate_id=1032731&Prov=BC&urlExtension=_e.html&searchType=stnProv&optLimit=specDate&StartYear=1840&EndYear=2026&selRowPerPage=100&Line=265&Month=3&Day=25&lstProvince=&Apply=Apply&timeframe=2,ESTEVAN POINT CS, BRITISH COLUMBIA ,"49°22'59.914"" N","126°32'35.193"" W",5.80 m,1032731,71894,WEB                 ,CWEB                 ,
6049443,https://climate.weather.gc.ca/climate_data/daily_data_e.html?hlyRange=1994-02-01%7C2026-03-25&dlyRange=1967-05-01%7C2026-03-25&mlyRange=1967-01-01%7C1985-12-01&climate_id=6049443&Prov=ON&urlExtension=_e.html&searchType=stnProv&optLimit=specDate&StartYear=1840&EndYear=2026&selRowPerPage=100&Line=1011&Month=3&Day=25&lstProvince=&Apply=Apply&timeframe=2,WELCOME ISLAND (AUT), ONTARIO ,"48°22'09.000"" N","89°07'10.000"" W",211.40 m,6049443,71751,WEC                 ,CWEC                 ,
7061288,https://climate.weather.gc.ca/climate_data/daily_data_e.html?hlyRange=1994-06-23%7C2026-03-25&dlyRange=1994-07-06%7C2026-03-25&mlyRange=%7C&climate_id=7061288&Prov=QC&urlExtension=_e.html&searchType=stnProv&optLimit=specDate&StartYear=1840&EndYear=2026&selRowPerPage=100&Line=143&Month=3&Day=25&lstProvince=&Apply=Apply&timeframe=2,CHAMOUCHOUANE, QUEBEC ,"49°16'43.000"" N","73°21'20.000"" W",303.80 m,7061288,71523,WEE                 ,CWEE                 ,
4032322,https://climate.weather.gc.ca/climate_data/daily_data_e.html?hlyRange=1994-02-01%7C2026-03-25&dlyRange=1992-12-02%7C2026-03-25&mlyRange=1997-01-01%7C2007-10-01&climate_id=4032322&Prov=SK&urlExtension=_e.html&searchType=stnProv&optLimit=specDate&StartYear=1840&EndYear=2026&selRowPerPage=100&Line=237&Month=3&Day=25&lstProvince=&Apply=Apply&timeframe=2,EASTEND CYPRESS (AUT), SASKATCHEWAN ,"49°26'16.010"" N","108°59'19.050"" W","1,079.60 m",4032322,71131,WEH                 ,CWEH                 ,
501A7AR,https://climate.weather.gc.ca/climate_data/daily_data_e.html?hlyRange=1994-02-01%7C2026-03-25&dlyRange=1992-12-01%7C2026-03-25&mlyRange=1996-01-01%7C2007-11-01&climate_id=501A7AR&Prov=MB&urlExtension=_e.html&searchType=stnProv&optLimit=specDate&StartYear=1840&EndYear=2026&selRowPerPage=100&Line=580&Month=3&Day=25&lstProvince=&Apply=Apply&timeframe=2,MELITA, MANITOBA ,"49°16'52.600"" N","100°59'10.900"" W",445.90 m,501A7AR,71447,WEI                 ,CWEI                 ,
1063303,https://climate.weather.gc.ca/climate_data/daily_data_e.html?hlyRange=1994-02-01%7C2026-03-25&dlyRange=1994-12-30%7C2026-03-25&mlyRange=2005-06-01%7C2007-02-01&climate_id=1063303&Prov=BC&urlExtension=_e.html&searchType=stnProv&optLimit=specDate&StartYear=1840&EndYear=2026&selRowPerPage=100&Line=362&Month=3&Day=25&lstProvince=&Apply=Apply&timeframe=2,GREY ISLET (AUT), BRITISH COLUMBIA ,"54°34'49.152"" N","130°41'52.080"" W",9.50 m,1063303,71476,WEK                 ,CWEK                 ,
1022689,https://climate.weather.gc.ca/climate_data/daily_data_e.html?hlyRange=1994-02-01%7C2026-03-25&dlyRange=1992-05-01%7C2026-03-25&mlyRange=1992-05-01%7C2006-07-01&climate_id=1022689&Prov=BC&urlExtension=_e.html&searchType=stnProv&optLimit=specDate&StartYear=1840&EndYear=2026&selRowPerPage=100&Line=258&Month=3&Day=25&lstProvince=&Apply=Apply&timeframe=2,ENTRANCE ISLAND, BRITISH COLUMBIA ,"49°12'31.195"" N","123°48'38.001"" W",7.60 m,1022689,71772,WEL                 ,CWEL                 ,
704C64L,https://climate.weather.gc.ca/climate_data/daily_data_e.html?hlyRange=1994-02-01%7C2026-03-25&dlyRange=1993-03-22%7C2026-03-25&mlyRange=%7C&climate_id=704C64L&Prov=QC&urlExtension=_e.html&searchType=stnProv&optLimit=specDate&StartYear=1840&EndYear=2026&selRowPerPage=100&Line=496&Month=3&Day=25&lstProvince=&Apply=Apply&timeframe=2,LAC EON, QUEBEC ,"51°52'02.000"" N","63°17'01.000"" W",588.90 m,704C64L,71421,WEO                 ,CWEO                 ,
8300418,https://climate.weather.gc.ca/climate_data/daily_data_e.html?hlyRange=1994-02-01%7C2026-03-25&dlyRange=1992-12-08%7C2026-03-25&mlyRange=2004-01-01%7C2007-07-01&climate_id=8300418&Prov=PE&urlExtension=_e.html&searchType=stnProv&optLimit=specDate&StartYear=1840&EndYear=2026&selRowPerPage=100&Line=236&Month=3&Day=25&lstProvince=&Apply=Apply&timeframe=2,EAST POINT (AUT), PRINCE EDWARD ISLAND ,"46°27'36.000"" N","61°59'18.000"" W",7.70 m,8300418,71412,WEP                 ,CWEP                 ,
504K80K,https://climate.weather.gc.ca/climate_data/daily_data_e.html?hlyRange=1994-02-01%7C2026-03-25&dlyRange=1993-03-27%7C2026-03-25&mlyRange=1996-10-01%7C2007-10-01&climate_id=504K80K&Prov=MB&urlExtension=_e.html&searchType=stnProv&optLimit=specDate&StartYear=1840&EndYear=2026&selRowPerPage=100&Line=907&Month=3&Day=25&lstProvince=&Apply=Apply&timeframe=2,SWAN RIVER RCS, MANITOBA ,"52°06'53.900"" N","101°13'58.500"" W",334.80 m,504K80K,71443,WEQ                 ,CWEQ                 ,
1031353,https://climate.weather.gc.ca/climate_data/daily_data_e.html?hlyRange=1966-06-01%7C2001-12-13&dlyRange=1965-12-01%7C2026-03-25&mlyRange=1965-01-01%7C2007-02-01&climate_id=1031353&Prov=BC&urlExtension=_e.html&searchType=stnProv&optLimit=specDate&StartYear=1840&EndYear=2026&selRowPerPage=100&Line=127&Month=3&Day=25&lstProvince=&Apply=Apply&timeframe=2,CAPE SCOTT, BRITISH COLUMBIA ,"50°46'56.040"" N","128°25'38.020"" W",71.60 m,1031353,,WES                 ,CWES                 ,
2401208,https://climate.weather.gc.ca/climate_data/daily_data_e.html?hlyRange=2016-02-25%7C2026-03-25&dlyRange=2018-10-29%7C2026-03-25&mlyRange=%7C&climate_id=2401208&Prov=NU&urlExtension=_e.html&searchType=stnProv&optLimit=specDate&StartYear=1840&EndYear=2026&selRowPerPage=100&Line=267&Month=3&Day=25&lstProvince=&Apply=Apply&timeframe=2,EUREKA A, NUNAVUT ,"79°59'40.000"" N","85°48'43.000"" W",82.90 m,2401208,,WEU                 ,CWEU                 ,
2401203,https://climate.weather.gc.ca/climate_data/daily_data_e.html?hlyRange=2016-02-22%7C2026-03-25&dlyRange=2016-02-25%7C2018-10-29&mlyRange=%7C&climate_id=2401203&Prov=NU&urlExtension=_e.html&searchType=stnProv&optLimit=specDate&StartYear=1840&EndYear=2026&selRowPerPage=100&Line=268&Month=3&Day=25&lstProvince=&Apply=Apply&timeframe=2,EUREKA A, NUNAVUT ,"79°59'40.000"" N","85°48'43.000"" W",82.90 m,2401203,71917,WEU                 ,CWEU                 ,
7014160,https://climate.weather.gc.ca/climate_data/daily_data_e.html?hlyRange=1994-09-07%7C2026-03-25&dlyRange=1930-01-01%7C2026-03-25&mlyRange=1930-01-01%7C1994-12-01&climate_id=7014160&Prov=QC&urlExtension=_e.html&searchType=stnProv&optLimit=specDate&StartYear=1840&EndYear=2026&selRowPerPage=100&Line=484&Month=3&Day=25&lstProvince=&Apply=Apply&timeframe=2,L'ASSOMPTION, QUEBEC ,"45°48'34.000"" N","73°26'05.000"" W",21.00 m,7014160,71524,WEW                 ,CWEW                 ,
5020881,https://climate.weather.gc.ca/climate_data/daily_data_e.html?hlyRange=2009-06-18%7C2026-03-25&dlyRange=2009-07-23%7C2026-03-25&mlyRange=%7C&climate_id=5020881&Prov=MB&urlExtension=_e.html&searchType=stnProv&optLimit=specDate&StartYear=1840&EndYear=2026&selRowPerPage=100&Line=255&Month=3&Day=25&lstProvince=&Apply=Apply&timeframe=2,EMERSON AUTO, MANITOBA ,"49°00'00.000"" N","97°14'15.000"" W",242.00 m,5020881,71560,WEX                 ,CWEX                 ,
1017101,https://climate.weather.gc.ca/climate_data/daily_data_e.html?hlyRange=1994-02-28%7C2026-03-25&dlyRange=1980-05-01%7C2026-03-25&mlyRange=1980-01-01%7C2007-02-01&climate_id=1017101&Prov=BC&urlExtension=_e.html&searchType=stnProv&optLimit=specDate&StartYear=1840&EndYear=2026&selRowPerPage=100&Line=836&Month=3&Day=25&lstProvince=&Apply=Apply&timeframe=2,SATURNA ISLAND CS, BRITISH COLUMBIA ,"48°47'02.067"" N","123°02'41.082"" W",24.40 m,1017101,71473,WEZ                 ,CWEZ                 ,
3012275,https://climate.weather.gc.ca/climate_data/daily_data_e.html?hlyRange=1994-02-01%7C2026-03-25&dlyRange=1981-11-01%7C2026-03-25&mlyRange=1981-01-01%7C2007-11-01&climate_id=3012275&Prov=AB&urlExtension=_e.html&searchType=stnProv&optLimit=specDate&StartYear=1840&EndYear=2026&selRowPerPage=100&Line=253&Month=3&Day=25&lstProvince=&Apply=Apply&timeframe=2,ELK ISLAND NAT PARK, ALBERTA ,"53°40'58.000"" N","112°52'05.000"" W",716.20 m,3012275,71238,WFE                 ,CWFE                 ,
4055079,https://climate.weather.gc.ca/climate_data/daily_data_e.html?hlyRange=1994-02-01%7C2026-03-25&dlyRange=1992-12-01%7C2026-03-25&mlyRange=1996-04-01%7C2007-11-01&climate_id=4055079&Prov=SK&urlExtension=_e.html&searchType=stnProv&optLimit=specDate&StartYear=1840&EndYear=2026&selRowPerPage=100&Line=579&Month=3&Day=25&lstProvince=&Apply=Apply&timeframe=2,MELFORT, SASKATCHEWAN ,"52°49'00.000"" N","104°36'00.000"" W",490.00 m,4055079,71456,WFF                 ,CWFF                 ,
1037090,https://climate.weather.gc.ca/climate_data/daily_data_e.html?hlyRange=1994-02-01%7C2026-03-25&dlyRange=1994-12-30%7C2026-03-25&mlyRange=2005-02-01%7C2007-02-01&climate_id=1037090&Prov=BC&urlExtension=_e.html&searchType=stnProv&optLimit=specDate&StartYear=1840&EndYear=2026&selRowPerPage=100&Line=833&Month=3&Day=25&lstProvince=&Apply=Apply&timeframe=2,SARTINE ISLAND (AUT), BRITISH COLUMBIA ,"50°49'16.000"" N","128°54'29.000"" W",103.50 m,1037090,71478,WFG                 ,CWFG                 ,
3031322,https://climate.weather.gc.ca/climate_data/daily_data_e.html?hlyRange=1994-05-30%7C2026-03-25&dlyRange=1994-07-06%7C2026-03-25&mlyRange=1996-04-01%7C2007-11-01&climate_id=3031322&Prov=AB&urlExtension=_e.html&searchType=stnProv&optLimit=specDate&StartYear=1840&EndYear=2026&selRowPerPage=100&Line=130&Month=3&Day=25&lstProvince=&Apply=Apply&timeframe=2,CARDSTON, ALBERTA ,"49°12'02.070"" N","113°17'09.020"" W","1,136.00 m",3031322,71153,WFJ                 ,CWFJ                 ,
1021480,https://climate.weather.gc.ca/climate_data/daily_data_e.html?hlyRange=1994-02-01%7C2001-12-13&dlyRange=1958-07-01%7C2026-03-25&mlyRange=1958-01-01%7C2007-02-01&climate_id=1021480&Prov=BC&urlExtension=_e.html&searchType=stnProv&optLimit=specDate&StartYear=1840&EndYear=2026&selRowPerPage=100&Line=152&Month=3&Day=25&lstProvince=&Apply=Apply&timeframe=2,CHATHAM POINT, BRITISH COLUMBIA ,"50°19'59.500"" N","125°26'44.000"" W",22.90 m,1021480,,WFM                 ,CWFM                 ,
5050919,https://climate.weather.gc.ca/climate_data/daily_data_e.html?hlyRange=1994-02-01%7C2026-03-25&dlyRange=1996-09-01%7C2026-03-25&mlyRange=1996-09-01%7C2007-11-01&climate_id=5050919&Prov=MB&urlExtension=_e.html&searchType=stnProv&optLimit=specDate&StartYear=1840&EndYear=2026&selRowPerPage=100&Line=278&Month=3&Day=25&lstProvince=&Apply=Apply&timeframe=2,FLIN FLON, MANITOBA ,"54°41'00.000"" N","101°41'00.000"" W",303.90 m,5050919,71954,WFO                 ,CWFO                 ,
8502799,https://climate.weather.gc.ca/climate_data/daily_data_e.html?hlyRange=1994-02-01%7C2026-03-25&dlyRange=2004-09-27%7C2026-03-25&mlyRange=2004-11-01%7C2007-07-01&climate_id=8502799&Prov=NL&urlExtension=_e.html&searchType=stnProv&optLimit=specDate&StartYear=1840&EndYear=2026&selRowPerPage=100&Line=614&Month=3&Day=25&lstProvince=&Apply=Apply&timeframe=2,NAIN, NEWFOUNDLAND AND LABRADOR ,"56°33'00.000"" N","61°41'00.000"" W",7.60 m,8502799,71665,WFP                 ,CWFP                 ,
7022579,https://climate.weather.gc.ca/climate_data/daily_data_e.html?hlyRange=1994-02-01%7C2026-03-25&dlyRange=1993-08-31%7C2026-03-25&mlyRange=%7C&climate_id=7022579&Prov=QC&urlExtension=_e.html&searchType=stnProv&optLimit=specDate&StartYear=1840&EndYear=2026&selRowPerPage=100&Line=315&Month=3&Day=25&lstProvince=&Apply=Apply&timeframe=2,FRELIGHSBURG, QUEBEC ,"45°02'00.000"" N","72°51'00.000"" W",224.00 m,7022579,71373,WFQ                 ,CWFQ                 ,
704S001,https://climate.weather.gc.ca/climate_data/daily_data_e.html?hlyRange=1995-05-29%7C2026-03-25&dlyRange=1996-01-31%7C2026-03-25&mlyRange=%7C&climate_id=704S001&Prov=QC&urlExtension=_e.html&searchType=stnProv&optLimit=specDate&StartYear=1840&EndYear=2026&selRowPerPage=100&Line=33&Month=3&Day=25&lstProvince=&Apply=Apply&timeframe=2,BAIE-COMEAU, QUEBEC ,"49°15'33.000"" N","68°08'45.000"" W",129.50 m,704S001,71829,WFW                 ,CWFW                 ,
2200824,https://climate.weather.gc.ca/climate_data/daily_data_e.html?hlyRange=1994-02-01%7C2026-03-25&dlyRange=1995-04-12%7C2026-03-25&mlyRange=2004-08-01%7C2006-07-01&climate_id=2200824&Prov=NT&urlExtension=_e.html&searchType=stnProv&optLimit=specDate&StartYear=1840&EndYear=2026&selRowPerPage=100&Line=184&Month=3&Day=25&lstProvince=&Apply=Apply&timeframe=2,COLVILLE LAKE, NORTHWEST TERRITORIES ,"67°01'17.040"" N","126°07'23.070"" W",271.00 m,2200824,71055,WFX                 ,CWFX                 ,
2201903,https://climate.weather.gc.ca/climate_data/daily_data_e.html?hlyRange=1994-07-03%7C2026-03-25&dlyRange=1994-09-19%7C2026-03-25&mlyRange=1996-05-01%7C2007-08-01&climate_id=2201903&Prov=NT&urlExtension=_e.html&searchType=stnProv&optLimit=specDate&StartYear=1840&EndYear=2026&selRowPerPage=100&Line=299&Month=3&Day=25&lstProvince=&Apply=Apply&timeframe=2,FORT RELIANCE (AUT), NORTHWEST TERRITORIES ,"62°42'41.000"" N","109°10'06.000"" W",167.60 m,2201903,71160,WFZ                 ,CWFZ                 ,
1020590,https://climate.weather.gc.ca/climate_data/daily_data_e.html?hlyRange=1994-02-01%7C2026-03-25&dlyRange=1966-12-01%7C2026-03-25&mlyRange=1967-01-01%7C2007-02-01&climate_id=1020590&Prov=BC&urlExtension=_e.html&searchType=stnProv&optLimit=specDate&StartYear=1840&EndYear=2026&selRowPerPage=100&Line=40&Month=3&Day=25&lstProvince=&Apply=Apply&timeframe=2,BALLENAS ISLAND, BRITISH COLUMBIA ,"49°21'01.000"" N","124°09'37.000"" W",14.50 m,1020590,71769,WGB                 ,CWGB                 ,
6122847,https://climate.weather.gc.ca/climate_data/daily_data_e.html?hlyRange=1986-12-31%7C2026-03-25&dlyRange=1994-12-30%7C2026-03-25&mlyRange=1997-05-01%7C2006-12-01&climate_id=6122847&Prov=ON&urlExtension=_e.html&searchType=stnProv&optLimit=specDate&StartYear=1840&EndYear=2026&selRowPerPage=100&Line=342&Month=3&Day=25&lstProvince=&Apply=Apply&timeframe=2,GODERICH, ONTARIO ,"43°46'00.000"" N","81°43'00.000"" W",213.70 m,6122847,71261,WGD                 ,CWGD                 ,
307KPFP,https://climate.weather.gc.ca/climate_data/daily_data_e.html?hlyRange=1994-02-01%7C2026-03-25&dlyRange=1993-11-03%7C2026-03-25&mlyRange=1996-03-01%7C2007-10-01&climate_id=307KPFP&Prov=AB&urlExtension=_e.html&searchType=stnProv&optLimit=specDate&StartYear=1840&EndYear=2026&selRowPerPage=100&Line=324&Month=3&Day=25&lstProvince=&Apply=Apply&timeframe=2,GARDEN RIVER, ALBERTA ,"58°42'39.000"" N","113°51'59.300"" W",240.80 m,307KPFP,71253,WGF                 ,CWGF                 ,
6103024,https://climate.weather.gc.ca/climate_data/daily_data_e.html?hlyRange=1994-02-01%7C2026-03-25&dlyRange=1994-12-30%7C2026-03-25&mlyRange=1997-04-01%7C2006-12-01&climate_id=6103024&Prov=ON&urlExtension=_e.html&searchType=stnProv&optLimit=specDate&StartYear=1840&EndYear=2026&selRowPerPage=100&Line=360&Month=3&Day=25&lstProvince=&Apply=Apply&timeframe=2,GRENADIER ISLAND, ONTARIO ,"44°25'00.000"" N","75°51'00.000"" W",82.00 m,6103024,71281,WGH                 ,CWGH                 ,
6114295,https://climate.weather.gc.ca/climate_data/daily_data_e.html?hlyRange=1994-02-01%7C2026-03-25&dlyRange=1994-12-28%7C2026-03-25&mlyRange=1997-06-01%7C2006-12-01&climate_id=6114295&Prov=ON&urlExtension=_e.html&searchType=stnProv&optLimit=specDate&StartYear=1840&EndYear=2026&selRowPerPage=100&Line=501&Month=3&Day=25&lstProvince=&Apply=Apply&timeframe=2,LAGOON CITY, ONTARIO ,"44°32'50.000"" N","79°13'00.000"" W",220.70 m,6114295,71282,WGL                 ,CWGL                 ,
3056214,https://climate.weather.gc.ca/climate_data/daily_data_e.html?hlyRange=1994-07-05%7C2026-03-25&dlyRange=1994-07-06%7C2026-03-25&mlyRange=1996-01-01%7C2007-11-01&climate_id=3056214&Prov=AB&urlExtension=_e.html&searchType=stnProv&optLimit=specDate&StartYear=1840&EndYear=2026&selRowPerPage=100&Line=1002&Month=3&Day=25&lstProvince=&Apply=Apply&timeframe=2,WATERTON PARK GATE, ALBERTA ,"49°07'52.080"" N","113°48'31.010"" W","1,289.00 m",3056214,71154,WGM                 ,CWGM                 ,
5021220,https://climate.weather.gc.ca/climate_data/daily_data_e.html?hlyRange=1994-02-01%7C2026-03-25&dlyRange=1885-04-01%7C2026-03-25&mlyRange=1885-01-01%7C2007-10-01&climate_id=5021220&Prov=MB&urlExtension=_e.html&searchType=stnProv&optLimit=specDate&StartYear=1840&EndYear=2026&selRowPerPage=100&Line=361&Month=3&Day=25&lstProvince=&Apply=Apply&timeframe=2,GRETNA (AUT), MANITOBA ,"49°01'51.004"" N","97°33'36.003"" W",252.60 m,5021220,71441,WGN                 ,CWGN                 ,
1086082,https://climate.weather.gc.ca/climate_data/daily_data_e.html?hlyRange=1988-06-01%7C2026-03-25&dlyRange=1984-04-01%7C2026-03-25&mlyRange=1984-01-01%7C2006-12-01&climate_id=1086082&Prov=BC&urlExtension=_e.html&searchType=stnProv&optLimit=specDate&StartYear=1840&EndYear=2026&selRowPerPage=100&Line=688&Month=3&Day=25&lstProvince=&Apply=Apply&timeframe=2,PEMBERTON AIRPORT CS, BRITISH COLUMBIA ,"50°18'20.326"" N","122°44'02.720"" W",204.30 m,1086082,71777,WGP                 ,CWGP                 ,
7053KGR,https://climate.weather.gc.ca/climate_data/daily_data_e.html?hlyRange=1993-09-30%7C2026-03-25&dlyRange=1995-03-01%7C2026-03-25&mlyRange=%7C&climate_id=7053KGR&Prov=QC&urlExtension=_e.html&searchType=stnProv&optLimit=specDate&StartYear=1840&EndYear=2026&selRowPerPage=100&Line=407&Month=3&Day=25&lstProvince=&Apply=Apply&timeframe=2,ILES DE LA MADELEINE, QUEBEC ,"47°25'31.000"" N","61°46'29.000"" W",7.60 m,7053KGR,71710,WGR                 ,CWGR                 ,
1027403,https://climate.weather.gc.ca/climate_data/daily_data_e.html?hlyRange=1995-02-16%7C2026-03-25&dlyRange=1992-05-01%7C2026-03-25&mlyRange=1992-01-01%7C2004-07-01&climate_id=1027403&Prov=BC&urlExtension=_e.html&searchType=stnProv&optLimit=specDate&StartYear=1840&EndYear=2026&selRowPerPage=100&Line=856&Month=3&Day=25&lstProvince=&Apply=Apply&timeframe=2,SISTERS ISLAND, BRITISH COLUMBIA ,"49°29'11.800"" N","124°26'05.800"" W",20.00 m,1027403,71781,WGT                 ,CWGT                 ,
1157631,https://climate.weather.gc.ca/climate_data/daily_data_e.html?hlyRange=1994-02-01%7C2026-03-25&dlyRange=1992-11-01%7C2026-03-25&mlyRange=1993-04-01%7C2006-10-01&climate_id=1157631&Prov=BC&urlExtension=_e.html&searchType=stnProv&optLimit=specDate&StartYear=1840&EndYear=2026&selRowPerPage=100&Line=867&Month=3&Day=25&lstProvince=&Apply=Apply&timeframe=2,SPARWOOD CS, BRITISH COLUMBIA ,"49°44'42.000"" N","114°53'02.040"" W","1,136.70 m",1157631,71782,WGW                 ,CWGW                 ,
5060999,https://climate.weather.gc.ca/climate_data/daily_data_e.html?hlyRange=1994-02-01%7C2026-03-25&dlyRange=1996-09-01%7C2026-03-25&mlyRange=1996-09-01%7C2007-10-01&climate_id=5060999&Prov=MB&urlExtension=_e.html&searchType=stnProv&optLimit=specDate&StartYear=1840&EndYear=2026&selRowPerPage=100&Line=334&Month=3&Day=25&lstProvince=&Apply=Apply&timeframe=2,GILLAM, MANITOBA ,"56°21'32.028"" N","94°42'15.024"" W",145.30 m,5060999,73087,WGX                 ,CWGX                 ,
301B460,https://climate.weather.gc.ca/climate_data/daily_data_e.html?hlyRange=1994-02-01%7C2026-03-25&dlyRange=1993-06-04%7C2026-03-25&mlyRange=1996-05-01%7C2007-11-01&climate_id=301B460&Prov=AB&urlExtension=_e.html&searchType=stnProv&optLimit=specDate&StartYear=1840&EndYear=2026&selRowPerPage=100&Line=266&Month=3&Day=25&lstProvince=&Apply=Apply&timeframe=2,ESTHER 1, ALBERTA ,"51°40'11.070"" N","110°12'22.090"" W",707.00 m,301B460,71240,WGY                 ,CWGY                 ,
2402360,https://climate.weather.gc.ca/climate_data/daily_data_e.html?hlyRange=2015-02-12%7C2026-03-25&dlyRange=2018-10-29%7C2026-03-25&mlyRange=%7C&climate_id=2402360&Prov=NU&urlExtension=_e.html&searchType=stnProv&optLimit=specDate&StartYear=1840&EndYear=2026&selRowPerPage=100&Line=365&Month=3&Day=25&lstProvince=&Apply=Apply&timeframe=2,GRISE FIORD A, NUNAVUT ,"76°25'33.000"" N","82°54'29.000"" W",41.10 m,2402360,,WGZ                 ,CWGZ                 ,
1108446,https://climate.weather.gc.ca/climate_data/daily_data_e.html?hlyRange=1976-01-20%7C2026-03-25&dlyRange=1925-11-01%7C2026-03-25&mlyRange=1925-01-01%7C2007-02-01&climate_id=1108446&Prov=BC&urlExtension=_e.html&searchType=stnProv&optLimit=specDate&StartYear=1840&EndYear=2026&selRowPerPage=100&Line=978&Month=3&Day=25&lstProvince=&Apply=Apply&timeframe=2,VANCOUVER HARBOUR CS, BRITISH COLUMBIA ,"49°17'43.270"" N","123°07'18.730"" W",2.50 m,1108446,71201,WHC                 ,CWHC                 ,
1063496,https://climate.weather.gc.ca/climate_data/daily_data_e.html?hlyRange=1994-02-01%7C2026-03-25&dlyRange=1991-01-01%7C2026-03-25&mlyRange=1991-01-01%7C1997-03-01&climate_id=1063496&Prov=BC&urlExtension=_e.html&searchType=stnProv&optLimit=specDate&StartYear=1840&EndYear=2026&selRowPerPage=100&Line=392&Month=3&Day=25&lstProvince=&Apply=Apply&timeframe=2,HOLLAND ROCK, BRITISH COLUMBIA ,"54°10'20.042"" N","130°21'39.060"" W",5.50 m,1063496,71219,WHL                 ,CWHL                 ,
8502400,https://climate.weather.gc.ca/climate_data/daily_data_e.html?hlyRange=1953-01-01%7C2026-03-25&dlyRange=1942-01-01%7C2026-03-25&mlyRange=1942-01-01%7C2007-07-01&climate_id=8502400&Prov=NL&urlExtension=_e.html&searchType=stnProv&optLimit=specDate&StartYear=1840&EndYear=2026&selRowPerPage=100&Line=397&Month=3&Day=25&lstProvince=&Apply=Apply&timeframe=2,HOPEDALE (AUT), NEWFOUNDLAND AND LABRADOR ,"55°27'00.000"" N","60°13'00.000"" W",11.90 m,8502400,71900,WHO                 ,CWHO                 ,
7011983,https://climate.weather.gc.ca/climate_data/daily_data_e.html?hlyRange=1997-09-24%7C2026-03-25&dlyRange=1997-09-24%7C2026-03-25&mlyRange=%7C&climate_id=7011983&Prov=QC&urlExtension=_e.html&searchType=stnProv&optLimit=specDate&StartYear=1840&EndYear=2026&selRowPerPage=100&Line=225&Month=3&Day=25&lstProvince=&Apply=Apply&timeframe=2,DESCHAMBAULT, QUEBEC ,"46°41'27.000"" N","71°58'18.000"" W",61.00 m,7011983,71389,WHQ                 ,CWHQ                 ,
2100630,https://climate.weather.gc.ca/climate_data/daily_data_e.html?hlyRange=1960-01-01%7C2026-03-25&dlyRange=1944-10-01%7C2026-03-25&mlyRange=1944-01-01%7C2006-10-01&climate_id=2100630&Prov=YT&urlExtension=_e.html&searchType=stnProv&optLimit=specDate&StartYear=1840&EndYear=2026&selRowPerPage=100&Line=368&Month=3&Day=25&lstProvince=&Apply=Apply&timeframe=2,HAINES JUNCTION, YUKON ,"60°46'21.008"" N","137°34'49.004"" W",595.30 m,2100630,71505,WHT                 ,CWHT                 ,
7028754,https://climate.weather.gc.ca/climate_data/daily_data_e.html?hlyRange=1994-07-28%7C2026-03-25&dlyRange=1994-07-28%7C2026-03-25&mlyRange=%7C&climate_id=7028754&Prov=QC&urlExtension=_e.html&searchType=stnProv&optLimit=specDate&StartYear=1840&EndYear=2026&selRowPerPage=100&Line=54&Month=3&Day=25&lstProvince=&Apply=Apply&timeframe=2,BEAUCEVILLE, QUEBEC ,"46°12'18.000"" N","70°47'06.000"" W",229.20 m,7028754,71323,WHV                 ,CWHV                 ,
2201799,https://climate.weather.gc.ca/climate_data/daily_data_e.html?hlyRange=1994-02-01%7C2026-03-25&dlyRange=1994-05-17%7C2026-03-25&mlyRange=2006-01-01%7C2007-02-01&climate_id=2201799&Prov=NT&urlExtension=_e.html&searchType=stnProv&optLimit=specDate&StartYear=1840&EndYear=2026&selRowPerPage=100&Line=298&Month=3&Day=25&lstProvince=&Apply=Apply&timeframe=2,FORT PROVIDENCE, NORTHWEST TERRITORIES ,"61°19'02.360"" N","117°35'58.440"" W",159.80 m,2201799,71087,WID                 ,CWID                 ,
1036572,https://climate.weather.gc.ca/climate_data/daily_data_e.html?hlyRange=1994-02-01%7C2001-12-13&dlyRange=1978-11-01%7C2026-03-25&mlyRange=1978-01-01%7C2007-02-01&climate_id=1036572&Prov=BC&urlExtension=_e.html&searchType=stnProv&optLimit=specDate&StartYear=1840&EndYear=2026&selRowPerPage=100&Line=758&Month=3&Day=25&lstProvince=&Apply=Apply&timeframe=2,QUATSINO LIGHTSTATION, BRITISH COLUMBIA ,"50°26'28.000"" N","128°01'57.000"" W",21.00 m,1036572,,WIF                 ,CWIF                 ,
701LBPH,https://climate.weather.gc.ca/climate_data/daily_data_e.html?hlyRange=1994-02-01%7C2026-03-25&dlyRange=2018-05-14%7C2026-03-25&mlyRange=%7C&climate_id=701LBPH&Prov=QC&urlExtension=_e.html&searchType=stnProv&optLimit=specDate&StartYear=1840&EndYear=2026&selRowPerPage=100&Line=402&Month=3&Day=25&lstProvince=&Apply=Apply&timeframe=2,ILE AUX GRUES, QUEBEC ,"47°04'25.000"" N","70°31'59.000"" W",18.30 m,701LBPH,,WIG                 ,CWIG                 ,
5032951,https://climate.weather.gc.ca/climate_data/daily_data_e.html?hlyRange=1996-06-13%7C2026-03-25&dlyRange=1996-06-01%7C2026-03-25&mlyRange=1996-07-01%7C2006-08-01&climate_id=5032951&Prov=MB&urlExtension=_e.html&searchType=stnProv&optLimit=specDate&StartYear=1840&EndYear=2026&selRowPerPage=100&Line=985&Month=3&Day=25&lstProvince=&Apply=Apply&timeframe=2,VICTORIA BEACH (AUT), MANITOBA ,"50°42'00.000"" N","96°34'00.000"" W",220.10 m,5032951,71552,WII                 ,CWII                 ,
230N002,https://climate.weather.gc.ca/climate_data/daily_data_e.html?hlyRange=1997-12-08%7C2026-03-25&dlyRange=1997-12-08%7C2026-03-25&mlyRange=2004-08-01%7C2007-07-01&climate_id=230N002&Prov=NU&urlExtension=_e.html&searchType=stnProv&optLimit=specDate&StartYear=1840&EndYear=2026&selRowPerPage=100&Line=538&Month=3&Day=25&lstProvince=&Apply=Apply&timeframe=2,LUPIN CS, NUNAVUT ,"65°45'19.050"" N","111°14'45.030"" W",488.00 m,230N002,71470,WIJ                 ,CWIJ                 ,
4010879,https://climate.weather.gc.ca/climate_data/daily_data_e.html?hlyRange=1965-02-01%7C2026-03-25&dlyRange=1965-02-01%7C2026-03-25&mlyRange=1965-01-01%7C2007-11-01&climate_id=4010879&Prov=SK&urlExtension=_e.html&searchType=stnProv&optLimit=specDate&StartYear=1840&EndYear=2026&selRowPerPage=100&Line=92&Month=3&Day=25&lstProvince=&Apply=Apply&timeframe=2,BROADVIEW, SASKATCHEWAN ,"50°22'05.000"" N","102°34'15.000"" W",599.80 m,4010879,71861,WIK                 ,CWIK                 ,
704Q003,https://climate.weather.gc.ca/climate_data/daily_data_e.html?hlyRange=1997-11-06%7C2026-03-25&dlyRange=1997-11-06%7C2026-03-25&mlyRange=%7C&climate_id=704Q003&Prov=QC&urlExtension=_e.html&searchType=stnProv&optLimit=specDate&StartYear=1840&EndYear=2026&selRowPerPage=100&Line=712&Month=3&Day=25&lstProvince=&Apply=Apply&timeframe=2,POINTE NOIRE CS, QUEBEC ,"50°09'45.000"" N","66°26'02.000"" W",24.00 m,704Q003,71390,WIP                 ,CWIP                 ,
7041312,https://climate.weather.gc.ca/climate_data/daily_data_e.html?hlyRange=1997-10-16%7C2026-03-25&dlyRange=1997-11-05%7C2026-03-25&mlyRange=%7C&climate_id=7041312&Prov=QC&urlExtension=_e.html&searchType=stnProv&optLimit=specDate&StartYear=1840&EndYear=2026&selRowPerPage=100&Line=148&Month=3&Day=25&lstProvince=&Apply=Apply&timeframe=2,CHARLEVOIX (MRC), QUEBEC ,"47°17'03.000"" N","70°38'15.000"" W",722.70 m,7041312,71319,WIS                 ,CWIS                 ,
7027039,https://climate.weather.gc.ca/climate_data/daily_data_e.html?hlyRange=1994-02-01%7C2026-03-25&dlyRange=1993-08-31%7C2026-03-25&mlyRange=%7C&climate_id=7027039&Prov=QC&urlExtension=_e.html&searchType=stnProv&optLimit=specDate&StartYear=1840&EndYear=2026&selRowPerPage=100&Line=889&Month=3&Day=25&lstProvince=&Apply=Apply&timeframe=2,STE-CLOTILDE, QUEBEC ,"45°10'02.000"" N","73°40'44.000"" W",53.00 m,7027039,71614,WIT                 ,CWIT                 ,
4018642,https://climate.weather.gc.ca/climate_data/daily_data_e.html?hlyRange=1994-02-01%7C2026-03-25&dlyRange=1992-12-01%7C2026-03-25&mlyRange=1996-05-01%7C2007-10-01&climate_id=4018642&Prov=SK&urlExtension=_e.html&searchType=stnProv&optLimit=specDate&StartYear=1840&EndYear=2026&selRowPerPage=100&Line=1003&Month=3&Day=25&lstProvince=&Apply=Apply&timeframe=2,WATROUS EAST, SASKATCHEWAN ,"51°40'00.000"" N","105°24'00.000"" W",525.60 m,4018642,71511,WIW                 ,CWIW                 ,
7065012,https://climate.weather.gc.ca/climate_data/daily_data_e.html?hlyRange=1994-02-01%7C2026-03-25&dlyRange=1994-12-30%7C2026-03-25&mlyRange=%7C&climate_id=7065012&Prov=QC&urlExtension=_e.html&searchType=stnProv&optLimit=specDate&StartYear=1840&EndYear=2026&selRowPerPage=100&Line=587&Month=3&Day=25&lstProvince=&Apply=Apply&timeframe=2,MISTOOK, QUEBEC ,"48°35'54.000"" N","71°42'57.000"" W",112.50 m,7065012,71381,WIX                 ,CWIX                 ,
702LED4,https://climate.weather.gc.ca/climate_data/daily_data_e.html?hlyRange=1994-02-01%7C2026-03-25&dlyRange=1994-07-06%7C2026-03-25&mlyRange=%7C&climate_id=702LED4&Prov=QC&urlExtension=_e.html&searchType=stnProv&optLimit=specDate&StartYear=1840&EndYear=2026&selRowPerPage=100&Line=483&Month=3&Day=25&lstProvince=&Apply=Apply&timeframe=2,L'ACADIE, QUEBEC ,"45°17'38.000"" N","73°20'58.000"" W",43.80 m,702LED4,71372,WIZ                 ,CWIZ                 ,
701Q004,https://climate.weather.gc.ca/climate_data/daily_data_e.html?hlyRange=1996-07-17%7C2026-03-25&dlyRange=1997-11-13%7C2026-03-25&mlyRange=%7C&climate_id=701Q004&Prov=QC&urlExtension=_e.html&searchType=stnProv&optLimit=specDate&StartYear=1840&EndYear=2026&selRowPerPage=100&Line=890&Month=3&Day=25&lstProvince=&Apply=Apply&timeframe=2,STE-FOY (U. LAVAL), QUEBEC ,"46°46'49.000"" N","71°17'15.000"" W",91.40 m,701Q004,71392,WJB                 ,CWJB                 ,
2301102,https://climate.weather.gc.ca/climate_data/daily_data_e.html?hlyRange=1994-02-01%7C2026-03-25&dlyRange=1994-12-06%7C2026-03-25&mlyRange=1998-02-01%7C2007-08-01&climate_id=2301102&Prov=NU&urlExtension=_e.html&searchType=stnProv&optLimit=specDate&StartYear=1840&EndYear=2026&selRowPerPage=100&Line=257&Month=3&Day=25&lstProvince=&Apply=Apply&timeframe=2,ENNADAI LAKE (AUT), NUNAVUT ,"61°07'55.000"" N","100°53'02.000"" W",353.10 m,2301102,71923,WJC                 ,CWJC                 ,
5031A10,https://climate.weather.gc.ca/climate_data/daily_data_e.html?hlyRange=1994-02-01%7C2026-03-25&dlyRange=1992-12-03%7C2026-03-25&mlyRange=1999-06-01%7C2007-11-01&climate_id=5031A10&Prov=MB&urlExtension=_e.html&searchType=stnProv&optLimit=specDate&StartYear=1840&EndYear=2026&selRowPerPage=100&Line=353&Month=3&Day=25&lstProvince=&Apply=Apply&timeframe=2,GRAND RAPIDS (AUT), MANITOBA ,"53°11'11.064"" N","99°16'04.098"" W",222.50 m,5031A10,71858,WJD                 ,CWJD                 ,
1063690,https://climate.weather.gc.ca/climate_data/daily_data_e.html?hlyRange=1994-02-01%7C2001-12-13&dlyRange=1948-08-01%7C2026-03-25&mlyRange=1948-01-01%7C2007-02-01&climate_id=1063690&Prov=BC&urlExtension=_e.html&searchType=stnProv&optLimit=specDate&StartYear=1840&EndYear=2026&selRowPerPage=100&Line=424&Month=3&Day=25&lstProvince=&Apply=Apply&timeframe=2,IVORY ISLAND, BRITISH COLUMBIA ,"52°16'11.040"" N","128°24'24.030"" W",9.80 m,1063690,,WJG                 ,CWJG                 ,
4067655,https://climate.weather.gc.ca/climate_data/daily_data_e.html?hlyRange=1994-02-01%7C2026-03-25&dlyRange=1992-12-01%7C2026-03-25&mlyRange=1996-01-01%7C2007-11-01&climate_id=4067655&Prov=SK&urlExtension=_e.html&searchType=stnProv&optLimit=specDate&StartYear=1840&EndYear=2026&selRowPerPage=100&Line=864&Month=3&Day=25&lstProvince=&Apply=Apply&timeframe=2,SOUTHEND, SASKATCHEWAN ,"56°20'00.000"" N","103°17'00.000"" W",344.10 m,4067655,71451,WJH                 ,CWJH                 ,
4020286,https://climate.weather.gc.ca/climate_data/daily_data_e.html?hlyRange=1994-02-01%7C2026-03-25&dlyRange=1992-12-01%7C2026-03-25&mlyRange=1996-01-01%7C2007-11-01&climate_id=4020286&Prov=SK&urlExtension=_e.html&searchType=stnProv&optLimit=specDate&StartYear=1840&EndYear=2026&selRowPerPage=100&Line=24&Month=3&Day=25&lstProvince=&Apply=Apply&timeframe=2,ASSINIBOIA AIRPORT, SASKATCHEWAN ,"49°43'45.090"" N","105°56'46.010"" W",725.50 m,4020286,71487,WJI                 ,CWJI                 ,
2201579,https://climate.weather.gc.ca/climate_data/daily_data_e.html?hlyRange=1994-02-01%7C2026-03-25&dlyRange=1996-05-01%7C2026-03-25&mlyRange=1996-05-01%7C2007-09-01&climate_id=2201579&Prov=NT&urlExtension=_e.html&searchType=stnProv&optLimit=specDate&StartYear=1840&EndYear=2026&selRowPerPage=100&Line=289&Month=3&Day=25&lstProvince=&Apply=Apply&timeframe=2,FORT LIARD, NORTHWEST TERRITORIES ,"60°14'00.000"" N","123°28'00.000"" W",213.40 m,2201579,71497,WJL                 ,CWJL                 ,
7063370,https://climate.weather.gc.ca/climate_data/daily_data_e.html?hlyRange=1994-02-01%7C2026-03-25&dlyRange=1963-01-01%7C2026-03-25&mlyRange=1963-01-01%7C1975-12-01&climate_id=7063370&Prov=QC&urlExtension=_e.html&searchType=stnProv&optLimit=specDate&StartYear=1840&EndYear=2026&selRowPerPage=100&Line=431&Month=3&Day=25&lstProvince=&Apply=Apply&timeframe=2,JONQUIERE, QUEBEC ,"48°25'30.012"" N","71°08'33.001"" W",135.60 m,7063370,71617,WJO                 ,CWJO                 ,
114B1F0,https://climate.weather.gc.ca/climate_data/daily_data_e.html?hlyRange=1994-02-01%7C2026-03-25&dlyRange=1993-05-01%7C2026-03-25&mlyRange=1993-01-01%7C2006-10-01&climate_id=114B1F0&Prov=BC&urlExtension=_e.html&searchType=stnProv&optLimit=specDate&StartYear=1840&EndYear=2026&selRowPerPage=100&Line=200&Month=3&Day=25&lstProvince=&Apply=Apply&timeframe=2,CRESTON CAMPBELL SCIENTIFIC, BRITISH COLUMBIA ,"49°04'54.082"" N","116°30'02.449"" W",640.70 m,114B1F0,71770,WJR                 ,CWJR                 ,
1054503,https://climate.weather.gc.ca/climate_data/daily_data_e.html?hlyRange=1994-02-01%7C2026-03-25&dlyRange=1992-11-01%7C2026-03-25&mlyRange=1992-01-01%7C2007-02-01&climate_id=1054503&Prov=BC&urlExtension=_e.html&searchType=stnProv&optLimit=specDate&StartYear=1840&EndYear=2026&selRowPerPage=100&Line=506&Month=3&Day=25&lstProvince=&Apply=Apply&timeframe=2,LANGARA ISLAND RCS, BRITISH COLUMBIA ,"54°15'19.397"" N","133°03'30.557"" W",46.90 m,1054503,71903,WJU                 ,CWJU                 ,
1128582,https://climate.weather.gc.ca/climate_data/daily_data_e.html?hlyRange=2007-11-30%7C2026-03-25&dlyRange=2005-01-01%7C2026-03-25&mlyRange=%7C&climate_id=1128582&Prov=BC&urlExtension=_e.html&searchType=stnProv&optLimit=specDate&StartYear=1840&EndYear=2026&selRowPerPage=100&Line=983&Month=3&Day=25&lstProvince=&Apply=Apply&timeframe=2,VERNON AUTO, BRITISH COLUMBIA ,"50°13'23.900"" N","119°11'36.700"" W",482.00 m,1128582,71115,WJV                 ,CWJV                 ,
3053536,https://climate.weather.gc.ca/climate_data/daily_data_e.html?hlyRange=1994-02-01%7C2026-03-25&dlyRange=1994-03-22%7C2026-03-25&mlyRange=1996-01-01%7C2007-11-01&climate_id=3053536&Prov=AB&urlExtension=_e.html&searchType=stnProv&optLimit=specDate&StartYear=1840&EndYear=2026&selRowPerPage=100&Line=428&Month=3&Day=25&lstProvince=&Apply=Apply&timeframe=2,JASPER WARDEN, ALBERTA ,"52°55'35.000"" N","118°01'47.000"" W","1,020.00 m",3053536,71486,WJW                 ,CWJW                 ,
402DAF0,https://climate.weather.gc.ca/climate_data/daily_data_e.html?hlyRange=1994-02-01%7C2026-03-25&dlyRange=1992-12-01%7C2026-03-25&mlyRange=1996-02-01%7C2007-11-01&climate_id=402DAF0&Prov=SK&urlExtension=_e.html&searchType=stnProv&optLimit=specDate&StartYear=1840&EndYear=2026&selRowPerPage=100&Line=511&Month=3&Day=25&lstProvince=&Apply=Apply&timeframe=2,LEADER AIRPORT, SASKATCHEWAN ,"50°54'34.070"" N","109°30'05.010"" W",675.50 m,402DAF0,71459,WJX                 ,CWJX                 ,
1043304,https://climate.weather.gc.ca/climate_data/daily_data_e.html?hlyRange=1997-11-28%7C2026-03-25&dlyRange=2018-05-14%7C2026-03-25&mlyRange=%7C&climate_id=1043304&Prov=BC&urlExtension=_e.html&searchType=stnProv&optLimit=specDate&StartYear=1840&EndYear=2026&selRowPerPage=100&Line=363&Month=3&Day=25&lstProvince=&Apply=Apply&timeframe=2,GRIEF POINT, BRITISH COLUMBIA ,"49°48'16.600"" N","124°31'30.800"" W",10.00 m,1043304,,WKA                 ,CWKA                 ,
8401298,https://climate.weather.gc.ca/climate_data/daily_data_e.html?hlyRange=1994-02-01%7C2026-03-25&dlyRange=1993-09-01%7C2026-03-25&mlyRange=1993-01-01%7C2007-07-01&climate_id=8401298&Prov=NL&urlExtension=_e.html&searchType=stnProv&optLimit=specDate&StartYear=1840&EndYear=2026&selRowPerPage=100&Line=193&Month=3&Day=25&lstProvince=&Apply=Apply&timeframe=2,CORNER BROOK, NEWFOUNDLAND AND LABRADOR ,"48°56'00.000"" N","57°55'00.000"" W",151.80 m,8401298,71973,WKB                 ,CWKB                 ,
7060826,https://climate.weather.gc.ca/climate_data/daily_data_e.html?hlyRange=1994-02-01%7C2026-03-25&dlyRange=1994-12-30%7C2026-03-25&mlyRange=%7C&climate_id=7060826&Prov=QC&urlExtension=_e.html&searchType=stnProv&optLimit=specDate&StartYear=1840&EndYear=2026&selRowPerPage=100&Line=83&Month=3&Day=25&lstProvince=&Apply=Apply&timeframe=2,BONNARD 1, QUEBEC ,"50°43'44.000"" N","71°00'47.000"" W",498.00 m,7060826,71383,WKD                 ,CWKD                 ,
1114619,https://climate.weather.gc.ca/climate_data/daily_data_e.html?hlyRange=1997-11-20%7C2026-03-25&dlyRange=1997-11-24%7C2026-03-25&mlyRange=1997-12-01%7C2005-09-01&climate_id=1114619&Prov=BC&urlExtension=_e.html&searchType=stnProv&optLimit=specDate&StartYear=1840&EndYear=2026&selRowPerPage=100&Line=520&Month=3&Day=25&lstProvince=&Apply=Apply&timeframe=2,LILLOOET, BRITISH COLUMBIA ,"50°41'01.420"" N","121°56'02.945"" W",239.50 m,1114619,71999,WKF                 ,CWKF                 ,
8202592,https://climate.weather.gc.ca/climate_data/daily_data_e.html?hlyRange=1994-02-01%7C2026-03-25&dlyRange=1993-04-01%7C2026-03-25&mlyRange=1993-01-01%7C2007-07-01&climate_id=8202592&Prov=NS&urlExtension=_e.html&searchType=stnProv&optLimit=specDate&StartYear=1840&EndYear=2026&selRowPerPage=100&Line=443&Month=3&Day=25&lstProvince=&Apply=Apply&timeframe=2,KEJIMKUJIK 1, NOVA SCOTIA ,"44°24'11.020"" N","65°12'11.070"" W",125.00 m,8202592,71599,WKG                 ,CWKG                 ,
6049470,https://climate.weather.gc.ca/climate_data/daily_data_e.html?hlyRange=2005-12-30%7C2026-03-25&dlyRange=2005-09-06%7C2026-03-25&mlyRange=%7C&climate_id=6049470&Prov=ON&urlExtension=_e.html&searchType=stnProv&optLimit=specDate&StartYear=1840&EndYear=2026&selRowPerPage=100&Line=523&Month=3&Day=25&lstProvince=&Apply=Apply&timeframe=2,LITTLE FLATLAND ISLAND (AUT), ONTARIO ,"49°41'24.000"" N","88°18'21.000"" W",261.00 m,6049470,71468,WKK                 ,CWKK                 ,
4036844,https://climate.weather.gc.ca/climate_data/daily_data_e.html?hlyRange=1970-12-08%7C2026-03-25&dlyRange=1970-12-01%7C2026-03-25&mlyRange=1971-01-01%7C2007-11-01&climate_id=4036844&Prov=SK&urlExtension=_e.html&searchType=stnProv&optLimit=specDate&StartYear=1840&EndYear=2026&selRowPerPage=100&Line=795&Month=3&Day=25&lstProvince=&Apply=Apply&timeframe=2,ROCKGLEN (AUT), SASKATCHEWAN ,"49°10'04.040"" N","105°58'45.060"" W",917.00 m,4036844,71135,WKO                 ,CWKO                 ,
1113581,https://climate.weather.gc.ca/climate_data/daily_data_e.html?hlyRange=1969-12-31%7C2014-03-20&dlyRange=1975-05-01%7C2026-03-25&mlyRange=1975-01-01%7C2007-02-01&climate_id=1113581&Prov=BC&urlExtension=_e.html&searchType=stnProv&optLimit=specDate&StartYear=1840&EndYear=2026&selRowPerPage=100&Line=395&Month=3&Day=25&lstProvince=&Apply=Apply&timeframe=2,HOPE SLIDE, BRITISH COLUMBIA ,"49°16'00.000"" N","121°14'00.000"" W",685.00 m,1113581,,WKV                 ,CWKV                 ,
1113582,https://climate.weather.gc.ca/climate_data/daily_data_e.html?hlyRange=2014-03-20%7C2026-03-25&dlyRange=%7C&mlyRange=%7C&climate_id=1113582&Prov=BC&urlExtension=_e.html&searchType=stnProv&optLimit=specDate&StartYear=1840&EndYear=2026&selRowPerPage=100&Line=396&Month=3&Day=25&lstProvince=&Apply=Apply&timeframe=2,HOPE SLIDE A, BRITISH COLUMBIA ,"49°16'30.000"" N","121°14'11.000"" W",687.80 m,1113582,,WKV                 ,CWKV                 ,
119BLM0,https://climate.weather.gc.ca/climate_data/daily_data_e.html?hlyRange=1994-02-01%7C2026-03-25&dlyRange=1993-08-01%7C2026-03-25&mlyRange=1993-01-01%7C2007-02-01&climate_id=119BLM0&Prov=BC&urlExtension=_e.html&searchType=stnProv&optLimit=specDate&StartYear=1840&EndYear=2026&selRowPerPage=100&Line=214&Month=3&Day=25&lstProvince=&Apply=Apply&timeframe=2,DEASE LAKE (AUT), BRITISH COLUMBIA ,"58°25'33.959"" N","130°01'30.000"" W",800.70 m,119BLM0,71222,WKX                 ,CWKX                 ,
1054500,https://climate.weather.gc.ca/climate_data/daily_data_e.html?hlyRange=1954-01-01%7C2001-12-13&dlyRange=1936-07-01%7C2026-03-25&mlyRange=1936-01-01%7C2007-02-01&climate_id=1054500&Prov=BC&urlExtension=_e.html&searchType=stnProv&optLimit=specDate&StartYear=1840&EndYear=2026&selRowPerPage=100&Line=505&Month=3&Day=25&lstProvince=&Apply=Apply&timeframe=2,LANGARA, BRITISH COLUMBIA ,"54°15'18.648"" N","133°03'28.799"" W",42.70 m,1054500,71899,WLA                 ,CWLA                 ,
3063686,https://climate.weather.gc.ca/climate_data/daily_data_e.html?hlyRange=2003-11-01%7C2026-03-25&dlyRange=2001-02-01%7C2026-03-25&mlyRange=2001-03-01%7C2007-11-01&climate_id=3063686&Prov=AB&urlExtension=_e.html&searchType=stnProv&optLimit=specDate&StartYear=1840&EndYear=2026&selRowPerPage=100&Line=497&Month=3&Day=25&lstProvince=&Apply=Apply&timeframe=2,LAC LA BICHE CLIMATE, ALBERTA ,"54°46'08.000"" N","112°01'25.000"" W",567.00 m,3063686,71316,WLB                 ,CWLB                 ,
1064728,https://climate.weather.gc.ca/climate_data/daily_data_e.html?hlyRange=1994-02-04%7C2026-03-25&dlyRange=1991-01-01%7C2026-03-25&mlyRange=1991-02-01%7C2000-09-01&climate_id=1064728&Prov=BC&urlExtension=_e.html&searchType=stnProv&optLimit=specDate&StartYear=1840&EndYear=2026&selRowPerPage=100&Line=536&Month=3&Day=25&lstProvince=&Apply=Apply&timeframe=2,LUCY ISLAND LIGHTSTATION, BRITISH COLUMBIA ,"54°17'45.312"" N","130°36'32.400"" W",2.00 m,1064728,71220,WLC                 ,CWLC                 ,
4024714,https://climate.weather.gc.ca/climate_data/daily_data_e.html?hlyRange=1994-02-01%7C2026-03-25&dlyRange=1992-12-01%7C2026-03-25&mlyRange=1996-04-01%7C2007-10-01&climate_id=4024714&Prov=SK&urlExtension=_e.html&searchType=stnProv&optLimit=specDate&StartYear=1840&EndYear=2026&selRowPerPage=100&Line=535&Month=3&Day=25&lstProvince=&Apply=Apply&timeframe=2,LUCKY LAKE, SASKATCHEWAN ,"50°57'00.000"" N","107°09'00.000"" W",664.70 m,4024714,71455,WLE                 ,CWLE                 ,
220B6Q3,https://climate.weather.gc.ca/climate_data/daily_data_e.html?hlyRange=1994-02-01%7C2026-03-25&dlyRange=1993-09-16%7C2026-03-25&mlyRange=2005-11-01%7C2007-08-01&climate_id=220B6Q3&Prov=NT&urlExtension=_e.html&searchType=stnProv&optLimit=specDate&StartYear=1840&EndYear=2026&selRowPerPage=100&Line=522&Month=3&Day=25&lstProvince=&Apply=Apply&timeframe=2,LITTLE CHICAGO, NORTHWEST TERRITORIES ,"67°10'45.000"" N","130°13'41.000"" W",62.50 m,220B6Q3,71164,WLG                 ,CWLG                 ,
406N0NM,https://climate.weather.gc.ca/climate_data/daily_data_e.html?hlyRange=1994-02-01%7C2026-03-25&dlyRange=1996-09-01%7C2026-03-25&mlyRange=1996-09-01%7C2007-11-01&climate_id=406N0NM&Prov=SK&urlExtension=_e.html&searchType=stnProv&optLimit=specDate&StartYear=1840&EndYear=2026&selRowPerPage=100&Line=572&Month=3&Day=25&lstProvince=&Apply=Apply&timeframe=2,MEADOW LAKE, SASKATCHEWAN ,"54°08'00.000"" N","108°31'00.000"" W",481.00 m,406N0NM,71970,WLJ                 ,CWLJ                 ,
1018611,https://climate.weather.gc.ca/climate_data/daily_data_e.html?hlyRange=1994-02-01%7C2026-03-25&dlyRange=1973-01-01%7C2026-03-25&mlyRange=1972-01-01%7C2007-02-01&climate_id=1018611&Prov=BC&urlExtension=_e.html&searchType=stnProv&optLimit=specDate&StartYear=1840&EndYear=2026&selRowPerPage=100&Line=986&Month=3&Day=25&lstProvince=&Apply=Apply&timeframe=2,VICTORIA GONZALES CS, BRITISH COLUMBIA ,"48°24'47.896"" N","123°19'29.192"" W",61.00 m,1018611,71200,WLM                 ,CWLM                 ,
1063461,https://climate.weather.gc.ca/climate_data/daily_data_e.html?hlyRange=1994-02-01%7C2026-03-25&dlyRange=1994-12-30%7C2026-03-25&mlyRange=2005-06-01%7C2007-02-01&climate_id=1063461&Prov=BC&urlExtension=_e.html&searchType=stnProv&optLimit=specDate&StartYear=1840&EndYear=2026&selRowPerPage=100&Line=387&Month=3&Day=25&lstProvince=&Apply=Apply&timeframe=2,HERBERT ISLAND (AUT), BRITISH COLUMBIA ,"50°56'23.140"" N","127°37'55.380"" W",13.50 m,1063461,71485,WLP                 ,CWLP                 ,
6145504,https://climate.weather.gc.ca/climate_data/daily_data_e.html?hlyRange=1994-02-01%7C2026-03-25&dlyRange=1992-12-02%7C2026-03-25&mlyRange=2003-10-01%7C2006-12-01&climate_id=6145504&Prov=ON&urlExtension=_e.html&searchType=stnProv&optLimit=specDate&StartYear=1840&EndYear=2026&selRowPerPage=100&Line=607&Month=3&Day=25&lstProvince=&Apply=Apply&timeframe=2,MOUNT FOREST (AUT), ONTARIO ,"43°59'00.000"" N","80°45'00.000"" W",414.50 m,6145504,71631,WLS                 ,CWLS                 ,
4068559,https://climate.weather.gc.ca/climate_data/daily_data_e.html?hlyRange=1994-02-01%7C2026-03-25&dlyRange=1992-12-01%7C2026-03-25&mlyRange=1996-01-01%7C2007-11-01&climate_id=4068559&Prov=SK&urlExtension=_e.html&searchType=stnProv&optLimit=specDate&StartYear=1840&EndYear=2026&selRowPerPage=100&Line=1001&Month=3&Day=25&lstProvince=&Apply=Apply&timeframe=2,WASKESIU LAKE, SASKATCHEWAN ,"53°55'00.000"" N","106°04'00.000"" W",569.40 m,4068559,71454,WLV                 ,CWLV                 ,
1114738,https://climate.weather.gc.ca/climate_data/daily_data_e.html?hlyRange=2013-08-20%7C2026-03-25&dlyRange=2013-08-22%7C2026-03-25&mlyRange=%7C&climate_id=1114738&Prov=BC&urlExtension=_e.html&searchType=stnProv&optLimit=specDate&StartYear=1840&EndYear=2026&selRowPerPage=100&Line=543&Month=3&Day=25&lstProvince=&Apply=Apply&timeframe=2,LYTTON A, BRITISH COLUMBIA ,"50°13'28.000"" N","121°34'55.000"" W",224.90 m,1114738,71812,WLY                 ,CWLY                 ,
1061458,https://climate.weather.gc.ca/climate_data/daily_data_e.html?hlyRange=1994-02-01%7C2026-03-25&dlyRange=1994-12-30%7C2026-03-25&mlyRange=2002-05-01%7C2007-02-01&climate_id=1061458&Prov=BC&urlExtension=_e.html&searchType=stnProv&optLimit=specDate&StartYear=1840&EndYear=2026&selRowPerPage=100&Line=140&Month=3&Day=25&lstProvince=&Apply=Apply&timeframe=2,CATHEDRAL POINT (AUT), BRITISH COLUMBIA ,"52°11'14.830"" N","127°28'16.180"" W",26.40 m,1061458,71482,WME                 ,CWME                 ,
8103050,https://climate.weather.gc.ca/climate_data/daily_data_e.html?hlyRange=1964-08-19%7C2026-03-25&dlyRange=1957-11-01%7C2026-03-25&mlyRange=1957-01-01%7C2007-07-01&climate_id=8103050&Prov=NB&urlExtension=_e.html&searchType=stnProv&optLimit=specDate&StartYear=1840&EndYear=2026&selRowPerPage=100&Line=586&Month=3&Day=25&lstProvince=&Apply=Apply&timeframe=2,MISCOU ISLAND (AUT), NEW BRUNSWICK ,"48°00'32.002"" N","64°29'39.008"" W",4.00 m,8103050,71719,WMI                 ,CWMI                 ,
7034482,https://climate.weather.gc.ca/climate_data/daily_data_e.html?hlyRange=1994-02-01%7C2026-03-25&dlyRange=1993-06-21%7C2026-03-25&mlyRange=1972-01-01%7C2005-12-01&climate_id=7034482&Prov=QC&urlExtension=_e.html&searchType=stnProv&optLimit=specDate&StartYear=1840&EndYear=2026&selRowPerPage=100&Line=551&Month=3&Day=25&lstProvince=&Apply=Apply&timeframe=2,MANIWAKI AIRPORT, QUEBEC ,"46°16'29.000"" N","75°59'31.000"" W",199.70 m,7034482,71721,WMJ                 ,CWMJ                 ,
1106178,https://climate.weather.gc.ca/climate_data/daily_data_e.html?hlyRange=1994-02-01%7C2026-03-25&dlyRange=1993-10-01%7C2026-03-25&mlyRange=1993-01-01%7C2007-02-01&climate_id=1106178&Prov=BC&urlExtension=_e.html&searchType=stnProv&optLimit=specDate&StartYear=1840&EndYear=2026&selRowPerPage=100&Line=704&Month=3&Day=25&lstProvince=&Apply=Apply&timeframe=2,PITT MEADOWS CS, BRITISH COLUMBIA ,"49°12'29.964"" N","122°41'24.076"" W",5.00 m,1106178,71775,WMM                 ,CWMM                 ,
4024919,https://climate.weather.gc.ca/climate_data/daily_data_e.html?hlyRange=1994-02-01%7C2026-03-25&dlyRange=1992-12-01%7C2026-03-25&mlyRange=1996-04-01%7C2007-11-01&climate_id=4024919&Prov=SK&urlExtension=_e.html&searchType=stnProv&optLimit=specDate&StartYear=1840&EndYear=2026&selRowPerPage=100&Line=555&Month=3&Day=25&lstProvince=&Apply=Apply&timeframe=2,MAPLE CREEK, SASKATCHEWAN ,"49°54'09.050"" N","109°27'58.060"" W",766.70 m,4024919,71453,WMQ                 ,CWMQ                 ,
1065010,https://climate.weather.gc.ca/climate_data/daily_data_e.html?hlyRange=1955-01-01%7C2001-12-13&dlyRange=1954-02-01%7C2026-03-25&mlyRange=1954-01-01%7C2007-02-01&climate_id=1065010&Prov=BC&urlExtension=_e.html&searchType=stnProv&optLimit=specDate&StartYear=1840&EndYear=2026&selRowPerPage=100&Line=569&Month=3&Day=25&lstProvince=&Apply=Apply&timeframe=2,MCINNES ISLAND, BRITISH COLUMBIA ,"52°15'42.000"" N","128°43'10.000"" W",25.90 m,1065010,71897,WMS                 ,CWMS                 ,
2202678,https://climate.weather.gc.ca/climate_data/daily_data_e.html?hlyRange=1994-03-07%7C2026-03-25&dlyRange=1974-05-01%7C2026-03-25&mlyRange=1974-01-01%7C2007-09-01&climate_id=2202678&Prov=NT&urlExtension=_e.html&searchType=stnProv&optLimit=specDate&StartYear=1840&EndYear=2026&selRowPerPage=100&Line=1020&Month=3&Day=25&lstProvince=&Apply=Apply&timeframe=2,WHATI, NORTHWEST TERRITORIES ,"63°08'01.070"" N","117°14'41.050"" W",271.30 m,2202678,71163,WMT                 ,CWMT                 ,
3064528,https://climate.weather.gc.ca/climate_data/daily_data_e.html?hlyRange=1994-02-01%7C2026-03-25&dlyRange=1993-12-14%7C2026-03-25&mlyRange=1994-01-01%7C2007-11-01&climate_id=3064528&Prov=AB&urlExtension=_e.html&searchType=stnProv&optLimit=specDate&StartYear=1840&EndYear=2026&selRowPerPage=100&Line=582&Month=3&Day=25&lstProvince=&Apply=Apply&timeframe=2,MILDRED LAKE, ALBERTA ,"57°02'28.000"" N","111°33'32.000"" W",310.00 m,3064528,71255,WMX                 ,CWMX                 ,
6119M51,https://climate.weather.gc.ca/climate_data/daily_data_e.html?hlyRange=1994-03-17%7C2026-03-25&dlyRange=1994-12-30%7C2026-03-25&mlyRange=%7C&climate_id=6119M51&Prov=ON&urlExtension=_e.html&searchType=stnProv&optLimit=specDate&StartYear=1840&EndYear=2026&selRowPerPage=100&Line=1016&Month=3&Day=25&lstProvince=&Apply=Apply&timeframe=2,WESTERN ISLAND (AUT), ONTARIO ,"45°02'00.000"" N","80°22'00.000"" W",191.10 m,6119M51,71438,WMZ                 ,CWMZ                 ,
6151684,https://climate.weather.gc.ca/climate_data/daily_data_e.html?hlyRange=1993-10-31%7C2026-03-25&dlyRange=1992-12-02%7C2026-03-25&mlyRange=2003-10-01%7C2006-12-01&climate_id=6151684&Prov=ON&urlExtension=_e.html&searchType=stnProv&optLimit=specDate&StartYear=1840&EndYear=2026&selRowPerPage=100&Line=178&Month=3&Day=25&lstProvince=&Apply=Apply&timeframe=2,COBOURG (AUT), ONTARIO ,"43°57'00.000"" N","78°10'00.000"" W",77.70 m,6151684,71431,WNC                 ,CWNC                 ,
8300516,https://climate.weather.gc.ca/climate_data/daily_data_e.html?hlyRange=1994-02-01%7C2026-03-25&dlyRange=2002-10-18%7C2026-03-25&mlyRange=2005-11-01%7C2007-07-01&climate_id=8300516&Prov=PE&urlExtension=_e.html&searchType=stnProv&optLimit=specDate&StartYear=1840&EndYear=2026&selRowPerPage=100&Line=646&Month=3&Day=25&lstProvince=&Apply=Apply&timeframe=2,NORTH CAPE, PRINCE EDWARD ISLAND ,"47°03'29.000"" N","63°59'55.000"" W",7.60 m,8300516,71987,WNE                 ,CWNE                 ,
7056616,https://climate.weather.gc.ca/climate_data/daily_data_e.html?hlyRange=1994-02-01%7C2026-03-25&dlyRange=1992-12-02%7C2026-03-25&mlyRange=%7C&climate_id=7056616&Prov=QC&urlExtension=_e.html&searchType=stnProv&optLimit=specDate&StartYear=1840&EndYear=2026&selRowPerPage=100&Line=787&Month=3&Day=25&lstProvince=&Apply=Apply&timeframe=2,RIVIERE-DU-LOUP, QUEBEC ,"47°48'21.000"" N","69°32'55.000"" W",146.50 m,7056616,71715,WNH                 ,CWNH                 ,
1063298,https://climate.weather.gc.ca/climate_data/daily_data_e.html?hlyRange=1970-01-01%7C2001-12-13&dlyRange=1978-10-01%7C2026-03-25&mlyRange=1978-01-01%7C2007-02-01&climate_id=1063298&Prov=BC&urlExtension=_e.html&searchType=stnProv&optLimit=specDate&StartYear=1840&EndYear=2026&selRowPerPage=100&Line=358&Month=3&Day=25&lstProvince=&Apply=Apply&timeframe=2,GREEN ISLAND, BRITISH COLUMBIA ,"54°34'07.020"" N","130°42'29.020"" W",11.90 m,1063298,,WNJ                 ,CWNJ                 ,
502I001,https://climate.weather.gc.ca/climate_data/daily_data_e.html?hlyRange=1995-06-27%7C2026-03-25&dlyRange=1995-06-27%7C2026-03-25&mlyRange=1996-01-01%7C2007-11-01&climate_id=502I001&Prov=MB&urlExtension=_e.html&searchType=stnProv&optLimit=specDate&StartYear=1840&EndYear=2026&selRowPerPage=100&Line=134&Month=3&Day=25&lstProvince=&Apply=Apply&timeframe=2,CARMAN U OF M CS, MANITOBA ,"49°29'53.200"" N","98°01'47.100"" W",268.20 m,502I001,71147,WNK                 ,CWNK                 ,
1145M29,https://climate.weather.gc.ca/climate_data/daily_data_e.html?hlyRange=1994-02-01%7C2026-03-25&dlyRange=1992-11-01%7C2026-03-25&mlyRange=1992-01-01%7C2006-10-01&climate_id=1145M29&Prov=BC&urlExtension=_e.html&searchType=stnProv&optLimit=specDate&StartYear=1840&EndYear=2026&selRowPerPage=100&Line=629&Month=3&Day=25&lstProvince=&Apply=Apply&timeframe=2,NELSON CS, BRITISH COLUMBIA ,"49°29'29.000"" N","117°18'19.000"" W",534.90 m,1145M29,71776,WNM                 ,CWNM                 ,
1186173,https://climate.weather.gc.ca/climate_data/daily_data_e.html?hlyRange=2019-01-23%7C2026-03-25&dlyRange=2019-01-23%7C2026-03-25&mlyRange=%7C&climate_id=1186173&Prov=BC&urlExtension=_e.html&searchType=stnProv&optLimit=specDate&StartYear=1840&EndYear=2026&selRowPerPage=100&Line=702&Month=3&Day=25&lstProvince=&Apply=Apply&timeframe=2,PINK MOUNTAIN 3, BRITISH COLUMBIA ,"56°56'07.000"" N","122°43'01.000"" W",960.10 m,1186173,,WNO                 ,CWNO                 ,
1145297,https://climate.weather.gc.ca/climate_data/daily_data_e.html?hlyRange=1994-02-01%7C2026-03-25&dlyRange=1991-01-01%7C2026-03-25&mlyRange=1991-02-01%7C2006-11-01&climate_id=1145297&Prov=BC&urlExtension=_e.html&searchType=stnProv&optLimit=specDate&StartYear=1840&EndYear=2026&selRowPerPage=100&Line=618&Month=3&Day=25&lstProvince=&Apply=Apply&timeframe=2,NAKUSP CS, BRITISH COLUMBIA ,"50°16'09.930"" N","117°49'01.540"" W",512.10 m,1145297,71216,WNP                 ,CWNP                 ,
7025442,https://climate.weather.gc.ca/climate_data/daily_data_e.html?hlyRange=1994-02-01%7C2026-03-25&dlyRange=1993-08-31%7C2026-03-25&mlyRange=%7C&climate_id=7025442&Prov=QC&urlExtension=_e.html&searchType=stnProv&optLimit=specDate&StartYear=1840&EndYear=2026&selRowPerPage=100&Line=634&Month=3&Day=25&lstProvince=&Apply=Apply&timeframe=2,NICOLET, QUEBEC ,"46°13'33.000"" N","72°39'26.000"" W",8.00 m,7025442,71723,WNQ                 ,CWNQ                 ,
305MGFF,https://climate.weather.gc.ca/climate_data/daily_data_e.html?hlyRange=1994-02-01%7C2026-03-25&dlyRange=1994-03-22%7C2026-03-25&mlyRange=1999-04-01%7C2006-06-01&climate_id=305MGFF&Prov=AB&urlExtension=_e.html&searchType=stnProv&optLimit=specDate&StartYear=1840&EndYear=2026&selRowPerPage=100&Line=617&Month=3&Day=25&lstProvince=&Apply=Apply&timeframe=2,NAKISKA RIDGETOP, ALBERTA ,"50°56'33.000"" N","115°11'25.000"" W","2,543.00 m",305MGFF,71245,WNR                 ,CWNR                 ,
8204154,https://climate.weather.gc.ca/climate_data/daily_data_e.html?hlyRange=1994-02-01%7C2026-03-25&dlyRange=2017-05-09%7C2026-03-25&mlyRange=%7C&climate_id=8204154&Prov=NS&urlExtension=_e.html&searchType=stnProv&optLimit=specDate&StartYear=1840&EndYear=2026&selRowPerPage=100&Line=650&Month=3&Day=25&lstProvince=&Apply=Apply&timeframe=2,NORTHEAST MARGAREE (AUT), NOVA SCOTIA ,"46°22'06.090"" N","60°58'33.080"" W",54.00 m,8204154,73027,WNS                 ,CWNS                 ,
2100693,https://climate.weather.gc.ca/climate_data/daily_data_e.html?hlyRange=1998-06-29%7C2026-03-25&dlyRange=1998-02-01%7C2026-03-25&mlyRange=1998-02-01%7C2007-11-01&climate_id=2100693&Prov=YT&urlExtension=_e.html&searchType=stnProv&optLimit=specDate&StartYear=1840&EndYear=2026&selRowPerPage=100&Line=547&Month=3&Day=25&lstProvince=&Apply=Apply&timeframe=2,MACMILLAN PASS, YUKON ,"63°14'37.026"" N","130°02'14.028"" W","1,379.00 m",2100693,71990,WNV                 ,CWNV                 ,
6075543,https://climate.weather.gc.ca/climate_data/daily_data_e.html?hlyRange=1994-02-01%7C2026-03-25&dlyRange=1993-01-12%7C2026-03-25&mlyRange=2003-10-01%7C2006-12-01&climate_id=6075543&Prov=ON&urlExtension=_e.html&searchType=stnProv&optLimit=specDate&StartYear=1840&EndYear=2026&selRowPerPage=100&Line=613&Month=3&Day=25&lstProvince=&Apply=Apply&timeframe=2,NAGAGAMI (AUT), ONTARIO ,"49°44'48.600"" N","84°09'49.300"" W",264.00 m,6075543,71832,WNZ                 ,CWNZ                 ,
7055422,https://climate.weather.gc.ca/climate_data/daily_data_e.html?hlyRange=1994-02-01%7C2026-03-25&dlyRange=1993-11-12%7C2026-03-25&mlyRange=%7C&climate_id=7055422&Prov=QC&urlExtension=_e.html&searchType=stnProv&optLimit=specDate&StartYear=1840&EndYear=2026&selRowPerPage=100&Line=631&Month=3&Day=25&lstProvince=&Apply=Apply&timeframe=2,NEW CARLISLE 1, QUEBEC ,"48°00'43.000"" N","65°19'54.000"" W",46.40 m,7055422,71619,WOC                 ,CWOC                 ,
7065639,https://climate.weather.gc.ca/climate_data/daily_data_e.html?hlyRange=1994-02-01%7C2026-03-25&dlyRange=1993-08-31%7C2026-03-25&mlyRange=%7C&climate_id=7065639&Prov=QC&urlExtension=_e.html&searchType=stnProv&optLimit=specDate&StartYear=1840&EndYear=2026&selRowPerPage=100&Line=640&Month=3&Day=25&lstProvince=&Apply=Apply&timeframe=2,NORMANDIN, QUEBEC ,"48°50'30.000"" N","72°32'49.000"" W",137.20 m,7065639,71379,WOD                 ,CWOD                 ,
3044923,https://climate.weather.gc.ca/climate_data/daily_data_e.html?hlyRange=1994-02-01%7C2026-03-25&dlyRange=1994-03-22%7C2026-03-25&mlyRange=1996-04-01%7C2007-10-01&climate_id=3044923&Prov=AB&urlExtension=_e.html&searchType=stnProv&optLimit=specDate&StartYear=1840&EndYear=2026&selRowPerPage=100&Line=660&Month=3&Day=25&lstProvince=&Apply=Apply&timeframe=2,ONEFOUR CDA, ALBERTA ,"49°07'00.000"" N","110°28'00.000"" W",935.00 m,3044923,71116,WOE                 ,CWOE                 ,
2100660,https://climate.weather.gc.ca/climate_data/daily_data_e.html?hlyRange=1995-07-21%7C2026-03-25&dlyRange=1995-07-21%7C2026-03-25&mlyRange=2004-05-01%7C2006-11-01&climate_id=2100660&Prov=YT&urlExtension=_e.html&searchType=stnProv&optLimit=specDate&StartYear=1840&EndYear=2026&selRowPerPage=100&Line=427&Month=3&Day=25&lstProvince=&Apply=Apply&timeframe=2,IVVAVIK NAT. PARK, YUKON ,"69°09'52.000"" N","140°09'00.000"" W",243.80 m,2100660,71978,WOI                 ,CWOI                 ,
504K0NM,https://climate.weather.gc.ca/climate_data/daily_data_e.html?hlyRange=1994-02-01%7C2026-03-25&dlyRange=1994-07-06%7C2026-03-25&mlyRange=1996-08-01%7C2007-10-01&climate_id=504K0NM&Prov=MB&urlExtension=_e.html&searchType=stnProv&optLimit=specDate&StartYear=1840&EndYear=2026&selRowPerPage=100&Line=653&Month=3&Day=25&lstProvince=&Apply=Apply&timeframe=2,OAKPOINT MARINE, MANITOBA ,"50°29'58.044"" N","98°02'12.030"" W",249.60 m,504K0NM,71144,WOJ                 ,CWOJ                 ,
4022359,https://climate.weather.gc.ca/climate_data/daily_data_e.html?hlyRange=1994-02-01%7C2026-03-25&dlyRange=1973-01-01%7C2026-03-25&mlyRange=1972-01-01%7C2007-11-01&climate_id=4022359&Prov=SK&urlExtension=_e.html&searchType=stnProv&optLimit=specDate&StartYear=1840&EndYear=2026&selRowPerPage=100&Line=252&Month=3&Day=25&lstProvince=&Apply=Apply&timeframe=2,ELBOW CS, SASKATCHEWAN ,"51°08'00.000"" N","106°35'00.000"" W",595.00 m,4022359,71450,WOK                 ,CWOK                 ,
2100LRP,https://climate.weather.gc.ca/climate_data/daily_data_e.html?hlyRange=1995-10-12%7C2026-03-25&dlyRange=1995-10-26%7C2026-03-25&mlyRange=1999-05-01%7C2007-02-01&climate_id=2100LRP&Prov=YT&urlExtension=_e.html&searchType=stnProv&optLimit=specDate&StartYear=1840&EndYear=2026&selRowPerPage=100&Line=209&Month=3&Day=25&lstProvince=&Apply=Apply&timeframe=2,DAWSON, YUKON ,"64°03'39.076"" N","139°07'36.000"" W",370.00 m,2100LRP,71966,WON                 ,CWON                 ,
5043158,https://climate.weather.gc.ca/climate_data/daily_data_e.html?hlyRange=1997-07-27%7C2026-03-25&dlyRange=1971-05-01%7C2026-03-25&mlyRange=1971-01-01%7C2007-11-01&climate_id=5043158&Prov=MB&urlExtension=_e.html&searchType=stnProv&optLimit=specDate&StartYear=1840&EndYear=2026&selRowPerPage=100&Line=568&Month=3&Day=25&lstProvince=&Apply=Apply&timeframe=2,MCCREARY, MANITOBA ,"50°42'43.001"" N","99°31'48.003"" W",351.00 m,5043158,71149,WOO                 ,CWOO                 ,
40190LN,https://climate.weather.gc.ca/climate_data/daily_data_e.html?hlyRange=1994-02-01%7C2026-03-25&dlyRange=1992-12-18%7C2026-03-25&mlyRange=1999-04-01%7C2007-11-01&climate_id=40190LN&Prov=SK&urlExtension=_e.html&searchType=stnProv&optLimit=specDate&StartYear=1840&EndYear=2026&selRowPerPage=100&Line=1043&Month=3&Day=25&lstProvince=&Apply=Apply&timeframe=2,WYNYARD (AUT), SASKATCHEWAN ,"51°46'00.000"" N","104°12'00.000"" W",560.10 m,40190LN,71865,WOY                 ,CWOY                 ,
3063135,https://climate.weather.gc.ca/climate_data/daily_data_e.html?hlyRange=1995-08-01%7C2026-03-25&dlyRange=1995-08-01%7C2026-03-25&mlyRange=1998-04-01%7C2007-11-01&climate_id=3063135&Prov=AB&urlExtension=_e.html&searchType=stnProv&optLimit=specDate&StartYear=1840&EndYear=2026&selRowPerPage=100&Line=386&Month=3&Day=25&lstProvince=&Apply=Apply&timeframe=2,HENDRICKSON CREEK, ALBERTA ,"53°47'42.001"" N","118°26'48.005"" W","1,448.00 m",3063135,71979,WPA                 ,CWPA                 ,
613F606,https://climate.weather.gc.ca/climate_data/daily_data_e.html?hlyRange=1994-02-01%7C2026-03-25&dlyRange=1992-12-02%7C2026-03-25&mlyRange=2006-04-01%7C2006-12-01&climate_id=613F606&Prov=ON&urlExtension=_e.html&searchType=stnProv&optLimit=specDate&StartYear=1840&EndYear=2026&selRowPerPage=100&Line=722&Month=3&Day=25&lstProvince=&Apply=Apply&timeframe=2,PORT COLBORNE (AUT), ONTARIO ,"42°52'00.000"" N","79°15'00.000"" W",183.50 m,613F606,71463,WPC                 ,CWPC                 ,
7015791,https://climate.weather.gc.ca/climate_data/daily_data_e.html?hlyRange=1994-02-01%7C2026-03-25&dlyRange=1993-08-26%7C2026-03-25&mlyRange=2005-01-01%7C2005-11-01&climate_id=7015791&Prov=QC&urlExtension=_e.html&searchType=stnProv&optLimit=specDate&StartYear=1840&EndYear=2026&selRowPerPage=100&Line=485&Month=3&Day=25&lstProvince=&Apply=Apply&timeframe=2,L'ETAPE, QUEBEC ,"47°33'44.000"" N","71°13'44.000"" W",791.20 m,7015791,71382,WPD                 ,CWPD                 ,
8104201,https://climate.weather.gc.ca/climate_data/daily_data_e.html?hlyRange=1994-02-01%7C2026-03-25&dlyRange=1992-03-01%7C2026-03-25&mlyRange=1992-01-01%7C2007-07-01&climate_id=8104201&Prov=NB&urlExtension=_e.html&searchType=stnProv&optLimit=specDate&StartYear=1840&EndYear=2026&selRowPerPage=100&Line=707&Month=3&Day=25&lstProvince=&Apply=Apply&timeframe=2,POINT LEPREAU CS, NEW BRUNSWICK ,"45°03'33.500"" N","66°27'28.530"" W",12.80 m,8104201,71699,WPE                 ,CWPE                 ,
1012710,https://climate.weather.gc.ca/climate_data/daily_data_e.html?hlyRange=1994-02-01%7C2026-03-25&dlyRange=1957-10-01%7C2026-03-25&mlyRange=1957-01-01%7C2005-09-01&climate_id=1012710&Prov=BC&urlExtension=_e.html&searchType=stnProv&optLimit=specDate&StartYear=1840&EndYear=2026&selRowPerPage=100&Line=261&Month=3&Day=25&lstProvince=&Apply=Apply&timeframe=2,ESQUIMALT HARBOUR, BRITISH COLUMBIA ,"48°25'55.100"" N","123°26'21.600"" W",3.00 m,1012710,71798,WPF                 ,CWPF                 ,
5012324,https://climate.weather.gc.ca/climate_data/daily_data_e.html?hlyRange=1994-02-01%7C2026-03-25&dlyRange=1992-12-01%7C2026-03-25&mlyRange=1996-01-01%7C2007-11-01&climate_id=5012324&Prov=MB&urlExtension=_e.html&searchType=stnProv&optLimit=specDate&StartYear=1840&EndYear=2026&selRowPerPage=100&Line=732&Month=3&Day=25&lstProvince=&Apply=Apply&timeframe=2,PORTAGE SOUTHPORT, MANITOBA ,"49°54'11.300"" N","98°17'02.900"" W",272.70 m,5012324,71851,WPG                 ,CWPG                 ,
7075800,https://climate.weather.gc.ca/climate_data/daily_data_e.html?hlyRange=1953-01-01%7C2026-03-25&dlyRange=1943-07-01%7C2026-03-25&mlyRange=1943-01-01%7C1978-12-01&climate_id=7075800&Prov=QC&urlExtension=_e.html&searchType=stnProv&optLimit=specDate&StartYear=1840&EndYear=2026&selRowPerPage=100&Line=676&Month=3&Day=25&lstProvince=&Apply=Apply&timeframe=2,PARENT, QUEBEC ,"47°55'20.008"" N","74°37'27.007"" W",444.70 m,7075800,71726,WPK                 ,CWPK                 ,
6016525,https://climate.weather.gc.ca/climate_data/daily_data_e.html?hlyRange=1955-10-26%7C2026-03-25&dlyRange=1930-07-01%7C2026-03-25&mlyRange=1930-01-01%7C2006-11-01&climate_id=6016525&Prov=ON&urlExtension=_e.html&searchType=stnProv&optLimit=specDate&StartYear=1840&EndYear=2026&selRowPerPage=100&Line=695&Month=3&Day=25&lstProvince=&Apply=Apply&timeframe=2,PICKLE LAKE (AUT), ONTARIO ,"51°26'57.001"" N","90°13'04.007"" W",390.80 m,6016525,71835,WPL                 ,CWPL                 ,
1086081,https://climate.weather.gc.ca/climate_data/daily_data_e.html?hlyRange=2007-11-27%7C2026-03-25&dlyRange=2018-05-14%7C2026-03-25&mlyRange=%7C&climate_id=1086081&Prov=BC&urlExtension=_e.html&searchType=stnProv&optLimit=specDate&StartYear=1840&EndYear=2026&selRowPerPage=100&Line=687&Month=3&Day=25&lstProvince=&Apply=Apply&timeframe=2,PEMBERTON AIRPORT (WIND), BRITISH COLUMBIA ,"50°18'08.000"" N","122°44'17.000"" W",203.00 m,1086081,,WPN                 ,CWPN                 ,
5022125,https://climate.weather.gc.ca/climate_data/daily_data_e.html?hlyRange=1957-12-01%7C2026-03-25&dlyRange=1957-12-01%7C2026-03-25&mlyRange=1957-01-01%7C2007-11-01&climate_id=5022125&Prov=MB&urlExtension=_e.html&searchType=stnProv&optLimit=specDate&StartYear=1840&EndYear=2026&selRowPerPage=100&Line=698&Month=3&Day=25&lstProvince=&Apply=Apply&timeframe=2,PILOT MOUND (AUT), MANITOBA ,"49°11'27.700"" N","98°54'17.500"" W",470.30 m,5022125,71148,WPO                 ,CWPO                 ,
112FN0M,https://climate.weather.gc.ca/climate_data/daily_data_e.html?hlyRange=1994-02-01%7C2026-03-25&dlyRange=1992-11-01%7C2026-03-25&mlyRange=1993-04-01%7C2006-10-01&climate_id=112FN0M&Prov=BC&urlExtension=_e.html&searchType=stnProv&optLimit=specDate&StartYear=1840&EndYear=2026&selRowPerPage=100&Line=747&Month=3&Day=25&lstProvince=&Apply=Apply&timeframe=2,PRINCETON CS, BRITISH COLUMBIA ,"49°27'54.000"" N","120°30'36.000"" W",696.50 m,112FN0M,71032,WPR                 ,CWPR                 ,
6134F10,https://climate.weather.gc.ca/climate_data/daily_data_e.html?hlyRange=1994-02-01%7C2026-03-25&dlyRange=1994-12-30%7C2026-03-25&mlyRange=%7C&climate_id=6134F10&Prov=ON&urlExtension=_e.html&searchType=stnProv&optLimit=specDate&StartYear=1840&EndYear=2026&selRowPerPage=100&Line=529&Month=3&Day=25&lstProvince=&Apply=Apply&timeframe=2,LONG POINT (AUT), ONTARIO ,"42°32'00.000"" N","80°03'00.000"" W",175.00 m,6134F10,71464,WPS                 ,CWPS                 ,
1086558,https://climate.weather.gc.ca/climate_data/daily_data_e.html?hlyRange=1994-02-01%7C2026-03-25&dlyRange=1993-03-25%7C2026-03-25&mlyRange=2005-06-01%7C2006-09-01&climate_id=1086558&Prov=BC&urlExtension=_e.html&searchType=stnProv&optLimit=specDate&StartYear=1840&EndYear=2026&selRowPerPage=100&Line=749&Month=3&Day=25&lstProvince=&Apply=Apply&timeframe=2,PUNTZI MOUNTAIN (AUT), BRITISH COLUMBIA ,"52°06'52.000"" N","124°08'08.000"" W",909.80 m,1086558,71050,WPU                 ,CWPU                 ,
1091174,https://climate.weather.gc.ca/climate_data/daily_data_e.html?hlyRange=1990-12-01%7C2026-03-25&dlyRange=1990-12-01%7C2026-03-25&mlyRange=1990-01-01%7C2006-11-01&climate_id=1091174&Prov=BC&urlExtension=_e.html&searchType=stnProv&optLimit=specDate&StartYear=1840&EndYear=2026&selRowPerPage=100&Line=100&Month=3&Day=25&lstProvince=&Apply=Apply&timeframe=2,BURNS LAKE DECKER LAKE, BRITISH COLUMBIA ,"54°22'59.400"" N","125°57'31.200"" W",713.20 m,1091174,71952,WPZ                 ,CWPZ                 ,
701S001,https://climate.weather.gc.ca/climate_data/daily_data_e.html?hlyRange=2005-03-24%7C2026-03-25&dlyRange=1992-12-04%7C2026-03-25&mlyRange=1998-01-01%7C2016-03-01&climate_id=701S001&Prov=QC&urlExtension=_e.html&searchType=stnProv&optLimit=specDate&StartYear=1840&EndYear=2026&selRowPerPage=100&Line=760&Month=3&Day=25&lstProvince=&Apply=Apply&timeframe=2,QUEBEC/JEAN LESAGE INTL, QUEBEC ,"46°48'13.000"" N","71°22'54.000"" W",60.00 m,701S001,71714,WQB                 ,CWQB                 ,
1036B06,https://climate.weather.gc.ca/climate_data/daily_data_e.html?hlyRange=1994-02-01%7C2026-03-25&dlyRange=1992-12-11%7C2026-03-25&mlyRange=2002-03-01%7C2007-02-01&climate_id=1036B06&Prov=BC&urlExtension=_e.html&searchType=stnProv&optLimit=specDate&StartYear=1840&EndYear=2026&selRowPerPage=100&Line=719&Month=3&Day=25&lstProvince=&Apply=Apply&timeframe=2,PORT ALBERNI (AUT), BRITISH COLUMBIA ,"49°18'59.700"" N","124°55'36.600"" W",76.20 m,1036B06,71475,WQC                 ,CWQC                 ,
7046059,https://climate.weather.gc.ca/climate_data/daily_data_e.html?hlyRange=1994-09-19%7C2026-03-25&dlyRange=1995-11-08%7C2026-03-25&mlyRange=%7C&climate_id=7046059&Prov=QC&urlExtension=_e.html&searchType=stnProv&optLimit=specDate&StartYear=1840&EndYear=2026&selRowPerPage=100&Line=711&Month=3&Day=25&lstProvince=&Apply=Apply&timeframe=2,POINTE DE L'ISLET, QUEBEC ,"48°08'08.000"" N","69°42'59.000"" W",7.00 m,7046059,71190,WQD                 ,CWQD                 ,
2203342,https://climate.weather.gc.ca/climate_data/daily_data_e.html?hlyRange=1995-09-19%7C2026-03-25&dlyRange=1995-09-19%7C2026-03-25&mlyRange=1998-04-01%7C2007-09-01&climate_id=2203342&Prov=NT&urlExtension=_e.html&searchType=stnProv&optLimit=specDate&StartYear=1840&EndYear=2026&selRowPerPage=100&Line=764&Month=3&Day=25&lstProvince=&Apply=Apply&timeframe=2,RABBIT KETTLE, NORTHWEST TERRITORIES ,"61°57'47.000"" N","127°12'33.000"" W",618.00 m,2203342,71980,WQF                 ,CWQF                 ,
7024280,https://climate.weather.gc.ca/climate_data/daily_data_e.html?hlyRange=1994-03-14%7C2026-03-25&dlyRange=1888-11-01%7C2026-03-25&mlyRange=1888-01-01%7C1995-10-01&climate_id=7024280&Prov=QC&urlExtension=_e.html&searchType=stnProv&optLimit=specDate&StartYear=1840&EndYear=2026&selRowPerPage=100&Line=514&Month=3&Day=25&lstProvince=&Apply=Apply&timeframe=2,LENNOXVILLE, QUEBEC ,"45°22'08.000"" N","71°49'25.000"" W",181.00 m,7024280,71611,WQH                 ,CWQH                 ,
1016640,https://climate.weather.gc.ca/climate_data/daily_data_e.html?hlyRange=1994-02-01%7C2026-03-25&dlyRange=1995-02-08%7C2026-03-25&mlyRange=%7C&climate_id=1016640&Prov=BC&urlExtension=_e.html&searchType=stnProv&optLimit=specDate&StartYear=1840&EndYear=2026&selRowPerPage=100&Line=765&Month=3&Day=25&lstProvince=&Apply=Apply&timeframe=2,RACE ROCKS, BRITISH COLUMBIA ,"48°17'52.743"" N","123°31'53.186"" W",7.40 m,1016640,71778,WQK                 ,CWQK                 ,
3033890,https://climate.weather.gc.ca/climate_data/daily_data_e.html?hlyRange=1994-06-07%7C2026-03-25&dlyRange=1908-02-01%7C2026-03-25&mlyRange=1908-01-01%7C2007-11-01&climate_id=3033890&Prov=AB&urlExtension=_e.html&searchType=stnProv&optLimit=specDate&StartYear=1840&EndYear=2026&selRowPerPage=100&Line=519&Month=3&Day=25&lstProvince=&Apply=Apply&timeframe=2,LETHBRIDGE CDA, ALBERTA ,"49°41'42.000"" N","112°46'03.000"" W",910.00 m,3033890,71243,WQL                 ,CWQL                 ,
7041166,https://climate.weather.gc.ca/climate_data/daily_data_e.html?hlyRange=1994-02-03%7C2026-03-25&dlyRange=1994-07-14%7C2026-03-25&mlyRange=%7C&climate_id=7041166&Prov=QC&urlExtension=_e.html&searchType=stnProv&optLimit=specDate&StartYear=1840&EndYear=2026&selRowPerPage=100&Line=120&Month=3&Day=25&lstProvince=&Apply=Apply&timeframe=2,CAP-ROUGE, QUEBEC ,"48°22'27.000"" N","70°32'07.000"" W",7.30 m,7041166,71186,WQM                 ,CWQM                 ,
705LKPQ,https://climate.weather.gc.ca/climate_data/daily_data_e.html?hlyRange=1994-02-03%7C2026-03-25&dlyRange=1994-07-14%7C2026-03-25&mlyRange=%7C&climate_id=705LKPQ&Prov=QC&urlExtension=_e.html&searchType=stnProv&optLimit=specDate&StartYear=1840&EndYear=2026&selRowPerPage=100&Line=404&Month=3&Day=25&lstProvince=&Apply=Apply&timeframe=2,ILE BICQUETTE, QUEBEC ,"48°24'56.000"" N","68°53'34.000"" W",7.00 m,705LKPQ,71385,WQO                 ,CWQO                 ,
6156559,https://climate.weather.gc.ca/climate_data/daily_data_e.html?hlyRange=1993-10-31%7C2026-03-25&dlyRange=1992-12-14%7C2026-03-25&mlyRange=%7C&climate_id=6156559&Prov=ON&urlExtension=_e.html&searchType=stnProv&optLimit=specDate&StartYear=1840&EndYear=2026&selRowPerPage=100&Line=709&Month=3&Day=25&lstProvince=&Apply=Apply&timeframe=2,POINT PETRE (AUT), ONTARIO ,"43°50'00.000"" N","77°09'00.000"" W",78.60 m,6156559,71430,WQP                 ,CWQP                 ,
3023722,https://climate.weather.gc.ca/climate_data/daily_data_e.html?hlyRange=1994-02-01%7C2026-03-25&dlyRange=1993-06-04%7C2026-03-25&mlyRange=1996-02-01%7C2007-11-01&climate_id=3023722&Prov=AB&urlExtension=_e.html&searchType=stnProv&optLimit=specDate&StartYear=1840&EndYear=2026&selRowPerPage=100&Line=500&Month=3&Day=25&lstProvince=&Apply=Apply&timeframe=2,LACOMBE CDA 2, ALBERTA ,"52°26'56.006"" N","113°45'21.005"" W",860.00 m,3023722,71242,WQQ                 ,CWQQ                 ,
7043B79,https://climate.weather.gc.ca/climate_data/daily_data_e.html?hlyRange=1994-02-01%7C2026-03-25&dlyRange=1994-07-14%7C2026-03-25&mlyRange=%7C&climate_id=7043B79&Prov=QC&urlExtension=_e.html&searchType=stnProv&optLimit=specDate&StartYear=1840&EndYear=2026&selRowPerPage=100&Line=403&Month=3&Day=25&lstProvince=&Apply=Apply&timeframe=2,ILE AUX PERROQUETS, QUEBEC ,"50°13'15.000"" N","64°12'26.000"" W",9.00 m,7043B79,71375,WQR                 ,CWQR                 ,
1054222,https://climate.weather.gc.ca/climate_data/daily_data_e.html?hlyRange=1994-02-01%7C2026-03-25&dlyRange=1994-12-30%7C2026-03-25&mlyRange=2005-08-01%7C2005-10-01&climate_id=1054222&Prov=BC&urlExtension=_e.html&searchType=stnProv&optLimit=specDate&StartYear=1840&EndYear=2026&selRowPerPage=100&Line=457&Month=3&Day=25&lstProvince=&Apply=Apply&timeframe=2,KINDAKUN ROCKS (AUT), BRITISH COLUMBIA ,"53°18'56.088"" N","132°46'19.199"" W",14.70 m,1054222,71472,WQS                 ,CWQS                 ,
704607C,https://climate.weather.gc.ca/climate_data/daily_data_e.html?hlyRange=1994-02-01%7C2026-03-25&dlyRange=1994-07-14%7C2026-03-25&mlyRange=%7C&climate_id=704607C&Prov=QC&urlExtension=_e.html&searchType=stnProv&optLimit=specDate&StartYear=1840&EndYear=2026&selRowPerPage=100&Line=710&Month=3&Day=25&lstProvince=&Apply=Apply&timeframe=2,POINTE CLAVEAU, QUEBEC ,"48°15'37.000"" N","70°06'52.000"" W",4.00 m,704607C,71189,WQV                 ,CWQV                 ,
7041100,https://climate.weather.gc.ca/climate_data/daily_data_e.html?hlyRange=1994-02-03%7C2026-03-25&dlyRange=1963-09-01%7C2026-03-25&mlyRange=1963-01-01%7C1968-12-01&climate_id=7041100&Prov=QC&urlExtension=_e.html&searchType=stnProv&optLimit=specDate&StartYear=1840&EndYear=2026&selRowPerPage=100&Line=128&Month=3&Day=25&lstProvince=&Apply=Apply&timeframe=2,CAPE WHITTLE, QUEBEC ,"50°09'47.000"" N","60°03'42.000"" W",7.00 m,7041100,71374,WQW                 ,CWQW                 ,
2202351,https://climate.weather.gc.ca/climate_data/daily_data_e.html?hlyRange=1994-02-01%7C2026-03-25&dlyRange=1994-12-30%7C2026-03-25&mlyRange=1998-10-01%7C2007-11-01&climate_id=2202351&Prov=NT&urlExtension=_e.html&searchType=stnProv&optLimit=specDate&StartYear=1840&EndYear=2026&selRowPerPage=100&Line=376&Month=3&Day=25&lstProvince=&Apply=Apply&timeframe=2,HANBURY RIVER, NORTHWEST TERRITORIES ,"63°36'00.000"" N","105°08'00.000"" W",317.40 m,2202351,71963,WQY                 ,CWQY                 ,
8401000,https://climate.weather.gc.ca/climate_data/daily_data_e.html?hlyRange=1953-01-01%7C2026-03-25&dlyRange=1920-10-01%7C2026-03-25&mlyRange=1920-01-01%7C2007-07-01&climate_id=8401000&Prov=NL&urlExtension=_e.html&searchType=stnProv&optLimit=specDate&StartYear=1840&EndYear=2026&selRowPerPage=100&Line=126&Month=3&Day=25&lstProvince=&Apply=Apply&timeframe=2,CAPE RACE (AUT), NEWFOUNDLAND AND LABRADOR ,"46°39'36.000"" N","53°04'35.000"" W",26.50 m,8401000,71800,WRA                 ,CWRA                 ,
3075488,https://climate.weather.gc.ca/climate_data/daily_data_e.html?hlyRange=1994-02-01%7C2026-03-25&dlyRange=1994-03-26%7C2026-03-25&mlyRange=1996-05-01%7C2007-11-01&climate_id=3075488&Prov=AB&urlExtension=_e.html&searchType=stnProv&optLimit=specDate&StartYear=1840&EndYear=2026&selRowPerPage=100&Line=771&Month=3&Day=25&lstProvince=&Apply=Apply&timeframe=2,RED EARTH, ALBERTA ,"56°33'07.070"" N","115°16'40.040"" W",546.00 m,3075488,71246,WRD                 ,CWRD                 ,
4046884,https://climate.weather.gc.ca/climate_data/daily_data_e.html?hlyRange=1994-02-01%7C2026-03-25&dlyRange=1992-12-01%7C2026-03-25&mlyRange=1996-01-01%7C2007-11-01&climate_id=4046884&Prov=SK&urlExtension=_e.html&searchType=stnProv&optLimit=specDate&StartYear=1840&EndYear=2026&selRowPerPage=100&Line=799&Month=3&Day=25&lstProvince=&Apply=Apply&timeframe=2,ROSETOWN EAST, SASKATCHEWAN ,"51°34'00.000"" N","107°55'00.000"" W",586.00 m,4046884,71510,WRJ                 ,CWRJ                 ,
616I001,https://climate.weather.gc.ca/climate_data/daily_data_e.html?hlyRange=1995-05-02%7C2026-03-25&dlyRange=1995-06-20%7C2026-03-25&mlyRange=1997-07-01%7C2006-12-01&climate_id=616I001&Prov=ON&urlExtension=_e.html&searchType=stnProv&optLimit=specDate&StartYear=1840&EndYear=2026&selRowPerPage=100&Line=41&Month=3&Day=25&lstProvince=&Apply=Apply&timeframe=2,BANCROFT AUTO, ONTARIO ,"45°04'17.000"" N","77°52'44.000"" W",330.70 m,616I001,71294,WRK                 ,CWRK                 ,
3015523,https://climate.weather.gc.ca/climate_data/daily_data_e.html?hlyRange=1994-02-01%7C2026-03-25&dlyRange=1992-12-02%7C2026-03-25&mlyRange=1996-02-01%7C2007-11-01&climate_id=3015523&Prov=AB&urlExtension=_e.html&searchType=stnProv&optLimit=specDate&StartYear=1840&EndYear=2026&selRowPerPage=100&Line=796&Month=3&Day=25&lstProvince=&Apply=Apply&timeframe=2,ROCKY MTN HOUSE (AUT), ALBERTA ,"52°25'17.006"" N","114°54'44.003"" W",988.20 m,3015523,71928,WRM                 ,CWRM                 ,
8202318,https://climate.weather.gc.ca/climate_data/daily_data_e.html?hlyRange=1994-02-01%7C2026-03-25&dlyRange=1993-04-03%7C2026-03-25&mlyRange=%7C&climate_id=8202318&Prov=NS&urlExtension=_e.html&searchType=stnProv&optLimit=specDate&StartYear=1840&EndYear=2026&selRowPerPage=100&Line=380&Month=3&Day=25&lstProvince=&Apply=Apply&timeframe=2,HART ISLAND (AUT), NOVA SCOTIA ,"45°21'00.000"" N","60°59'00.000"" W",8.20 m,8202318,71419,WRN                 ,CWRN                 ,
1056869,https://climate.weather.gc.ca/climate_data/daily_data_e.html?hlyRange=1994-05-11%7C2026-03-25&dlyRange=1994-12-30%7C2026-03-25&mlyRange=2004-03-01%7C2005-12-01&climate_id=1056869&Prov=BC&urlExtension=_e.html&searchType=stnProv&optLimit=specDate&StartYear=1840&EndYear=2026&selRowPerPage=100&Line=798&Month=3&Day=25&lstProvince=&Apply=Apply&timeframe=2,ROSE SPIT (AUT), BRITISH COLUMBIA ,"54°09'32.904"" N","131°39'40.773"" W",6.60 m,1056869,71477,WRO                 ,CWRO                 ,
2100935,https://climate.weather.gc.ca/climate_data/daily_data_e.html?hlyRange=1994-02-01%7C2026-03-25&dlyRange=1995-02-27%7C2026-03-25&mlyRange=%7C&climate_id=2100935&Prov=YT&urlExtension=_e.html&searchType=stnProv&optLimit=specDate&StartYear=1840&EndYear=2026&selRowPerPage=100&Line=794&Month=3&Day=25&lstProvince=&Apply=Apply&timeframe=2,ROCK RIVER, YUKON ,"66°58'52.000"" N","136°13'05.000"" W",731.00 m,2100935,71506,WRR                 ,CWRR                 ,
3051R4R,https://climate.weather.gc.ca/climate_data/daily_data_e.html?hlyRange=1994-02-01%7C2026-03-25&dlyRange=1993-06-04%7C2026-03-25&mlyRange=1996-06-01%7C2007-11-01&climate_id=3051R4R&Prov=AB&urlExtension=_e.html&searchType=stnProv&optLimit=specDate&StartYear=1840&EndYear=2026&selRowPerPage=100&Line=201&Month=3&Day=25&lstProvince=&Apply=Apply&timeframe=2,CROWSNEST, ALBERTA ,"49°37'39.090"" N","114°28'55.020"" W","1,303.00 m",3051R4R,71236,WRT                 ,CWRT                 ,
1037553,https://climate.weather.gc.ca/climate_data/daily_data_e.html?hlyRange=1994-02-01%7C2026-03-25&dlyRange=1994-12-30%7C2026-03-25&mlyRange=2007-02-01%7C2007-02-01&climate_id=1037553&Prov=BC&urlExtension=_e.html&searchType=stnProv&optLimit=specDate&StartYear=1840&EndYear=2026&selRowPerPage=100&Line=863&Month=3&Day=25&lstProvince=&Apply=Apply&timeframe=2,SOLANDER ISLAND (AUT), BRITISH COLUMBIA ,"50°06'41.436"" N","127°56'23.999"" W",94.20 m,1037553,71479,WRU                 ,CWRU                 ,
3011240,https://climate.weather.gc.ca/climate_data/daily_data_e.html?hlyRange=1994-02-01%7C2026-03-25&dlyRange=1946-03-01%7C2026-03-25&mlyRange=1946-01-01%7C2007-11-01&climate_id=3011240&Prov=AB&urlExtension=_e.html&searchType=stnProv&optLimit=specDate&StartYear=1840&EndYear=2026&selRowPerPage=100&Line=116&Month=3&Day=25&lstProvince=&Apply=Apply&timeframe=2,CAMROSE, ALBERTA ,"53°03'00.000"" N","112°49'00.000"" W",739.00 m,3011240,71254,WRV                 ,CWRV                 ,
3044533,https://climate.weather.gc.ca/climate_data/daily_data_e.html?hlyRange=1994-02-01%7C2026-03-25&dlyRange=1994-11-18%7C2026-03-25&mlyRange=1996-03-01%7C2007-11-01&climate_id=3044533&Prov=AB&urlExtension=_e.html&searchType=stnProv&optLimit=specDate&StartYear=1840&EndYear=2026&selRowPerPage=100&Line=583&Month=3&Day=25&lstProvince=&Apply=Apply&timeframe=2,MILK RIVER, ALBERTA ,"49°08'00.000"" N","112°03'00.000"" W","1,050.00 m",3044533,71244,WRY                 ,CWRY                 ,
7051050,https://climate.weather.gc.ca/climate_data/daily_data_e.html?hlyRange=1994-02-01%7C2026-03-25&dlyRange=1992-12-02%7C2026-03-25&mlyRange=%7C&climate_id=7051050&Prov=QC&urlExtension=_e.html&searchType=stnProv&optLimit=specDate&StartYear=1840&EndYear=2026&selRowPerPage=100&Line=118&Month=3&Day=25&lstProvince=&Apply=Apply&timeframe=2,CAP-D'ESPOIR, QUEBEC ,"48°25'10.000"" N","64°19'01.000"" W",15.40 m,7051050,71429,WRZ                 ,CWRZ                 ,
8204703,https://climate.weather.gc.ca/climate_data/daily_data_e.html?hlyRange=2014-05-27%7C2026-03-25&dlyRange=2014-05-29%7C2026-03-25&mlyRange=%7C&climate_id=8204703&Prov=NS&urlExtension=_e.html&searchType=stnProv&optLimit=specDate&StartYear=1840&EndYear=2026&selRowPerPage=100&Line=807&Month=3&Day=25&lstProvince=&Apply=Apply&timeframe=2,SABLE ISLAND A, NOVA SCOTIA ,"43°55'46.000"" N","59°57'35.000"" W",1.20 m,8204703,71595,WSA                 ,CWSA                 ,
1106200,https://climate.weather.gc.ca/climate_data/daily_data_e.html?hlyRange=1996-05-31%7C2026-03-25&dlyRange=1968-01-01%7C2026-03-25&mlyRange=1968-01-01%7C2001-11-01&climate_id=1106200&Prov=BC&urlExtension=_e.html&searchType=stnProv&optLimit=specDate&StartYear=1840&EndYear=2026&selRowPerPage=100&Line=706&Month=3&Day=25&lstProvince=&Apply=Apply&timeframe=2,POINT ATKINSON, BRITISH COLUMBIA ,"49°19'49.300"" N","123°15'53.000"" W",14.00 m,1106200,71037,WSB                 ,CWSB                 ,
8300596,https://climate.weather.gc.ca/climate_data/daily_data_e.html?hlyRange=1994-02-01%7C2026-03-25&dlyRange=1999-07-19%7C2026-03-25&mlyRange=2004-01-01%7C2007-07-01&climate_id=8300596&Prov=PE&urlExtension=_e.html&searchType=stnProv&optLimit=specDate&StartYear=1840&EndYear=2026&selRowPerPage=100&Line=900&Month=3&Day=25&lstProvince=&Apply=Apply&timeframe=2,SUMMERSIDE, PRINCE EDWARD ISLAND ,"46°26'28.000"" N","63°50'17.000"" W",12.20 m,8300596,71702,WSD                 ,CWSD                 ,
301222F,https://climate.weather.gc.ca/climate_data/daily_data_e.html?hlyRange=1994-02-01%7C2019-06-27&dlyRange=1966-02-01%7C2026-03-25&mlyRange=1966-01-01%7C2017-12-01&climate_id=301222F&Prov=AB&urlExtension=_e.html&searchType=stnProv&optLimit=specDate&StartYear=1840&EndYear=2026&selRowPerPage=100&Line=244&Month=3&Day=25&lstProvince=&Apply=Apply&timeframe=2,EDMONTON STONY PLAIN, ALBERTA ,"53°32'51.006"" N","114°06'30.090"" W",766.30 m,301222F,71119,WSE                 ,CWSE                 ,
7051163,https://climate.weather.gc.ca/climate_data/daily_data_e.html?hlyRange=1994-02-01%7C2026-03-25&dlyRange=1992-12-30%7C2026-03-25&mlyRange=%7C&climate_id=7051163&Prov=QC&urlExtension=_e.html&searchType=stnProv&optLimit=specDate&StartYear=1840&EndYear=2026&selRowPerPage=100&Line=119&Month=3&Day=25&lstProvince=&Apply=Apply&timeframe=2,CAP-MADELEINE, QUEBEC ,"49°15'03.000"" N","65°19'29.000"" W",29.00 m,7051163,71425,WSF                 ,CWSF                 ,
705S002,https://climate.weather.gc.ca/climate_data/daily_data_e.html?hlyRange=1996-10-08%7C2026-03-25&dlyRange=1996-10-08%7C2026-03-25&mlyRange=%7C&climate_id=705S002&Prov=QC&urlExtension=_e.html&searchType=stnProv&optLimit=specDate&StartYear=1840&EndYear=2026&selRowPerPage=100&Line=117&Month=3&Day=25&lstProvince=&Apply=Apply&timeframe=2,CAP-CHAT, QUEBEC ,"49°06'33.000"" N","66°39'16.000"" W",5.00 m,705S002,71428,WSG                 ,CWSG                 ,
10476F0,https://climate.weather.gc.ca/climate_data/daily_data_e.html?hlyRange=1982-05-17%7C2026-03-25&dlyRange=1982-05-01%7C2026-03-25&mlyRange=1982-01-01%7C2007-02-01&climate_id=10476F0&Prov=BC&urlExtension=_e.html&searchType=stnProv&optLimit=specDate&StartYear=1840&EndYear=2026&selRowPerPage=100&Line=870&Month=3&Day=25&lstProvince=&Apply=Apply&timeframe=2,SQUAMISH AIRPORT, BRITISH COLUMBIA ,"49°46'59.550"" N","123°09'40.300"" W",53.70 m,10476F0,71207,WSK                 ,CWSK                 ,
116FRMN,https://climate.weather.gc.ca/climate_data/daily_data_e.html?hlyRange=1994-02-01%7C2026-03-25&dlyRange=1991-01-01%7C2026-03-25&mlyRange=1991-02-01%7C2006-10-01&climate_id=116FRMN&Prov=BC&urlExtension=_e.html&searchType=stnProv&optLimit=specDate&StartYear=1840&EndYear=2026&selRowPerPage=100&Line=819&Month=3&Day=25&lstProvince=&Apply=Apply&timeframe=2,SALMON ARM CS, BRITISH COLUMBIA ,"50°42'10.800"" N","119°17'26.440"" W",350.50 m,116FRMN,71218,WSL                 ,CWSL                 ,
6144478,https://climate.weather.gc.ca/climate_data/daily_data_e.html?hlyRange=1994-04-08%7C2026-03-25&dlyRange=2002-09-19%7C2026-03-25&mlyRange=2002-11-01%7C2006-12-01&climate_id=6144478&Prov=ON&urlExtension=_e.html&searchType=stnProv&optLimit=specDate&StartYear=1840&EndYear=2026&selRowPerPage=100&Line=528&Month=3&Day=25&lstProvince=&Apply=Apply&timeframe=2,LONDON CS, ONTARIO ,"43°02'00.000"" N","81°09'00.000"" W",278.00 m,6144478,71622,WSN                 ,CWSN                 ,
2500440,https://climate.weather.gc.ca/climate_data/daily_data_e.html?hlyRange=1996-08-21%7C2026-03-25&dlyRange=1996-08-21%7C2026-03-25&mlyRange=1998-02-01%7C2007-08-01&climate_id=2500440&Prov=NT&urlExtension=_e.html&searchType=stnProv&optLimit=specDate&StartYear=1840&EndYear=2026&selRowPerPage=100&Line=622&Month=3&Day=25&lstProvince=&Apply=Apply&timeframe=2,NANGMAGVIK LAKE, NORTHWEST TERRITORIES ,"74°08'20.000"" N","119°59'20.000"" W",32.00 m,2500440,71974,WSQ                 ,CWSQ                 ,
4067723,https://climate.weather.gc.ca/climate_data/daily_data_e.html?hlyRange=1994-02-01%7C2026-03-25&dlyRange=1992-12-01%7C2026-03-25&mlyRange=1996-05-01%7C2007-08-01&climate_id=4067723&Prov=SK&urlExtension=_e.html&searchType=stnProv&optLimit=specDate&StartYear=1840&EndYear=2026&selRowPerPage=100&Line=868&Month=3&Day=25&lstProvince=&Apply=Apply&timeframe=2,SPIRITWOOD WEST, SASKATCHEWAN ,"53°22'00.000"" N","107°33'00.000"" W",584.30 m,4067723,71133,WSR                 ,CWSR                 ,
8104935,https://climate.weather.gc.ca/climate_data/daily_data_e.html?hlyRange=2006-01-01%7C2026-03-25&dlyRange=2006-01-01%7C2026-03-25&mlyRange=2006-02-01%7C2007-07-01&climate_id=8104935&Prov=NB&urlExtension=_e.html&searchType=stnProv&optLimit=specDate&StartYear=1840&EndYear=2026&selRowPerPage=100&Line=885&Month=3&Day=25&lstProvince=&Apply=Apply&timeframe=2,ST. STEPHEN, NEW BRUNSWICK ,"45°12'36.600"" N","67°15'10.300"" W",26.10 m,8104935,71607,WSS                 ,CWSS                 ,
7054096,https://climate.weather.gc.ca/climate_data/daily_data_e.html?hlyRange=1996-01-18%7C2026-03-25&dlyRange=1996-01-31%7C2026-03-25&mlyRange=%7C&climate_id=7054096&Prov=QC&urlExtension=_e.html&searchType=stnProv&optLimit=specDate&StartYear=1840&EndYear=2026&selRowPerPage=100&Line=490&Month=3&Day=25&lstProvince=&Apply=Apply&timeframe=2,LA POCATIERE, QUEBEC ,"47°21'21.000"" N","70°01'55.000"" W",31.00 m,7054096,71713,WST                 ,CWST                 ,
5022759,https://climate.weather.gc.ca/climate_data/daily_data_e.html?hlyRange=1994-02-01%7C2026-03-25&dlyRange=1992-12-01%7C2026-03-25&mlyRange=1996-02-01%7C2007-11-01&climate_id=5022759&Prov=MB&urlExtension=_e.html&searchType=stnProv&optLimit=specDate&StartYear=1840&EndYear=2026&selRowPerPage=100&Line=869&Month=3&Day=25&lstProvince=&Apply=Apply&timeframe=2,SPRAGUE, MANITOBA ,"49°01'25.000"" N","95°35'54.009"" W",328.80 m,5022759,71449,WSU                 ,CWSU                 ,
1160H99,https://climate.weather.gc.ca/climate_data/daily_data_e.html?hlyRange=1993-10-31%7C2026-03-25&dlyRange=1992-12-02%7C2026-03-25&mlyRange=1997-05-01%7C2006-10-01&climate_id=1160H99&Prov=BC&urlExtension=_e.html&searchType=stnProv&optLimit=specDate&StartYear=1840&EndYear=2026&selRowPerPage=100&Line=79&Month=3&Day=25&lstProvince=&Apply=Apply&timeframe=2,BLUE RIVER CS, BRITISH COLUMBIA ,"52°07'44.400"" N","119°17'23.700"" W",682.80 m,1160H99,71883,WSV                 ,CWSV                 ,
1157632,https://climate.weather.gc.ca/climate_data/daily_data_e.html?hlyRange=2014-09-30%7C2026-03-25&dlyRange=%7C&mlyRange=%7C&climate_id=1157632&Prov=BC&urlExtension=_e.html&searchType=stnProv&optLimit=specDate&StartYear=1840&EndYear=2026&selRowPerPage=100&Line=865&Month=3&Day=25&lstProvince=&Apply=Apply&timeframe=2,SPARWOOD A, BRITISH COLUMBIA ,"49°44'43.000"" N","114°52'58.000"" W","1,137.70 m",1157632,,WSW                 ,CWSW                 ,
1157635,https://climate.weather.gc.ca/climate_data/daily_data_e.html?hlyRange=2014-10-23%7C2026-03-25&dlyRange=2018-10-29%7C2026-03-25&mlyRange=%7C&climate_id=1157635&Prov=BC&urlExtension=_e.html&searchType=stnProv&optLimit=specDate&StartYear=1840&EndYear=2026&selRowPerPage=100&Line=866&Month=3&Day=25&lstProvince=&Apply=Apply&timeframe=2,SPARWOOD A, BRITISH COLUMBIA ,"49°50'00.000"" N","114°53'00.000"" W","1,158.20 m",1157635,,WSW                 ,CWSW                 ,
2503648,https://climate.weather.gc.ca/climate_data/daily_data_e.html?hlyRange=1994-02-01%7C2026-03-25&dlyRange=1994-08-07%7C2026-03-25&mlyRange=2004-08-01%7C2007-11-01&climate_id=2503648&Prov=NT&urlExtension=_e.html&searchType=stnProv&optLimit=specDate&StartYear=1840&EndYear=2026&selRowPerPage=100&Line=809&Month=3&Day=25&lstProvince=&Apply=Apply&timeframe=2,SACHS HARBOUR CLIMATE, NORTHWEST TERRITORIES ,"71°59'33.000"" N","125°15'15.000"" W",87.50 m,2503648,71467,WSY                 ,CWSY                 ,
50309J6,https://climate.weather.gc.ca/climate_data/daily_data_e.html?hlyRange=1994-02-01%7C2026-03-25&dlyRange=1992-12-02%7C2026-03-25&mlyRange=1999-01-01%7C2007-11-01&climate_id=50309J6&Prov=MB&urlExtension=_e.html&searchType=stnProv&optLimit=specDate&StartYear=1840&EndYear=2026&selRowPerPage=100&Line=277&Month=3&Day=25&lstProvince=&Apply=Apply&timeframe=2,FISHER BRANCH (AUT), MANITOBA ,"51°05'00.100"" N","97°33'16.200"" W",253.00 m,50309J6,71442,WSZ                 ,CWSZ                 ,
7024745,https://climate.weather.gc.ca/climate_data/daily_data_e.html?hlyRange=1994-02-01%7C2026-03-25&dlyRange=1994-07-26%7C2026-03-25&mlyRange=%7C&climate_id=7024745&Prov=QC&urlExtension=_e.html&searchType=stnProv&optLimit=specDate&StartYear=1840&EndYear=2026&selRowPerPage=100&Line=571&Month=3&Day=25&lstProvince=&Apply=Apply&timeframe=2,MCTAVISH, QUEBEC ,"45°30'17.070"" N","73°34'45.000"" W",72.80 m,7024745,71612,WTA                 ,CWTA                 ,
2303610,https://climate.weather.gc.ca/climate_data/daily_data_e.html?hlyRange=1992-11-09%7C2026-03-25&dlyRange=1994-12-06%7C2026-03-25&mlyRange=1998-04-01%7C2007-11-01&climate_id=2303610&Prov=NU&urlExtension=_e.html&searchType=stnProv&optLimit=specDate&StartYear=1840&EndYear=2026&selRowPerPage=100&Line=788&Month=3&Day=25&lstProvince=&Apply=Apply&timeframe=2,ROBERTSON LAKE (AUT), NUNAVUT ,"65°05'59.000"" N","102°25'46.000"" W",243.70 m,2303610,71490,WTD                 ,CWTD                 ,
220CQHR,https://climate.weather.gc.ca/climate_data/daily_data_e.html?hlyRange=1994-02-01%7C2026-03-25&dlyRange=1994-05-17%7C2026-03-25&mlyRange=2006-06-01%7C2007-02-01&climate_id=220CQHR&Prov=NT&urlExtension=_e.html&searchType=stnProv&optLimit=specDate&StartYear=1840&EndYear=2026&selRowPerPage=100&Line=820&Month=3&Day=25&lstProvince=&Apply=Apply&timeframe=2,SAMBAA K'E, NORTHWEST TERRITORIES ,"60°26'27.000"" N","121°14'20.000"" W",498.00 m,220CQHR,71166,WTE                 ,CWTE                 ,
704F0PN,https://climate.weather.gc.ca/climate_data/daily_data_e.html?hlyRange=1994-02-01%7C2026-03-25&dlyRange=1992-12-02%7C2026-03-25&mlyRange=%7C&climate_id=704F0PN&Prov=QC&urlExtension=_e.html&searchType=stnProv&optLimit=specDate&StartYear=1840&EndYear=2026&selRowPerPage=100&Line=714&Month=3&Day=25&lstProvince=&Apply=Apply&timeframe=2,POINTE-DES-MONTS, QUEBEC ,"49°19'00.000"" N","67°22'52.000"" W",5.90 m,704F0PN,71427,WTG                 ,CWTG                 ,
1195800,https://climate.weather.gc.ca/climate_data/daily_data_e.html?hlyRange=2014-03-20%7C2026-03-25&dlyRange=%7C&mlyRange=%7C&climate_id=1195800&Prov=BC&urlExtension=_e.html&searchType=stnProv&optLimit=specDate&StartYear=1840&EndYear=2026&selRowPerPage=100&Line=927&Month=3&Day=25&lstProvince=&Apply=Apply&timeframe=2,TETSA RIVER A, BRITISH COLUMBIA ,"58°39'11.000"" N","124°14'09.000"" W",810.00 m,1195800,,WTH                 ,CWTH                 ,
840KN90,https://climate.weather.gc.ca/climate_data/daily_data_e.html?hlyRange=1994-02-01%7C2026-03-25&dlyRange=2005-09-21%7C2026-03-25&mlyRange=%7C&climate_id=840KN90&Prov=NL&urlExtension=_e.html&searchType=stnProv&optLimit=specDate&StartYear=1840&EndYear=2026&selRowPerPage=100&Line=560&Month=3&Day=25&lstProvince=&Apply=Apply&timeframe=2,MARTICOT ISLAND, NEWFOUNDLAND AND LABRADOR ,"47°19'42.003"" N","54°35'07.001"" W",21.80 m,840KN90,71692,WTM                 ,CWTM                 ,
7041JG6,https://climate.weather.gc.ca/climate_data/daily_data_e.html?hlyRange=1994-02-01%7C2026-03-25&dlyRange=1993-08-26%7C2026-03-25&mlyRange=%7C&climate_id=7041JG6&Prov=QC&urlExtension=_e.html&searchType=stnProv&optLimit=specDate&StartYear=1840&EndYear=2026&selRowPerPage=100&Line=121&Month=3&Day=25&lstProvince=&Apply=Apply&timeframe=2,CAP-TOURMENTE, QUEBEC ,"47°04'43.000"" N","70°46'51.000"" W",6.00 m,7041JG6,71384,WTN                 ,CWTN                 ,
702S006,https://climate.weather.gc.ca/climate_data/daily_data_e.html?hlyRange=2008-01-08%7C2026-03-25&dlyRange=2002-12-23%7C2026-03-25&mlyRange=%7C&climate_id=702S006&Prov=QC&urlExtension=_e.html&searchType=stnProv&optLimit=specDate&StartYear=1840&EndYear=2026&selRowPerPage=100&Line=598&Month=3&Day=25&lstProvince=&Apply=Apply&timeframe=2,MONTREAL/PIERRE ELLIOTT TRUDEAU INTL, QUEBEC ,"45°28'04.000"" N","73°44'30.000"" W",32.10 m,702S006,71183,WTQ                 ,CWTQ                 ,
4047240,https://climate.weather.gc.ca/climate_data/daily_data_e.html?hlyRange=1997-07-28%7C2026-03-25&dlyRange=1911-05-01%7C2026-03-25&mlyRange=1911-01-01%7C2007-09-01&climate_id=4047240&Prov=SK&urlExtension=_e.html&searchType=stnProv&optLimit=specDate&StartYear=1840&EndYear=2026&selRowPerPage=100&Line=842&Month=3&Day=25&lstProvince=&Apply=Apply&timeframe=2,SCOTT CDA, SASKATCHEWAN ,"52°21'35.064"" N","108°50'05.004"" W",659.60 m,4047240,71489,WTS                 ,CWTS                 ,
702CFGG,https://climate.weather.gc.ca/climate_data/daily_data_e.html?hlyRange=1994-02-01%7C2026-03-25&dlyRange=2018-05-14%7C2026-03-25&mlyRange=%7C&climate_id=702CFGG&Prov=QC&urlExtension=_e.html&searchType=stnProv&optLimit=specDate&StartYear=1840&EndYear=2026&selRowPerPage=100&Line=498&Month=3&Day=25&lstProvince=&Apply=Apply&timeframe=2,LAC MEMPHREMAGOG, QUEBEC ,"45°16'00.000"" N","72°10'00.000"" W",208.70 m,702CFGG,,WTT                 ,CWTT                 ,
6037201,https://climate.weather.gc.ca/climate_data/daily_data_e.html?hlyRange=1994-02-01%7C2026-03-25&dlyRange=2016-01-07%7C2026-03-25&mlyRange=%7C&climate_id=6037201&Prov=ON&urlExtension=_e.html&searchType=stnProv&optLimit=specDate&StartYear=1840&EndYear=2026&selRowPerPage=100&Line=803&Month=3&Day=25&lstProvince=&Apply=Apply&timeframe=2,ROYAL ISLAND (AUT), ONTARIO ,"49°28'07.000"" N","94°45'47.000"" W",329.00 m,6037201,71859,WTX                 ,CWTX                 ,
7018562,https://climate.weather.gc.ca/climate_data/daily_data_e.html?hlyRange=1994-02-01%7C2026-03-25&dlyRange=1993-08-31%7C2026-03-25&mlyRange=2005-01-01%7C2005-12-01&climate_id=7018562&Prov=QC&urlExtension=_e.html&searchType=stnProv&optLimit=specDate&StartYear=1840&EndYear=2026&selRowPerPage=100&Line=951&Month=3&Day=25&lstProvince=&Apply=Apply&timeframe=2,TROIS-RIVIERES, QUEBEC ,"46°21'13.000"" N","72°30'58.000"" W",6.00 m,7018562,71724,WTY                 ,CWTY                 ,
7091299,https://climate.weather.gc.ca/climate_data/daily_data_e.html?hlyRange=2001-04-19%7C2026-03-25&dlyRange=2001-04-23%7C2026-03-25&mlyRange=%7C&climate_id=7091299&Prov=QC&urlExtension=_e.html&searchType=stnProv&optLimit=specDate&StartYear=1840&EndYear=2026&selRowPerPage=100&Line=144&Month=3&Day=25&lstProvince=&Apply=Apply&timeframe=2,CHAPAIS, QUEBEC ,"49°49'21.000"" N","74°58'31.000"" W",381.10 m,7091299,71824,WUK                 ,CWUK                 ,
2100518,https://climate.weather.gc.ca/climate_data/daily_data_e.html?hlyRange=1994-02-01%7C2026-03-25&dlyRange=1992-12-02%7C2026-03-25&mlyRange=2002-11-01%7C2007-02-01&climate_id=2100518&Prov=YT&urlExtension=_e.html&searchType=stnProv&optLimit=specDate&StartYear=1840&EndYear=2026&selRowPerPage=100&Line=271&Month=3&Day=25&lstProvince=&Apply=Apply&timeframe=2,FARO (AUT), YUKON ,"62°12'27.000"" N","133°22'33.000"" W",716.60 m,2100518,71949,WUM                 ,CWUM                 ,
112G8L1,https://climate.weather.gc.ca/climate_data/daily_data_e.html?hlyRange=1994-02-01%7C2026-03-25&dlyRange=1990-06-01%7C2026-03-25&mlyRange=1990-01-01%7C2006-11-01&climate_id=112G8L1&Prov=BC&urlExtension=_e.html&searchType=stnProv&optLimit=specDate&StartYear=1840&EndYear=2026&selRowPerPage=100&Line=899&Month=3&Day=25&lstProvince=&Apply=Apply&timeframe=2,SUMMERLAND CS, BRITISH COLUMBIA ,"49°33'45.200"" N","119°38'55.300"" W",454.20 m,112G8L1,71768,WUS                 ,CWUS                 ,
5012654,https://climate.weather.gc.ca/climate_data/daily_data_e.html?hlyRange=1994-02-01%7C2026-03-25&dlyRange=1993-05-07%7C2026-03-25&mlyRange=1996-02-01%7C2007-10-01&climate_id=5012654&Prov=MB&urlExtension=_e.html&searchType=stnProv&optLimit=specDate&StartYear=1840&EndYear=2026&selRowPerPage=100&Line=853&Month=3&Day=25&lstProvince=&Apply=Apply&timeframe=2,SHOAL LAKE CS, MANITOBA ,"50°27'17.600"" N","100°36'12.600"" W",561.30 m,5012654,71150,WUT                 ,CWUT                 ,
706Q001,https://climate.weather.gc.ca/climate_data/daily_data_e.html?hlyRange=1997-07-16%7C2026-03-25&dlyRange=1997-07-16%7C2026-03-25&mlyRange=%7C&climate_id=706Q001&Prov=QC&urlExtension=_e.html&searchType=stnProv&optLimit=specDate&StartYear=1840&EndYear=2026&selRowPerPage=100&Line=486&Month=3&Day=25&lstProvince=&Apply=Apply&timeframe=2,LA BAIE, QUEBEC ,"48°17'53.172"" N","70°55'10.333"" W",151.60 m,706Q001,71388,WUX                 ,CWUX                 ,
7086716,https://climate.weather.gc.ca/climate_data/daily_data_e.html?hlyRange=1994-02-01%7C2026-03-25&dlyRange=1994-07-26%7C2026-03-25&mlyRange=%7C&climate_id=7086716&Prov=QC&urlExtension=_e.html&searchType=stnProv&optLimit=specDate&StartYear=1840&EndYear=2026&selRowPerPage=100&Line=801&Month=3&Day=25&lstProvince=&Apply=Apply&timeframe=2,ROUYN, QUEBEC ,"48°14'45.000"" N","79°02'03.000"" W",318.00 m,7086716,71734,WUY                 ,CWUY                 ,
1060902,https://climate.weather.gc.ca/climate_data/daily_data_e.html?hlyRange=1994-02-01%7C2001-12-13&dlyRange=1960-04-01%7C2026-03-25&mlyRange=1960-01-01%7C2007-02-01&climate_id=1060902&Prov=BC&urlExtension=_e.html&searchType=stnProv&optLimit=specDate&StartYear=1840&EndYear=2026&selRowPerPage=100&Line=81&Month=3&Day=25&lstProvince=&Apply=Apply&timeframe=2,BONILLA ISLAND, BRITISH COLUMBIA ,"53°29'33.900"" N","130°38'15.700"" W",16.20 m,1060902,,WVB                 ,CWVB                 ,
4028060,https://climate.weather.gc.ca/climate_data/daily_data_e.html?hlyRange=1994-11-29%7C2026-03-25&dlyRange=1959-01-01%7C2026-03-25&mlyRange=1959-01-01%7C2007-11-01&climate_id=4028060&Prov=SK&urlExtension=_e.html&searchType=stnProv&optLimit=specDate&StartYear=1840&EndYear=2026&selRowPerPage=100&Line=909&Month=3&Day=25&lstProvince=&Apply=Apply&timeframe=2,SWIFT CURRENT CDA, SASKATCHEWAN ,"50°16'00.000"" N","107°44'00.000"" W",825.00 m,4028060,71446,WVC                 ,CWVC                 ,
1107010,https://climate.weather.gc.ca/climate_data/daily_data_e.html?hlyRange=1994-02-01%7C2026-03-25&dlyRange=1991-07-01%7C2026-03-25&mlyRange=1991-01-01%7C1999-07-01&climate_id=1107010&Prov=BC&urlExtension=_e.html&searchType=stnProv&optLimit=specDate&StartYear=1840&EndYear=2026&selRowPerPage=100&Line=821&Month=3&Day=25&lstProvince=&Apply=Apply&timeframe=2,SANDHEADS CS, BRITISH COLUMBIA ,"49°06'21.225"" N","123°18'12.123"" W",11.00 m,1107010,71209,WVF                 ,CWVF                 ,
3016GF0,https://climate.weather.gc.ca/climate_data/daily_data_e.html?hlyRange=1994-02-01%7C2026-03-25&dlyRange=1980-11-01%7C2026-03-25&mlyRange=1980-01-01%7C2007-11-01&climate_id=3016GF0&Prov=AB&urlExtension=_e.html&searchType=stnProv&optLimit=specDate&StartYear=1840&EndYear=2026&selRowPerPage=100&Line=982&Month=3&Day=25&lstProvince=&Apply=Apply&timeframe=2,VEGREVILLE, ALBERTA ,"53°30'19.003"" N","112°05'52.004"" W",639.30 m,3016GF0,71458,WVI                 ,CWVI                 ,
4038412,https://climate.weather.gc.ca/climate_data/daily_data_e.html?hlyRange=1994-02-01%7C2026-03-25&dlyRange=1992-12-01%7C2026-03-25&mlyRange=1996-01-01%7C2007-11-01&climate_id=4038412&Prov=SK&urlExtension=_e.html&searchType=stnProv&optLimit=specDate&StartYear=1840&EndYear=2026&selRowPerPage=100&Line=973&Month=3&Day=25&lstProvince=&Apply=Apply&timeframe=2,VAL MARIE SOUTHEAST, SASKATCHEWAN ,"49°03'30.001"" N","107°35'09.010"" W",796.00 m,4038412,71137,WVN                 ,CWVN                 ,
4031999,https://climate.weather.gc.ca/climate_data/daily_data_e.html?hlyRange=1994-02-01%7C2026-03-25&dlyRange=1992-12-01%7C2026-03-25&mlyRange=1996-01-01%7C2007-11-01&climate_id=4031999&Prov=SK&urlExtension=_e.html&searchType=stnProv&optLimit=specDate&StartYear=1840&EndYear=2026&selRowPerPage=100&Line=204&Month=3&Day=25&lstProvince=&Apply=Apply&timeframe=2,CYPRESS HILLS PARK, SASKATCHEWAN ,"49°38'26.009"" N","109°30'52.004"" W","1,270.60 m",4031999,71139,WVP                 ,CWVP                 ,
702FHL8,https://climate.weather.gc.ca/climate_data/daily_data_e.html?hlyRange=1994-02-01%7C2026-03-25&dlyRange=1993-08-26%7C2026-03-25&mlyRange=%7C&climate_id=702FHL8&Prov=QC&urlExtension=_e.html&searchType=stnProv&optLimit=specDate&StartYear=1840&EndYear=2026&selRowPerPage=100&Line=888&Month=3&Day=25&lstProvince=&Apply=Apply&timeframe=2,STE-ANNE-DE-BELLEVUE 1, QUEBEC ,"45°25'38.000"" N","73°55'45.000"" W",39.00 m,702FHL8,71377,WVQ                 ,CWVQ                 ,
4060983,https://climate.weather.gc.ca/climate_data/daily_data_e.html?hlyRange=1994-02-01%7C2026-03-25&dlyRange=1992-12-02%7C2026-03-25&mlyRange=1998-04-01%7C2007-10-01&climate_id=4060983&Prov=SK&urlExtension=_e.html&searchType=stnProv&optLimit=specDate&StartYear=1840&EndYear=2026&selRowPerPage=100&Line=96&Month=3&Day=25&lstProvince=&Apply=Apply&timeframe=2,BUFFALO NARROWS (AUT), SASKATCHEWAN ,"55°50'26.008"" N","108°25'14.009"" W",440.10 m,4060983,71077,WVT                 ,CWVT                 ,
8200604,https://climate.weather.gc.ca/climate_data/daily_data_e.html?hlyRange=1969-12-31%7C2026-03-25&dlyRange=2005-10-27%7C2026-03-25&mlyRange=2005-11-01%7C2007-07-01&climate_id=8200604&Prov=NS&urlExtension=_e.html&searchType=stnProv&optLimit=specDate&StartYear=1840&EndYear=2026&selRowPerPage=100&Line=91&Month=3&Day=25&lstProvince=&Apply=Apply&timeframe=2,BRIER ISLAND, NOVA SCOTIA ,"44°17'09.000"" N","66°20'48.000"" W",15.80 m,8200604,71988,WVU                 ,CWVU                 ,
840B053,https://climate.weather.gc.ca/climate_data/daily_data_e.html?hlyRange=1994-02-01%7C2026-03-25&dlyRange=2002-01-01%7C2026-03-25&mlyRange=2004-12-01%7C2004-12-01&climate_id=840B053&Prov=NL&urlExtension=_e.html&searchType=stnProv&optLimit=specDate&StartYear=1840&EndYear=2026&selRowPerPage=100&Line=356&Month=3&Day=25&lstProvince=&Apply=Apply&timeframe=2,GRATES COVE, NEWFOUNDLAND AND LABRADOR ,"48°10'19.000"" N","52°56'21.000"" W",46.20 m,840B053,71336,WVW                 ,CWVW                 ,
1108824,https://climate.weather.gc.ca/climate_data/daily_data_e.html?hlyRange=1994-02-01%7C2026-03-25&dlyRange=1992-12-01%7C2026-03-25&mlyRange=1992-01-01%7C2007-02-01&climate_id=1108824&Prov=BC&urlExtension=_e.html&searchType=stnProv&optLimit=specDate&StartYear=1840&EndYear=2026&selRowPerPage=100&Line=1014&Month=3&Day=25&lstProvince=&Apply=Apply&timeframe=2,WEST VANCOUVER AUT, BRITISH COLUMBIA ,"49°20'49.350"" N","123°11'35.910"" W",170.20 m,1108824,71784,WWA                 ,CWWA                 ,
6151061,https://climate.weather.gc.ca/climate_data/daily_data_e.html?hlyRange=1994-02-01%7C2026-03-25&dlyRange=1992-12-03%7C2026-03-25&mlyRange=%7C&climate_id=6151061&Prov=ON&urlExtension=_e.html&searchType=stnProv&optLimit=specDate&StartYear=1840&EndYear=2026&selRowPerPage=100&Line=99&Month=3&Day=25&lstProvince=&Apply=Apply&timeframe=2,BURLINGTON PIERS (AUT), ONTARIO ,"43°18'00.000"" N","79°48'00.000"" W",77.40 m,6151061,71437,WWB                 ,CWWB                 ,
4061620,https://climate.weather.gc.ca/climate_data/daily_data_e.html?hlyRange=2015-01-15%7C2026-03-25&dlyRange=2016-01-01%7C2026-03-25&mlyRange=%7C&climate_id=4061620&Prov=SK&urlExtension=_e.html&searchType=stnProv&optLimit=specDate&StartYear=1840&EndYear=2026&selRowPerPage=100&Line=183&Month=3&Day=25&lstProvince=&Apply=Apply&timeframe=2,COLLINS BAY SK, SASKATCHEWAN ,"58°13'45.000"" N","103°40'41.000"" W",412.60 m,4061620,71075,WWC                 ,CWWC                 ,
8206240,https://climate.weather.gc.ca/climate_data/daily_data_e.html?hlyRange=1959-08-17%7C2026-03-25&dlyRange=1959-08-01%7C2026-03-25&mlyRange=1959-01-01%7C2007-07-01&climate_id=8206240&Prov=NS&urlExtension=_e.html&searchType=stnProv&optLimit=specDate&StartYear=1840&EndYear=2026&selRowPerPage=100&Line=1015&Month=3&Day=25&lstProvince=&Apply=Apply&timeframe=2,WESTERN HEAD, NOVA SCOTIA ,"43°59'24.070"" N","64°39'51.008"" W",10.10 m,8206240,71411,WWE                 ,CWWE                 ,
401HP5R,https://climate.weather.gc.ca/climate_data/daily_data_e.html?hlyRange=1994-02-01%7C2026-03-25&dlyRange=1992-12-01%7C2026-03-25&mlyRange=1996-02-01%7C2007-10-01&climate_id=401HP5R&Prov=SK&urlExtension=_e.html&searchType=stnProv&optLimit=specDate&StartYear=1840&EndYear=2026&selRowPerPage=100&Line=1017&Month=3&Day=25&lstProvince=&Apply=Apply&timeframe=2,WEYBURN, SASKATCHEWAN ,"49°42'00.000"" N","103°48'00.000"" W",588.60 m,401HP5R,71452,WWF                 ,CWWF                 ,
1108910,https://climate.weather.gc.ca/climate_data/daily_data_e.html?hlyRange=1994-02-01%7C2026-03-25&dlyRange=1929-01-01%7C2026-03-25&mlyRange=1929-01-01%7C2007-02-01&climate_id=1108910&Prov=BC&urlExtension=_e.html&searchType=stnProv&optLimit=specDate&StartYear=1840&EndYear=2026&selRowPerPage=100&Line=1024&Month=3&Day=25&lstProvince=&Apply=Apply&timeframe=2,WHITE ROCK CAMPBELL SCIENTIFIC, BRITISH COLUMBIA ,"49°01'05.000"" N","122°47'02.000"" W",13.00 m,1108910,71785,WWK                 ,CWWK                 ,
1060R0K,https://climate.weather.gc.ca/climate_data/daily_data_e.html?hlyRange=1994-02-01%7C2026-03-25&dlyRange=1994-12-30%7C2026-03-25&mlyRange=2002-10-01%7C2007-02-01&climate_id=1060R0K&Prov=BC&urlExtension=_e.html&searchType=stnProv&optLimit=specDate&StartYear=1840&EndYear=2026&selRowPerPage=100&Line=82&Month=3&Day=25&lstProvince=&Apply=Apply&timeframe=2,BONILLA ISLAND (AUT), BRITISH COLUMBIA ,"53°29'34.259"" N","130°38'20.400"" W",12.50 m,1060R0K,71484,WWL                 ,CWWL                 ,
6016295,https://climate.weather.gc.ca/climate_data/daily_data_e.html?hlyRange=1994-02-01%7C2026-03-25&dlyRange=1994-12-30%7C2026-03-25&mlyRange=2003-10-01%7C2006-11-01&climate_id=6016295&Prov=ON&urlExtension=_e.html&searchType=stnProv&optLimit=specDate&StartYear=1840&EndYear=2026&selRowPerPage=100&Line=683&Month=3&Day=25&lstProvince=&Apply=Apply&timeframe=2,PEAWANUCK (AUT), ONTARIO ,"54°59'00.000"" N","85°26'00.000"" W",52.70 m,6016295,71434,WWN                 ,CWWN                 ,
306GE70,https://climate.weather.gc.ca/climate_data/daily_data_e.html?hlyRange=1994-04-14%7C2026-03-25&dlyRange=1993-11-30%7C2026-03-25&mlyRange=1996-04-01%7C2007-11-01&climate_id=306GE70&Prov=AB&urlExtension=_e.html&searchType=stnProv&optLimit=specDate&StartYear=1840&EndYear=2026&selRowPerPage=100&Line=1032&Month=3&Day=25&lstProvince=&Apply=Apply&timeframe=2,WILLOW CREEK 1, ALBERTA ,"53°23'08.000"" N","118°20'51.000"" W","1,370.00 m",306GE70,71252,WWO                 ,CWWO                 ,
5013117,https://climate.weather.gc.ca/climate_data/daily_data_e.html?hlyRange=1994-02-01%7C2026-03-25&dlyRange=1966-03-01%7C2026-03-25&mlyRange=1966-01-01%7C2007-11-01&climate_id=5013117&Prov=MB&urlExtension=_e.html&searchType=stnProv&optLimit=specDate&StartYear=1840&EndYear=2026&selRowPerPage=100&Line=998&Month=3&Day=25&lstProvince=&Apply=Apply&timeframe=2,WASAGAMING, MANITOBA ,"50°39'18.006"" N","99°56'31.008"" W",627.40 m,5013117,71444,WWP                 ,CWWP                 ,
1195251,https://climate.weather.gc.ca/climate_data/daily_data_e.html?hlyRange=2014-03-20%7C2026-03-25&dlyRange=%7C&mlyRange=%7C&climate_id=1195251&Prov=BC&urlExtension=_e.html&searchType=stnProv&optLimit=specDate&StartYear=1840&EndYear=2026&selRowPerPage=100&Line=608&Month=3&Day=25&lstProvince=&Apply=Apply&timeframe=2,MUNCHO LAKE A, BRITISH COLUMBIA ,"58°55'48.000"" N","125°46'00.000"" W",836.50 m,1195251,,WWQ                 ,CWWQ                 ,
5030984,https://climate.weather.gc.ca/climate_data/daily_data_e.html?hlyRange=1994-02-01%7C2026-03-25&dlyRange=1994-12-29%7C2026-03-25&mlyRange=1998-07-01%7C2007-11-01&climate_id=5030984&Prov=MB&urlExtension=_e.html&searchType=stnProv&optLimit=specDate&StartYear=1840&EndYear=2026&selRowPerPage=100&Line=330&Month=3&Day=25&lstProvince=&Apply=Apply&timeframe=2,GEORGE ISLAND (AUT), MANITOBA ,"52°49'07.014"" N","97°36'59.028"" W",222.50 m,5030984,71445,WWS                 ,CWWS                 ,
6136699,https://climate.weather.gc.ca/climate_data/daily_data_e.html?hlyRange=1993-09-30%7C2026-03-25&dlyRange=1992-12-02%7C2026-03-25&mlyRange=2003-10-01%7C2006-12-01&climate_id=6136699&Prov=ON&urlExtension=_e.html&searchType=stnProv&optLimit=specDate&StartYear=1840&EndYear=2026&selRowPerPage=100&Line=728&Month=3&Day=25&lstProvince=&Apply=Apply&timeframe=2,PORT WELLER (AUT), ONTARIO ,"43°15'00.000"" N","79°13'00.000"" W",79.00 m,6136699,71432,WWZ                 ,CWWZ                 ,
3050778,https://climate.weather.gc.ca/climate_data/daily_data_e.html?hlyRange=1994-02-01%7C2026-03-25&dlyRange=1993-06-04%7C2026-03-25&mlyRange=1996-01-01%7C2007-11-01&climate_id=3050778&Prov=AB&urlExtension=_e.html&searchType=stnProv&optLimit=specDate&StartYear=1840&EndYear=2026&selRowPerPage=100&Line=85&Month=3&Day=25&lstProvince=&Apply=Apply&timeframe=2,BOW VALLEY, ALBERTA ,"51°05'00.000"" N","115°04'00.000"" W","1,297.50 m",3050778,71232,WXA                 ,CWXA                 ,
5012469,https://climate.weather.gc.ca/climate_data/daily_data_e.html?hlyRange=1996-08-29%7C2026-03-25&dlyRange=1996-03-01%7C2026-03-25&mlyRange=1996-03-01%7C2007-11-01&climate_id=5012469&Prov=MB&urlExtension=_e.html&searchType=stnProv&optLimit=specDate&StartYear=1840&EndYear=2026&selRowPerPage=100&Line=791&Month=3&Day=25&lstProvince=&Apply=Apply&timeframe=2,ROBLIN, MANITOBA ,"51°11'00.018"" N","101°21'46.068"" W",539.50 m,5012469,71553,WXB                 ,CWXB                 ,
7065738,https://climate.weather.gc.ca/climate_data/daily_data_e.html?hlyRange=1997-08-13%7C2026-03-25&dlyRange=1997-08-13%7C2026-03-25&mlyRange=%7C&climate_id=7065738&Prov=QC&urlExtension=_e.html&searchType=stnProv&optLimit=specDate&StartYear=1840&EndYear=2026&selRowPerPage=100&Line=659&Month=3&Day=25&lstProvince=&Apply=Apply&timeframe=2,ONATCHIWAY, QUEBEC ,"48°53'39.000"" N","71°01'54.000"" W",304.00 m,7065738,71387,WXC                 ,CWXC                 ,
4014156,https://climate.weather.gc.ca/climate_data/daily_data_e.html?hlyRange=1996-10-31%7C2026-03-25&dlyRange=1975-05-01%7C2026-03-25&mlyRange=1975-01-01%7C2007-11-01&climate_id=4014156&Prov=SK&urlExtension=_e.html&searchType=stnProv&optLimit=specDate&StartYear=1840&EndYear=2026&selRowPerPage=100&Line=509&Month=3&Day=25&lstProvince=&Apply=Apply&timeframe=2,LAST MOUNTAIN CS, SASKATCHEWAN ,"51°25'00.000"" N","105°15'00.000"" W",497.00 m,4014156,71556,WXG                 ,CWXG                 ,
8401565,https://climate.weather.gc.ca/climate_data/daily_data_e.html?hlyRange=1994-02-01%7C2026-03-25&dlyRange=1993-02-02%7C2026-03-25&mlyRange=2005-11-01%7C2007-07-01&climate_id=8401565&Prov=NL&urlExtension=_e.html&searchType=stnProv&optLimit=specDate&StartYear=1840&EndYear=2026&selRowPerPage=100&Line=276&Month=3&Day=25&lstProvince=&Apply=Apply&timeframe=2,FEROLLE POINT (AUT), NEWFOUNDLAND AND LABRADOR ,"51°01'21.310"" N","57°05'42.250"" W",9.10 m,8401565,71406,WXI                 ,CWXI                 ,
3030768,https://climate.weather.gc.ca/climate_data/daily_data_e.html?hlyRange=1994-02-01%7C2026-03-25&dlyRange=1993-06-04%7C2026-03-25&mlyRange=1996-06-01%7C2007-11-01&climate_id=3030768&Prov=AB&urlExtension=_e.html&searchType=stnProv&optLimit=specDate&StartYear=1840&EndYear=2026&selRowPerPage=100&Line=84&Month=3&Day=25&lstProvince=&Apply=Apply&timeframe=2,BOW ISLAND, ALBERTA ,"49°44'03.070"" N","111°27'01.000"" W",816.60 m,3030768,71231,WXL                 ,CWXL                 ,
3036099,https://climate.weather.gc.ca/climate_data/daily_data_e.html?hlyRange=1996-11-06%7C2026-03-25&dlyRange=1996-11-01%7C2026-03-25&mlyRange=1997-02-01%7C2007-11-01&climate_id=3036099&Prov=AB&urlExtension=_e.html&searchType=stnProv&optLimit=specDate&StartYear=1840&EndYear=2026&selRowPerPage=100&Line=887&Month=3&Day=25&lstProvince=&Apply=Apply&timeframe=2,STAVELY AAFC, ALBERTA ,"50°11'00.000"" N","113°53'00.000"" W","1,363.60 m",3036099,71555,WXN                 ,CWXN                 ,
2403049,https://climate.weather.gc.ca/climate_data/daily_data_e.html?hlyRange=1994-02-01%7C2026-03-25&dlyRange=1995-09-06%7C2026-03-25&mlyRange=1996-01-01%7C2007-09-01&climate_id=2403049&Prov=NU&urlExtension=_e.html&searchType=stnProv&optLimit=specDate&StartYear=1840&EndYear=2026&selRowPerPage=100&Line=672&Month=3&Day=25&lstProvince=&Apply=Apply&timeframe=2,PANGNIRTUNG, NUNAVUT ,"66°08'36.300"" N","65°42'40.500"" W",22.60 m,2403049,71826,WXP                 ,CWXP                 ,
8100467,https://climate.weather.gc.ca/climate_data/daily_data_e.html?hlyRange=1994-02-01%7C2026-03-25&dlyRange=1993-09-01%7C2026-03-25&mlyRange=1993-01-01%7C2007-07-01&climate_id=8100467&Prov=NB&urlExtension=_e.html&searchType=stnProv&optLimit=specDate&StartYear=1840&EndYear=2026&selRowPerPage=100&Line=50&Month=3&Day=25&lstProvince=&Apply=Apply&timeframe=2,BAS CARAQUET, NEW BRUNSWICK ,"47°48'08.000"" N","64°50'00.000"" W",5.00 m,8100467,71598,WXS                 ,CWXS                 ,
4055736,https://climate.weather.gc.ca/climate_data/daily_data_e.html?hlyRange=1996-08-26%7C2026-03-25&dlyRange=1952-05-01%7C2026-03-25&mlyRange=1952-01-01%7C2007-11-01&climate_id=4055736&Prov=SK&urlExtension=_e.html&searchType=stnProv&optLimit=specDate&StartYear=1840&EndYear=2026&selRowPerPage=100&Line=670&Month=3&Day=25&lstProvince=&Apply=Apply&timeframe=2,OUTLOOK PFRA, SASKATCHEWAN ,"51°29'00.000"" N","107°03'00.000"" W",541.00 m,4055736,71551,WYE                 ,CWYE                 ,
2503886,https://climate.weather.gc.ca/climate_data/daily_data_e.html?hlyRange=1997-07-26%7C2026-03-25&dlyRange=1997-07-08%7C2026-03-25&mlyRange=1998-01-01%7C2007-11-01&climate_id=2503886&Prov=NT&urlExtension=_e.html&searchType=stnProv&optLimit=specDate&StartYear=1840&EndYear=2026&selRowPerPage=100&Line=933&Month=3&Day=25&lstProvince=&Apply=Apply&timeframe=2,THOMSEN RIVER, NORTHWEST TERRITORIES ,"73°13'51.000"" N","119°32'18.000"" W",41.50 m,2503886,71916,WYF                 ,CWYF                 ,
2203359,https://climate.weather.gc.ca/climate_data/daily_data_e.html?hlyRange=1994-02-01%7C2026-03-25&dlyRange=1994-12-08%7C2026-03-25&mlyRange=2005-11-01%7C2006-07-01&climate_id=2203359&Prov=NT&urlExtension=_e.html&searchType=stnProv&optLimit=specDate&StartYear=1840&EndYear=2026&selRowPerPage=100&Line=319&Month=3&Day=25&lstProvince=&Apply=Apply&timeframe=2,GAMETI, NORTHWEST TERRITORIES ,"64°06'42.078"" N","117°19'40.086"" W",221.00 m,2203359,71165,WYH                 ,CWYH                 ,
840BR7C,https://climate.weather.gc.ca/climate_data/daily_data_e.html?hlyRange=1994-02-01%7C2026-03-25&dlyRange=2005-12-01%7C2026-03-25&mlyRange=%7C&climate_id=840BR7C&Prov=NL&urlExtension=_e.html&searchType=stnProv&optLimit=specDate&StartYear=1840&EndYear=2026&selRowPerPage=100&Line=718&Month=3&Day=25&lstProvince=&Apply=Apply&timeframe=2,POOLS ISLAND, NEWFOUNDLAND AND LABRADOR ,"49°06'44.000"" N","53°34'52.000"" W",19.30 m,840BR7C,71931,WYI                 ,CWYI                 ,
1018598,https://climate.weather.gc.ca/climate_data/daily_data_e.html?hlyRange=1994-02-01%7C2026-03-25&dlyRange=1992-12-01%7C2026-03-25&mlyRange=1992-01-01%7C2007-02-01&climate_id=1018598&Prov=BC&urlExtension=_e.html&searchType=stnProv&optLimit=specDate&StartYear=1840&EndYear=2026&selRowPerPage=100&Line=990&Month=3&Day=25&lstProvince=&Apply=Apply&timeframe=2,VICTORIA UNIVERSITY CS, BRITISH COLUMBIA ,"48°27'25.200"" N","123°18'16.600"" W",60.10 m,1018598,71783,WYJ                 ,CWYJ                 ,
7056068,https://climate.weather.gc.ca/climate_data/daily_data_e.html?hlyRange=1996-10-09%7C2026-03-25&dlyRange=1996-10-10%7C2026-03-25&mlyRange=%7C&climate_id=7056068&Prov=QC&urlExtension=_e.html&searchType=stnProv&optLimit=specDate&StartYear=1840&EndYear=2026&selRowPerPage=100&Line=713&Month=3&Day=25&lstProvince=&Apply=Apply&timeframe=2,POINTE-AU-PERE (INRS), QUEBEC ,"48°30'50.000"" N","68°28'06.000"" W",4.90 m,7056068,71554,WYQ                 ,CWYQ                 ,
6040325,https://climate.weather.gc.ca/climate_data/daily_data_e.html?hlyRange=1953-01-01%7C2026-03-25&dlyRange=1938-08-01%7C2026-03-25&mlyRange=1938-01-01%7C1982-12-01&climate_id=6040325&Prov=ON&urlExtension=_e.html&searchType=stnProv&optLimit=specDate&StartYear=1840&EndYear=2026&selRowPerPage=100&Line=18&Month=3&Day=25&lstProvince=&Apply=Apply&timeframe=2,ARMSTRONG (AUT), ONTARIO ,"50°17'37.000"" N","88°54'19.000"" W",322.50 m,6040325,71841,WYW                 ,CWYW                 ,
1125852,https://climate.weather.gc.ca/climate_data/daily_data_e.html?hlyRange=1994-02-01%7C2026-03-25&dlyRange=1990-08-01%7C2026-03-25&mlyRange=1990-01-01%7C2006-11-01&climate_id=1125852&Prov=BC&urlExtension=_e.html&searchType=stnProv&optLimit=specDate&StartYear=1840&EndYear=2026&selRowPerPage=100&Line=665&Month=3&Day=25&lstProvince=&Apply=Apply&timeframe=2,OSOYOOS CS, BRITISH COLUMBIA ,"49°01'41.850"" N","119°26'27.570"" W",282.90 m,1125852,71215,WYY                 ,CWYY                 ,
1100119,https://climate.weather.gc.ca/climate_data/daily_data_e.html?hlyRange=1994-02-01%7C2026-03-25&dlyRange=1988-11-01%7C2026-03-25&mlyRange=1988-01-01%7C2006-11-01&climate_id=1100119&Prov=BC&urlExtension=_e.html&searchType=stnProv&optLimit=specDate&StartYear=1840&EndYear=2026&selRowPerPage=100&Line=4&Month=3&Day=25&lstProvince=&Apply=Apply&timeframe=2,AGASSIZ RCS, BRITISH COLUMBIA ,"49°14'35.000"" N","121°45'37.000"" W",19.30 m,1100119,71113,WZA                 ,CWZA                 ,
5010547,https://climate.weather.gc.ca/climate_data/daily_data_e.html?hlyRange=1994-09-01%7C2026-03-25&dlyRange=1994-07-25%7C2026-03-25&mlyRange=1996-01-01%7C2007-11-01&climate_id=5010547&Prov=MB&urlExtension=_e.html&searchType=stnProv&optLimit=specDate&StartYear=1840&EndYear=2026&selRowPerPage=100&Line=129&Month=3&Day=25&lstProvince=&Apply=Apply&timeframe=2,CARBERRY CS, MANITOBA ,"49°54'20.900"" N","99°21'26.800"" W",383.50 m,5010547,71170,WZE                 ,CWZE                 ,
3050519,https://climate.weather.gc.ca/climate_data/daily_data_e.html?hlyRange=1997-12-02%7C2026-03-25&dlyRange=1995-04-01%7C2026-03-25&mlyRange=1995-04-01%7C2007-11-01&climate_id=3050519&Prov=AB&urlExtension=_e.html&searchType=stnProv&optLimit=specDate&StartYear=1840&EndYear=2026&selRowPerPage=100&Line=42&Month=3&Day=25&lstProvince=&Apply=Apply&timeframe=2,BANFF CS, ALBERTA ,"51°11'36.090"" N","115°33'08.050"" W","1,396.90 m",3050519,71122,WZG                 ,CWZG                 ,
1062251,https://climate.weather.gc.ca/climate_data/daily_data_e.html?hlyRange=1994-02-01%7C2026-03-25&dlyRange=1992-11-01%7C2026-03-25&mlyRange=1993-06-01%7C2007-02-01&climate_id=1062251&Prov=BC&urlExtension=_e.html&searchType=stnProv&optLimit=specDate&StartYear=1840&EndYear=2026&selRowPerPage=100&Line=203&Month=3&Day=25&lstProvince=&Apply=Apply&timeframe=2,CUMSHEWA ISLAND, BRITISH COLUMBIA ,"53°01'49.476"" N","131°36'05.599"" W",12.60 m,1062251,71771,WZL                 ,CWZL                 ,
8403255,https://climate.weather.gc.ca/climate_data/daily_data_e.html?hlyRange=1994-02-01%7C2026-03-25&dlyRange=1993-05-09%7C2026-03-25&mlyRange=%7C&climate_id=8403255&Prov=NL&urlExtension=_e.html&searchType=stnProv&optLimit=specDate&StartYear=1840&EndYear=2026&selRowPerPage=100&Line=811&Month=3&Day=25&lstProvince=&Apply=Apply&timeframe=2,SAGONA ISLAND, NEWFOUNDLAND AND LABRADOR ,"47°22'04.000"" N","55°47'41.000"" W",59.70 m,8403255,71408,WZN                 ,CWZN                 ,
1013998,https://climate.weather.gc.ca/climate_data/daily_data_e.html?hlyRange=1997-03-14%7C2026-03-25&dlyRange=2018-05-14%7C2026-03-25&mlyRange=%7C&climate_id=1013998&Prov=BC&urlExtension=_e.html&searchType=stnProv&optLimit=specDate&StartYear=1840&EndYear=2026&selRowPerPage=100&Line=446&Month=3&Day=25&lstProvince=&Apply=Apply&timeframe=2,KELP REEFS, BRITISH COLUMBIA ,"48°32'51.700"" N","123°14'13.320"" W",     ,1013998,,WZO                 ,CWZO                 ,
8201969,https://climate.weather.gc.ca/climate_data/daily_data_e.html?hlyRange=1994-02-01%7C2026-03-25&dlyRange=2005-11-01%7C2026-03-25&mlyRange=%7C&climate_id=8201969&Prov=NS&urlExtension=_e.html&searchType=stnProv&optLimit=specDate&StartYear=1840&EndYear=2026&selRowPerPage=100&Line=351&Month=3&Day=25&lstProvince=&Apply=Apply&timeframe=2,GRAND ETANG, NOVA SCOTIA ,"46°32'56.920"" N","61°02'25.130"" W",32.70 m,8201969,73030,WZQ                 ,CWZQ                 ,
2100697,https://climate.weather.gc.ca/climate_data/daily_data_e.html?hlyRange=1997-06-18%7C2026-03-25&dlyRange=1997-06-18%7C2026-03-25&mlyRange=2004-07-01%7C2006-08-01&climate_id=2100697&Prov=YT&urlExtension=_e.html&searchType=stnProv&optLimit=specDate&StartYear=1840&EndYear=2026&selRowPerPage=100&Line=559&Month=3&Day=25&lstProvince=&Apply=Apply&timeframe=2,MARGARET LAKE, YUKON ,"68°48'02.000"" N","140°50'51.000"" W",568.00 m,2100697,71977,WZR                 ,CWZR                 ,
5040681,https://climate.weather.gc.ca/climate_data/daily_data_e.html?hlyRange=1995-06-15%7C2026-03-25&dlyRange=1995-10-04%7C2026-03-25&mlyRange=2000-03-01%7C2007-10-01&climate_id=5040681&Prov=MB&urlExtension=_e.html&searchType=stnProv&optLimit=specDate&StartYear=1840&EndYear=2026&selRowPerPage=100&Line=208&Month=3&Day=25&lstProvince=&Apply=Apply&timeframe=2,DAUPHIN CS, MANITOBA ,"51°06'01.400"" N","100°03'24.800"" W",304.50 m,5040681,71550,WZT                 ,CWZT                 ,
8205093,https://climate.weather.gc.ca/climate_data/daily_data_e.html?hlyRange=1994-02-01%7C2026-03-25&dlyRange=2018-05-14%7C2026-03-25&mlyRange=%7C&climate_id=8205093&Prov=NS&urlExtension=_e.html&searchType=stnProv&optLimit=specDate&StartYear=1840&EndYear=2026&selRowPerPage=100&Line=849&Month=3&Day=25&lstProvince=&Apply=Apply&timeframe=2,SHEARWATER JETTY, NOVA SCOTIA ,"44°37'40.000"" N","63°31'24.000"" W",5.50 m,8205093,71330,WZU                 ,CWZU                 ,
2101102,https://climate.weather.gc.ca/climate_data/daily_data_e.html?hlyRange=1994-02-01%7C2026-03-25&dlyRange=1992-12-02%7C2026-03-25&mlyRange=2001-10-01%7C2007-02-01&climate_id=2101102&Prov=YT&urlExtension=_e.html&searchType=stnProv&optLimit=specDate&StartYear=1840&EndYear=2026&selRowPerPage=100&Line=924&Month=3&Day=25&lstProvince=&Apply=Apply&timeframe=2,TESLIN (AUT), YUKON ,"60°10'00.000"" N","132°44'00.000"" W",705.00 m,2101102,71045,WZW                 ,CWZW                 ,
8503249,https://climate.weather.gc.ca/climate_data/daily_data_e.html?hlyRange=1989-04-01%7C2026-03-25&dlyRange=1989-04-01%7C2026-03-25&mlyRange=1989-01-01%7C1993-12-01&climate_id=8503249&Prov=NL&urlExtension=_e.html&searchType=stnProv&optLimit=specDate&StartYear=1840&EndYear=2026&selRowPerPage=100&Line=810&Month=3&Day=25&lstProvince=&Apply=Apply&timeframe=2,SAGLEK, NEWFOUNDLAND AND LABRADOR ,"58°29'00.000"" N","62°35'08.000"" W",488.00 m,8503249,71335,WZZ                 ,CWZZ                 ,
2301153,https://climate.weather.gc.ca/climate_data/daily_data_e.html?hlyRange=2004-12-16%7C2026-03-25&dlyRange=2004-06-21%7C2026-03-25&mlyRange=2005-04-01%7C2007-11-01&climate_id=2301153&Prov=NU&urlExtension=_e.html&searchType=stnProv&optLimit=specDate&StartYear=1840&EndYear=2026&selRowPerPage=100&Line=22&Month=3&Day=25&lstProvince=&Apply=Apply&timeframe=2,ARVIAT CLIMATE, NUNAVUT ,"61°06'00.000"" N","94°04'00.000"" W",9.80 m,2301153,71322,XAR                 ,CXAR                 ,
2400404,https://climate.weather.gc.ca/climate_data/daily_data_e.html?hlyRange=2000-02-19%7C2026-03-25&dlyRange=1999-11-01%7C2026-03-25&mlyRange=1999-11-01%7C2007-09-01&climate_id=2400404&Prov=NU&urlExtension=_e.html&searchType=stnProv&optLimit=specDate&StartYear=1840&EndYear=2026&selRowPerPage=100&Line=16&Month=3&Day=25&lstProvince=&Apply=Apply&timeframe=2,ARCTIC BAY CS, NUNAVUT ,"72°59'34.000"" N","85°00'44.000"" W",10.00 m,2400404,71592,XAT                 ,CXAT                 ,
3060535,https://climate.weather.gc.ca/climate_data/daily_data_e.html?hlyRange=2000-12-04%7C2026-03-25&dlyRange=2000-12-01%7C2026-03-25&mlyRange=2001-01-01%7C2007-11-01&climate_id=3060535&Prov=AB&urlExtension=_e.html&searchType=stnProv&optLimit=specDate&StartYear=1840&EndYear=2026&selRowPerPage=100&Line=45&Month=3&Day=25&lstProvince=&Apply=Apply&timeframe=2,BARRHEAD CS, ALBERTA ,"54°05'41.000"" N","114°26'51.000"" W",648.00 m,3060535,71061,XBD                 ,CXBD                 ,
6117700,https://climate.weather.gc.ca/climate_data/daily_data_e.html?hlyRange=2003-10-30%7C2026-03-25&dlyRange=2003-11-12%7C2026-03-25&mlyRange=2003-12-01%7C2006-12-01&climate_id=6117700&Prov=ON&urlExtension=_e.html&searchType=stnProv&optLimit=specDate&StartYear=1840&EndYear=2026&selRowPerPage=100&Line=47&Month=3&Day=25&lstProvince=&Apply=Apply&timeframe=2,BARRIE-ORO, ONTARIO ,"44°29'00.000"" N","79°33'00.000"" W",289.00 m,6117700,71314,XBI                 ,CXBI                 ,
4010811,https://climate.weather.gc.ca/climate_data/daily_data_e.html?hlyRange=2006-01-01%7C2026-03-25&dlyRange=2005-11-30%7C2026-03-25&mlyRange=2006-02-01%7C2007-11-01&climate_id=4010811&Prov=SK&urlExtension=_e.html&searchType=stnProv&optLimit=specDate&StartYear=1840&EndYear=2026&selRowPerPage=100&Line=90&Month=3&Day=25&lstProvince=&Apply=Apply&timeframe=2,BRATT'S LAKE CLIMATE, SASKATCHEWAN ,"50°12'02.001"" N","104°42'36.000"" W",580.00 m,4010811,71569,XBK                 ,CXBK                 ,
2300501,https://climate.weather.gc.ca/climate_data/daily_data_e.html?hlyRange=2004-07-01%7C2026-03-25&dlyRange=2004-06-02%7C2026-03-25&mlyRange=2005-05-01%7C2007-11-01&climate_id=2300501&Prov=NU&urlExtension=_e.html&searchType=stnProv&optLimit=specDate&StartYear=1840&EndYear=2026&selRowPerPage=100&Line=38&Month=3&Day=25&lstProvince=&Apply=Apply&timeframe=2,BAKER LAKE CLIMATE, NUNAVUT ,"64°19'00.000"" N","96°00'00.000"" W",50.80 m,2300501,71356,XBL                 ,CXBL                 ,
7010565,https://climate.weather.gc.ca/climate_data/daily_data_e.html?hlyRange=1999-08-19%7C2026-03-25&dlyRange=1999-08-19%7C2026-03-25&mlyRange=%7C&climate_id=7010565&Prov=QC&urlExtension=_e.html&searchType=stnProv&optLimit=specDate&StartYear=1840&EndYear=2026&selRowPerPage=100&Line=55&Month=3&Day=25&lstProvince=&Apply=Apply&timeframe=2,BEAUPORT, QUEBEC ,"46°50'13.000"" N","71°11'50.000"" W",10.00 m,7010565,71578,XBO                 ,CXBO                 ,
5062840,https://climate.weather.gc.ca/climate_data/daily_data_e.html?hlyRange=2000-11-10%7C2026-03-25&dlyRange=2000-09-01%7C2026-03-25&mlyRange=2000-09-01%7C2007-11-01&climate_id=5062840&Prov=MB&urlExtension=_e.html&searchType=stnProv&optLimit=specDate&StartYear=1840&EndYear=2026&selRowPerPage=100&Line=914&Month=3&Day=25&lstProvince=&Apply=Apply&timeframe=2,TADOULE LAKE CS, MANITOBA ,"58°42'57.000"" N","98°30'06.000"" W",262.00 m,5062840,71334,XBQ                 ,CXBQ                 ,
6041110,https://climate.weather.gc.ca/climate_data/daily_data_e.html?hlyRange=2000-08-17%7C2026-03-25&dlyRange=1998-03-01%7C2026-03-25&mlyRange=1998-05-01%7C2006-12-01&climate_id=6041110&Prov=ON&urlExtension=_e.html&searchType=stnProv&optLimit=specDate&StartYear=1840&EndYear=2026&selRowPerPage=100&Line=111&Month=3&Day=25&lstProvince=&Apply=Apply&timeframe=2,CAMERON FALLS (AUT), ONTARIO ,"49°09'14.000"" N","88°20'41.000"" W",232.60 m,6041110,71291,XCA                 ,CXCA                 ,
2100301,https://climate.weather.gc.ca/climate_data/daily_data_e.html?hlyRange=2000-04-18%7C2026-03-25&dlyRange=1999-09-01%7C2026-03-25&mlyRange=%7C&climate_id=2100301&Prov=YT&urlExtension=_e.html&searchType=stnProv&optLimit=specDate&StartYear=1840&EndYear=2026&selRowPerPage=100&Line=133&Month=3&Day=25&lstProvince=&Apply=Apply&timeframe=2,CARMACKS CS, YUKON ,"62°06'54.000"" N","136°11'31.100"" W",542.90 m,2100301,71039,XCK                 ,CXCK                 ,
2400602,https://climate.weather.gc.ca/climate_data/daily_data_e.html?hlyRange=2002-12-31%7C2026-03-25&dlyRange=2002-12-01%7C2026-03-25&mlyRange=2002-12-01%7C2007-11-01&climate_id=2400602&Prov=NU&urlExtension=_e.html&searchType=stnProv&optLimit=specDate&StartYear=1840&EndYear=2026&selRowPerPage=100&Line=110&Month=3&Day=25&lstProvince=&Apply=Apply&timeframe=2,CAMBRIDGE BAY GSN, NUNAVUT ,"69°06'29.000"" N","105°08'18.000"" W",18.70 m,2400602,71288,XCM                 ,CXCM                 ,
2201022,https://climate.weather.gc.ca/climate_data/daily_data_e.html?hlyRange=1999-02-17%7C2026-03-25&dlyRange=1999-02-01%7C2026-03-25&mlyRange=1999-03-01%7C2007-09-01&climate_id=2201022&Prov=NT&urlExtension=_e.html&searchType=stnProv&optLimit=specDate&StartYear=1840&EndYear=2026&selRowPerPage=100&Line=222&Month=3&Day=25&lstProvince=&Apply=Apply&timeframe=2,DELINE CS, NORTHWEST TERRITORIES ,"65°12'31.090"" N","123°26'00.070"" W",212.80 m,2201022,71503,XDE                 ,CXDE                 ,
6131983,https://climate.weather.gc.ca/climate_data/daily_data_e.html?hlyRange=1999-07-16%7C2026-03-25&dlyRange=1997-06-01%7C2026-03-25&mlyRange=1997-06-01%7C2006-12-01&climate_id=6131983&Prov=ON&urlExtension=_e.html&searchType=stnProv&optLimit=specDate&StartYear=1840&EndYear=2026&selRowPerPage=100&Line=219&Month=3&Day=25&lstProvince=&Apply=Apply&timeframe=2,DELHI CS, ONTARIO ,"42°52'00.000"" N","80°33'00.000"" W",231.70 m,6131983,71573,XDI                 ,CXDI                 ,
22010H0,https://climate.weather.gc.ca/climate_data/daily_data_e.html?hlyRange=2001-08-16%7C2026-03-25&dlyRange=2001-08-01%7C2026-03-25&mlyRange=2001-08-01%7C2007-09-01&climate_id=22010H0&Prov=NT&urlExtension=_e.html&searchType=stnProv&optLimit=specDate&StartYear=1840&EndYear=2026&selRowPerPage=100&Line=213&Month=3&Day=25&lstProvince=&Apply=Apply&timeframe=2,DEADMEN VALLEY, NORTHWEST TERRITORIES ,"61°15'24.000"" N","124°28'06.000"" W",283.00 m,22010H0,71021,XDK                 ,CXDK                 ,
5020725,https://climate.weather.gc.ca/climate_data/daily_data_e.html?hlyRange=2000-04-26%7C2026-03-25&dlyRange=2000-01-01%7C2026-03-25&mlyRange=2000-01-01%7C2007-10-01&climate_id=5020725&Prov=MB&urlExtension=_e.html&searchType=stnProv&optLimit=specDate&StartYear=1840&EndYear=2026&selRowPerPage=100&Line=218&Month=3&Day=25&lstProvince=&Apply=Apply&timeframe=2,DEERWOOD RCS, MANITOBA ,"49°23'59.400"" N","98°19'09.300"" W",341.40 m,5020725,71840,XDW                 ,CXDW                 ,
6012199,https://climate.weather.gc.ca/climate_data/daily_data_e.html?hlyRange=2000-08-21%7C2026-03-25&dlyRange=1999-01-01%7C2026-03-25&mlyRange=1999-01-01%7C2006-11-01&climate_id=6012199&Prov=ON&urlExtension=_e.html&searchType=stnProv&optLimit=specDate&StartYear=1840&EndYear=2026&selRowPerPage=100&Line=233&Month=3&Day=25&lstProvince=&Apply=Apply&timeframe=2,EAR FALLS (AUT), ONTARIO ,"50°37'50.000"" N","93°13'17.000"" W",362.60 m,6012199,71295,XEA                 ,CXEA                 ,
3012209,https://climate.weather.gc.ca/climate_data/daily_data_e.html?hlyRange=1999-06-23%7C2026-03-25&dlyRange=1996-03-01%7C2026-03-25&mlyRange=1996-03-01%7C2007-11-01&climate_id=3012209&Prov=AB&urlExtension=_e.html&searchType=stnProv&optLimit=specDate&StartYear=1840&EndYear=2026&selRowPerPage=100&Line=240&Month=3&Day=25&lstProvince=&Apply=Apply&timeframe=2,EDMONTON BLATCHFORD, ALBERTA ,"53°34'23.008"" N","113°31'00.010"" W",671.00 m,3012209,71157,XEC                 ,CXEC                 ,
3012206,https://climate.weather.gc.ca/climate_data/daily_data_e.html?hlyRange=1999-02-17%7C2026-03-25&dlyRange=1999-01-01%7C2026-03-25&mlyRange=1999-01-01%7C2007-11-01&climate_id=3012206&Prov=AB&urlExtension=_e.html&searchType=stnProv&optLimit=specDate&StartYear=1840&EndYear=2026&selRowPerPage=100&Line=241&Month=3&Day=25&lstProvince=&Apply=Apply&timeframe=2,EDMONTON INTERNATIONAL CS, ALBERTA ,"53°18'24.002"" N","113°36'21.009"" W",715.00 m,3012206,71155,XEG                 ,CXEG                 ,
3072246,https://climate.weather.gc.ca/climate_data/daily_data_e.html?hlyRange=1993-09-17%7C2026-03-25&dlyRange=2001-06-11%7C2026-03-25&mlyRange=2005-11-01%7C2007-03-01&climate_id=3072246&Prov=AB&urlExtension=_e.html&searchType=stnProv&optLimit=specDate&StartYear=1840&EndYear=2026&selRowPerPage=100&Line=251&Month=3&Day=25&lstProvince=&Apply=Apply&timeframe=2,EGG ISLAND, ALBERTA ,"58°58'53.070"" N","110°26'22.062"" W",214.90 m,3072246,71404,XEL                 ,CXEL                 ,
6.11E+03,https://climate.weather.gc.ca/climate_data/daily_data_e.html?hlyRange=2000-08-18%7C2026-03-25&dlyRange=2000-08-17%7C2026-03-25&mlyRange=2003-10-01%7C2006-12-01&climate_id=611E001&Prov=ON&urlExtension=_e.html&searchType=stnProv&optLimit=specDate&StartYear=1840&EndYear=2026&selRowPerPage=100&Line=250&Month=3&Day=25&lstProvince=&Apply=Apply&timeframe=2,EGBERT CS, ONTARIO ,"44°14'00.000"" N","79°47'00.000"" W",251.00 m,6.11E+03,71296,XET                 ,CXET                 ,
1022795,https://climate.weather.gc.ca/climate_data/daily_data_e.html?hlyRange=2000-04-04%7C2026-03-25&dlyRange=2000-04-01%7C2026-03-25&mlyRange=2000-04-01%7C2007-02-01&climate_id=1022795&Prov=BC&urlExtension=_e.html&searchType=stnProv&optLimit=specDate&StartYear=1840&EndYear=2026&selRowPerPage=100&Line=270&Month=3&Day=25&lstProvince=&Apply=Apply&timeframe=2,FANNY ISLAND, BRITISH COLUMBIA ,"50°27'12.663"" N","125°59'34.425"" W",5.20 m,1022795,71568,XFA                 ,CXFA                 ,
2402592,https://climate.weather.gc.ca/climate_data/daily_data_e.html?hlyRange=2004-12-16%7C2026-03-25&dlyRange=2004-05-25%7C2026-03-25&mlyRange=2005-03-01%7C2007-11-01&climate_id=2402592&Prov=NU&urlExtension=_e.html&searchType=stnProv&optLimit=specDate&StartYear=1840&EndYear=2026&selRowPerPage=100&Line=419&Month=3&Day=25&lstProvince=&Apply=Apply&timeframe=2,IQALUIT CLIMATE, NUNAVUT ,"63°44'50.000"" N","68°32'40.000"" W",33.50 m,2402592,71321,XFB                 ,CXFB                 ,
3072723,https://climate.weather.gc.ca/climate_data/daily_data_e.html?hlyRange=2000-09-19%7C2026-03-25&dlyRange=2000-09-29%7C2026-03-25&mlyRange=2000-12-01%7C2007-11-01&climate_id=3072723&Prov=AB&urlExtension=_e.html&searchType=stnProv&optLimit=specDate&StartYear=1840&EndYear=2026&selRowPerPage=100&Line=312&Month=3&Day=25&lstProvince=&Apply=Apply&timeframe=2,FORT VERMILION, ALBERTA ,"58°22'56.300"" N","116°02'24.600"" W",289.00 m,3072723,71024,XFV                 ,CXFV                 ,
8401705,https://climate.weather.gc.ca/climate_data/daily_data_e.html?hlyRange=2005-07-20%7C2026-03-25&dlyRange=2005-07-13%7C2026-03-25&mlyRange=2005-11-01%7C2007-07-01&climate_id=8401705&Prov=NL&urlExtension=_e.html&searchType=stnProv&optLimit=specDate&StartYear=1840&EndYear=2026&selRowPerPage=100&Line=322&Month=3&Day=25&lstProvince=&Apply=Apply&timeframe=2,GANDER AIRPORT CS, NEWFOUNDLAND AND LABRADOR ,"48°56'46.000"" N","54°34'01.000"" W",151.00 m,8401705,71742,XGD                 ,CXGD                 ,
5031041,https://climate.weather.gc.ca/climate_data/daily_data_e.html?hlyRange=1999-07-20%7C2026-03-25&dlyRange=1999-07-20%7C2026-03-25&mlyRange=2006-01-01%7C2006-06-01&climate_id=5031041&Prov=MB&urlExtension=_e.html&searchType=stnProv&optLimit=specDate&StartYear=1840&EndYear=2026&selRowPerPage=100&Line=337&Month=3&Day=25&lstProvince=&Apply=Apply&timeframe=2,GIMLI HARBOUR CS, MANITOBA ,"50°37'52.000"" N","96°58'56.000"" W",217.00 m,5031041,71577,XGH                 ,CXGH                 ,
8101925,https://climate.weather.gc.ca/climate_data/daily_data_e.html?hlyRange=2000-11-05%7C2026-03-25&dlyRange=2000-11-06%7C2026-03-25&mlyRange=2004-04-01%7C2007-07-01&climate_id=8101925&Prov=NB&urlExtension=_e.html&searchType=stnProv&optLimit=specDate&StartYear=1840&EndYear=2026&selRowPerPage=100&Line=352&Month=3&Day=25&lstProvince=&Apply=Apply&timeframe=2,GRAND MANAN SAR CS, NEW BRUNSWICK ,"44°42'43.400"" N","66°48'06.900"" W",78.20 m,8101925,71030,XGM                 ,CXGM                 ,
6133362,https://climate.weather.gc.ca/climate_data/daily_data_e.html?hlyRange=2000-07-25%7C2026-03-25&dlyRange=2000-07-25%7C2026-03-25&mlyRange=2000-10-01%7C2006-12-01&climate_id=6133362&Prov=ON&urlExtension=_e.html&searchType=stnProv&optLimit=specDate&StartYear=1840&EndYear=2026&selRowPerPage=100&Line=379&Month=3&Day=25&lstProvince=&Apply=Apply&timeframe=2,HARROW CDA AUTO, ONTARIO ,"42°02'00.000"" N","82°54'00.000"" W",191.00 m,6133362,71298,XHA                 ,CXHA                 ,
2502505,https://climate.weather.gc.ca/climate_data/daily_data_e.html?hlyRange=2000-03-29%7C2026-03-25&dlyRange=2000-03-01%7C2026-03-25&mlyRange=2002-09-01%7C2007-11-01&climate_id=2502505&Prov=NT&urlExtension=_e.html&searchType=stnProv&optLimit=specDate&StartYear=1840&EndYear=2026&selRowPerPage=100&Line=961&Month=3&Day=25&lstProvince=&Apply=Apply&timeframe=2,ULUKHAKTOK, NORTHWEST TERRITORIES ,"70°45'41.230"" N","117°47'59.870"" W",29.80 m,2502505,71029,XHI                 ,CXHI                 ,
6153301,https://climate.weather.gc.ca/climate_data/daily_data_e.html?hlyRange=2000-08-17%7C2026-03-25&dlyRange=1997-11-01%7C2026-03-25&mlyRange=1997-11-01%7C2006-12-01&climate_id=6153301&Prov=ON&urlExtension=_e.html&searchType=stnProv&optLimit=specDate&StartYear=1840&EndYear=2026&selRowPerPage=100&Line=375&Month=3&Day=25&lstProvince=&Apply=Apply&timeframe=2,HAMILTON RBG CS, ONTARIO ,"43°17'30.000"" N","79°54'30.000"" W",102.00 m,6153301,71297,XHM                 ,CXHM                 ,
8202502,https://climate.weather.gc.ca/climate_data/daily_data_e.html?hlyRange=2000-01-22%7C2026-03-25&dlyRange=2000-07-24%7C2026-03-25&mlyRange=2004-01-01%7C2007-07-01&climate_id=8202502&Prov=NS&urlExtension=_e.html&searchType=stnProv&optLimit=specDate&StartYear=1840&EndYear=2026&selRowPerPage=100&Line=412&Month=3&Day=25&lstProvince=&Apply=Apply&timeframe=2,INGONISH BEACH RCS, NOVA SCOTIA ,"46°39'46.001"" N","60°24'23.000"" W",10.00 m,8202502,71027,XIB                 ,CXIB                 ,
6073980,https://climate.weather.gc.ca/climate_data/daily_data_e.html?hlyRange=2000-08-07%7C2026-03-25&dlyRange=2000-08-22%7C2026-03-25&mlyRange=2002-02-01%7C2006-12-01&climate_id=6073980&Prov=ON&urlExtension=_e.html&searchType=stnProv&optLimit=specDate&StartYear=1840&EndYear=2026&selRowPerPage=100&Line=442&Month=3&Day=25&lstProvince=&Apply=Apply&timeframe=2,KAPUSKASING CDA ON, ONTARIO ,"49°24'23.000"" N","82°26'37.000"" W",218.00 m,6073980,71299,XKA                 ,CXKA                 ,
6104027,https://climate.weather.gc.ca/climate_data/daily_data_e.html?hlyRange=2001-02-13%7C2026-03-25&dlyRange=1997-11-01%7C2026-03-25&mlyRange=1997-11-01%7C2006-12-01&climate_id=6104027&Prov=ON&urlExtension=_e.html&searchType=stnProv&optLimit=specDate&StartYear=1840&EndYear=2026&selRowPerPage=100&Line=449&Month=3&Day=25&lstProvince=&Apply=Apply&timeframe=2,KEMPTVILLE CS, ONTARIO ,"45°00'00.000"" N","75°38'00.000"" W",99.40 m,6104027,71300,XKE                 ,CXKE                 ,
6074207,https://climate.weather.gc.ca/climate_data/daily_data_e.html?hlyRange=2022-08-25%7C2026-03-25&dlyRange=2022-08-25%7C2026-03-25&mlyRange=%7C&climate_id=6074207&Prov=ON&urlExtension=_e.html&searchType=stnProv&optLimit=specDate&StartYear=1840&EndYear=2026&selRowPerPage=100&Line=470&Month=3&Day=25&lstProvince=&Apply=Apply&timeframe=2,KIRKLAND LAKE, ONTARIO ,"48°05'17.054"" N","80°03'41.035"" W",280.00 m,6074207,71301,XKI                 ,CXKI                 ,
8202810,https://climate.weather.gc.ca/climate_data/daily_data_e.html?hlyRange=1999-01-12%7C2026-03-25&dlyRange=1996-07-01%7C2026-03-25&mlyRange=1996-07-01%7C2007-07-01&climate_id=8202810&Prov=NS&urlExtension=_e.html&searchType=stnProv&optLimit=specDate&StartYear=1840&EndYear=2026&selRowPerPage=100&Line=452&Month=3&Day=25&lstProvince=&Apply=Apply&timeframe=2,KENTVILLE CDA CS, NOVA SCOTIA ,"45°04'00.000"" N","64°29'00.000"" W",48.70 m,8202810,71671,XKT                 ,CXKT                 ,
8203210,https://climate.weather.gc.ca/climate_data/daily_data_e.html?hlyRange=2002-07-12%7C2026-03-25&dlyRange=2005-11-01%7C2026-03-25&mlyRange=2007-07-01%7C2007-07-01&climate_id=8203210&Prov=NS&urlExtension=_e.html&searchType=stnProv&optLimit=specDate&StartYear=1840&EndYear=2026&selRowPerPage=100&Line=537&Month=3&Day=25&lstProvince=&Apply=Apply&timeframe=2,LUNENBURG, NOVA SCOTIA ,"44°21'36.094"" N","64°17'46.082"" W",3.80 m,8203210,,XLB                 ,CXLB                 ,
220N003,https://climate.weather.gc.ca/climate_data/daily_data_e.html?hlyRange=1998-06-18%7C2026-03-25&dlyRange=1998-06-01%7C2026-03-25&mlyRange=1998-07-01%7C2007-11-01&climate_id=220N003&Prov=NT&urlExtension=_e.html&searchType=stnProv&optLimit=specDate&StartYear=1840&EndYear=2026&selRowPerPage=100&Line=521&Month=3&Day=25&lstProvince=&Apply=Apply&timeframe=2,LINDBERG LANDING, NORTHWEST TERRITORIES ,"61°07'30.000"" N","122°51'04.000"" W",183.00 m,220N003,71682,XLL                 ,CXLL                 ,
7064181,https://climate.weather.gc.ca/climate_data/daily_data_e.html?hlyRange=2002-02-03%7C2026-03-25&dlyRange=2001-02-02%7C2026-03-25&mlyRange=%7C&climate_id=7064181&Prov=QC&urlExtension=_e.html&searchType=stnProv&optLimit=specDate&StartYear=1840&EndYear=2026&selRowPerPage=100&Line=510&Month=3&Day=25&lstProvince=&Apply=Apply&timeframe=2,LATERRIERE, QUEBEC ,"48°18'26.000"" N","71°07'45.000"" W",162.70 m,7064181,71040,XLT                 ,CXLT                 ,
5021849,https://climate.weather.gc.ca/climate_data/daily_data_e.html?hlyRange=2000-02-18%7C2026-03-25&dlyRange=1999-12-01%7C2026-03-25&mlyRange=1999-12-01%7C2007-11-01&climate_id=5021849&Prov=MB&urlExtension=_e.html&searchType=stnProv&optLimit=specDate&StartYear=1840&EndYear=2026&selRowPerPage=100&Line=605&Month=3&Day=25&lstProvince=&Apply=Apply&timeframe=2,MORDEN CDA CS, MANITOBA ,"49°11'15.500"" N","98°05'02.200"" W",297.50 m,5021849,71564,XMD                 ,CXMD                 ,
8203478,https://climate.weather.gc.ca/climate_data/daily_data_e.html?hlyRange=1999-10-13%7C2026-03-25&dlyRange=2005-11-01%7C2026-03-25&mlyRange=%7C&climate_id=8203478&Prov=NS&urlExtension=_e.html&searchType=stnProv&optLimit=specDate&StartYear=1840&EndYear=2026&selRowPerPage=100&Line=570&Month=3&Day=25&lstProvince=&Apply=Apply&timeframe=2,MCNABS ISLAND (AUT), NOVA SCOTIA ,"44°36'00.000"" N","63°32'00.000"" W",15.40 m,8203478,,XMI                 ,CXMI                 ,
3062696,https://climate.weather.gc.ca/climate_data/daily_data_e.html?hlyRange=1999-09-18%7C2026-03-25&dlyRange=1996-05-01%7C2026-03-25&mlyRange=1996-05-01%7C2007-11-01&climate_id=3062696&Prov=AB&urlExtension=_e.html&searchType=stnProv&optLimit=specDate&StartYear=1840&EndYear=2026&selRowPerPage=100&Line=293&Month=3&Day=25&lstProvince=&Apply=Apply&timeframe=2,FORT MCMURRAY CS, ALBERTA ,"56°39'04.000"" N","111°12'48.000"" W",368.80 m,3062696,71585,XMM                 ,CXMM                 ,
8305500,https://climate.weather.gc.ca/climate_data/daily_data_e.html?hlyRange=2001-06-21%7C2026-03-25&dlyRange=2004-01-01%7C2026-03-25&mlyRange=2004-06-01%7C2007-07-01&climate_id=8305500&Prov=PE&urlExtension=_e.html&searchType=stnProv&optLimit=specDate&StartYear=1840&EndYear=2026&selRowPerPage=100&Line=556&Month=3&Day=25&lstProvince=&Apply=Apply&timeframe=2,MAPLE PLAINS, PRINCE EDWARD ISLAND ,"46°18'10.080"" N","63°34'32.040"" W",45.70 m,8305500,,XMP                 ,CXMP                 ,
3034485,https://climate.weather.gc.ca/climate_data/daily_data_e.html?hlyRange=2001-01-12%7C2026-03-25&dlyRange=2000-08-01%7C2026-03-25&mlyRange=2000-08-01%7C2007-11-01&climate_id=3034485&Prov=AB&urlExtension=_e.html&searchType=stnProv&optLimit=specDate&StartYear=1840&EndYear=2026&selRowPerPage=100&Line=578&Month=3&Day=25&lstProvince=&Apply=Apply&timeframe=2,MEDICINE HAT RCS, ALBERTA ,"50°01'30.400"" N","110°43'02.100"" W",715.00 m,3034485,71026,XMW                 ,CXMW                 ,
8203405,https://climate.weather.gc.ca/climate_data/daily_data_e.html?hlyRange=1999-09-13%7C2026-03-25&dlyRange=2000-08-01%7C2026-03-25&mlyRange=2000-08-01%7C2007-07-01&climate_id=8203405&Prov=NS&urlExtension=_e.html&searchType=stnProv&optLimit=specDate&StartYear=1840&EndYear=2026&selRowPerPage=100&Line=550&Month=3&Day=25&lstProvince=&Apply=Apply&timeframe=2,MALAY FALLS, NOVA SCOTIA ,"44°59'00.000"" N","62°29'00.000"" W",39.60 m,8203405,73029,XMY                 ,CXMY                 ,
3054843,https://climate.weather.gc.ca/climate_data/daily_data_e.html?hlyRange=2001-01-15%7C2026-03-25&dlyRange=2000-10-01%7C2026-03-25&mlyRange=2000-10-01%7C2007-11-01&climate_id=3054843&Prov=AB&urlExtension=_e.html&searchType=stnProv&optLimit=specDate&StartYear=1840&EndYear=2026&selRowPerPage=100&Line=637&Month=3&Day=25&lstProvince=&Apply=Apply&timeframe=2,NORDEGG CS, ALBERTA ,"52°29'31.090"" N","116°02'24.000"" W","1,332.00 m",3054843,71060,XND                 ,CXND                 ,
8204161,https://climate.weather.gc.ca/climate_data/daily_data_e.html?hlyRange=1998-12-17%7C2026-03-25&dlyRange=1998-03-01%7C2026-03-25&mlyRange=1998-03-01%7C2007-07-01&climate_id=8204161&Prov=NS&urlExtension=_e.html&searchType=stnProv&optLimit=specDate&StartYear=1840&EndYear=2026&selRowPerPage=100&Line=648&Month=3&Day=25&lstProvince=&Apply=Apply&timeframe=2,NORTH MOUNTAIN CS, NOVA SCOTIA ,"46°49'01.000"" N","60°40'20.000"" W",439.40 m,8204161,71604,XNM                 ,CXNM                 ,
8203702,https://climate.weather.gc.ca/climate_data/daily_data_e.html?hlyRange=2003-11-26%7C2026-03-25&dlyRange=2003-10-29%7C2026-03-25&mlyRange=2005-08-01%7C2007-07-01&climate_id=8203702&Prov=NS&urlExtension=_e.html&searchType=stnProv&optLimit=specDate&StartYear=1840&EndYear=2026&selRowPerPage=100&Line=624&Month=3&Day=25&lstProvince=&Apply=Apply&timeframe=2,NAPPAN AUTO, NOVA SCOTIA ,"45°45'34.400"" N","64°14'29.200"" W",19.80 m,8203702,71311,XNP                 ,CXNP                 ,
6105978,https://climate.weather.gc.ca/climate_data/daily_data_e.html?hlyRange=2000-10-19%7C2026-03-25&dlyRange=2000-10-19%7C2026-03-25&mlyRange=2003-04-01%7C2006-12-01&climate_id=6105978&Prov=ON&urlExtension=_e.html&searchType=stnProv&optLimit=specDate&StartYear=1840&EndYear=2026&selRowPerPage=100&Line=666&Month=3&Day=25&lstProvince=&Apply=Apply&timeframe=2,OTTAWA CDA RCS, ONTARIO ,"45°23'00.000"" N","75°43'00.000"" W",79.20 m,6105978,71063,XOA                 ,CXOA                 ,
4064149,https://climate.weather.gc.ca/climate_data/daily_data_e.html?hlyRange=1999-10-28%7C2026-03-25&dlyRange=1999-10-01%7C2026-03-25&mlyRange=1999-10-01%7C2007-11-01&climate_id=4064149&Prov=SK&urlExtension=_e.html&searchType=stnProv&optLimit=specDate&StartYear=1840&EndYear=2026&selRowPerPage=100&Line=492&Month=3&Day=25&lstProvince=&Apply=Apply&timeframe=2,LA RONGE RCS, SASKATCHEWAN ,"55°08'47.020"" N","105°16'13.030"" W",378.60 m,4064149,71586,XOX                 ,CXOX                 ,
6116257,https://climate.weather.gc.ca/climate_data/daily_data_e.html?hlyRange=2002-09-18%7C2026-03-25&dlyRange=2002-10-03%7C2026-03-25&mlyRange=2003-10-01%7C2006-12-01&climate_id=6116257&Prov=ON&urlExtension=_e.html&searchType=stnProv&optLimit=specDate&StartYear=1840&EndYear=2026&selRowPerPage=100&Line=678&Month=3&Day=25&lstProvince=&Apply=Apply&timeframe=2,PARRY SOUND CCG, ONTARIO ,"45°20'39.000"" N","80°02'39.000"" W",176.30 m,6116257,71172,XPC                 ,CXPC                 ,
301A001,https://climate.weather.gc.ca/climate_data/daily_data_e.html?hlyRange=2000-12-19%7C2026-03-25&dlyRange=1997-04-01%7C2026-03-25&mlyRange=1997-04-01%7C2007-11-01&climate_id=301A001&Prov=AB&urlExtension=_e.html&searchType=stnProv&optLimit=specDate&StartYear=1840&EndYear=2026&selRowPerPage=100&Line=245&Month=3&Day=25&lstProvince=&Apply=Apply&timeframe=2,EDMONTON STONY PLAIN CS, ALBERTA ,"53°32'50.080"" N","114°06'30.070"" W",766.30 m,301A001,71127,XPS                 ,CXPS                 ,
613P001,https://climate.weather.gc.ca/climate_data/daily_data_e.html?hlyRange=2001-07-13%7C2026-03-25&dlyRange=1999-01-01%7C2026-03-25&mlyRange=1999-04-01%7C2006-12-01&climate_id=613P001&Prov=ON&urlExtension=_e.html&searchType=stnProv&optLimit=specDate&StartYear=1840&EndYear=2026&selRowPerPage=100&Line=708&Month=3&Day=25&lstProvince=&Apply=Apply&timeframe=2,POINT PELEE CS, ONTARIO ,"41°56'55.009"" N","82°31'08.002"" W",176.80 m,613P001,71303,XPT                 ,CXPT                 ,
2101204,https://climate.weather.gc.ca/climate_data/daily_data_e.html?hlyRange=2005-03-22%7C2026-03-25&dlyRange=2002-12-23%7C2026-03-25&mlyRange=%7C&climate_id=2101204&Prov=YT&urlExtension=_e.html&searchType=stnProv&optLimit=specDate&StartYear=1840&EndYear=2026&selRowPerPage=100&Line=1004&Month=3&Day=25&lstProvince=&Apply=Apply&timeframe=2,WATSON LAKE (AUT), YUKON ,"60°06'57.020"" N","128°49'55.020"" W",683.30 m,2101204,71199,XQH                 ,CXQH                 ,
2403505,https://climate.weather.gc.ca/climate_data/daily_data_e.html?hlyRange=2002-10-17%7C2026-03-25&dlyRange=2002-10-01%7C2026-03-25&mlyRange=2002-10-01%7C2007-11-01&climate_id=2403505&Prov=NU&urlExtension=_e.html&searchType=stnProv&optLimit=specDate&StartYear=1840&EndYear=2026&selRowPerPage=100&Line=780&Month=3&Day=25&lstProvince=&Apply=Apply&timeframe=2,RESOLUTE CS, NUNAVUT ,"74°42'57.005"" N","94°58'59.007"" W",30.00 m,2403505,71018,XRB                 ,CXRB                 ,
6137154,https://climate.weather.gc.ca/climate_data/daily_data_e.html?hlyRange=2003-02-24%7C2026-03-25&dlyRange=2003-02-01%7C2026-03-25&mlyRange=2003-03-01%7C2006-12-01&climate_id=6137154&Prov=ON&urlExtension=_e.html&searchType=stnProv&optLimit=specDate&StartYear=1840&EndYear=2026&selRowPerPage=100&Line=784&Month=3&Day=25&lstProvince=&Apply=Apply&timeframe=2,RIDGETOWN RCS, ONTARIO ,"42°27'00.000"" N","81°53'00.000"" W",205.70 m,6137154,71307,XRG                 ,CXRG                 ,
8400506,https://climate.weather.gc.ca/climate_data/daily_data_e.html?hlyRange=2021-11-23%7C2026-03-25&dlyRange=2021-11-23%7C2026-03-25&mlyRange=%7C&climate_id=8400506&Prov=NL&urlExtension=_e.html&searchType=stnProv&optLimit=specDate&StartYear=1840&EndYear=2026&selRowPerPage=100&Line=72&Month=3&Day=25&lstProvince=&Apply=Apply&timeframe=2,BERRY HILL, NEWFOUNDLAND AND LABRADOR ,"49°37'11.005"" N","57°55'09.005"" W",122.00 m,8400506,71588,XRH                 ,CXRH                 ,
2403756,https://climate.weather.gc.ca/climate_data/daily_data_e.html?hlyRange=2002-10-30%7C2026-03-25&dlyRange=2002-08-01%7C2026-03-25&mlyRange=2002-09-01%7C2007-08-01&climate_id=2403756&Prov=NU&urlExtension=_e.html&searchType=stnProv&optLimit=specDate&StartYear=1840&EndYear=2026&selRowPerPage=100&Line=891&Month=3&Day=25&lstProvince=&Apply=Apply&timeframe=2,STEFANSSON ISLAND, NUNAVUT ,"73°45'56.500"" N","105°17'44.000"" W",11.00 m,2403756,71017,XSE                 ,CXSE                 ,
7018001,https://climate.weather.gc.ca/climate_data/daily_data_e.html?hlyRange=1999-01-25%7C2026-03-25&dlyRange=1998-11-04%7C2026-03-25&mlyRange=%7C&climate_id=7018001&Prov=QC&urlExtension=_e.html&searchType=stnProv&optLimit=specDate&StartYear=1840&EndYear=2026&selRowPerPage=100&Line=847&Month=3&Day=25&lstProvince=&Apply=Apply&timeframe=2,SHAWINIGAN, QUEBEC ,"46°33'48.000"" N","72°44'00.000"" W",110.00 m,7018001,71370,XSH                 ,CXSH                 ,
8205895,https://climate.weather.gc.ca/climate_data/daily_data_e.html?hlyRange=2003-01-20%7C2026-03-25&dlyRange=2003-01-17%7C2026-03-25&mlyRange=2004-01-01%7C2007-07-01&climate_id=8205895&Prov=NS&urlExtension=_e.html&searchType=stnProv&optLimit=specDate&StartYear=1840&EndYear=2026&selRowPerPage=100&Line=945&Month=3&Day=25&lstProvince=&Apply=Apply&timeframe=2,TRACADIE, NOVA SCOTIA ,"45°36'30.080"" N","61°40'47.020"" W",66.70 m,8205895,71308,XTD                 ,CXTD                 ,
1088015,https://climate.weather.gc.ca/climate_data/daily_data_e.html?hlyRange=2000-08-10%7C2026-03-25&dlyRange=2000-08-10%7C2026-03-25&mlyRange=2004-04-01%7C2007-02-01&climate_id=1088015&Prov=BC&urlExtension=_e.html&searchType=stnProv&optLimit=specDate&StartYear=1840&EndYear=2026&selRowPerPage=100&Line=920&Month=3&Day=25&lstProvince=&Apply=Apply&timeframe=2,TATLAYOKO LAKE RCS, BRITISH COLUMBIA ,"51°40'28.400"" N","124°24'11.300"" W",875.00 m,1088015,71028,XTL                 ,CXTL                 ,
2203918,https://climate.weather.gc.ca/climate_data/daily_data_e.html?hlyRange=1998-09-14%7C2026-03-25&dlyRange=1998-09-19%7C2026-03-25&mlyRange=1998-12-01%7C2007-09-01&climate_id=2203918&Prov=NT&urlExtension=_e.html&searchType=stnProv&optLimit=specDate&StartYear=1840&EndYear=2026&selRowPerPage=100&Line=956&Month=3&Day=25&lstProvince=&Apply=Apply&timeframe=2,TUKTUT NOGAIT, NORTHWEST TERRITORIES ,"69°11'56.000"" N","122°21'33.000"" W",551.60 m,2203918,71492,XTN                 ,CXTN                 ,
6158355,https://climate.weather.gc.ca/climate_data/daily_data_e.html?hlyRange=2002-06-04%7C2026-03-25&dlyRange=2002-06-04%7C2026-03-25&mlyRange=2003-07-01%7C2006-12-01&climate_id=6158355&Prov=ON&urlExtension=_e.html&searchType=stnProv&optLimit=specDate&StartYear=1840&EndYear=2026&selRowPerPage=100&Line=942&Month=3&Day=25&lstProvince=&Apply=Apply&timeframe=2,TORONTO CITY, ONTARIO ,"43°40'00.000"" N","79°24'00.000"" W",112.50 m,6158355,71508,XTO                 ,CXTO                 ,
8403851,https://climate.weather.gc.ca/climate_data/daily_data_e.html?hlyRange=1999-07-06%7C2026-03-25&dlyRange=1996-07-01%7C2026-03-25&mlyRange=1996-07-01%7C2007-07-01&climate_id=8403851&Prov=NL&urlExtension=_e.html&searchType=stnProv&optLimit=specDate&StartYear=1840&EndYear=2026&selRowPerPage=100&Line=921&Month=3&Day=25&lstProvince=&Apply=Apply&timeframe=2,TERRA NOVA NAT PARK CS, NEWFOUNDLAND AND LABRADOR ,"48°33'25.000"" N","53°58'28.000"" W",106.70 m,8403851,71589,XTP                 ,CXTP                 ,
220N005,https://climate.weather.gc.ca/climate_data/daily_data_e.html?hlyRange=1998-09-15%7C2026-03-25&dlyRange=1998-09-01%7C2026-03-25&mlyRange=2002-07-01%7C2006-07-01&climate_id=220N005&Prov=NT&urlExtension=_e.html&searchType=stnProv&optLimit=specDate&StartYear=1840&EndYear=2026&selRowPerPage=100&Line=946&Month=3&Day=25&lstProvince=&Apply=Apply&timeframe=2,TRAIL VALLEY, NORTHWEST TERRITORIES ,"68°44'46.800"" N","133°30'06.400"" W",85.00 m,220N005,71683,XTV                 ,CXTV                 ,
2402353,https://climate.weather.gc.ca/climate_data/daily_data_e.html?hlyRange=2004-12-16%7C2026-03-25&dlyRange=2004-05-26%7C2026-03-25&mlyRange=2005-03-01%7C2007-11-01&climate_id=2402353&Prov=NU&urlExtension=_e.html&searchType=stnProv&optLimit=specDate&StartYear=1840&EndYear=2026&selRowPerPage=100&Line=828&Month=3&Day=25&lstProvince=&Apply=Apply&timeframe=2,SANIRAJAK, NUNAVUT ,"68°46'34.000"" N","81°14'37.000"" W",8.20 m,2402353,71320,XUX                 ,CXUX                 ,
6139148,https://climate.weather.gc.ca/climate_data/daily_data_e.html?hlyRange=2002-02-15%7C2026-03-25&dlyRange=2002-02-07%7C2026-03-25&mlyRange=2003-10-01%7C2006-12-01&climate_id=6139148&Prov=ON&urlExtension=_e.html&searchType=stnProv&optLimit=specDate&StartYear=1840&EndYear=2026&selRowPerPage=100&Line=991&Month=3&Day=25&lstProvince=&Apply=Apply&timeframe=2,VINELAND STATION RCS, ONTARIO ,"43°11'00.000"" N","79°24'00.000"" W",79.20 m,6139148,71171,XVN                 ,CXVN                 ,
2403945,https://climate.weather.gc.ca/climate_data/daily_data_e.html?hlyRange=2001-08-27%7C2026-03-25&dlyRange=2001-01-01%7C2026-03-25&mlyRange=2001-09-01%7C2006-11-01&climate_id=2403945&Prov=NU&urlExtension=_e.html&searchType=stnProv&optLimit=specDate&StartYear=1840&EndYear=2026&selRowPerPage=100&Line=994&Month=3&Day=25&lstProvince=&Apply=Apply&timeframe=2,WAGER BAY (AUT), NUNAVUT ,"65°52'45.000"" N","89°26'45.000"" W",18.00 m,2403945,71049,XWB                 ,CXWB                 ,
1148705,https://climate.weather.gc.ca/climate_data/daily_data_e.html?hlyRange=2001-06-26%7C2026-03-25&dlyRange=2001-11-26%7C2026-03-25&mlyRange=2002-07-01%7C2007-02-01&climate_id=1148705&Prov=BC&urlExtension=_e.html&searchType=stnProv&optLimit=specDate&StartYear=1840&EndYear=2026&selRowPerPage=100&Line=996&Month=3&Day=25&lstProvince=&Apply=Apply&timeframe=2,WARFIELD RCS, BRITISH COLUMBIA ,"49°06'43.000"" N","117°44'20.000"" W",566.90 m,1148705,71401,XWF                 ,CXWF                 ,
502S001,https://climate.weather.gc.ca/climate_data/daily_data_e.html?hlyRange=2013-12-10%7C2026-03-25&dlyRange=1996-10-01%7C2026-03-25&mlyRange=1996-10-01%7C2007-11-01&climate_id=502S001&Prov=MB&urlExtension=_e.html&searchType=stnProv&optLimit=specDate&StartYear=1840&EndYear=2026&selRowPerPage=100&Line=1034&Month=3&Day=25&lstProvince=&Apply=Apply&timeframe=2,WINNIPEG A CS, MANITOBA ,"49°55'00.000"" N","97°14'58.000"" W",238.70 m,502S001,71849,XWG                 ,CXWG                 ,
5023262,https://climate.weather.gc.ca/climate_data/daily_data_e.html?hlyRange=1999-11-01%7C2026-03-25&dlyRange=1999-11-01%7C2026-03-25&mlyRange=1999-11-01%7C2007-11-01&climate_id=5023262&Prov=MB&urlExtension=_e.html&searchType=stnProv&optLimit=specDate&StartYear=1840&EndYear=2026&selRowPerPage=100&Line=1037&Month=3&Day=25&lstProvince=&Apply=Apply&timeframe=2,WINNIPEG THE FORKS, MANITOBA ,"49°53'18.008"" N","97°07'46.007"" W",230.00 m,5023262,71579,XWN                 ,CXWN                 ,
2204300,https://climate.weather.gc.ca/climate_data/daily_data_e.html?hlyRange=1973-05-14%7C2026-03-25&dlyRange=1957-06-01%7C2026-03-25&mlyRange=1957-01-01%7C2007-09-01&climate_id=2204300&Prov=NT&urlExtension=_e.html&searchType=stnProv&optLimit=specDate&StartYear=1840&EndYear=2026&selRowPerPage=100&Line=1050&Month=3&Day=25&lstProvince=&Apply=Apply&timeframe=2,YOHIN, NORTHWEST TERRITORIES ,"61°14'31.000"" N","123°44'30.000"" W",204.00 m,2204300,71020,XYH                 ,CXYH                 ,
6075429,https://climate.weather.gc.ca/climate_data/daily_data_e.html?hlyRange=2022-11-25%7C2026-03-25&dlyRange=2022-11-25%7C2026-03-25&mlyRange=%7C&climate_id=6075429&Prov=ON&urlExtension=_e.html&searchType=stnProv&optLimit=specDate&StartYear=1840&EndYear=2026&selRowPerPage=100&Line=604&Month=3&Day=25&lstProvince=&Apply=Apply&timeframe=2,MOOSONEE RCS, ONTARIO ,"51°15'25.005"" N","80°39'49.042"" W",     ,6075429,71309,XZC                 ,CXZC                 ,
7047914,https://climate.weather.gc.ca/climate_data/daily_data_e.html?hlyRange=2002-02-04%7C2026-03-25&dlyRange=2002-10-16%7C2026-03-25&mlyRange=2005-01-01%7C2005-12-01&climate_id=7047914&Prov=QC&urlExtension=_e.html&searchType=stnProv&optLimit=specDate&StartYear=1840&EndYear=2026&selRowPerPage=100&Line=844&Month=3&Day=25&lstProvince=&Apply=Apply&timeframe=2,SEPT-ILES, QUEBEC ,"50°13'00.000"" N","66°15'00.000"" W",52.60 m,7047914,71279,XZV                 ,CXZV                 ,
2400399,https://climate.weather.gc.ca/climate_data/daily_data_e.html?hlyRange=2011-01-13%7C2026-03-25&dlyRange=2018-10-29%7C2026-03-25&mlyRange=%7C&climate_id=2400399&Prov=NU&urlExtension=_e.html&searchType=stnProv&optLimit=specDate&StartYear=1840&EndYear=2026&selRowPerPage=100&Line=15&Month=3&Day=25&lstProvince=&Apply=Apply&timeframe=2,ARCTIC BAY, NUNAVUT ,"73°00'23.000"" N","85°02'50.000"" W",21.90 m,2400399,,YAB                 ,CYAB                 ,
7093714,https://climate.weather.gc.ca/climate_data/daily_data_e.html?hlyRange=2011-12-12%7C2026-03-25&dlyRange=2011-12-15%7C2026-03-25&mlyRange=%7C&climate_id=7093714&Prov=QC&urlExtension=_e.html&searchType=stnProv&optLimit=specDate&StartYear=1840&EndYear=2026&selRowPerPage=100&Line=487&Month=3&Day=25&lstProvince=&Apply=Apply&timeframe=2,LA GRANDE 4 A, QUEBEC ,"53°45'17.000"" N","73°40'31.000"" W",306.30 m,7093714,71003,YAH                 ,CYAH                 ,
6057591,https://climate.weather.gc.ca/climate_data/daily_data_e.html?hlyRange=2012-03-20%7C2026-03-25&dlyRange=2012-03-20%7C2026-03-25&mlyRange=%7C&climate_id=6057591&Prov=ON&urlExtension=_e.html&searchType=stnProv&optLimit=specDate&StartYear=1840&EndYear=2026&selRowPerPage=100&Line=837&Month=3&Day=25&lstProvince=&Apply=Apply&timeframe=2,SAULT STE MARIE A, ONTARIO ,"46°29'06.000"" N","84°30'35.000"" W",192.00 m,6057591,71260,YAM                 ,CYAM                 ,
7113384,https://climate.weather.gc.ca/climate_data/daily_data_e.html?hlyRange=2018-10-30%7C2026-03-25&dlyRange=2018-10-29%7C2026-03-25&mlyRange=%7C&climate_id=7113384&Prov=QC&urlExtension=_e.html&searchType=stnProv&optLimit=specDate&StartYear=1840&EndYear=2026&selRowPerPage=100&Line=438&Month=3&Day=25&lstProvince=&Apply=Apply&timeframe=2,KANGIRSUK A, QUEBEC ,"60°01'38.000"" N","69°59'57.000"" W",123.80 m,7113384,,YAS                 ,CYAS                 ,
7113383,https://climate.weather.gc.ca/climate_data/daily_data_e.html?hlyRange=2015-09-29%7C2026-03-25&dlyRange=%7C&mlyRange=%7C&climate_id=7113383&Prov=QC&urlExtension=_e.html&searchType=stnProv&optLimit=specDate&StartYear=1840&EndYear=2026&selRowPerPage=100&Line=439&Month=3&Day=25&lstProvince=&Apply=Apply&timeframe=2,KANGIRSUK A, QUEBEC ,"60°01'38.000"" N","69°59'57.000"" W",123.80 m,7113383,,YAS                 ,CYAS                 ,
6010400,https://climate.weather.gc.ca/climate_data/daily_data_e.html?hlyRange=2015-01-06%7C2026-03-25&dlyRange=2015-01-08%7C2026-03-25&mlyRange=%7C&climate_id=6010400&Prov=ON&urlExtension=_e.html&searchType=stnProv&optLimit=specDate&StartYear=1840&EndYear=2026&selRowPerPage=100&Line=26&Month=3&Day=25&lstProvince=&Apply=Apply&timeframe=2,ATTAWAPISKAT A, ONTARIO ,"52°55'39.000"" N","82°25'55.000"" W",9.10 m,6010400,71653,YAT                 ,CYAT                 ,
50225DS,https://climate.weather.gc.ca/climate_data/daily_data_e.html?hlyRange=2023-04-24%7C2026-03-25&dlyRange=2023-04-24%7C2026-03-25&mlyRange=%7C&climate_id=50225DS&Prov=MB&urlExtension=_e.html&searchType=stnProv&optLimit=specDate&StartYear=1840&EndYear=2026&selRowPerPage=100&Line=1036&Month=3&Day=25&lstProvince=&Apply=Apply&timeframe=2,WINNIPEG ST ANDREWS, MANITOBA ,"50°03'23.000"" N","97°01'57.000"" W",231.30 m,50225DS,,YAV                 ,CYAV                 ,
8205090,https://climate.weather.gc.ca/climate_data/daily_data_e.html?hlyRange=1953-01-01%7C2026-03-25&dlyRange=1944-02-01%7C2007-12-12&mlyRange=1944-01-01%7C2007-03-01&climate_id=8205090&Prov=NS&urlExtension=_e.html&searchType=stnProv&optLimit=specDate&StartYear=1840&EndYear=2026&selRowPerPage=100&Line=848&Month=3&Day=25&lstProvince=&Apply=Apply&timeframe=2,SHEARWATER A, NOVA SCOTIA ,"44°38'00.000"" N","63°30'00.000"" W",44.00 m,8205090,71601,YAW                 ,CYAW                 ,
8403389,https://climate.weather.gc.ca/climate_data/daily_data_e.html?hlyRange=2009-08-27%7C2026-03-25&dlyRange=2009-03-04%7C2026-03-25&mlyRange=%7C&climate_id=8403389&Prov=NL&urlExtension=_e.html&searchType=stnProv&optLimit=specDate&StartYear=1840&EndYear=2026&selRowPerPage=100&Line=881&Month=3&Day=25&lstProvince=&Apply=Apply&timeframe=2,ST. ANTHONY A, NEWFOUNDLAND AND LABRADOR ,"51°23'31.000"" N","56°04'08.000"" W",32.90 m,8403389,71819,YAY                 ,CYAY                 ,
1038204,https://climate.weather.gc.ca/climate_data/daily_data_e.html?hlyRange=2014-04-29%7C2026-03-25&dlyRange=%7C&mlyRange=%7C&climate_id=1038204&Prov=BC&urlExtension=_e.html&searchType=stnProv&optLimit=specDate&StartYear=1840&EndYear=2026&selRowPerPage=100&Line=940&Month=3&Day=25&lstProvince=&Apply=Apply&timeframe=2,TOFINO A, BRITISH COLUMBIA ,"49°04'56.000"" N","125°46'21.000"" W",24.40 m,1038204,,YAZ                 ,CYAZ                 ,
1038210,https://climate.weather.gc.ca/climate_data/daily_data_e.html?hlyRange=2014-10-23%7C2026-03-25&dlyRange=2018-10-29%7C2026-03-25&mlyRange=%7C&climate_id=1038210&Prov=BC&urlExtension=_e.html&searchType=stnProv&optLimit=specDate&StartYear=1840&EndYear=2026&selRowPerPage=100&Line=941&Month=3&Day=25&lstProvince=&Apply=Apply&timeframe=2,TOFINO A, BRITISH COLUMBIA ,"49°04'56.000"" N","125°46'21.000"" W",24.40 m,1038210,,YAZ                 ,CYAZ                 ,
2303095,https://climate.weather.gc.ca/climate_data/daily_data_e.html?hlyRange=2015-02-12%7C2026-03-25&dlyRange=2018-10-29%7C2026-03-25&mlyRange=%7C&climate_id=2303095&Prov=NU&urlExtension=_e.html&searchType=stnProv&optLimit=specDate&StartYear=1840&EndYear=2026&selRowPerPage=100&Line=475&Month=3&Day=25&lstProvince=&Apply=Apply&timeframe=2,KUGAARUK A, NUNAVUT ,"68°32'09.000"" N","89°48'19.000"" W",15.50 m,2303095,,YBB                 ,CYBB                 ,
2303091,https://climate.weather.gc.ca/climate_data/daily_data_e.html?hlyRange=2015-02-12%7C2026-03-25&dlyRange=%7C&mlyRange=%7C&climate_id=2303091&Prov=NU&urlExtension=_e.html&searchType=stnProv&optLimit=specDate&StartYear=1840&EndYear=2026&selRowPerPage=100&Line=476&Month=3&Day=25&lstProvince=&Apply=Apply&timeframe=2,KUGAARUK A, NUNAVUT ,"68°32'09.000"" N","89°48'19.000"" W",15.50 m,2303091,,YBB                 ,CYBB                 ,
7040444,https://climate.weather.gc.ca/climate_data/daily_data_e.html?hlyRange=2010-11-15%7C2026-03-25&dlyRange=2010-11-18%7C2026-03-25&mlyRange=%7C&climate_id=7040444&Prov=QC&urlExtension=_e.html&searchType=stnProv&optLimit=specDate&StartYear=1840&EndYear=2026&selRowPerPage=100&Line=34&Month=3&Day=25&lstProvince=&Apply=Apply&timeframe=2,BAIE-COMEAU, QUEBEC ,"49°07'57.000"" N","68°12'16.000"" W",21.60 m,7040444,71691,YBC                 ,CYBC                 ,
1060848,https://climate.weather.gc.ca/climate_data/daily_data_e.html?hlyRange=2014-10-23%7C2026-03-25&dlyRange=2018-10-29%7C2026-03-25&mlyRange=%7C&climate_id=1060848&Prov=BC&urlExtension=_e.html&searchType=stnProv&optLimit=specDate&StartYear=1840&EndYear=2026&selRowPerPage=100&Line=65&Month=3&Day=25&lstProvince=&Apply=Apply&timeframe=2,BELLA COOLA A, BRITISH COLUMBIA ,"52°23'15.000"" N","126°35'45.000"" W",35.70 m,1060848,,YBD                 ,CYBD                 ,
1060845,https://climate.weather.gc.ca/climate_data/daily_data_e.html?hlyRange=2013-08-15%7C2026-03-25&dlyRange=%7C&mlyRange=%7C&climate_id=1060845&Prov=BC&urlExtension=_e.html&searchType=stnProv&optLimit=specDate&StartYear=1840&EndYear=2026&selRowPerPage=100&Line=66&Month=3&Day=25&lstProvince=&Apply=Apply&timeframe=2,BELLA COOLA A, BRITISH COLUMBIA ,"52°23'15.000"" N","126°35'45.000"" W",35.70 m,1060845,,YBD                 ,CYBD                 ,
7060400,https://climate.weather.gc.ca/climate_data/daily_data_e.html?hlyRange=1953-01-01%7C2026-03-25&dlyRange=1942-09-01%7C2026-03-25&mlyRange=1942-01-01%7C2017-12-01&climate_id=7060400&Prov=QC&urlExtension=_e.html&searchType=stnProv&optLimit=specDate&StartYear=1840&EndYear=2026&selRowPerPage=100&Line=31&Month=3&Day=25&lstProvince=&Apply=Apply&timeframe=2,BAGOTVILLE A, QUEBEC ,"48°20'00.000"" N","71°00'00.000"" W",159.10 m,7060400,71727,YBG                 ,CYBG                 ,
2300504,https://climate.weather.gc.ca/climate_data/daily_data_e.html?hlyRange=2016-01-13%7C2026-03-25&dlyRange=2018-10-29%7C2026-03-25&mlyRange=%7C&climate_id=2300504&Prov=NU&urlExtension=_e.html&searchType=stnProv&optLimit=specDate&StartYear=1840&EndYear=2026&selRowPerPage=100&Line=36&Month=3&Day=25&lstProvince=&Apply=Apply&timeframe=2,BAKER LAKE A, NUNAVUT ,"64°17'56.000"" N","96°04'40.000"" W",18.60 m,2300504,,YBK                 ,CYBK                 ,
2300503,https://climate.weather.gc.ca/climate_data/daily_data_e.html?hlyRange=2013-11-12%7C2026-03-25&dlyRange=2013-11-12%7C2026-03-25&mlyRange=%7C&climate_id=2300503&Prov=NU&urlExtension=_e.html&searchType=stnProv&optLimit=specDate&StartYear=1840&EndYear=2026&selRowPerPage=100&Line=37&Month=3&Day=25&lstProvince=&Apply=Apply&timeframe=2,BAKER LAKE A, NUNAVUT ,"64°17'56.000"" N","96°04'40.000"" W",18.60 m,2300503,71926,YBK                 ,CYBK                 ,
1021267,https://climate.weather.gc.ca/climate_data/daily_data_e.html?hlyRange=2013-06-11%7C2026-03-25&dlyRange=%7C&mlyRange=%7C&climate_id=1021267&Prov=BC&urlExtension=_e.html&searchType=stnProv&optLimit=specDate&StartYear=1840&EndYear=2026&selRowPerPage=100&Line=112&Month=3&Day=25&lstProvince=&Apply=Apply&timeframe=2,CAMPBELL RIVER A, BRITISH COLUMBIA ,"49°57'07.000"" N","125°16'23.000"" W",108.80 m,1021267,,YBL                 ,CYBL                 ,
1021270,https://climate.weather.gc.ca/climate_data/daily_data_e.html?hlyRange=2014-10-23%7C2026-03-25&dlyRange=2018-10-29%7C2026-03-25&mlyRange=%7C&climate_id=1021270&Prov=BC&urlExtension=_e.html&searchType=stnProv&optLimit=specDate&StartYear=1840&EndYear=2026&selRowPerPage=100&Line=113&Month=3&Day=25&lstProvince=&Apply=Apply&timeframe=2,CAMPBELL RIVER A, BRITISH COLUMBIA ,"49°57'07.000"" N","125°16'23.000"" W",108.80 m,1021270,,YBL                 ,CYBL                 ,
1021261,https://climate.weather.gc.ca/climate_data/daily_data_e.html?hlyRange=1979-03-01%7C2013-06-13&dlyRange=1965-01-01%7C2026-03-25&mlyRange=1965-01-01%7C2007-02-01&climate_id=1021261&Prov=BC&urlExtension=_e.html&searchType=stnProv&optLimit=specDate&StartYear=1840&EndYear=2026&selRowPerPage=100&Line=114&Month=3&Day=25&lstProvince=&Apply=Apply&timeframe=2,CAMPBELL RIVER A, BRITISH COLUMBIA ,"49°57'07.000"" N","125°16'23.000"" W",108.80 m,1021261,,YBL                 ,CYBL                 ,
5062835,https://climate.weather.gc.ca/climate_data/daily_data_e.html?hlyRange=2011-08-22%7C2026-03-25&dlyRange=2011-08-25%7C2026-03-25&mlyRange=%7C&climate_id=5062835&Prov=MB&urlExtension=_e.html&searchType=stnProv&optLimit=specDate&StartYear=1840&EndYear=2026&selRowPerPage=100&Line=913&Month=3&Day=25&lstProvince=&Apply=Apply&timeframe=2,TADOULE LAKE, MANITOBA ,"58°42'22.000"" N","98°30'44.000"" W",281.30 m,5062835,71272,YBQ                 ,CYBQ                 ,
5010482,https://climate.weather.gc.ca/climate_data/daily_data_e.html?hlyRange=2025-07-10%7C2026-03-25&dlyRange=2025-07-10%7C2026-03-25&mlyRange=%7C&climate_id=5010482&Prov=MB&urlExtension=_e.html&searchType=stnProv&optLimit=specDate&StartYear=1840&EndYear=2026&selRowPerPage=100&Line=86&Month=3&Day=25&lstProvince=&Apply=Apply&timeframe=2,BRANDON MUNI A, MANITOBA ,"49°54'36.000"" N","99°57'08.000"" W",409.30 m,5010482,71140,YBR                 ,CYBR                 ,
5010481,https://climate.weather.gc.ca/climate_data/daily_data_e.html?hlyRange=2012-12-03%7C2026-03-25&dlyRange=2012-12-06%7C2026-03-25&mlyRange=%7C&climate_id=5010481&Prov=MB&urlExtension=_e.html&searchType=stnProv&optLimit=specDate&StartYear=1840&EndYear=2026&selRowPerPage=100&Line=87&Month=3&Day=25&lstProvince=&Apply=Apply&timeframe=2,BRANDON MUNI A, MANITOBA ,"49°54'36.000"" N","99°57'08.000"" W",409.30 m,5010481,71140,YBR                 ,CYBR                 ,
4075525,https://climate.weather.gc.ca/climate_data/daily_data_e.html?hlyRange=2010-04-06%7C2026-03-25&dlyRange=2010-04-08%7C2026-03-25&mlyRange=%7C&climate_id=4075525&Prov=SK&urlExtension=_e.html&searchType=stnProv&optLimit=specDate&StartYear=1840&EndYear=2026&selRowPerPage=100&Line=636&Month=3&Day=25&lstProvince=&Apply=Apply&timeframe=2,NIPAWIN, SASKATCHEWAN ,"53°19'57.000"" N","104°00'30.000"" W",371.90 m,4075525,71130,YBU                 ,CYBU                 ,
5030204,https://climate.weather.gc.ca/climate_data/daily_data_e.html?hlyRange=2015-01-15%7C2026-03-25&dlyRange=2018-10-29%7C2026-03-25&mlyRange=%7C&climate_id=5030204&Prov=MB&urlExtension=_e.html&searchType=stnProv&optLimit=specDate&StartYear=1840&EndYear=2026&selRowPerPage=100&Line=69&Month=3&Day=25&lstProvince=&Apply=Apply&timeframe=2,BERENS RIVER A, MANITOBA ,"52°21'32.000"" N","97°01'05.000"" W",222.20 m,5030204,,YBV                 ,CYBV                 ,
5030201,https://climate.weather.gc.ca/climate_data/daily_data_e.html?hlyRange=2015-01-15%7C2026-03-25&dlyRange=%7C&mlyRange=%7C&climate_id=5030201&Prov=MB&urlExtension=_e.html&searchType=stnProv&optLimit=specDate&StartYear=1840&EndYear=2026&selRowPerPage=100&Line=70&Month=3&Day=25&lstProvince=&Apply=Apply&timeframe=2,BERENS RIVER A, MANITOBA ,"52°21'32.000"" N","97°01'05.000"" W",222.20 m,5030201,,YBV                 ,CYBV                 ,
3031109,https://climate.weather.gc.ca/climate_data/daily_data_e.html?hlyRange=2014-04-03%7C2026-03-25&dlyRange=2018-10-29%7C2026-03-25&mlyRange=%7C&climate_id=3031109&Prov=AB&urlExtension=_e.html&searchType=stnProv&optLimit=specDate&StartYear=1840&EndYear=2026&selRowPerPage=100&Line=106&Month=3&Day=25&lstProvince=&Apply=Apply&timeframe=2,CALGARY SPRINGBANK A, ALBERTA ,"51°06'19.000"" N","114°22'17.000"" W","1,200.90 m",3031109,73126,YBW                 ,CYBW                 ,
7040815,https://climate.weather.gc.ca/climate_data/daily_data_e.html?hlyRange=2014-12-02%7C2026-03-25&dlyRange=2014-12-04%7C2026-03-25&mlyRange=%7C&climate_id=7040815&Prov=QC&urlExtension=_e.html&searchType=stnProv&optLimit=specDate&StartYear=1840&EndYear=2026&selRowPerPage=100&Line=533&Month=3&Day=25&lstProvince=&Apply=Apply&timeframe=2,LOURDES DE BLANC SABLON A, QUEBEC ,"51°26'31.000"" N","57°11'10.000"" W",37.20 m,7040815,71808,YBX                 ,CYBX                 ,
7040816,https://climate.weather.gc.ca/climate_data/daily_data_e.html?hlyRange=2016-01-13%7C2026-03-25&dlyRange=2018-10-29%7C2026-03-25&mlyRange=%7C&climate_id=7040816&Prov=QC&urlExtension=_e.html&searchType=stnProv&optLimit=specDate&StartYear=1840&EndYear=2026&selRowPerPage=100&Line=534&Month=3&Day=25&lstProvince=&Apply=Apply&timeframe=2,LOURDES DE BLANC SABLON A, QUEBEC ,"51°26'31.000"" N","57°11'10.000"" W",37.20 m,7040816,,YBX                 ,CYBX                 ,
8501106,https://climate.weather.gc.ca/climate_data/daily_data_e.html?hlyRange=2015-07-28%7C2026-03-25&dlyRange=2018-10-29%7C2026-03-25&mlyRange=%7C&climate_id=8501106&Prov=NL&urlExtension=_e.html&searchType=stnProv&optLimit=specDate&StartYear=1840&EndYear=2026&selRowPerPage=100&Line=135&Month=3&Day=25&lstProvince=&Apply=Apply&timeframe=2,CARTWRIGHT A, NEWFOUNDLAND AND LABRADOR ,"53°40'57.000"" N","57°02'31.000"" W",14.30 m,8501106,71818,YCA                 ,CYCA                 ,
2400603,https://climate.weather.gc.ca/climate_data/daily_data_e.html?hlyRange=2016-01-13%7C2026-03-25&dlyRange=2018-10-29%7C2026-03-25&mlyRange=%7C&climate_id=2400603&Prov=NU&urlExtension=_e.html&searchType=stnProv&optLimit=specDate&StartYear=1840&EndYear=2026&selRowPerPage=100&Line=108&Month=3&Day=25&lstProvince=&Apply=Apply&timeframe=2,CAMBRIDGE BAY A, NUNAVUT ,"69°06'29.000"" N","105°08'14.000"" W",31.10 m,2400603,,YCB                 ,CYCB                 ,
2400601,https://climate.weather.gc.ca/climate_data/daily_data_e.html?hlyRange=2015-02-10%7C2026-03-25&dlyRange=2015-02-12%7C2026-03-25&mlyRange=%7C&climate_id=2400601&Prov=NU&urlExtension=_e.html&searchType=stnProv&optLimit=specDate&StartYear=1840&EndYear=2026&selRowPerPage=100&Line=109&Month=3&Day=25&lstProvince=&Apply=Apply&timeframe=2,CAMBRIDGE BAY A, NUNAVUT ,"69°06'29.000"" N","105°08'14.000"" W",31.10 m,2400601,71925,YCB                 ,CYCB                 ,
1025365,https://climate.weather.gc.ca/climate_data/daily_data_e.html?hlyRange=2014-10-23%7C2026-03-25&dlyRange=2018-10-29%7C2026-03-25&mlyRange=%7C&climate_id=1025365&Prov=BC&urlExtension=_e.html&searchType=stnProv&optLimit=specDate&StartYear=1840&EndYear=2026&selRowPerPage=100&Line=619&Month=3&Day=25&lstProvince=&Apply=Apply&timeframe=2,NANAIMO A, BRITISH COLUMBIA ,"49°03'16.000"" N","123°52'12.000"" W",28.00 m,1025365,,YCD                 ,CYCD                 ,
1025369,https://climate.weather.gc.ca/climate_data/daily_data_e.html?hlyRange=2013-05-16%7C2026-03-25&dlyRange=2016-06-02%7C2022-04-30&mlyRange=%7C&climate_id=1025369&Prov=BC&urlExtension=_e.html&searchType=stnProv&optLimit=specDate&StartYear=1840&EndYear=2026&selRowPerPage=100&Line=620&Month=3&Day=25&lstProvince=&Apply=Apply&timeframe=2,NANAIMO A, BRITISH COLUMBIA ,"49°03'16.000"" N","123°52'12.000"" W",28.00 m,1025369,,YCD                 ,CYCD                 ,
1141460,https://climate.weather.gc.ca/climate_data/daily_data_e.html?hlyRange=2014-10-23%7C2026-03-25&dlyRange=2018-10-29%7C2026-03-25&mlyRange=%7C&climate_id=1141460&Prov=BC&urlExtension=_e.html&searchType=stnProv&optLimit=specDate&StartYear=1840&EndYear=2026&selRowPerPage=100&Line=137&Month=3&Day=25&lstProvince=&Apply=Apply&timeframe=2,CASTLEGAR A, BRITISH COLUMBIA ,"49°17'46.000"" N","117°37'57.000"" W",495.60 m,1141460,,YCG                 ,CYCG                 ,
1141456,https://climate.weather.gc.ca/climate_data/daily_data_e.html?hlyRange=2013-05-16%7C2026-03-25&dlyRange=%7C&mlyRange=%7C&climate_id=1141456&Prov=BC&urlExtension=_e.html&searchType=stnProv&optLimit=specDate&StartYear=1840&EndYear=2026&selRowPerPage=100&Line=138&Month=3&Day=25&lstProvince=&Apply=Apply&timeframe=2,CASTLEGAR A, BRITISH COLUMBIA ,"49°17'46.000"" N","117°37'57.000"" W",495.60 m,1141456,,YCG                 ,CYCG                 ,
6131414,https://climate.weather.gc.ca/climate_data/daily_data_e.html?hlyRange=2014-04-03%7C2026-03-25&dlyRange=2018-10-29%7C2026-03-25&mlyRange=%7C&climate_id=6131414&Prov=ON&urlExtension=_e.html&searchType=stnProv&optLimit=specDate&StartYear=1840&EndYear=2026&selRowPerPage=100&Line=151&Month=3&Day=25&lstProvince=&Apply=Apply&timeframe=2,CHATHAM KENT, ONTARIO ,"42°18'21.000"" N","82°04'57.000"" W",196.60 m,6131414,,YCK                 ,CYCK                 ,
2300905,https://climate.weather.gc.ca/climate_data/daily_data_e.html?hlyRange=2016-01-13%7C2026-03-25&dlyRange=2018-10-29%7C2026-03-25&mlyRange=%7C&climate_id=2300905&Prov=NU&urlExtension=_e.html&searchType=stnProv&optLimit=specDate&StartYear=1840&EndYear=2026&selRowPerPage=100&Line=478&Month=3&Day=25&lstProvince=&Apply=Apply&timeframe=2,KUGLUKTUK A, NUNAVUT ,"67°49'00.000"" N","115°08'38.000"" W",22.60 m,2300905,,YCO                 ,CYCO                 ,
2300903,https://climate.weather.gc.ca/climate_data/daily_data_e.html?hlyRange=2014-12-02%7C2026-03-25&dlyRange=2014-12-04%7C2026-03-25&mlyRange=%7C&climate_id=2300903&Prov=NU&urlExtension=_e.html&searchType=stnProv&optLimit=specDate&StartYear=1840&EndYear=2026&selRowPerPage=100&Line=479&Month=3&Day=25&lstProvince=&Apply=Apply&timeframe=2,KUGLUKTUK A, NUNAVUT ,"67°49'00.000"" N","115°08'38.000"" W",22.60 m,2300903,71938,YCO                 ,CYCO                 ,
1160899,https://climate.weather.gc.ca/climate_data/daily_data_e.html?hlyRange=1969-12-01%7C2015-01-15&dlyRange=1969-12-01%7C2026-03-25&mlyRange=1969-01-01%7C2007-02-01&climate_id=1160899&Prov=BC&urlExtension=_e.html&searchType=stnProv&optLimit=specDate&StartYear=1840&EndYear=2026&selRowPerPage=100&Line=76&Month=3&Day=25&lstProvince=&Apply=Apply&timeframe=2,BLUE RIVER A, BRITISH COLUMBIA ,"52°07'44.500"" N","119°17'22.300"" W",690.40 m,1160899,,YCP                 ,CYCP                 ,
1160898,https://climate.weather.gc.ca/climate_data/daily_data_e.html?hlyRange=2015-01-15%7C2026-03-25&dlyRange=%7C&mlyRange=%7C&climate_id=1160898&Prov=BC&urlExtension=_e.html&searchType=stnProv&optLimit=specDate&StartYear=1840&EndYear=2026&selRowPerPage=100&Line=77&Month=3&Day=25&lstProvince=&Apply=Apply&timeframe=2,BLUE RIVER A, BRITISH COLUMBIA ,"52°07'29.000"" N","119°17'34.000"" W",690.40 m,1160898,,YCP                 ,CYCP                 ,
1160902,https://climate.weather.gc.ca/climate_data/daily_data_e.html?hlyRange=2015-01-15%7C2026-03-25&dlyRange=2018-10-29%7C2026-03-25&mlyRange=%7C&climate_id=1160902&Prov=BC&urlExtension=_e.html&searchType=stnProv&optLimit=specDate&StartYear=1840&EndYear=2026&selRowPerPage=100&Line=78&Month=3&Day=25&lstProvince=&Apply=Apply&timeframe=2,BLUE RIVER A, BRITISH COLUMBIA ,"52°07'29.000"" N","119°17'34.000"" W",690.40 m,1160902,,YCP                 ,CYCP                 ,
1181507,https://climate.weather.gc.ca/climate_data/daily_data_e.html?hlyRange=2014-03-20%7C2026-03-25&dlyRange=%7C&mlyRange=%7C&climate_id=1181507&Prov=BC&urlExtension=_e.html&searchType=stnProv&optLimit=specDate&StartYear=1840&EndYear=2026&selRowPerPage=100&Line=157&Month=3&Day=25&lstProvince=&Apply=Apply&timeframe=2,CHETWYND A, BRITISH COLUMBIA ,"55°41'14.000"" N","121°37'36.000"" W",609.30 m,1181507,,YCQ                 ,CYCQ                 ,
1181508,https://climate.weather.gc.ca/climate_data/daily_data_e.html?hlyRange=1982-10-09%7C2014-03-20&dlyRange=1982-10-01%7C2026-03-25&mlyRange=1982-01-01%7C2007-02-01&climate_id=1181508&Prov=BC&urlExtension=_e.html&searchType=stnProv&optLimit=specDate&StartYear=1840&EndYear=2026&selRowPerPage=100&Line=158&Month=3&Day=25&lstProvince=&Apply=Apply&timeframe=2,CHETWYND A, BRITISH COLUMBIA ,"55°41'14.000"" N","121°37'36.000"" W",609.60 m,1181508,,YCQ                 ,CYCQ                 ,
1181513,https://climate.weather.gc.ca/climate_data/daily_data_e.html?hlyRange=2014-10-23%7C2026-03-25&dlyRange=2018-10-29%7C2026-03-25&mlyRange=%7C&climate_id=1181513&Prov=BC&urlExtension=_e.html&searchType=stnProv&optLimit=specDate&StartYear=1840&EndYear=2026&selRowPerPage=100&Line=159&Month=3&Day=25&lstProvince=&Apply=Apply&timeframe=2,CHETWYND A, BRITISH COLUMBIA ,"55°41'14.000"" N","121°37'36.000"" W",609.30 m,1181513,,YCQ                 ,CYCQ                 ,
2300710,https://climate.weather.gc.ca/climate_data/daily_data_e.html?hlyRange=2014-10-23%7C2026-03-25&dlyRange=2018-10-29%7C2026-03-25&mlyRange=%7C&climate_id=2300710&Prov=NU&urlExtension=_e.html&searchType=stnProv&optLimit=specDate&StartYear=1840&EndYear=2026&selRowPerPage=100&Line=153&Month=3&Day=25&lstProvince=&Apply=Apply&timeframe=2,CHESTERFIELD INLET A, NUNAVUT ,"63°20'50.000"" N","90°43'52.000"" W",9.80 m,2300710,,YCS                 ,CYCS                 ,
2300701,https://climate.weather.gc.ca/climate_data/daily_data_e.html?hlyRange=2013-12-11%7C2026-03-25&dlyRange=%7C&mlyRange=%7C&climate_id=2300701&Prov=NU&urlExtension=_e.html&searchType=stnProv&optLimit=specDate&StartYear=1840&EndYear=2026&selRowPerPage=100&Line=154&Month=3&Day=25&lstProvince=&Apply=Apply&timeframe=2,CHESTERFIELD INLET A, NUNAVUT ,"63°20'50.000"" N","90°43'52.000"" W",9.80 m,2300701,,YCS                 ,CYCS                 ,
8101792,https://climate.weather.gc.ca/climate_data/daily_data_e.html?hlyRange=1976-03-01%7C2026-03-25&dlyRange=2011-02-01%7C2026-03-25&mlyRange=2011-02-01%7C2017-12-01&climate_id=8101792&Prov=NB&urlExtension=_e.html&searchType=stnProv&optLimit=specDate&StartYear=1840&EndYear=2026&selRowPerPage=100&Line=318&Month=3&Day=25&lstProvince=&Apply=Apply&timeframe=2,GAGETOWN A, NEW BRUNSWICK ,"45°50'00.000"" N","66°26'00.000"" W",50.60 m,8101792,71701,YCX                 ,CYCX                 ,
2400804,https://climate.weather.gc.ca/climate_data/daily_data_e.html?hlyRange=2013-01-10%7C2026-03-25&dlyRange=2013-01-10%7C2026-03-25&mlyRange=%7C&climate_id=2400804&Prov=NU&urlExtension=_e.html&searchType=stnProv&optLimit=specDate&StartYear=1840&EndYear=2026&selRowPerPage=100&Line=176&Month=3&Day=25&lstProvince=&Apply=Apply&timeframe=2,CLYDE RIVER A, NUNAVUT ,"70°29'09.000"" N","68°31'01.000"" W",26.50 m,2400804,71090,YCY                 ,CYCY                 ,
2100407,https://climate.weather.gc.ca/climate_data/daily_data_e.html?hlyRange=2014-10-23%7C2026-03-25&dlyRange=2018-10-29%7C2026-03-25&mlyRange=%7C&climate_id=2100407&Prov=YT&urlExtension=_e.html&searchType=stnProv&optLimit=specDate&StartYear=1840&EndYear=2026&selRowPerPage=100&Line=210&Month=3&Day=25&lstProvince=&Apply=Apply&timeframe=2,DAWSON CITY A, YUKON ,"64°02'32.000"" N","139°07'49.000"" W",370.30 m,2100407,,YDA                 ,CYDA                 ,
2100401,https://climate.weather.gc.ca/climate_data/daily_data_e.html?hlyRange=2013-10-08%7C2026-03-25&dlyRange=%7C&mlyRange=%7C&climate_id=2100401&Prov=YT&urlExtension=_e.html&searchType=stnProv&optLimit=specDate&StartYear=1840&EndYear=2026&selRowPerPage=100&Line=211&Month=3&Day=25&lstProvince=&Apply=Apply&timeframe=2,DAWSON CITY A, YUKON ,"64°02'32.000"" N","139°07'49.000"" W",370.30 m,2100401,,YDA                 ,CYDA                 ,
2100181,https://climate.weather.gc.ca/climate_data/daily_data_e.html?hlyRange=2011-12-12%7C2026-03-25&dlyRange=2011-12-15%7C2026-03-25&mlyRange=%7C&climate_id=2100181&Prov=YT&urlExtension=_e.html&searchType=stnProv&optLimit=specDate&StartYear=1840&EndYear=2026&selRowPerPage=100&Line=101&Month=3&Day=25&lstProvince=&Apply=Apply&timeframe=2,BURWASH A, YUKON ,"61°22'14.000"" N","139°02'24.000"" W",805.30 m,2100181,71001,YDB                 ,CYDB                 ,
2100180,https://climate.weather.gc.ca/climate_data/daily_data_e.html?hlyRange=2012-07-09%7C2026-03-25&dlyRange=%7C&mlyRange=%7C&climate_id=2100180&Prov=YT&urlExtension=_e.html&searchType=stnProv&optLimit=specDate&StartYear=1840&EndYear=2026&selRowPerPage=100&Line=102&Month=3&Day=25&lstProvince=&Apply=Apply&timeframe=2,BURWASH A, YUKON ,"61°22'14.000"" N","139°02'24.000"" W",806.20 m,2100180,,YDB                 ,CYDB                 ,
1126518,https://climate.weather.gc.ca/climate_data/daily_data_e.html?hlyRange=2014-10-23%7C2026-03-25&dlyRange=2018-10-29%7C2026-03-25&mlyRange=%7C&climate_id=1126518&Prov=BC&urlExtension=_e.html&searchType=stnProv&optLimit=specDate&StartYear=1840&EndYear=2026&selRowPerPage=100&Line=745&Month=3&Day=25&lstProvince=&Apply=Apply&timeframe=2,PRINCETON A, BRITISH COLUMBIA ,"49°28'04.000"" N","120°30'45.000"" W",701.60 m,1126518,,YDC                 ,CYDC                 ,
1126511,https://climate.weather.gc.ca/climate_data/daily_data_e.html?hlyRange=2013-08-15%7C2026-03-25&dlyRange=%7C&mlyRange=%7C&climate_id=1126511&Prov=BC&urlExtension=_e.html&searchType=stnProv&optLimit=specDate&StartYear=1840&EndYear=2026&selRowPerPage=100&Line=746&Month=3&Day=25&lstProvince=&Apply=Apply&timeframe=2,PRINCETON A, BRITISH COLUMBIA ,"49°28'04.000"" N","120°30'45.000"" W",701.60 m,1126511,,YDC                 ,CYDC                 ,
8401502,https://climate.weather.gc.ca/climate_data/daily_data_e.html?hlyRange=2012-03-20%7C2026-03-25&dlyRange=2012-03-20%7C2026-03-25&mlyRange=%7C&climate_id=8401502&Prov=NL&urlExtension=_e.html&searchType=stnProv&optLimit=specDate&StartYear=1840&EndYear=2026&selRowPerPage=100&Line=217&Month=3&Day=25&lstProvince=&Apply=Apply&timeframe=2,DEER LAKE A, NEWFOUNDLAND AND LABRADOR ,"49°12'33.000"" N","57°23'40.000"" W",21.90 m,8401502,71809,YDF                 ,CYDF                 ,
1192341,https://climate.weather.gc.ca/climate_data/daily_data_e.html?hlyRange=2011-12-12%7C2026-03-25&dlyRange=2011-12-15%7C2026-03-25&mlyRange=%7C&climate_id=1192341&Prov=BC&urlExtension=_e.html&searchType=stnProv&optLimit=specDate&StartYear=1840&EndYear=2026&selRowPerPage=100&Line=215&Month=3&Day=25&lstProvince=&Apply=Apply&timeframe=2,DEASE LAKE A, BRITISH COLUMBIA ,"58°25'20.000"" N","130°01'53.000"" W",802.80 m,1192341,71686,YDL                 ,CYDL                 ,
5040689,https://climate.weather.gc.ca/climate_data/daily_data_e.html?hlyRange=2010-07-26%7C2026-03-25&dlyRange=2010-07-29%7C2026-03-25&mlyRange=%7C&climate_id=5040689&Prov=MB&urlExtension=_e.html&searchType=stnProv&optLimit=specDate&StartYear=1840&EndYear=2026&selRowPerPage=100&Line=207&Month=3&Day=25&lstProvince=&Apply=Apply&timeframe=2,DAUPHIN, MANITOBA ,"51°06'03.000"" N","100°03'09.000"" W",304.50 m,5040689,71036,YDN                 ,CYDN                 ,
8502801,https://climate.weather.gc.ca/climate_data/daily_data_e.html?hlyRange=2015-03-09%7C2026-03-25&dlyRange=2015-02-12%7C2018-10-29&mlyRange=%7C&climate_id=8502801&Prov=NL&urlExtension=_e.html&searchType=stnProv&optLimit=specDate&StartYear=1840&EndYear=2026&selRowPerPage=100&Line=615&Month=3&Day=25&lstProvince=&Apply=Apply&timeframe=2,NAIN A, NEWFOUNDLAND AND LABRADOR ,"56°33'02.000"" N","61°40'56.000"" W",6.40 m,8502801,71902,YDP                 ,CYDP                 ,
8502810,https://climate.weather.gc.ca/climate_data/daily_data_e.html?hlyRange=2015-03-12%7C2026-03-25&dlyRange=2018-10-29%7C2026-03-25&mlyRange=%7C&climate_id=8502810&Prov=NL&urlExtension=_e.html&searchType=stnProv&optLimit=specDate&StartYear=1840&EndYear=2026&selRowPerPage=100&Line=616&Month=3&Day=25&lstProvince=&Apply=Apply&timeframe=2,NAIN A, NEWFOUNDLAND AND LABRADOR ,"56°33'02.000"" N","61°40'56.000"" W",6.40 m,8502810,,YDP                 ,CYDP                 ,
1182289,https://climate.weather.gc.ca/climate_data/daily_data_e.html?hlyRange=2009-08-27%7C2026-03-25&dlyRange=2009-09-03%7C2026-03-25&mlyRange=%7C&climate_id=1182289&Prov=BC&urlExtension=_e.html&searchType=stnProv&optLimit=specDate&StartYear=1840&EndYear=2026&selRowPerPage=100&Line=212&Month=3&Day=25&lstProvince=&Apply=Apply&timeframe=2,DAWSON CREEK A, BRITISH COLUMBIA ,"55°44'32.000"" N","120°10'59.000"" W",654.70 m,1182289,71471,YDQ                 ,CYDQ                 ,
3012210,https://climate.weather.gc.ca/climate_data/daily_data_e.html?hlyRange=1955-11-01%7C2026-03-25&dlyRange=1955-11-01%7C2009-01-31&mlyRange=1955-01-01%7C1996-05-01&climate_id=3012210&Prov=AB&urlExtension=_e.html&searchType=stnProv&optLimit=specDate&StartYear=1840&EndYear=2026&selRowPerPage=100&Line=243&Month=3&Day=25&lstProvince=&Apply=Apply&timeframe=2,EDMONTON NAMAO A, ALBERTA ,"53°40'00.000"" N","113°28'00.000"" W",687.90 m,3012210,71121,YED                 ,CYED                 ,
3012216,https://climate.weather.gc.ca/climate_data/daily_data_e.html?hlyRange=2012-04-10%7C2026-03-25&dlyRange=2012-04-12%7C2026-03-25&mlyRange=%7C&climate_id=3012216&Prov=AB&urlExtension=_e.html&searchType=stnProv&optLimit=specDate&StartYear=1840&EndYear=2026&selRowPerPage=100&Line=242&Month=3&Day=25&lstProvince=&Apply=Apply&timeframe=2,EDMONTON INTL A, ALBERTA ,"53°18'36.000"" N","113°34'46.000"" W",723.30 m,3012216,71123,YEG                 ,CYEG                 ,
2300427,https://climate.weather.gc.ca/climate_data/daily_data_e.html?hlyRange=2006-12-31%7C2026-03-25&dlyRange=2012-07-27%7C2026-03-25&mlyRange=%7C&climate_id=2300427&Prov=NU&urlExtension=_e.html&searchType=stnProv&optLimit=specDate&StartYear=1840&EndYear=2026&selRowPerPage=100&Line=20&Month=3&Day=25&lstProvince=&Apply=Apply&timeframe=2,ARVIAT A, NUNAVUT ,"61°05'38.000"" N","94°04'18.000"" W",10.40 m,2300427,71174,YEK                 ,CYEK                 ,
2300428,https://climate.weather.gc.ca/climate_data/daily_data_e.html?hlyRange=2012-10-09%7C2026-03-25&dlyRange=%7C&mlyRange=%7C&climate_id=2300428&Prov=NU&urlExtension=_e.html&searchType=stnProv&optLimit=specDate&StartYear=1840&EndYear=2026&selRowPerPage=100&Line=21&Month=3&Day=25&lstProvince=&Apply=Apply&timeframe=2,ARVIAT A, NUNAVUT ,"61°05'38.000"" N","94°04'18.000"" W",10.40 m,2300428,,YEK                 ,CYEK                 ,
4012403,https://climate.weather.gc.ca/climate_data/daily_data_e.html?hlyRange=2015-11-27%7C2026-03-25&dlyRange=2018-10-29%7C2026-03-25&mlyRange=%7C&climate_id=4012403&Prov=SK&urlExtension=_e.html&searchType=stnProv&optLimit=specDate&StartYear=1840&EndYear=2026&selRowPerPage=100&Line=263&Month=3&Day=25&lstProvince=&Apply=Apply&timeframe=2,ESTEVAN A, SASKATCHEWAN ,"49°12'37.000"" N","102°57'57.000"" W",580.30 m,4012403,71862,YEN                 ,CYEN                 ,
6012501,https://climate.weather.gc.ca/climate_data/daily_data_e.html?hlyRange=2013-03-05%7C2026-03-25&dlyRange=2013-03-07%7C2026-03-25&mlyRange=%7C&climate_id=6012501&Prov=ON&urlExtension=_e.html&searchType=stnProv&optLimit=specDate&StartYear=1840&EndYear=2026&selRowPerPage=100&Line=302&Month=3&Day=25&lstProvince=&Apply=Apply&timeframe=2,FORT SEVERN A, ONTARIO ,"56°01'08.000"" N","87°40'34.000"" W",15.80 m,6012501,71099,YER                 ,CYER                 ,
3062239,https://climate.weather.gc.ca/climate_data/daily_data_e.html?hlyRange=2010-09-20%7C2026-03-25&dlyRange=2010-09-23%7C2026-03-25&mlyRange=%7C&climate_id=3062239&Prov=AB&urlExtension=_e.html&searchType=stnProv&optLimit=specDate&StartYear=1840&EndYear=2026&selRowPerPage=100&Line=248&Month=3&Day=25&lstProvince=&Apply=Apply&timeframe=2,EDSON, ALBERTA ,"53°34'44.000"" N","116°27'54.000"" W",926.90 m,3062239,71167,YET                 ,CYET                 ,
2202571,https://climate.weather.gc.ca/climate_data/daily_data_e.html?hlyRange=2013-07-09%7C2026-03-25&dlyRange=2018-10-30%7C2026-03-25&mlyRange=%7C&climate_id=2202571&Prov=NT&urlExtension=_e.html&searchType=stnProv&optLimit=specDate&StartYear=1840&EndYear=2026&selRowPerPage=100&Line=416&Month=3&Day=25&lstProvince=&Apply=Apply&timeframe=2,INUVIK A, NORTHWEST TERRITORIES ,"68°18'14.000"" N","133°28'59.000"" W",67.70 m,2202571,,YEV                 ,CYEV                 ,
2402596,https://climate.weather.gc.ca/climate_data/daily_data_e.html?hlyRange=2014-02-06%7C2026-03-25&dlyRange=2018-10-30%7C2026-03-25&mlyRange=%7C&climate_id=2402596&Prov=NU&urlExtension=_e.html&searchType=stnProv&optLimit=specDate&StartYear=1840&EndYear=2026&selRowPerPage=100&Line=418&Month=3&Day=25&lstProvince=&Apply=Apply&timeframe=2,IQALUIT A, NUNAVUT ,"63°45'24.000"" N","68°33'22.000"" W",33.50 m,2402596,,YFB                 ,CYFB                 ,
8101505,https://climate.weather.gc.ca/climate_data/daily_data_e.html?hlyRange=2010-04-06%7C2026-03-25&dlyRange=2010-04-08%7C2026-03-25&mlyRange=%7C&climate_id=8101505&Prov=NB&urlExtension=_e.html&searchType=stnProv&optLimit=specDate&StartYear=1840&EndYear=2026&selRowPerPage=100&Line=314&Month=3&Day=25&lstProvince=&Apply=Apply&timeframe=2,FREDERICTON INTL A, NEW BRUNSWICK ,"45°52'08.000"" N","66°32'14.000"" W",20.70 m,8101505,71700,YFC                 ,CYFC                 ,
5050973,https://climate.weather.gc.ca/climate_data/daily_data_e.html?hlyRange=2014-10-23%7C2026-03-25&dlyRange=2018-10-29%7C2026-03-25&mlyRange=%7C&climate_id=5050973&Prov=MB&urlExtension=_e.html&searchType=stnProv&optLimit=specDate&StartYear=1840&EndYear=2026&selRowPerPage=100&Line=279&Month=3&Day=25&lstProvince=&Apply=Apply&timeframe=2,FLIN FLON A, MANITOBA ,"54°40'41.000"" N","101°40'55.000"" W",304.20 m,5050973,,YFO                 ,CYFO                 ,
5050961,https://climate.weather.gc.ca/climate_data/daily_data_e.html?hlyRange=2014-09-04%7C2026-03-25&dlyRange=%7C&mlyRange=%7C&climate_id=5050961&Prov=MB&urlExtension=_e.html&searchType=stnProv&optLimit=specDate&StartYear=1840&EndYear=2026&selRowPerPage=100&Line=280&Month=3&Day=25&lstProvince=&Apply=Apply&timeframe=2,FLIN FLON A, MANITOBA ,"54°40'41.000"" N","101°40'55.000"" W",304.20 m,5050961,,YFO                 ,CYFO                 ,
2202010,https://climate.weather.gc.ca/climate_data/daily_data_e.html?hlyRange=2014-12-04%7C2026-03-25&dlyRange=2018-10-29%7C2026-03-25&mlyRange=%7C&climate_id=2202010&Prov=NT&urlExtension=_e.html&searchType=stnProv&optLimit=specDate&StartYear=1840&EndYear=2026&selRowPerPage=100&Line=300&Month=3&Day=25&lstProvince=&Apply=Apply&timeframe=2,FORT RESOLUTION A, NORTHWEST TERRITORIES ,"61°10'51.000"" N","113°41'23.000"" W",160.60 m,2202010,,YFR                 ,CYFR                 ,
2202103,https://climate.weather.gc.ca/climate_data/daily_data_e.html?hlyRange=2014-09-30%7C2026-03-25&dlyRange=2014-10-03%7C2026-03-25&mlyRange=%7C&climate_id=2202103&Prov=NT&urlExtension=_e.html&searchType=stnProv&optLimit=specDate&StartYear=1840&EndYear=2026&selRowPerPage=100&Line=303&Month=3&Day=25&lstProvince=&Apply=Apply&timeframe=2,FORT SIMPSON A, NORTHWEST TERRITORIES ,"61°45'37.000"" N","121°14'12.000"" W",169.50 m,2202103,71946,YFS                 ,CYFS                 ,
2202104,https://climate.weather.gc.ca/climate_data/daily_data_e.html?hlyRange=2016-01-13%7C2026-03-25&dlyRange=2018-10-29%7C2026-03-25&mlyRange=%7C&climate_id=2202104&Prov=NT&urlExtension=_e.html&searchType=stnProv&optLimit=specDate&StartYear=1840&EndYear=2026&selRowPerPage=100&Line=304&Month=3&Day=25&lstProvince=&Apply=Apply&timeframe=2,FORT SIMPSON A, NORTHWEST TERRITORIES ,"61°45'37.000"" N","121°14'12.000"" W",169.50 m,2202104,,YFS                 ,CYFS                 ,
8502588,https://climate.weather.gc.ca/climate_data/daily_data_e.html?hlyRange=2015-03-12%7C2026-03-25&dlyRange=%7C&mlyRange=%7C&climate_id=8502588&Prov=NL&urlExtension=_e.html&searchType=stnProv&optLimit=specDate&StartYear=1840&EndYear=2026&selRowPerPage=100&Line=548&Month=3&Day=25&lstProvince=&Apply=Apply&timeframe=2,MAKKOVIK A, NEWFOUNDLAND AND LABRADOR ,"55°04'38.000"" N","59°11'16.000"" W",70.40 m,8502588,,YFT                 ,CYFT                 ,
8502580,https://climate.weather.gc.ca/climate_data/daily_data_e.html?hlyRange=2015-03-12%7C2026-03-25&dlyRange=2018-10-29%7C2026-03-25&mlyRange=%7C&climate_id=8502580&Prov=NL&urlExtension=_e.html&searchType=stnProv&optLimit=specDate&StartYear=1840&EndYear=2026&selRowPerPage=100&Line=549&Month=3&Day=25&lstProvince=&Apply=Apply&timeframe=2,MAKKOVIK A, NEWFOUNDLAND AND LABRADOR ,"55°04'38.000"" N","59°11'16.000"" W",70.40 m,8502580,,YFT                 ,CYFT                 ,
1173214,https://climate.weather.gc.ca/climate_data/daily_data_e.html?hlyRange=2014-10-23%7C2026-03-25&dlyRange=2018-10-29%7C2026-03-25&mlyRange=%7C&climate_id=1173214&Prov=BC&urlExtension=_e.html&searchType=stnProv&optLimit=specDate&StartYear=1840&EndYear=2026&selRowPerPage=100&Line=343&Month=3&Day=25&lstProvince=&Apply=Apply&timeframe=2,GOLDEN A, BRITISH COLUMBIA ,"51°17'57.000"" N","116°58'56.000"" W",784.90 m,1173214,,YGE                 ,CYGE                 ,
1173210,https://climate.weather.gc.ca/climate_data/daily_data_e.html?hlyRange=1991-10-01%7C2014-08-07&dlyRange=1902-04-01%7C2026-03-25&mlyRange=1902-01-01%7C2007-02-01&climate_id=1173210&Prov=BC&urlExtension=_e.html&searchType=stnProv&optLimit=specDate&StartYear=1840&EndYear=2026&selRowPerPage=100&Line=344&Month=3&Day=25&lstProvince=&Apply=Apply&timeframe=2,GOLDEN A, BRITISH COLUMBIA ,"51°17'57.000"" N","116°58'56.000"" W",784.90 m,1173210,71173,YGE                 ,CYGE                 ,
1173209,https://climate.weather.gc.ca/climate_data/daily_data_e.html?hlyRange=2014-08-05%7C2026-03-25&dlyRange=%7C&mlyRange=%7C&climate_id=1173209&Prov=BC&urlExtension=_e.html&searchType=stnProv&optLimit=specDate&StartYear=1840&EndYear=2026&selRowPerPage=100&Line=345&Month=3&Day=25&lstProvince=&Apply=Apply&timeframe=2,GOLDEN A, BRITISH COLUMBIA ,"51°17'57.000"" N","116°58'56.000"" W",784.90 m,1173209,,YGE                 ,CYGE                 ,
2201406,https://climate.weather.gc.ca/climate_data/daily_data_e.html?hlyRange=2015-03-12%7C2026-03-25&dlyRange=2018-10-29%7C2026-03-25&mlyRange=%7C&climate_id=2201406&Prov=NT&urlExtension=_e.html&searchType=stnProv&optLimit=specDate&StartYear=1840&EndYear=2026&selRowPerPage=100&Line=285&Month=3&Day=25&lstProvince=&Apply=Apply&timeframe=2,FORT GOOD HOPE A, NORTHWEST TERRITORIES ,"66°14'26.000"" N","128°38'51.000"" W",81.40 m,2201406,,YGH                 ,CYGH                 ,
2201401,https://climate.weather.gc.ca/climate_data/daily_data_e.html?hlyRange=2015-03-12%7C2026-03-25&dlyRange=%7C&mlyRange=%7C&climate_id=2201401&Prov=NT&urlExtension=_e.html&searchType=stnProv&optLimit=specDate&StartYear=1840&EndYear=2026&selRowPerPage=100&Line=286&Month=3&Day=25&lstProvince=&Apply=Apply&timeframe=2,FORT GOOD HOPE A, NORTHWEST TERRITORIES ,"66°14'26.000"" N","128°38'51.000"" W",81.40 m,2201401,,YGH                 ,CYGH                 ,
6104149,https://climate.weather.gc.ca/climate_data/daily_data_e.html?hlyRange=2012-07-09%7C2026-03-25&dlyRange=%7C&mlyRange=%7C&climate_id=6104149&Prov=ON&urlExtension=_e.html&searchType=stnProv&optLimit=specDate&StartYear=1840&EndYear=2026&selRowPerPage=100&Line=462&Month=3&Day=25&lstProvince=&Apply=Apply&timeframe=2,KINGSTON A, ONTARIO ,"44°13'33.000"" N","76°35'48.000"" W",92.40 m,6104149,,YGK                 ,CYGK                 ,
6104152,https://climate.weather.gc.ca/climate_data/daily_data_e.html?hlyRange=2014-10-23%7C2026-03-25&dlyRange=2018-10-29%7C2026-03-25&mlyRange=%7C&climate_id=6104152&Prov=ON&urlExtension=_e.html&searchType=stnProv&optLimit=specDate&StartYear=1840&EndYear=2026&selRowPerPage=100&Line=463&Month=3&Day=25&lstProvince=&Apply=Apply&timeframe=2,KINGSTON A, ONTARIO ,"44°13'33.000"" N","76°35'48.000"" W",92.40 m,6104152,,YGK                 ,CYGK                 ,
7093716,https://climate.weather.gc.ca/climate_data/daily_data_e.html?hlyRange=2012-11-08%7C2026-03-25&dlyRange=2012-11-08%7C2026-03-25&mlyRange=%7C&climate_id=7093716&Prov=QC&urlExtension=_e.html&searchType=stnProv&optLimit=specDate&StartYear=1840&EndYear=2026&selRowPerPage=100&Line=489&Month=3&Day=25&lstProvince=&Apply=Apply&timeframe=2,LA GRANDE RIVIERE A, QUEBEC ,"53°37'31.000"" N","77°42'15.000"" W",194.80 m,7093716,71827,YGL                 ,CYGL                 ,
7052601,https://climate.weather.gc.ca/climate_data/daily_data_e.html?hlyRange=2013-03-12%7C2026-03-25&dlyRange=2013-03-14%7C2026-03-25&mlyRange=%7C&climate_id=7052601&Prov=QC&urlExtension=_e.html&searchType=stnProv&optLimit=specDate&StartYear=1840&EndYear=2026&selRowPerPage=100&Line=326&Month=3&Day=25&lstProvince=&Apply=Apply&timeframe=2,GASPE A, QUEBEC ,"48°46'31.000"" N","64°28'47.000"" W",34.10 m,7052601,71188,YGP                 ,CYGP                 ,
7052602,https://climate.weather.gc.ca/climate_data/daily_data_e.html?hlyRange=2016-01-12%7C2026-03-25&dlyRange=2018-10-29%7C2026-03-25&mlyRange=%7C&climate_id=7052602&Prov=QC&urlExtension=_e.html&searchType=stnProv&optLimit=specDate&StartYear=1840&EndYear=2026&selRowPerPage=100&Line=327&Month=3&Day=25&lstProvince=&Apply=Apply&timeframe=2,GASPE A, QUEBEC ,"48°46'31.000"" N","64°28'47.000"" W",34.10 m,7052602,,YGP                 ,CYGP                 ,
6042718,https://climate.weather.gc.ca/climate_data/daily_data_e.html?hlyRange=2016-01-13%7C2026-03-25&dlyRange=2018-10-29%7C2026-03-25&mlyRange=%7C&climate_id=6042718&Prov=ON&urlExtension=_e.html&searchType=stnProv&optLimit=specDate&StartYear=1840&EndYear=2026&selRowPerPage=100&Line=331&Month=3&Day=25&lstProvince=&Apply=Apply&timeframe=2,GERALDTON A, ONTARIO ,"49°46'43.000"" N","86°59'19.000"" W",348.40 m,6042718,71834,YGQ                 ,CYGQ                 ,
7053254,https://climate.weather.gc.ca/climate_data/daily_data_e.html?hlyRange=2014-10-23%7C2026-03-25&dlyRange=2018-10-29%7C2026-03-25&mlyRange=%7C&climate_id=7053254&Prov=QC&urlExtension=_e.html&searchType=stnProv&optLimit=specDate&StartYear=1840&EndYear=2026&selRowPerPage=100&Line=408&Month=3&Day=25&lstProvince=&Apply=Apply&timeframe=2,ILES DE LA MADELEINE A, QUEBEC ,"47°25'30.000"" N","61°46'41.000"" W",10.70 m,7053254,,YGR                 ,CYGR                 ,
7053250,https://climate.weather.gc.ca/climate_data/daily_data_e.html?hlyRange=2013-03-12%7C2026-03-25&dlyRange=2013-03-14%7C2018-10-29&mlyRange=%7C&climate_id=7053250&Prov=QC&urlExtension=_e.html&searchType=stnProv&optLimit=specDate&StartYear=1840&EndYear=2026&selRowPerPage=100&Line=409&Month=3&Day=25&lstProvince=&Apply=Apply&timeframe=2,ILES DE LA MADELEINE A, QUEBEC ,"47°25'30.000"" N","61°46'41.000"" W",10.70 m,7053250,71709,YGR                 ,CYGR                 ,
2402546,https://climate.weather.gc.ca/climate_data/daily_data_e.html?hlyRange=2015-01-15%7C2026-03-25&dlyRange=2018-10-29%7C2026-03-25&mlyRange=%7C&climate_id=2402546&Prov=NU&urlExtension=_e.html&searchType=stnProv&optLimit=specDate&StartYear=1840&EndYear=2026&selRowPerPage=100&Line=400&Month=3&Day=25&lstProvince=&Apply=Apply&timeframe=2,IGLOOLIK A, NUNAVUT ,"69°21'53.000"" N","81°48'59.000"" W",52.70 m,2402546,,YGT                 ,CYGT                 ,
2402541,https://climate.weather.gc.ca/climate_data/daily_data_e.html?hlyRange=2015-01-15%7C2026-03-25&dlyRange=%7C&mlyRange=%7C&climate_id=2402541&Prov=NU&urlExtension=_e.html&searchType=stnProv&optLimit=specDate&StartYear=1840&EndYear=2026&selRowPerPage=100&Line=401&Month=3&Day=25&lstProvince=&Apply=Apply&timeframe=2,IGLOOLIK A, NUNAVUT ,"69°21'53.000"" N","81°48'59.000"" W",52.70 m,2402541,,YGT                 ,CYGT                 ,
7043019,https://climate.weather.gc.ca/climate_data/daily_data_e.html?hlyRange=2010-11-15%7C2026-03-25&dlyRange=2010-11-18%7C2026-03-25&mlyRange=%7C&climate_id=7043019&Prov=QC&urlExtension=_e.html&searchType=stnProv&optLimit=specDate&StartYear=1840&EndYear=2026&selRowPerPage=100&Line=381&Month=3&Day=25&lstProvince=&Apply=Apply&timeframe=2,HAVRE ST. PIERRE, QUEBEC ,"50°16'55.000"" N","63°36'41.000"" W",37.80 m,7043019,71584,YGV                 ,CYGV                 ,
7103537,https://climate.weather.gc.ca/climate_data/daily_data_e.html?hlyRange=2014-04-03%7C2026-03-25&dlyRange=2018-10-29%7C2026-03-25&mlyRange=%7C&climate_id=7103537&Prov=QC&urlExtension=_e.html&searchType=stnProv&optLimit=specDate&StartYear=1840&EndYear=2026&selRowPerPage=100&Line=482&Month=3&Day=25&lstProvince=&Apply=Apply&timeframe=2,KUUJJUARAPIK A, QUEBEC ,"55°16'55.000"" N","77°45'55.000"" W",12.20 m,7103537,73127,YGW                 ,CYGW                 ,
5061022,https://climate.weather.gc.ca/climate_data/daily_data_e.html?hlyRange=2014-09-30%7C2026-03-25&dlyRange=2014-10-02%7C2026-03-25&mlyRange=%7C&climate_id=5061022&Prov=MB&urlExtension=_e.html&searchType=stnProv&optLimit=specDate&StartYear=1840&EndYear=2026&selRowPerPage=100&Line=335&Month=3&Day=25&lstProvince=&Apply=Apply&timeframe=2,GILLAM A, MANITOBA ,"56°21'28.000"" N","94°42'39.000"" W",145.10 m,5061022,71912,YGX                 ,CYGX                 ,
7116273,https://climate.weather.gc.ca/climate_data/daily_data_e.html?hlyRange=2018-10-30%7C2026-03-25&dlyRange=2018-10-29%7C2026-03-25&mlyRange=%7C&climate_id=7116273&Prov=QC&urlExtension=_e.html&searchType=stnProv&optLimit=specDate&StartYear=1840&EndYear=2026&selRowPerPage=100&Line=756&Month=3&Day=25&lstProvince=&Apply=Apply&timeframe=2,QUAQTAQ A, QUEBEC ,"61°02'47.000"" N","69°37'04.000"" W",32.30 m,7116273,,YHA                 ,CYHA                 ,
7116271,https://climate.weather.gc.ca/climate_data/daily_data_e.html?hlyRange=2015-10-08%7C2026-03-25&dlyRange=%7C&mlyRange=%7C&climate_id=7116271&Prov=QC&urlExtension=_e.html&searchType=stnProv&optLimit=specDate&StartYear=1840&EndYear=2026&selRowPerPage=100&Line=757&Month=3&Day=25&lstProvince=&Apply=Apply&timeframe=2,QUAQTAQ A, QUEBEC ,"61°02'47.000"" N","69°37'04.000"" W",32.30 m,7116271,,YHA                 ,CYHA                 ,
110Q44V,https://climate.weather.gc.ca/climate_data/daily_data_e.html?hlyRange=2023-04-24%7C2026-03-25&dlyRange=2023-04-24%7C2026-03-25&mlyRange=%7C&climate_id=110Q44V&Prov=BC&urlExtension=_e.html&searchType=stnProv&optLimit=specDate&StartYear=1840&EndYear=2026&selRowPerPage=100&Line=977&Month=3&Day=25&lstProvince=&Apply=Apply&timeframe=2,VANCOUVER HARBOUR, BRITISH COLUMBIA ,"49°17'40.000"" N","123°06'41.000"" W",     ,110Q44V,,YHC                 ,CYHC                 ,
6032125,https://climate.weather.gc.ca/climate_data/daily_data_e.html?hlyRange=2010-07-26%7C2026-03-25&dlyRange=2010-07-29%7C2026-03-25&mlyRange=%7C&climate_id=6032125&Prov=ON&urlExtension=_e.html&searchType=stnProv&optLimit=specDate&StartYear=1840&EndYear=2026&selRowPerPage=100&Line=231&Month=3&Day=25&lstProvince=&Apply=Apply&timeframe=2,DRYDEN REGIONAL, ONTARIO ,"49°49'39.000"" N","92°44'39.000"" W",412.70 m,6032125,71527,YHD                 ,CYHD                 ,
1113542,https://climate.weather.gc.ca/climate_data/daily_data_e.html?hlyRange=2011-10-17%7C2026-03-25&dlyRange=2011-10-20%7C2026-03-25&mlyRange=%7C&climate_id=1113542&Prov=BC&urlExtension=_e.html&searchType=stnProv&optLimit=specDate&StartYear=1840&EndYear=2026&selRowPerPage=100&Line=393&Month=3&Day=25&lstProvince=&Apply=Apply&timeframe=2,HOPE A, BRITISH COLUMBIA ,"49°22'06.000"" N","121°29'53.000"" W",39.00 m,1113542,71187,YHE                 ,CYHE                 ,
2502503,https://climate.weather.gc.ca/climate_data/daily_data_e.html?hlyRange=2014-12-04%7C2026-03-25&dlyRange=2018-10-29%7C2026-03-25&mlyRange=%7C&climate_id=2502503&Prov=NT&urlExtension=_e.html&searchType=stnProv&optLimit=specDate&StartYear=1840&EndYear=2026&selRowPerPage=100&Line=962&Month=3&Day=25&lstProvince=&Apply=Apply&timeframe=2,ULUKHAKTOK A, NORTHWEST TERRITORIES ,"70°45'46.000"" N","117°48'22.000"" W",36.00 m,2502503,,YHI                 ,CYHI                 ,
2502502,https://climate.weather.gc.ca/climate_data/daily_data_e.html?hlyRange=2014-12-04%7C2026-03-25&dlyRange=%7C&mlyRange=%7C&climate_id=2502502&Prov=NT&urlExtension=_e.html&searchType=stnProv&optLimit=specDate&StartYear=1840&EndYear=2026&selRowPerPage=100&Line=963&Month=3&Day=25&lstProvince=&Apply=Apply&timeframe=2,ULUKHAKTOK A, NORTHWEST TERRITORIES ,"70°45'46.000"" N","117°48'22.000"" W",36.00 m,2502502,,YHI                 ,CYHI                 ,
2302337,https://climate.weather.gc.ca/climate_data/daily_data_e.html?hlyRange=2013-01-10%7C2026-03-25&dlyRange=2013-01-10%7C2026-03-25&mlyRange=%7C&climate_id=2302337&Prov=NU&urlExtension=_e.html&searchType=stnProv&optLimit=specDate&StartYear=1840&EndYear=2026&selRowPerPage=100&Line=338&Month=3&Day=25&lstProvince=&Apply=Apply&timeframe=2,GJOA HAVEN A, NUNAVUT ,"68°38'08.000"" N","95°51'01.000"" W",46.90 m,2302337,71597,YHK                 ,CYHK                 ,
2302336,https://climate.weather.gc.ca/climate_data/daily_data_e.html?hlyRange=2013-01-10%7C2026-03-25&dlyRange=%7C&mlyRange=%7C&climate_id=2302336&Prov=NU&urlExtension=_e.html&searchType=stnProv&optLimit=specDate&StartYear=1840&EndYear=2026&selRowPerPage=100&Line=339&Month=3&Day=25&lstProvince=&Apply=Apply&timeframe=2,GJOA HAVEN A, NUNAVUT ,"68°38'08.000"" N","95°51'01.000"" W",46.90 m,2302336,,YHK                 ,CYHK                 ,
6153193,https://climate.weather.gc.ca/climate_data/daily_data_e.html?hlyRange=2011-12-14%7C2026-03-25&dlyRange=2011-12-15%7C2026-03-25&mlyRange=%7C&climate_id=6153193&Prov=ON&urlExtension=_e.html&searchType=stnProv&optLimit=specDate&StartYear=1840&EndYear=2026&selRowPerPage=100&Line=374&Month=3&Day=25&lstProvince=&Apply=Apply&timeframe=2,HAMILTON A, ONTARIO ,"43°10'25.000"" N","79°56'06.000"" W",237.70 m,6153193,71263,YHM                 ,CYHM                 ,
7027329,https://climate.weather.gc.ca/climate_data/daily_data_e.html?hlyRange=2009-12-10%7C2026-03-25&dlyRange=2009-12-17%7C2026-03-25&mlyRange=%7C&climate_id=7027329&Prov=QC&urlExtension=_e.html&searchType=stnProv&optLimit=specDate&StartYear=1840&EndYear=2026&selRowPerPage=100&Line=599&Month=3&Day=25&lstProvince=&Apply=Apply&timeframe=2,MONTREAL/ST-HUBERT, QUEBEC ,"45°31'03.000"" N","73°25'01.000"" W",27.40 m,7027329,71371,YHU                 ,CYHU                 ,
2202401,https://climate.weather.gc.ca/climate_data/daily_data_e.html?hlyRange=2014-09-02%7C2026-03-25&dlyRange=2014-09-04%7C2026-03-25&mlyRange=%7C&climate_id=2202401&Prov=NT&urlExtension=_e.html&searchType=stnProv&optLimit=specDate&StartYear=1840&EndYear=2026&selRowPerPage=100&Line=382&Month=3&Day=25&lstProvince=&Apply=Apply&timeframe=2,HAY RIVER A, NORTHWEST TERRITORIES ,"60°50'23.000"" N","115°46'58.000"" W",164.90 m,2202401,71935,YHY                 ,CYHY                 ,
2202403,https://climate.weather.gc.ca/climate_data/daily_data_e.html?hlyRange=2016-01-13%7C2026-03-25&dlyRange=2018-10-29%7C2026-03-25&mlyRange=%7C&climate_id=2202403&Prov=NT&urlExtension=_e.html&searchType=stnProv&optLimit=specDate&StartYear=1840&EndYear=2026&selRowPerPage=100&Line=383&Month=3&Day=25&lstProvince=&Apply=Apply&timeframe=2,HAY RIVER A, NORTHWEST TERRITORIES ,"60°50'23.000"" N","115°46'58.000"" W",164.90 m,2202403,,YHY                 ,CYHY                 ,
8202251,https://climate.weather.gc.ca/climate_data/daily_data_e.html?hlyRange=2012-09-10%7C2026-03-25&dlyRange=2012-09-10%7C2026-03-25&mlyRange=%7C&climate_id=8202251&Prov=NS&urlExtension=_e.html&searchType=stnProv&optLimit=specDate&StartYear=1840&EndYear=2026&selRowPerPage=100&Line=371&Month=3&Day=25&lstProvince=&Apply=Apply&timeframe=2,HALIFAX STANFIELD INT'L A, NOVA SCOTIA ,"44°52'52.000"" N","63°30'31.000"" W",145.40 m,8202251,71395,YHZ                 ,CYHZ                 ,
8202249,https://climate.weather.gc.ca/climate_data/daily_data_e.html?hlyRange=2019-03-19%7C2026-03-25&dlyRange=2019-03-19%7C2026-03-25&mlyRange=%7C&climate_id=8202249&Prov=NS&urlExtension=_e.html&searchType=stnProv&optLimit=specDate&StartYear=1840&EndYear=2026&selRowPerPage=100&Line=372&Month=3&Day=25&lstProvince=&Apply=Apply&timeframe=2,HALIFAX STANFIELD INT'L A, NOVA SCOTIA ,"44°52'52.000"" N","63°30'31.000"" W",145.40 m,8202249,,YHZ                 ,CYHZ                 ,
7103328,https://climate.weather.gc.ca/climate_data/daily_data_e.html?hlyRange=2015-11-19%7C2026-03-25&dlyRange=%7C&mlyRange=%7C&climate_id=7103328&Prov=QC&urlExtension=_e.html&searchType=stnProv&optLimit=specDate&StartYear=1840&EndYear=2026&selRowPerPage=100&Line=425&Month=3&Day=25&lstProvince=&Apply=Apply&timeframe=2,IVUJIVIK A, QUEBEC ,"62°25'02.000"" N","77°55'31.000"" W",38.70 m,7103328,,YIK                 ,CYIK                 ,
7103329,https://climate.weather.gc.ca/climate_data/daily_data_e.html?hlyRange=2018-10-30%7C2026-03-25&dlyRange=2018-10-29%7C2026-03-25&mlyRange=%7C&climate_id=7103329&Prov=QC&urlExtension=_e.html&searchType=stnProv&optLimit=specDate&StartYear=1840&EndYear=2026&selRowPerPage=100&Line=426&Month=3&Day=25&lstProvince=&Apply=Apply&timeframe=2,IVUJIVIK A, QUEBEC ,"62°25'02.000"" N","77°55'31.000"" W",38.70 m,7103329,,YIK                 ,CYIK                 ,
1161662,https://climate.weather.gc.ca/climate_data/daily_data_e.html?hlyRange=2013-08-20%7C2026-03-25&dlyRange=2013-08-22%7C2026-03-25&mlyRange=%7C&climate_id=1161662&Prov=BC&urlExtension=_e.html&searchType=stnProv&optLimit=specDate&StartYear=1840&EndYear=2026&selRowPerPage=100&Line=173&Month=3&Day=25&lstProvince=&Apply=Apply&timeframe=2,CLINTON A, BRITISH COLUMBIA ,"51°15'59.000"" N","121°41'05.000"" W","1,126.20 m",1161662,71717,YIN                 ,CYIN                 ,
2403206,https://climate.weather.gc.ca/climate_data/daily_data_e.html?hlyRange=2013-01-10%7C2026-03-25&dlyRange=2013-01-11%7C2026-03-25&mlyRange=%7C&climate_id=2403206&Prov=NU&urlExtension=_e.html&searchType=stnProv&optLimit=specDate&StartYear=1840&EndYear=2026&selRowPerPage=100&Line=715&Month=3&Day=25&lstProvince=&Apply=Apply&timeframe=2,POND INLET A, NUNAVUT ,"72°41'22.000"" N","77°58'08.000"" W",61.60 m,2403206,71095,YIO                 ,CYIO                 ,
2403205,https://climate.weather.gc.ca/climate_data/daily_data_e.html?hlyRange=2013-01-10%7C2026-03-25&dlyRange=%7C&mlyRange=%7C&climate_id=2403205&Prov=NU&urlExtension=_e.html&searchType=stnProv&optLimit=specDate&StartYear=1840&EndYear=2026&selRowPerPage=100&Line=716&Month=3&Day=25&lstProvince=&Apply=Apply&timeframe=2,POND INLET A, NUNAVUT ,"72°41'22.000"" N","77°58'08.000"" W",61.60 m,2403205,,YIO                 ,CYIO                 ,
5061374,https://climate.weather.gc.ca/climate_data/daily_data_e.html?hlyRange=2016-01-13%7C2026-03-25&dlyRange=2018-10-29%7C2026-03-25&mlyRange=%7C&climate_id=5061374&Prov=MB&urlExtension=_e.html&searchType=stnProv&optLimit=specDate&StartYear=1840&EndYear=2026&selRowPerPage=100&Line=421&Month=3&Day=25&lstProvince=&Apply=Apply&timeframe=2,ISLAND LAKE A, MANITOBA ,"53°51'26.000"" N","94°39'13.000"" W",235.30 m,5061374,71145,YIV                 ,CYIV                 ,
2201581,https://climate.weather.gc.ca/climate_data/daily_data_e.html?hlyRange=2014-10-23%7C2026-03-25&dlyRange=2018-10-29%7C2026-03-25&mlyRange=%7C&climate_id=2201581&Prov=NT&urlExtension=_e.html&searchType=stnProv&optLimit=specDate&StartYear=1840&EndYear=2026&selRowPerPage=100&Line=290&Month=3&Day=25&lstProvince=&Apply=Apply&timeframe=2,FORT LIARD A, NORTHWEST TERRITORIES ,"60°14'08.000"" N","123°28'12.000"" W",215.80 m,2201581,,YJF                 ,CYJF                 ,
2201576,https://climate.weather.gc.ca/climate_data/daily_data_e.html?hlyRange=2014-09-30%7C2026-03-25&dlyRange=%7C&mlyRange=%7C&climate_id=2201576&Prov=NT&urlExtension=_e.html&searchType=stnProv&optLimit=specDate&StartYear=1840&EndYear=2026&selRowPerPage=100&Line=291&Month=3&Day=25&lstProvince=&Apply=Apply&timeframe=2,FORT LIARD A, NORTHWEST TERRITORIES ,"60°14'08.000"" N","123°28'12.000"" W",215.80 m,2201576,,YJF                 ,CYJF                 ,
7027394,https://climate.weather.gc.ca/climate_data/daily_data_e.html?hlyRange=2023-04-24%7C2026-03-25&dlyRange=2023-04-24%7C2026-03-25&mlyRange=%7C&climate_id=7027394&Prov=QC&urlExtension=_e.html&searchType=stnProv&optLimit=specDate&StartYear=1840&EndYear=2026&selRowPerPage=100&Line=874&Month=3&Day=25&lstProvince=&Apply=Apply&timeframe=2,ST JEAN, QUEBEC ,"45°17'40.000"" N","73°16'54.000"" W",41.50 m,7027394,,YJN                 ,CYJN                 ,
1163781,https://climate.weather.gc.ca/climate_data/daily_data_e.html?hlyRange=2013-06-11%7C2026-03-25&dlyRange=2013-06-13%7C2026-03-25&mlyRange=%7C&climate_id=1163781&Prov=BC&urlExtension=_e.html&searchType=stnProv&optLimit=specDate&StartYear=1840&EndYear=2026&selRowPerPage=100&Line=432&Month=3&Day=25&lstProvince=&Apply=Apply&timeframe=2,KAMLOOPS A, BRITISH COLUMBIA ,"50°42'09.000"" N","120°26'55.000"" W",345.30 m,1163781,71887,YKA                 ,CYKA                 ,
2200101,https://climate.weather.gc.ca/climate_data/daily_data_e.html?hlyRange=2014-03-04%7C2026-03-25&dlyRange=%7C&mlyRange=%7C&climate_id=2200101&Prov=NT&urlExtension=_e.html&searchType=stnProv&optLimit=specDate&StartYear=1840&EndYear=2026&selRowPerPage=100&Line=5&Month=3&Day=25&lstProvince=&Apply=Apply&timeframe=2,AKLAVIK A, NORTHWEST TERRITORIES ,"68°13'24.000"" N","135°00'20.000"" W",6.40 m,2200101,,YKD                 ,CYKD                 ,
2200105,https://climate.weather.gc.ca/climate_data/daily_data_e.html?hlyRange=2014-10-23%7C2026-03-25&dlyRange=2018-10-29%7C2026-03-25&mlyRange=%7C&climate_id=2200105&Prov=NT&urlExtension=_e.html&searchType=stnProv&optLimit=specDate&StartYear=1840&EndYear=2026&selRowPerPage=100&Line=6&Month=3&Day=25&lstProvince=&Apply=Apply&timeframe=2,AKLAVIK A, NORTHWEST TERRITORIES ,"68°13'24.000"" N","135°00'20.000"" W",6.40 m,2200105,,YKD                 ,CYKD                 ,
6144239,https://climate.weather.gc.ca/climate_data/daily_data_e.html?hlyRange=2010-04-06%7C2026-03-25&dlyRange=2010-04-18%7C2026-03-25&mlyRange=%7C&climate_id=6144239&Prov=ON&urlExtension=_e.html&searchType=stnProv&optLimit=specDate&StartYear=1840&EndYear=2026&selRowPerPage=100&Line=471&Month=3&Day=25&lstProvince=&Apply=Apply&timeframe=2,KITCHENER/WATERLOO, ONTARIO ,"43°27'39.000"" N","80°22'43.000"" W",321.60 m,6144239,71368,YKF                 ,CYKF                 ,
7113380,https://climate.weather.gc.ca/climate_data/daily_data_e.html?hlyRange=2018-10-30%7C2026-03-25&dlyRange=2018-10-29%7C2026-03-25&mlyRange=%7C&climate_id=7113380&Prov=QC&urlExtension=_e.html&searchType=stnProv&optLimit=specDate&StartYear=1840&EndYear=2026&selRowPerPage=100&Line=436&Month=3&Day=25&lstProvince=&Apply=Apply&timeframe=2,KANGIQSUJUAQ A, QUEBEC ,"61°35'19.000"" N","71°55'46.000"" W",157.60 m,7113380,,YKG                 ,CYKG                 ,
7113379,https://climate.weather.gc.ca/climate_data/daily_data_e.html?hlyRange=2015-10-08%7C2026-03-25&dlyRange=%7C&mlyRange=%7C&climate_id=7113379&Prov=QC&urlExtension=_e.html&searchType=stnProv&optLimit=specDate&StartYear=1840&EndYear=2026&selRowPerPage=100&Line=437&Month=3&Day=25&lstProvince=&Apply=Apply&timeframe=2,KANGIQSUJUAQ A, QUEBEC ,"61°35'19.000"" N","71°55'46.000"" W",157.60 m,7113379,,YKG                 ,CYKG                 ,
4063757,https://climate.weather.gc.ca/climate_data/daily_data_e.html?hlyRange=2010-07-26%7C2026-03-25&dlyRange=2010-07-29%7C2026-03-25&mlyRange=%7C&climate_id=4063757&Prov=SK&urlExtension=_e.html&searchType=stnProv&optLimit=specDate&StartYear=1840&EndYear=2026&selRowPerPage=100&Line=454&Month=3&Day=25&lstProvince=&Apply=Apply&timeframe=2,KEY LAKE, SASKATCHEWAN ,"57°15'23.000"" N","105°37'03.000"" W",513.90 m,4063757,71499,YKJ                 ,CYKJ                 ,
7117823,https://climate.weather.gc.ca/climate_data/daily_data_e.html?hlyRange=2012-01-09%7C2026-03-25&dlyRange=2012-01-10%7C2026-03-25&mlyRange=%7C&climate_id=7117823&Prov=QC&urlExtension=_e.html&searchType=stnProv&optLimit=specDate&StartYear=1840&EndYear=2026&selRowPerPage=100&Line=840&Month=3&Day=25&lstProvince=&Apply=Apply&timeframe=2,SCHEFFERVILLE A, QUEBEC ,"54°48'19.000"" N","66°48'19.000"" W",520.90 m,7117823,71921,YKL                 ,CYKL                 ,
7100071,https://climate.weather.gc.ca/climate_data/daily_data_e.html?hlyRange=2015-11-19%7C2026-03-25&dlyRange=%7C&mlyRange=%7C&climate_id=7100071&Prov=QC&urlExtension=_e.html&searchType=stnProv&optLimit=specDate&StartYear=1840&EndYear=2026&selRowPerPage=100&Line=7&Month=3&Day=25&lstProvince=&Apply=Apply&timeframe=2,AKULIVIK A, QUEBEC ,"60°49'07.000"" N","78°08'55.000"" W",23.20 m,7100071,,YKO                 ,CYKO                 ,
7100072,https://climate.weather.gc.ca/climate_data/daily_data_e.html?hlyRange=2018-10-30%7C2026-03-25&dlyRange=2018-10-29%7C2026-03-25&mlyRange=%7C&climate_id=7100072&Prov=QC&urlExtension=_e.html&searchType=stnProv&optLimit=specDate&StartYear=1840&EndYear=2026&selRowPerPage=100&Line=8&Month=3&Day=25&lstProvince=&Apply=Apply&timeframe=2,AKULIVIK A, QUEBEC ,"60°49'07.000"" N","78°08'55.000"" W",23.20 m,7100072,,YKO                 ,CYKO                 ,
6075786,https://climate.weather.gc.ca/climate_data/daily_data_e.html?hlyRange=2014-11-06%7C2026-03-25&dlyRange=2014-11-13%7C2026-03-25&mlyRange=%7C&climate_id=6075786&Prov=ON&urlExtension=_e.html&searchType=stnProv&optLimit=specDate&StartYear=1840&EndYear=2026&selRowPerPage=100&Line=655&Month=3&Day=25&lstProvince=&Apply=Apply&timeframe=2,OGOKI POST A, ONTARIO ,"51°39'31.000"" N","85°54'04.000"" W",181.00 m,6075786,71652,YKP                 ,CYKP                 ,
7098898,https://climate.weather.gc.ca/climate_data/daily_data_e.html?hlyRange=2014-10-23%7C2026-03-25&dlyRange=2018-10-29%7C2026-03-25&mlyRange=%7C&climate_id=7098898&Prov=QC&urlExtension=_e.html&searchType=stnProv&optLimit=specDate&StartYear=1840&EndYear=2026&selRowPerPage=100&Line=1000&Month=3&Day=25&lstProvince=&Apply=Apply&timeframe=2,WASKAGANISH A, QUEBEC ,"51°28'24.000"" N","78°45'30.000"" W",24.10 m,7098898,,YKQ                 ,CYKQ                 ,
4043901,https://climate.weather.gc.ca/climate_data/daily_data_e.html?hlyRange=2013-11-12%7C2026-03-25&dlyRange=2013-11-14%7C2026-03-25&mlyRange=%7C&climate_id=4043901&Prov=SK&urlExtension=_e.html&searchType=stnProv&optLimit=specDate&StartYear=1840&EndYear=2026&selRowPerPage=100&Line=458&Month=3&Day=25&lstProvince=&Apply=Apply&timeframe=2,KINDERSLEY A, SASKATCHEWAN ,"51°30'55.000"" N","109°10'50.000"" W",693.70 m,4043901,71129,YKY                 ,CYKY                 ,
4043899,https://climate.weather.gc.ca/climate_data/daily_data_e.html?hlyRange=2016-01-13%7C2026-03-25&dlyRange=2018-10-29%7C2026-03-25&mlyRange=%7C&climate_id=4043899&Prov=SK&urlExtension=_e.html&searchType=stnProv&optLimit=specDate&StartYear=1840&EndYear=2026&selRowPerPage=100&Line=459&Month=3&Day=25&lstProvince=&Apply=Apply&timeframe=2,KINDERSLEY A, SASKATCHEWAN ,"51°30'55.000"" N","109°10'50.000"" W",693.70 m,4043899,,YKY                 ,CYKY                 ,
7110600,https://climate.weather.gc.ca/climate_data/daily_data_e.html?hlyRange=2015-10-08%7C2026-03-25&dlyRange=%7C&mlyRange=%7C&climate_id=7110600&Prov=QC&urlExtension=_e.html&searchType=stnProv&optLimit=specDate&StartYear=1840&EndYear=2026&selRowPerPage=100&Line=27&Month=3&Day=25&lstProvince=&Apply=Apply&timeframe=2,AUPALUK A, QUEBEC ,"59°17'48.000"" N","69°35'59.000"" W",36.90 m,7110600,,YLA                 ,CYLA                 ,
7110601,https://climate.weather.gc.ca/climate_data/daily_data_e.html?hlyRange=2018-10-30%7C2026-03-25&dlyRange=2018-10-29%7C2026-03-25&mlyRange=%7C&climate_id=7110601&Prov=QC&urlExtension=_e.html&searchType=stnProv&optLimit=specDate&StartYear=1840&EndYear=2026&selRowPerPage=100&Line=28&Month=3&Day=25&lstProvince=&Apply=Apply&timeframe=2,AUPALUK A, QUEBEC ,"59°17'48.000"" N","69°35'59.000"" W",36.90 m,7110601,,YLA                 ,CYLA                 ,
2402671,https://climate.weather.gc.ca/climate_data/daily_data_e.html?hlyRange=2015-02-12%7C2026-03-25&dlyRange=%7C&mlyRange=%7C&climate_id=2402671&Prov=NU&urlExtension=_e.html&searchType=stnProv&optLimit=specDate&StartYear=1840&EndYear=2026&selRowPerPage=100&Line=455&Month=3&Day=25&lstProvince=&Apply=Apply&timeframe=2,KIMMIRUT A, NUNAVUT ,"62°50'53.000"" N","69°52'38.000"" W",51.50 m,2402671,,YLC                 ,CYLC                 ,
2402673,https://climate.weather.gc.ca/climate_data/daily_data_e.html?hlyRange=2015-02-12%7C2026-03-25&dlyRange=2018-10-29%7C2026-03-25&mlyRange=%7C&climate_id=2402673&Prov=NU&urlExtension=_e.html&searchType=stnProv&optLimit=specDate&StartYear=1840&EndYear=2026&selRowPerPage=100&Line=456&Month=3&Day=25&lstProvince=&Apply=Apply&timeframe=2,KIMMIRUT A, NUNAVUT ,"62°50'53.000"" N","69°52'38.000"" W",51.50 m,2402673,,YLC                 ,CYLC                 ,
6061362,https://climate.weather.gc.ca/climate_data/daily_data_e.html?hlyRange=2015-03-12%7C2026-03-25&dlyRange=2015-01-16%7C2018-10-29&mlyRange=%7C&climate_id=6061362&Prov=ON&urlExtension=_e.html&searchType=stnProv&optLimit=specDate&StartYear=1840&EndYear=2026&selRowPerPage=100&Line=145&Month=3&Day=25&lstProvince=&Apply=Apply&timeframe=2,CHAPLEAU A, ONTARIO ,"47°49'13.000"" N","83°20'49.000"" W",448.10 m,6061362,71642,YLD                 ,CYLD                 ,
6061365,https://climate.weather.gc.ca/climate_data/daily_data_e.html?hlyRange=2015-03-09%7C2026-03-25&dlyRange=2018-10-29%7C2026-03-25&mlyRange=%7C&climate_id=6061365&Prov=ON&urlExtension=_e.html&searchType=stnProv&optLimit=specDate&StartYear=1840&EndYear=2026&selRowPerPage=100&Line=146&Month=3&Day=25&lstProvince=&Apply=Apply&timeframe=2,CHAPLEAU A, ONTARIO ,"47°49'13.000"" N","83°20'49.000"" W",448.10 m,6061365,,YLD                 ,CYLD                 ,
6014351,https://climate.weather.gc.ca/climate_data/daily_data_e.html?hlyRange=2013-03-05%7C2026-03-25&dlyRange=2018-10-29%7C2026-03-25&mlyRange=%7C&climate_id=6014351&Prov=ON&urlExtension=_e.html&searchType=stnProv&optLimit=specDate&StartYear=1840&EndYear=2026&selRowPerPage=100&Line=508&Month=3&Day=25&lstProvince=&Apply=Apply&timeframe=2,LANSDOWNE HOUSE A, ONTARIO ,"52°11'44.000"" N","87°56'03.000"" W",254.20 m,6014351,,YLH                 ,CYLH                 ,
4065057,https://climate.weather.gc.ca/climate_data/daily_data_e.html?hlyRange=2013-12-09%7C2026-03-25&dlyRange=2013-12-12%7C2018-10-29&mlyRange=%7C&climate_id=4065057&Prov=SK&urlExtension=_e.html&searchType=stnProv&optLimit=specDate&StartYear=1840&EndYear=2026&selRowPerPage=100&Line=573&Month=3&Day=25&lstProvince=&Apply=Apply&timeframe=2,MEADOW LAKE A, SASKATCHEWAN ,"54°07'31.000"" N","108°03'01.022"" W",480.70 m,4065057,71125,YLJ                 ,CYLJ                 ,
4065063,https://climate.weather.gc.ca/climate_data/daily_data_e.html?hlyRange=2014-10-23%7C2026-03-25&dlyRange=2018-10-29%7C2026-03-25&mlyRange=%7C&climate_id=4065063&Prov=SK&urlExtension=_e.html&searchType=stnProv&optLimit=specDate&StartYear=1840&EndYear=2026&selRowPerPage=100&Line=574&Month=3&Day=25&lstProvince=&Apply=Apply&timeframe=2,MEADOW LAKE A, SASKATCHEWAN ,"54°07'31.000"" N","108°31'22.000"" W",480.70 m,4065063,,YLJ                 ,CYLJ                 ,
2202690,https://climate.weather.gc.ca/climate_data/daily_data_e.html?hlyRange=2015-02-12%7C2026-03-25&dlyRange=2018-10-29%7C2026-03-25&mlyRange=%7C&climate_id=2202690&Prov=NT&urlExtension=_e.html&searchType=stnProv&optLimit=specDate&StartYear=1840&EndYear=2026&selRowPerPage=100&Line=539&Month=3&Day=25&lstProvince=&Apply=Apply&timeframe=2,LUTSELK'E A, NORTHWEST TERRITORIES ,"62°25'06.000"" N","110°40'56.000"" W",178.60 m,2202690,,YLK                 ,CYLK                 ,
2202687,https://climate.weather.gc.ca/climate_data/daily_data_e.html?hlyRange=2015-02-12%7C2026-03-25&dlyRange=%7C&mlyRange=%7C&climate_id=2202687&Prov=NT&urlExtension=_e.html&searchType=stnProv&optLimit=specDate&StartYear=1840&EndYear=2026&selRowPerPage=100&Line=540&Month=3&Day=25&lstProvince=&Apply=Apply&timeframe=2,LUTSELK'E A, NORTHWEST TERRITORIES ,"62°25'06.000"" N","110°40'56.000"" W",178.60 m,2202687,,YLK                 ,CYLK                 ,
3013959,https://climate.weather.gc.ca/climate_data/daily_data_e.html?hlyRange=2006-12-31%7C2026-03-25&dlyRange=2009-12-17%7C2026-03-25&mlyRange=%7C&climate_id=3013959&Prov=AB&urlExtension=_e.html&searchType=stnProv&optLimit=specDate&StartYear=1840&EndYear=2026&selRowPerPage=100&Line=524&Month=3&Day=25&lstProvince=&Apply=Apply&timeframe=2,LLOYDMINSTER, ALBERTA ,"53°18'33.000"" N","110°04'21.000"" W",668.70 m,3013959,71871,YLL                 ,CYLL                 ,
3013958,https://climate.weather.gc.ca/climate_data/daily_data_e.html?hlyRange=2012-06-19%7C2026-03-25&dlyRange=%7C&mlyRange=%7C&climate_id=3013958&Prov=AB&urlExtension=_e.html&searchType=stnProv&optLimit=specDate&StartYear=1840&EndYear=2026&selRowPerPage=100&Line=526&Month=3&Day=25&lstProvince=&Apply=Apply&timeframe=2,LLOYDMINSTER A, ALBERTA ,"53°18'38.000"" N","110°04'27.000"" W",668.70 m,3013958,,YLL                 ,CYLL                 ,
2400302,https://climate.weather.gc.ca/climate_data/daily_data_e.html?hlyRange=1988-04-01%7C2026-03-25&dlyRange=%7C&mlyRange=%7C&climate_id=2400302&Prov=NU&urlExtension=_e.html&searchType=stnProv&optLimit=specDate&StartYear=1840&EndYear=2026&selRowPerPage=100&Line=9&Month=3&Day=25&lstProvince=&Apply=Apply&timeframe=2,ALERT A, NUNAVUT ,"82°31'00.000"" N","62°17'00.000"" W",30.50 m,2400302,,YLT                 ,CYLT                 ,
7113391,https://climate.weather.gc.ca/climate_data/daily_data_e.html?hlyRange=2018-10-30%7C2026-03-25&dlyRange=2018-10-29%7C2026-03-25&mlyRange=%7C&climate_id=7113391&Prov=QC&urlExtension=_e.html&searchType=stnProv&optLimit=specDate&StartYear=1840&EndYear=2026&selRowPerPage=100&Line=434&Month=3&Day=25&lstProvince=&Apply=Apply&timeframe=2,KANGIQSUALUJJUAQ A, QUEBEC ,"58°42'41.000"" N","65°59'34.000"" W",66.10 m,7113391,,YLU                 ,CYLU                 ,
7113390,https://climate.weather.gc.ca/climate_data/daily_data_e.html?hlyRange=2015-10-01%7C2026-03-25&dlyRange=%7C&mlyRange=%7C&climate_id=7113390&Prov=QC&urlExtension=_e.html&searchType=stnProv&optLimit=specDate&StartYear=1840&EndYear=2026&selRowPerPage=100&Line=435&Month=3&Day=25&lstProvince=&Apply=Apply&timeframe=2,KANGIQSUALUJJUAQ A, QUEBEC ,"58°42'41.000"" N","65°59'34.000"" W",66.10 m,7113390,,YLU                 ,CYLU                 ,
1123939,https://climate.weather.gc.ca/climate_data/daily_data_e.html?hlyRange=2009-08-27%7C2026-03-25&dlyRange=2009-09-03%7C2026-03-25&mlyRange=%7C&climate_id=1123939&Prov=BC&urlExtension=_e.html&searchType=stnProv&optLimit=specDate&StartYear=1840&EndYear=2026&selRowPerPage=100&Line=444&Month=3&Day=25&lstProvince=&Apply=Apply&timeframe=2,KELOWNA, BRITISH COLUMBIA ,"49°57'26.000"" N","119°22'40.000"" W",433.10 m,1123939,71203,YLW                 ,CYLW                 ,
2100701,https://climate.weather.gc.ca/climate_data/daily_data_e.html?hlyRange=2013-11-12%7C2026-03-25&dlyRange=2013-11-14%7C2026-03-25&mlyRange=%7C&climate_id=2100701&Prov=YT&urlExtension=_e.html&searchType=stnProv&optLimit=specDate&StartYear=1840&EndYear=2026&selRowPerPage=100&Line=566&Month=3&Day=25&lstProvince=&Apply=Apply&timeframe=2,MAYO A, YUKON ,"63°36'59.000"" N","135°52'06.000"" W",503.80 m,2100701,71965,YMA                 ,CYMA                 ,
2100702,https://climate.weather.gc.ca/climate_data/daily_data_e.html?hlyRange=2016-01-13%7C2026-03-25&dlyRange=2018-10-29%7C2026-03-25&mlyRange=%7C&climate_id=2100702&Prov=YT&urlExtension=_e.html&searchType=stnProv&optLimit=specDate&StartYear=1840&EndYear=2026&selRowPerPage=100&Line=567&Month=3&Day=25&lstProvince=&Apply=Apply&timeframe=2,MAYO A, YUKON ,"63°37'00.000"" N","135°52'08.000"" W",503.80 m,2100702,,YMA                 ,CYMA                 ,
8502592,https://climate.weather.gc.ca/climate_data/daily_data_e.html?hlyRange=2013-12-09%7C2026-03-25&dlyRange=2013-12-11%7C2026-03-25&mlyRange=%7C&climate_id=8502592&Prov=NL&urlExtension=_e.html&searchType=stnProv&optLimit=specDate&StartYear=1840&EndYear=2026&selRowPerPage=100&Line=561&Month=3&Day=25&lstProvince=&Apply=Apply&timeframe=2,MARY'S HARBOUR A, NEWFOUNDLAND AND LABRADOR ,"52°18'10.000"" N","55°50'52.000"" W",10.60 m,8502592,71339,YMH                 ,CYMH                 ,
4015320,https://climate.weather.gc.ca/climate_data/daily_data_e.html?hlyRange=1954-01-01%7C2026-03-25&dlyRange=1943-01-01%7C1999-07-02&mlyRange=1943-01-01%7C1998-08-01&climate_id=4015320&Prov=SK&urlExtension=_e.html&searchType=stnProv&optLimit=specDate&StartYear=1840&EndYear=2026&selRowPerPage=100&Line=601&Month=3&Day=25&lstProvince=&Apply=Apply&timeframe=2,MOOSE JAW A, SASKATCHEWAN ,"50°20'00.000"" N","105°34'00.000"" W",576.70 m,4015320,71864,YMJ                 ,CYMJ                 ,
3062697,https://climate.weather.gc.ca/climate_data/daily_data_e.html?hlyRange=2011-10-17%7C2026-03-25&dlyRange=2011-10-20%7C2026-03-25&mlyRange=%7C&climate_id=3062697&Prov=AB&urlExtension=_e.html&searchType=stnProv&optLimit=specDate&StartYear=1840&EndYear=2026&selRowPerPage=100&Line=292&Month=3&Day=25&lstProvince=&Apply=Apply&timeframe=2,FORT MCMURRAY A, ALBERTA ,"56°39'12.000"" N","111°13'24.000"" W",369.10 m,3062697,71689,YMM                 ,CYMM                 ,
6075420,https://climate.weather.gc.ca/climate_data/daily_data_e.html?hlyRange=2010-09-20%7C2026-03-25&dlyRange=2010-09-23%7C2026-03-25&mlyRange=%7C&climate_id=6075420&Prov=ON&urlExtension=_e.html&searchType=stnProv&optLimit=specDate&StartYear=1840&EndYear=2026&selRowPerPage=100&Line=603&Month=3&Day=25&lstProvince=&Apply=Apply&timeframe=2,MOOSONEE, ONTARIO ,"51°17'28.000"" N","80°36'28.000"" W",9.10 m,6075420,71398,YMO                 ,CYMO                 ,
7091409,https://climate.weather.gc.ca/climate_data/daily_data_e.html?hlyRange=2014-10-23%7C2026-03-25&dlyRange=2018-10-29%7C2026-03-25&mlyRange=%7C&climate_id=7091409&Prov=QC&urlExtension=_e.html&searchType=stnProv&optLimit=specDate&StartYear=1840&EndYear=2026&selRowPerPage=100&Line=161&Month=3&Day=25&lstProvince=&Apply=Apply&timeframe=2,CHIBOUGAMAU CHAPAIS A, QUEBEC ,"49°46'19.000"" N","74°31'41.000"" W",387.10 m,7091409,,YMT                 ,CYMT                 ,
7108566,https://climate.weather.gc.ca/climate_data/daily_data_e.html?hlyRange=2015-12-03%7C2026-03-25&dlyRange=%7C&mlyRange=%7C&climate_id=7108566&Prov=QC&urlExtension=_e.html&searchType=stnProv&optLimit=specDate&StartYear=1840&EndYear=2026&selRowPerPage=100&Line=964&Month=3&Day=25&lstProvince=&Apply=Apply&timeframe=2,UMIUJAQ A, QUEBEC ,"56°32'10.000"" N","76°31'06.000"" W",76.50 m,7108566,,YMU                 ,CYMU                 ,
7108564,https://climate.weather.gc.ca/climate_data/daily_data_e.html?hlyRange=2018-10-30%7C2026-03-25&dlyRange=2018-10-29%7C2026-03-25&mlyRange=%7C&climate_id=7108564&Prov=QC&urlExtension=_e.html&searchType=stnProv&optLimit=specDate&StartYear=1840&EndYear=2026&selRowPerPage=100&Line=965&Month=3&Day=25&lstProvince=&Apply=Apply&timeframe=2,UMIUJAQ A, QUEBEC ,"56°32'10.000"" N","76°31'06.000"" W",76.50 m,7108564,,YMU                 ,CYMU                 ,
7034900,https://climate.weather.gc.ca/climate_data/daily_data_e.html?hlyRange=2012-09-13%7C2026-03-25&dlyRange=2018-10-30%7C2026-03-25&mlyRange=%7C&climate_id=7034900&Prov=QC&urlExtension=_e.html&searchType=stnProv&optLimit=specDate&StartYear=1840&EndYear=2026&selRowPerPage=100&Line=597&Month=3&Day=25&lstProvince=&Apply=Apply&timeframe=2,MONTREAL MIRABEL INTL A, QUEBEC ,"45°40'50.000"" N","74°02'19.000"" W",82.30 m,7034900,,YMX                 ,CYMX                 ,
7045398,https://climate.weather.gc.ca/climate_data/daily_data_e.html?hlyRange=2010-11-15%7C2026-03-25&dlyRange=2010-11-18%7C2026-03-25&mlyRange=%7C&climate_id=7045398&Prov=QC&urlExtension=_e.html&searchType=stnProv&optLimit=specDate&StartYear=1840&EndYear=2026&selRowPerPage=100&Line=625&Month=3&Day=25&lstProvince=&Apply=Apply&timeframe=2,NATASHQUAN A, QUEBEC ,"50°11'24.000"" N","61°47'20.000"" W",11.90 m,7045398,71513,YNA                 ,CYNA                 ,
7098908,https://climate.weather.gc.ca/climate_data/daily_data_e.html?hlyRange=2014-11-03%7C2026-03-25&dlyRange=2018-10-29%7C2026-03-25&mlyRange=%7C&climate_id=7098908&Prov=QC&urlExtension=_e.html&searchType=stnProv&optLimit=specDate&StartYear=1840&EndYear=2026&selRowPerPage=100&Line=1013&Month=3&Day=25&lstProvince=&Apply=Apply&timeframe=2,WEMINDJI A, QUEBEC ,"53°00'38.000"" N","78°49'52.000"" W",20.10 m,7098908,,YNC                 ,CYNC                 ,
7032682,https://climate.weather.gc.ca/climate_data/daily_data_e.html?hlyRange=2012-10-09%7C2026-03-25&dlyRange=%7C&mlyRange=%7C&climate_id=7032682&Prov=QC&urlExtension=_e.html&searchType=stnProv&optLimit=specDate&StartYear=1840&EndYear=2026&selRowPerPage=100&Line=667&Month=3&Day=25&lstProvince=&Apply=Apply&timeframe=2,OTTAWA GATINEAU A, QUEBEC ,"45°31'18.000"" N","75°33'49.000"" W",64.30 m,7032682,,YND                 ,CYND                 ,
7032685,https://climate.weather.gc.ca/climate_data/daily_data_e.html?hlyRange=2014-10-23%7C2026-03-25&dlyRange=2018-10-29%7C2026-03-25&mlyRange=%7C&climate_id=7032685&Prov=QC&urlExtension=_e.html&searchType=stnProv&optLimit=specDate&StartYear=1840&EndYear=2026&selRowPerPage=100&Line=668&Month=3&Day=25&lstProvince=&Apply=Apply&timeframe=2,OTTAWA GATINEAU A, QUEBEC ,"45°31'18.000"" N","75°33'49.000"" W",64.30 m,7032685,,YND                 ,CYND                 ,
5062040,https://climate.weather.gc.ca/climate_data/daily_data_e.html?hlyRange=2010-09-20%7C2026-03-25&dlyRange=2010-09-23%7C2026-03-25&mlyRange=%7C&climate_id=5062040&Prov=MB&urlExtension=_e.html&searchType=stnProv&optLimit=specDate&StartYear=1840&EndYear=2026&selRowPerPage=100&Line=651&Month=3&Day=25&lstProvince=&Apply=Apply&timeframe=2,NORWAY HOUSE, MANITOBA ,"53°57'30.000"" N","97°50'39.000"" W",223.70 m,5062040,71410,YNE                 ,CYNE                 ,
1104570,https://climate.weather.gc.ca/climate_data/daily_data_e.html?hlyRange=2023-04-24%7C2026-03-25&dlyRange=2023-04-24%7C2026-03-25&mlyRange=%7C&climate_id=1104570&Prov=BC&urlExtension=_e.html&searchType=stnProv&optLimit=specDate&StartYear=1840&EndYear=2026&selRowPerPage=100&Line=507&Month=3&Day=25&lstProvince=&Apply=Apply&timeframe=2,LANGLEY REGIONAL, BRITISH COLUMBIA ,"49°06'03.000"" N","122°37'51.000"" W",10.40 m,1104570,,YNJ                 ,CYNJ                 ,
7094636,https://climate.weather.gc.ca/climate_data/daily_data_e.html?hlyRange=2011-10-17%7C2026-03-25&dlyRange=2011-10-20%7C2026-03-25&mlyRange=%7C&climate_id=7094636&Prov=QC&urlExtension=_e.html&searchType=stnProv&optLimit=specDate&StartYear=1840&EndYear=2026&selRowPerPage=100&Line=565&Month=3&Day=25&lstProvince=&Apply=Apply&timeframe=2,MATAGAMI A, QUEBEC ,"49°45'42.000"" N","77°48'10.000"" W",279.80 m,7094636,71947,YNM                 ,CYNM                 ,
2100807,https://climate.weather.gc.ca/climate_data/daily_data_e.html?hlyRange=2014-10-23%7C2026-03-25&dlyRange=2018-10-29%7C2026-03-25&mlyRange=%7C&climate_id=2100807&Prov=YT&urlExtension=_e.html&searchType=stnProv&optLimit=specDate&StartYear=1840&EndYear=2026&selRowPerPage=100&Line=656&Month=3&Day=25&lstProvince=&Apply=Apply&timeframe=2,OLD CROW A, YUKON ,"67°34'12.000"" N","139°50'24.000"" W",250.20 m,2100807,,YOC                 ,CYOC                 ,
3081680,https://climate.weather.gc.ca/climate_data/daily_data_e.html?hlyRange=1954-08-01%7C2026-03-25&dlyRange=1952-12-01%7C2026-03-25&mlyRange=1953-01-01%7C2017-12-01&climate_id=3081680&Prov=AB&urlExtension=_e.html&searchType=stnProv&optLimit=specDate&StartYear=1840&EndYear=2026&selRowPerPage=100&Line=180&Month=3&Day=25&lstProvince=&Apply=Apply&timeframe=2,COLD LAKE A, ALBERTA ,"54°25'00.000"" N","110°17'00.000"" W",541.00 m,3081680,71120,YOD                 ,CYOD                 ,
3073141,https://climate.weather.gc.ca/climate_data/daily_data_e.html?hlyRange=2012-08-07%7C2026-03-25&dlyRange=%7C&mlyRange=%7C&climate_id=3073141&Prov=AB&urlExtension=_e.html&searchType=stnProv&optLimit=specDate&StartYear=1840&EndYear=2026&selRowPerPage=100&Line=389&Month=3&Day=25&lstProvince=&Apply=Apply&timeframe=2,HIGH LEVEL A, ALBERTA ,"58°37'18.000"" N","117°09'53.000"" W",338.00 m,3073141,,YOJ                 ,CYOJ                 ,
3073140,https://climate.weather.gc.ca/climate_data/daily_data_e.html?hlyRange=2011-07-05%7C2026-03-25&dlyRange=2011-04-07%7C2026-03-25&mlyRange=%7C&climate_id=3073140&Prov=AB&urlExtension=_e.html&searchType=stnProv&optLimit=specDate&StartYear=1840&EndYear=2026&selRowPerPage=100&Line=390&Month=3&Day=25&lstProvince=&Apply=Apply&timeframe=2,HIGH LEVEL A, ALBERTA ,"58°37'18.000"" N","117°09'53.000"" W",338.00 m,3073140,71066,YOJ                 ,CYOJ                 ,
6155875,https://climate.weather.gc.ca/climate_data/daily_data_e.html?hlyRange=2010-06-03%7C2026-03-25&dlyRange=2010-06-03%7C2026-03-25&mlyRange=%7C&climate_id=6155875&Prov=ON&urlExtension=_e.html&searchType=stnProv&optLimit=specDate&StartYear=1840&EndYear=2026&selRowPerPage=100&Line=663&Month=3&Day=25&lstProvince=&Apply=Apply&timeframe=2,OSHAWA, ONTARIO ,"43°55'22.000"" N","78°53'00.041"" W",139.90 m,6155875,71697,YOO                 ,CYOO                 ,
6106001,https://climate.weather.gc.ca/climate_data/daily_data_e.html?hlyRange=2011-12-14%7C2026-03-25&dlyRange=2011-12-15%7C2026-03-25&mlyRange=%7C&climate_id=6106001&Prov=ON&urlExtension=_e.html&searchType=stnProv&optLimit=specDate&StartYear=1840&EndYear=2026&selRowPerPage=100&Line=669&Month=3&Day=25&lstProvince=&Apply=Apply&timeframe=2,OTTAWA INTL A, ONTARIO ,"45°19'00.000"" N","75°40'00.000"" W",114.90 m,6106001,71628,YOW                 ,CYOW                 ,
7018574,https://climate.weather.gc.ca/climate_data/daily_data_e.html?hlyRange=1978-07-05%7C2026-03-25&dlyRange=1978-02-01%7C1981-04-30&mlyRange=1978-01-01%7C1981-12-01&climate_id=7018574&Prov=QC&urlExtension=_e.html&searchType=stnProv&optLimit=specDate&StartYear=1840&EndYear=2026&selRowPerPage=100&Line=975&Month=3&Day=25&lstProvince=&Apply=Apply&timeframe=2,VALCARTIER A, QUEBEC ,"46°54'10.000"" N","71°30'13.000"" W",167.60 m,7018574,71716,YOY                 ,CYOY                 ,
4056241,https://climate.weather.gc.ca/climate_data/daily_data_e.html?hlyRange=2013-11-12%7C2026-03-25&dlyRange=2013-03-09%7C2026-03-25&mlyRange=%7C&climate_id=4056241&Prov=SK&urlExtension=_e.html&searchType=stnProv&optLimit=specDate&StartYear=1840&EndYear=2026&selRowPerPage=100&Line=739&Month=3&Day=25&lstProvince=&Apply=Apply&timeframe=2,PRINCE ALBERT GLASS FIELD A, SASKATCHEWAN ,"53°12'52.000"" N","105°40'23.000"" W",428.20 m,4056241,71869,YPA                 ,CYPA                 ,
4056245,https://climate.weather.gc.ca/climate_data/daily_data_e.html?hlyRange=2025-08-07%7C2026-03-25&dlyRange=2025-08-07%7C2026-03-25&mlyRange=%7C&climate_id=4056245&Prov=SK&urlExtension=_e.html&searchType=stnProv&optLimit=specDate&StartYear=1840&EndYear=2026&selRowPerPage=100&Line=740&Month=3&Day=25&lstProvince=&Apply=Apply&timeframe=2,PRINCE ALBERT GLASS FIELD A, SASKATCHEWAN ,"53°12'52.000"" N","105°40'23.000"" W",428.20 m,4056245,71869,YPA                 ,CYPA                 ,
2203055,https://climate.weather.gc.ca/climate_data/daily_data_e.html?hlyRange=2015-01-15%7C2026-03-25&dlyRange=2018-10-29%7C2026-03-25&mlyRange=%7C&climate_id=2203055&Prov=NT&urlExtension=_e.html&searchType=stnProv&optLimit=specDate&StartYear=1840&EndYear=2026&selRowPerPage=100&Line=680&Month=3&Day=25&lstProvince=&Apply=Apply&timeframe=2,PAULATUK A, NORTHWEST TERRITORIES ,"69°21'38.000"" N","124°04'33.000"" W",4.60 m,2203055,,YPC                 ,CYPC                 ,
2203056,https://climate.weather.gc.ca/climate_data/daily_data_e.html?hlyRange=2015-01-15%7C2026-03-25&dlyRange=%7C&mlyRange=%7C&climate_id=2203056&Prov=NT&urlExtension=_e.html&searchType=stnProv&optLimit=specDate&StartYear=1840&EndYear=2026&selRowPerPage=100&Line=681&Month=3&Day=25&lstProvince=&Apply=Apply&timeframe=2,PAULATUK A, NORTHWEST TERRITORIES ,"69°21'38.000"" N","124°04'33.000"" W",4.60 m,2203056,,YPC                 ,CYPC                 ,
8204495,https://climate.weather.gc.ca/climate_data/daily_data_e.html?hlyRange=2010-06-03%7C2026-03-25&dlyRange=2010-06-03%7C2026-03-25&mlyRange=%7C&climate_id=8204495&Prov=NS&urlExtension=_e.html&searchType=stnProv&optLimit=specDate&StartYear=1840&EndYear=2026&selRowPerPage=100&Line=725&Month=3&Day=25&lstProvince=&Apply=Apply&timeframe=2,PORT HAWKESBURY, NOVA SCOTIA ,"45°39'24.000"" N","61°22'05.000"" W",114.90 m,8204495,71041,YPD                 ,CYPD                 ,
3075041,https://climate.weather.gc.ca/climate_data/daily_data_e.html?hlyRange=2014-05-27%7C2026-03-25&dlyRange=2014-05-29%7C2026-03-25&mlyRange=%7C&climate_id=3075041&Prov=AB&urlExtension=_e.html&searchType=stnProv&optLimit=specDate&StartYear=1840&EndYear=2026&selRowPerPage=100&Line=682&Month=3&Day=25&lstProvince=&Apply=Apply&timeframe=2,PEACE RIVER A, ALBERTA ,"56°13'38.000"" N","117°26'54.000"" W",570.90 m,3075041,71068,YPE                 ,CYPE                 ,
5012320,https://climate.weather.gc.ca/climate_data/daily_data_e.html?hlyRange=1953-01-01%7C2026-03-25&dlyRange=1941-07-01%7C1992-06-30&mlyRange=1941-01-01%7C1992-12-01&climate_id=5012320&Prov=MB&urlExtension=_e.html&searchType=stnProv&optLimit=specDate&StartYear=1840&EndYear=2026&selRowPerPage=100&Line=733&Month=3&Day=25&lstProvince=&Apply=Apply&timeframe=2,PORTAGE SOUTHPORT A, MANITOBA ,"49°54'00.000"" N","98°16'00.000"" W",269.70 m,5012320,,YPG                 ,CYPG                 ,
7103280,https://climate.weather.gc.ca/climate_data/daily_data_e.html?hlyRange=2011-01-10%7C2026-03-25&dlyRange=2011-01-13%7C2026-03-25&mlyRange=%7C&climate_id=7103280&Prov=QC&urlExtension=_e.html&searchType=stnProv&optLimit=specDate&StartYear=1840&EndYear=2026&selRowPerPage=100&Line=415&Month=3&Day=25&lstProvince=&Apply=Apply&timeframe=2,INUKJUAK A, QUEBEC ,"58°28'19.000"" N","78°04'37.000"" W",25.30 m,7103280,71306,YPH                 ,CYPH                 ,
110617P,https://climate.weather.gc.ca/climate_data/daily_data_e.html?hlyRange=2023-04-24%7C2026-03-25&dlyRange=2023-04-24%7C2026-03-25&mlyRange=%7C&climate_id=110617P&Prov=BC&urlExtension=_e.html&searchType=stnProv&optLimit=specDate&StartYear=1840&EndYear=2026&selRowPerPage=100&Line=703&Month=3&Day=25&lstProvince=&Apply=Apply&timeframe=2,PITT MEADOWS, BRITISH COLUMBIA ,"49°12'58.000"" N","122°42'48.000"" W",3.70 m,110617P,,YPK                 ,CYPK                 ,
6016528,https://climate.weather.gc.ca/climate_data/daily_data_e.html?hlyRange=2013-04-11%7C2026-03-25&dlyRange=2018-10-29%7C2026-03-25&mlyRange=%7C&climate_id=6016528&Prov=ON&urlExtension=_e.html&searchType=stnProv&optLimit=specDate&StartYear=1840&EndYear=2026&selRowPerPage=100&Line=696&Month=3&Day=25&lstProvince=&Apply=Apply&timeframe=2,PICKLE LAKE A, ONTARIO ,"51°26'47.000"" N","90°12'51.000"" W",386.20 m,6016528,,YPL                 ,CYPL                 ,
6016298,https://climate.weather.gc.ca/climate_data/daily_data_e.html?hlyRange=2014-11-06%7C2026-03-25&dlyRange=2018-10-29%7C2026-03-25&mlyRange=%7C&climate_id=6016298&Prov=ON&urlExtension=_e.html&searchType=stnProv&optLimit=specDate&StartYear=1840&EndYear=2026&selRowPerPage=100&Line=684&Month=3&Day=25&lstProvince=&Apply=Apply&timeframe=2,PEAWANUCK A, ONTARIO ,"54°59'17.000"" N","85°26'36.000"" W",52.70 m,6016298,,YPO                 ,CYPO                 ,
6166415,https://climate.weather.gc.ca/climate_data/daily_data_e.html?hlyRange=2010-09-20%7C2026-03-25&dlyRange=2010-09-23%7C2026-03-25&mlyRange=%7C&climate_id=6166415&Prov=ON&urlExtension=_e.html&searchType=stnProv&optLimit=specDate&StartYear=1840&EndYear=2026&selRowPerPage=100&Line=693&Month=3&Day=25&lstProvince=&Apply=Apply&timeframe=2,PETERBOROUGH A, ONTARIO ,"44°13'48.000"" N","78°21'48.000"" W",191.40 m,6166415,71436,YPQ                 ,CYPQ                 ,
1066482,https://climate.weather.gc.ca/climate_data/daily_data_e.html?hlyRange=2010-06-03%7C2026-03-25&dlyRange=2010-06-03%7C2026-03-25&mlyRange=%7C&climate_id=1066482&Prov=BC&urlExtension=_e.html&searchType=stnProv&optLimit=specDate&StartYear=1840&EndYear=2026&selRowPerPage=100&Line=744&Month=3&Day=25&lstProvince=&Apply=Apply&timeframe=2,PRINCE RUPERT, BRITISH COLUMBIA ,"54°17'10.000"" N","130°26'41.000"" W",35.40 m,1066482,71022,YPR                 ,CYPR                 ,
1046391,https://climate.weather.gc.ca/climate_data/daily_data_e.html?hlyRange=1982-03-23%7C2013-12-12&dlyRange=1954-01-01%7C2026-03-25&mlyRange=1954-01-01%7C2007-02-01&climate_id=1046391&Prov=BC&urlExtension=_e.html&searchType=stnProv&optLimit=specDate&StartYear=1840&EndYear=2026&selRowPerPage=100&Line=735&Month=3&Day=25&lstProvince=&Apply=Apply&timeframe=2,POWELL RIVER A, BRITISH COLUMBIA ,"49°50'03.010"" N","124°30'01.000"" W",129.50 m,1046391,,YPW                 ,CYPW                 ,
1046395,https://climate.weather.gc.ca/climate_data/daily_data_e.html?hlyRange=2013-12-09%7C2026-03-25&dlyRange=%7C&mlyRange=%7C&climate_id=1046395&Prov=BC&urlExtension=_e.html&searchType=stnProv&optLimit=specDate&StartYear=1840&EndYear=2026&selRowPerPage=100&Line=736&Month=3&Day=25&lstProvince=&Apply=Apply&timeframe=2,POWELL RIVER A, BRITISH COLUMBIA ,"49°50'03.000"" N","124°30'01.000"" W",129.50 m,1046395,,YPW                 ,CYPW                 ,
1046396,https://climate.weather.gc.ca/climate_data/daily_data_e.html?hlyRange=2013-12-09%7C2026-03-25&dlyRange=2018-10-29%7C2026-03-25&mlyRange=%7C&climate_id=1046396&Prov=BC&urlExtension=_e.html&searchType=stnProv&optLimit=specDate&StartYear=1840&EndYear=2026&selRowPerPage=100&Line=737&Month=3&Day=25&lstProvince=&Apply=Apply&timeframe=2,POWELL RIVER A, BRITISH COLUMBIA ,"49°50'03.000"" N","124°30'01.000"" W",129.50 m,1046396,,YPW                 ,CYPW                 ,
7106223,https://climate.weather.gc.ca/climate_data/daily_data_e.html?hlyRange=2014-02-06%7C2026-03-25&dlyRange=2018-10-29%7C2026-03-25&mlyRange=%7C&climate_id=7106223&Prov=QC&urlExtension=_e.html&searchType=stnProv&optLimit=specDate&StartYear=1840&EndYear=2026&selRowPerPage=100&Line=750&Month=3&Day=25&lstProvince=&Apply=Apply&timeframe=2,PUVIRNITUQ A, QUEBEC ,"60°03'08.000"" N","77°17'15.000"" W",25.30 m,7106223,73128,YPX                 ,CYPX                 ,
3072655,https://climate.weather.gc.ca/climate_data/daily_data_e.html?hlyRange=2011-06-27%7C2026-03-25&dlyRange=2011-06-30%7C2026-03-25&mlyRange=%7C&climate_id=3072655&Prov=AB&urlExtension=_e.html&searchType=stnProv&optLimit=specDate&StartYear=1840&EndYear=2026&selRowPerPage=100&Line=282&Month=3&Day=25&lstProvince=&Apply=Apply&timeframe=2,FORT CHIPEWYAN, ALBERTA ,"58°46'02.000"" N","111°07'02.000"" W",238.00 m,3072655,71305,YPY                 ,CYPY                 ,
6115529,https://climate.weather.gc.ca/climate_data/daily_data_e.html?hlyRange=2009-08-27%7C2026-03-25&dlyRange=2009-07-06%7C2026-03-25&mlyRange=%7C&climate_id=6115529&Prov=ON&urlExtension=_e.html&searchType=stnProv&optLimit=specDate&StartYear=1840&EndYear=2026&selRowPerPage=100&Line=609&Month=3&Day=25&lstProvince=&Apply=Apply&timeframe=2,MUSKOKA, ONTARIO ,"44°58'29.000"" N","79°18'12.000"" W",281.90 m,6115529,71532,YQA                 ,CYQA                 ,
7016293,https://climate.weather.gc.ca/climate_data/daily_data_e.html?hlyRange=2013-10-08%7C2026-03-25&dlyRange=2018-10-30%7C2026-03-25&mlyRange=%7C&climate_id=7016293&Prov=QC&urlExtension=_e.html&searchType=stnProv&optLimit=specDate&StartYear=1840&EndYear=2026&selRowPerPage=100&Line=759&Month=3&Day=25&lstProvince=&Apply=Apply&timeframe=2,QUEBEC INTL A, QUEBEC ,"46°47'28.000"" N","71°23'36.000"" W",74.40 m,7016293,,YQB                 ,CYQB                 ,
5052882,https://climate.weather.gc.ca/climate_data/daily_data_e.html?hlyRange=2013-09-05%7C2026-03-25&dlyRange=2018-10-29%7C2026-03-25&mlyRange=%7C&climate_id=5052882&Prov=MB&urlExtension=_e.html&searchType=stnProv&optLimit=specDate&StartYear=1840&EndYear=2026&selRowPerPage=100&Line=928&Month=3&Day=25&lstProvince=&Apply=Apply&timeframe=2,THE PAS A, MANITOBA ,"53°58'17.000"" N","101°05'28.000"" W",270.60 m,5052882,71867,YQD                 ,CYQD                 ,
3025484,https://climate.weather.gc.ca/climate_data/daily_data_e.html?hlyRange=2020-06-03%7C2026-03-25&dlyRange=2020-06-03%7C2026-03-25&mlyRange=%7C&climate_id=3025484&Prov=AB&urlExtension=_e.html&searchType=stnProv&optLimit=specDate&StartYear=1840&EndYear=2026&selRowPerPage=100&Line=770&Month=3&Day=25&lstProvince=&Apply=Apply&timeframe=2,RED DEER REGIONAL A, ALBERTA ,"52°10'56.000"" N","113°53'40.000"" W",904.60 m,3025484,71878,YQF                 ,CYQF                 ,
6139530,https://climate.weather.gc.ca/climate_data/daily_data_e.html?hlyRange=2018-11-02%7C2026-03-25&dlyRange=2018-11-02%7C2026-03-25&mlyRange=%7C&climate_id=6139530&Prov=ON&urlExtension=_e.html&searchType=stnProv&optLimit=specDate&StartYear=1840&EndYear=2026&selRowPerPage=100&Line=1033&Month=3&Day=25&lstProvince=&Apply=Apply&timeframe=2,WINDSOR A, ONTARIO ,"42°16'34.000"" N","82°57'19.000"" W",189.60 m,6139530,71538,YQG                 ,CYQG                 ,
2101201,https://climate.weather.gc.ca/climate_data/daily_data_e.html?hlyRange=2014-12-04%7C2026-03-25&dlyRange=2018-10-30%7C2026-03-25&mlyRange=%7C&climate_id=2101201&Prov=YT&urlExtension=_e.html&searchType=stnProv&optLimit=specDate&StartYear=1840&EndYear=2026&selRowPerPage=100&Line=1005&Month=3&Day=25&lstProvince=&Apply=Apply&timeframe=2,WATSON LAKE A, YUKON ,"60°06'59.000"" N","128°49'21.000"" W",687.30 m,2101201,,YQH                 ,CYQH                 ,
2101202,https://climate.weather.gc.ca/climate_data/daily_data_e.html?hlyRange=2016-01-13%7C2026-03-25&dlyRange=2018-10-29%7C2026-03-25&mlyRange=%7C&climate_id=2101202&Prov=YT&urlExtension=_e.html&searchType=stnProv&optLimit=specDate&StartYear=1840&EndYear=2026&selRowPerPage=100&Line=1006&Month=3&Day=25&lstProvince=&Apply=Apply&timeframe=2,WATSON LAKE A, YUKON ,"60°06'59.000"" N","128°49'21.000"" W",687.30 m,2101202,,YQH                 ,CYQH                 ,
8206495,https://climate.weather.gc.ca/climate_data/daily_data_e.html?hlyRange=2012-04-10%7C2026-03-25&dlyRange=2012-04-12%7C2026-03-25&mlyRange=%7C&climate_id=8206495&Prov=NS&urlExtension=_e.html&searchType=stnProv&optLimit=specDate&StartYear=1840&EndYear=2026&selRowPerPage=100&Line=1044&Month=3&Day=25&lstProvince=&Apply=Apply&timeframe=2,YARMOUTH A, NOVA SCOTIA ,"43°49'37.000"" N","66°05'17.000"" W",42.90 m,8206495,71603,YQI                 ,CYQI                 ,
8206496,https://climate.weather.gc.ca/climate_data/daily_data_e.html?hlyRange=2016-01-13%7C2026-03-25&dlyRange=2018-10-29%7C2026-03-25&mlyRange=%7C&climate_id=8206496&Prov=NS&urlExtension=_e.html&searchType=stnProv&optLimit=specDate&StartYear=1840&EndYear=2026&selRowPerPage=100&Line=1045&Month=3&Day=25&lstProvince=&Apply=Apply&timeframe=2,YARMOUTH A, NOVA SCOTIA ,"43°49'37.000"" N","66°05'17.000"" W",42.90 m,8206496,,YQI                 ,CYQI                 ,
6034076,https://climate.weather.gc.ca/climate_data/daily_data_e.html?hlyRange=2013-02-13%7C2026-03-25&dlyRange=2013-01-08%7C2026-03-25&mlyRange=%7C&climate_id=6034076&Prov=ON&urlExtension=_e.html&searchType=stnProv&optLimit=specDate&StartYear=1840&EndYear=2026&selRowPerPage=100&Line=450&Month=3&Day=25&lstProvince=&Apply=Apply&timeframe=2,KENORA A, ONTARIO ,"49°47'18.000"" N","94°21'47.000"" W",409.70 m,6034076,71850,YQK                 ,CYQK                 ,
3033875,https://climate.weather.gc.ca/climate_data/daily_data_e.html?hlyRange=2011-01-11%7C2026-03-25&dlyRange=2011-01-13%7C2026-03-25&mlyRange=%7C&climate_id=3033875&Prov=AB&urlExtension=_e.html&searchType=stnProv&optLimit=specDate&StartYear=1840&EndYear=2026&selRowPerPage=100&Line=517&Month=3&Day=25&lstProvince=&Apply=Apply&timeframe=2,LETHBRIDGE, ALBERTA ,"49°37'49.000"" N","112°47'56.000"" W",929.00 m,3033875,71267,YQL                 ,CYQL                 ,
3033881,https://climate.weather.gc.ca/climate_data/daily_data_e.html?hlyRange=2012-06-04%7C2026-03-25&dlyRange=%7C&mlyRange=%7C&climate_id=3033881&Prov=AB&urlExtension=_e.html&searchType=stnProv&optLimit=specDate&StartYear=1840&EndYear=2026&selRowPerPage=100&Line=518&Month=3&Day=25&lstProvince=&Apply=Apply&timeframe=2,LETHBRIDGE A, ALBERTA ,"49°37'49.000"" N","112°47'59.000"" W",929.00 m,3033881,,YQL                 ,CYQL                 ,
8103202,https://climate.weather.gc.ca/climate_data/daily_data_e.html?hlyRange=2016-01-13%7C2026-03-25&dlyRange=2018-10-29%7C2026-03-25&mlyRange=%7C&climate_id=8103202&Prov=NB&urlExtension=_e.html&searchType=stnProv&optLimit=specDate&StartYear=1840&EndYear=2026&selRowPerPage=100&Line=588&Month=3&Day=25&lstProvince=&Apply=Apply&timeframe=2,MONCTON / GREATER MONCTON ROMEO LEBLANC INTL A, NEW BRUNSWICK ,"46°06'44.000"" N","64°40'43.000"" W",70.70 m,8103202,,YQM                 ,CYQM                 ,
8103201,https://climate.weather.gc.ca/climate_data/daily_data_e.html?hlyRange=2012-06-04%7C2026-03-25&dlyRange=2012-06-07%7C2026-03-25&mlyRange=%7C&climate_id=8103201&Prov=NB&urlExtension=_e.html&searchType=stnProv&optLimit=specDate&StartYear=1840&EndYear=2026&selRowPerPage=100&Line=589&Month=3&Day=25&lstProvince=&Apply=Apply&timeframe=2,MONCTON/GREATER MONCTON ROMEO LEBLANC INTL A, NEW BRUNSWICK ,"46°06'44.000"" N","64°40'43.000"" W",70.70 m,8103201,71705,YQM                 ,CYQM                 ,
1021830,https://climate.weather.gc.ca/climate_data/daily_data_e.html?hlyRange=1953-01-01%7C2026-03-25&dlyRange=1944-07-01%7C2026-03-25&mlyRange=1944-01-01%7C2017-12-01&climate_id=1021830&Prov=BC&urlExtension=_e.html&searchType=stnProv&optLimit=specDate&StartYear=1840&EndYear=2026&selRowPerPage=100&Line=186&Month=3&Day=25&lstProvince=&Apply=Apply&timeframe=2,COMOX A, BRITISH COLUMBIA ,"49°43'00.000"" N","124°54'00.000"" W",25.60 m,1021830,71893,YQQ                 ,CYQQ                 ,
4016566,https://climate.weather.gc.ca/climate_data/daily_data_e.html?hlyRange=2013-10-08%7C2026-03-25&dlyRange=2018-10-30%7C2026-03-25&mlyRange=%7C&climate_id=4016566&Prov=SK&urlExtension=_e.html&searchType=stnProv&optLimit=specDate&StartYear=1840&EndYear=2026&selRowPerPage=100&Line=775&Month=3&Day=25&lstProvince=&Apply=Apply&timeframe=2,REGINA INTL A, SASKATCHEWAN ,"50°25'56.000"" N","104°39'58.000"" W",577.60 m,4016566,,YQR                 ,CYQR                 ,
6048260,https://climate.weather.gc.ca/climate_data/daily_data_e.html?hlyRange=2012-02-06%7C2026-03-25&dlyRange=2012-02-09%7C2026-03-25&mlyRange=%7C&climate_id=6048260&Prov=ON&urlExtension=_e.html&searchType=stnProv&optLimit=specDate&StartYear=1840&EndYear=2026&selRowPerPage=100&Line=934&Month=3&Day=25&lstProvince=&Apply=Apply&timeframe=2,THUNDER BAY, ONTARIO ,"48°22'19.000"" N","89°19'18.000"" W",199.30 m,6048260,71072,YQT                 ,CYQT                 ,
6048262,https://climate.weather.gc.ca/climate_data/daily_data_e.html?hlyRange=2012-04-12%7C2026-03-25&dlyRange=2018-10-30%7C2026-03-25&mlyRange=%7C&climate_id=6048262&Prov=ON&urlExtension=_e.html&searchType=stnProv&optLimit=specDate&StartYear=1840&EndYear=2026&selRowPerPage=100&Line=935&Month=3&Day=25&lstProvince=&Apply=Apply&timeframe=2,THUNDER BAY A, ONTARIO ,"48°22'19.000"" N","89°19'18.000"" W",199.30 m,6048262,,YQT                 ,CYQT                 ,
3072921,https://climate.weather.gc.ca/climate_data/daily_data_e.html?hlyRange=2013-09-10%7C2026-03-25&dlyRange=2013-09-12%7C2026-03-25&mlyRange=%7C&climate_id=3072921&Prov=AB&urlExtension=_e.html&searchType=stnProv&optLimit=specDate&StartYear=1840&EndYear=2026&selRowPerPage=100&Line=354&Month=3&Day=25&lstProvince=&Apply=Apply&timeframe=2,GRANDE PRAIRIE A, ALBERTA ,"55°10'48.000"" N","118°53'05.000"" W",669.00 m,3072921,71940,YQU                 ,CYQU                 ,
4019075,https://climate.weather.gc.ca/climate_data/daily_data_e.html?hlyRange=2011-08-22%7C2026-03-25&dlyRange=2011-08-25%7C2026-03-25&mlyRange=%7C&climate_id=4019075&Prov=SK&urlExtension=_e.html&searchType=stnProv&optLimit=specDate&StartYear=1840&EndYear=2026&selRowPerPage=100&Line=1051&Month=3&Day=25&lstProvince=&Apply=Apply&timeframe=2,YORKTON, SASKATCHEWAN ,"51°15'53.000"" N","102°27'42.000"" W",498.30 m,4019075,71292,YQV                 ,CYQV                 ,
4045695,https://climate.weather.gc.ca/climate_data/daily_data_e.html?hlyRange=2010-04-06%7C2026-03-25&dlyRange=2010-04-08%7C2026-03-25&mlyRange=%7C&climate_id=4045695&Prov=SK&urlExtension=_e.html&searchType=stnProv&optLimit=specDate&StartYear=1840&EndYear=2026&selRowPerPage=100&Line=641&Month=3&Day=25&lstProvince=&Apply=Apply&timeframe=2,NORTH BATTLEFORD, SASKATCHEWAN ,"52°46'09.000"" N","108°14'37.000"" W",548.30 m,4045695,71876,YQW                 ,CYQW                 ,
8401703,https://climate.weather.gc.ca/climate_data/daily_data_e.html?hlyRange=2012-03-20%7C2026-03-25&dlyRange=2012-03-20%7C2026-03-25&mlyRange=%7C&climate_id=8401703&Prov=NL&urlExtension=_e.html&searchType=stnProv&optLimit=specDate&StartYear=1840&EndYear=2026&selRowPerPage=100&Line=323&Month=3&Day=25&lstProvince=&Apply=Apply&timeframe=2,GANDER INTL A, NEWFOUNDLAND AND LABRADOR ,"48°56'13.000"" N","54°34'05.000"" W",151.20 m,8401703,71803,YQX                 ,CYQX                 ,
8205703,https://climate.weather.gc.ca/climate_data/daily_data_e.html?hlyRange=2016-01-13%7C2026-03-25&dlyRange=2018-10-29%7C2026-03-25&mlyRange=%7C&climate_id=8205703&Prov=NS&urlExtension=_e.html&searchType=stnProv&optLimit=specDate&StartYear=1840&EndYear=2026&selRowPerPage=100&Line=910&Month=3&Day=25&lstProvince=&Apply=Apply&timeframe=2,SYDNEY A, NOVA SCOTIA ,"46°09'41.000"" N","60°02'53.000"" W",61.90 m,8205703,,YQY                 ,CYQY                 ,
8205701,https://climate.weather.gc.ca/climate_data/daily_data_e.html?hlyRange=2014-08-05%7C2026-03-25&dlyRange=2014-08-07%7C2026-03-25&mlyRange=%7C&climate_id=8205701&Prov=NS&urlExtension=_e.html&searchType=stnProv&optLimit=specDate&StartYear=1840&EndYear=2026&selRowPerPage=100&Line=911&Month=3&Day=25&lstProvince=&Apply=Apply&timeframe=2,SYDNEY A, NOVA SCOTIA ,"46°09'41.000"" N","60°02'53.000"" W",61.90 m,8205701,71707,YQY                 ,CYQY                 ,
1096629,https://climate.weather.gc.ca/climate_data/daily_data_e.html?hlyRange=2010-06-03%7C2026-03-25&dlyRange=2010-06-03%7C2026-03-25&mlyRange=%7C&climate_id=1096629&Prov=BC&urlExtension=_e.html&searchType=stnProv&optLimit=specDate&StartYear=1840&EndYear=2026&selRowPerPage=100&Line=761&Month=3&Day=25&lstProvince=&Apply=Apply&timeframe=2,QUESNEL, BRITISH COLUMBIA ,"53°01'34.000"" N","122°30'37.000"" W",545.00 m,1096629,71192,YQZ                 ,CYQZ                 ,
2203365,https://climate.weather.gc.ca/climate_data/daily_data_e.html?hlyRange=2014-10-23%7C2026-03-25&dlyRange=2018-10-29%7C2026-03-25&mlyRange=%7C&climate_id=2203365&Prov=NT&urlExtension=_e.html&searchType=stnProv&optLimit=specDate&StartYear=1840&EndYear=2026&selRowPerPage=100&Line=320&Month=3&Day=25&lstProvince=&Apply=Apply&timeframe=2,GAMETI A, NORTHWEST TERRITORIES ,"64°06'58.000"" N","117°18'35.000"" W",220.70 m,2203365,,YRA                 ,CYRA                 ,
2203362,https://climate.weather.gc.ca/climate_data/daily_data_e.html?hlyRange=2013-12-09%7C2026-03-25&dlyRange=%7C&mlyRange=%7C&climate_id=2203362&Prov=NT&urlExtension=_e.html&searchType=stnProv&optLimit=specDate&StartYear=1840&EndYear=2026&selRowPerPage=100&Line=321&Month=3&Day=25&lstProvince=&Apply=Apply&timeframe=2,GAMETI A, NORTHWEST TERRITORIES ,"64°06'58.000"" N","117°18'35.000"" W",220.70 m,2203362,,YRA                 ,CYRA                 ,
2403498,https://climate.weather.gc.ca/climate_data/daily_data_e.html?hlyRange=2014-11-04%7C2026-03-25&dlyRange=2014-11-06%7C2026-03-25&mlyRange=%7C&climate_id=2403498&Prov=NU&urlExtension=_e.html&searchType=stnProv&optLimit=specDate&StartYear=1840&EndYear=2026&selRowPerPage=100&Line=778&Month=3&Day=25&lstProvince=&Apply=Apply&timeframe=2,RESOLUTE BAY A, NUNAVUT ,"74°43'01.000"" N","94°58'10.000"" W",67.70 m,2403498,71924,YRB                 ,CYRB                 ,
2403497,https://climate.weather.gc.ca/climate_data/daily_data_e.html?hlyRange=2016-01-13%7C2026-03-25&dlyRange=2018-10-29%7C2026-03-25&mlyRange=%7C&climate_id=2403497&Prov=NU&urlExtension=_e.html&searchType=stnProv&optLimit=specDate&StartYear=1840&EndYear=2026&selRowPerPage=100&Line=779&Month=3&Day=25&lstProvince=&Apply=Apply&timeframe=2,RESOLUTE BAY A, NUNAVUT ,"74°43'01.000"" N","94°58'10.000"" W",67.70 m,2403497,,YRB                 ,CYRB                 ,
706G3J7,https://climate.weather.gc.ca/climate_data/daily_data_e.html?hlyRange=2023-04-24%7C2026-03-25&dlyRange=2023-04-24%7C2026-03-25&mlyRange=%7C&climate_id=706G3J7&Prov=QC&urlExtension=_e.html&searchType=stnProv&optLimit=specDate&StartYear=1840&EndYear=2026&selRowPerPage=100&Line=163&Month=3&Day=25&lstProvince=&Apply=Apply&timeframe=2,CHICOUTIMI ST-HONORE A, QUEBEC ,"48°31'15.000"" N","71°03'02.000"" W",165.80 m,706G3J7,,YRC                 ,CYRC                 ,
7066686,https://climate.weather.gc.ca/climate_data/daily_data_e.html?hlyRange=2014-03-04%7C2026-03-25&dlyRange=2014-03-06%7C2026-03-25&mlyRange=%7C&climate_id=7066686&Prov=QC&urlExtension=_e.html&searchType=stnProv&optLimit=specDate&StartYear=1840&EndYear=2026&selRowPerPage=100&Line=789&Month=3&Day=25&lstProvince=&Apply=Apply&timeframe=2,ROBERVAL A, QUEBEC ,"48°31'12.000"" N","72°15'57.000"" W",178.60 m,7066686,71728,YRJ                 ,CYRJ                 ,
7066687,https://climate.weather.gc.ca/climate_data/daily_data_e.html?hlyRange=2016-01-13%7C2026-03-25&dlyRange=2018-10-29%7C2026-03-25&mlyRange=%7C&climate_id=7066687&Prov=QC&urlExtension=_e.html&searchType=stnProv&optLimit=specDate&StartYear=1840&EndYear=2026&selRowPerPage=100&Line=790&Month=3&Day=25&lstProvince=&Apply=Apply&timeframe=2,ROBERVAL A, QUEBEC ,"48°31'12.000"" N","72°15'57.000"" W",178.60 m,7066687,,YRJ                 ,CYRJ                 ,
6016970,https://climate.weather.gc.ca/climate_data/daily_data_e.html?hlyRange=2012-05-07%7C2026-03-25&dlyRange=2012-05-10%7C2018-10-29&mlyRange=%7C&climate_id=6016970&Prov=ON&urlExtension=_e.html&searchType=stnProv&optLimit=specDate&StartYear=1840&EndYear=2026&selRowPerPage=100&Line=772&Month=3&Day=25&lstProvince=&Apply=Apply&timeframe=2,RED LAKE A, ONTARIO ,"51°04'02.000"" N","93°47'35.000"" W",385.90 m,6016970,71854,YRL                 ,CYRL                 ,
6016971,https://climate.weather.gc.ca/climate_data/daily_data_e.html?hlyRange=2013-04-11%7C2026-03-25&dlyRange=2018-10-29%7C2026-03-25&mlyRange=%7C&climate_id=6016971&Prov=ON&urlExtension=_e.html&searchType=stnProv&optLimit=specDate&StartYear=1840&EndYear=2026&selRowPerPage=100&Line=773&Month=3&Day=25&lstProvince=&Apply=Apply&timeframe=2,RED LAKE A, ONTARIO ,"51°04'02.000"" N","93°47'35.000"" W",385.90 m,6016971,,YRL                 ,CYRL                 ,
7018561,https://climate.weather.gc.ca/climate_data/daily_data_e.html?hlyRange=2013-12-09%7C2026-03-25&dlyRange=2018-10-29%7C2026-03-25&mlyRange=%7C&climate_id=7018561&Prov=QC&urlExtension=_e.html&searchType=stnProv&optLimit=specDate&StartYear=1840&EndYear=2026&selRowPerPage=100&Line=948&Month=3&Day=25&lstProvince=&Apply=Apply&timeframe=2,TROIS RIVIERES A, QUEBEC ,"46°21'06.000"" N","72°40'50.000"" W",60.70 m,7018561,,YRQ                 ,CYRQ                 ,
2303405,https://climate.weather.gc.ca/climate_data/daily_data_e.html?hlyRange=2013-03-12%7C2026-03-25&dlyRange=2013-03-14%7C2026-03-25&mlyRange=%7C&climate_id=2303405&Prov=NU&urlExtension=_e.html&searchType=stnProv&optLimit=specDate&StartYear=1840&EndYear=2026&selRowPerPage=100&Line=767&Month=3&Day=25&lstProvince=&Apply=Apply&timeframe=2,RANKIN INLET A, NUNAVUT ,"62°48'38.000"" N","92°06'53.000"" W",32.30 m,2303405,71083,YRT                 ,CYRT                 ,
1176745,https://climate.weather.gc.ca/climate_data/daily_data_e.html?hlyRange=2011-10-17%7C2026-03-25&dlyRange=2011-10-20%7C2026-03-25&mlyRange=%7C&climate_id=1176745&Prov=BC&urlExtension=_e.html&searchType=stnProv&optLimit=specDate&StartYear=1840&EndYear=2026&selRowPerPage=100&Line=781&Month=3&Day=25&lstProvince=&Apply=Apply&timeframe=2,REVELSTOKE A, BRITISH COLUMBIA ,"50°58'00.000"" N","118°11'00.000"" W",444.70 m,1176745,71685,YRV                 ,CYRV                 ,
6068153,https://climate.weather.gc.ca/climate_data/daily_data_e.html?hlyRange=2013-03-12%7C2026-03-25&dlyRange=2013-03-14%7C2026-03-25&mlyRange=%7C&climate_id=6068153&Prov=ON&urlExtension=_e.html&searchType=stnProv&optLimit=specDate&StartYear=1840&EndYear=2026&selRowPerPage=100&Line=896&Month=3&Day=25&lstProvince=&Apply=Apply&timeframe=2,SUDBURY A, ONTARIO ,"46°37'32.000"" N","80°47'52.000"" W",348.40 m,6068153,71730,YSB                 ,CYSB                 ,
7028123,https://climate.weather.gc.ca/climate_data/daily_data_e.html?hlyRange=2009-10-08%7C2026-03-25&dlyRange=2009-10-22%7C2026-03-25&mlyRange=%7C&climate_id=7028123&Prov=QC&urlExtension=_e.html&searchType=stnProv&optLimit=specDate&StartYear=1840&EndYear=2026&selRowPerPage=100&Line=852&Month=3&Day=25&lstProvince=&Apply=Apply&timeframe=2,SHERBROOKE, QUEBEC ,"45°26'19.000"" N","71°41'29.000"" W",241.40 m,7028123,71610,YSC                 ,CYSC                 ,
4067799,https://climate.weather.gc.ca/climate_data/daily_data_e.html?hlyRange=2010-02-02%7C2026-03-25&dlyRange=2010-02-11%7C2026-03-25&mlyRange=%7C&climate_id=4067799&Prov=SK&urlExtension=_e.html&searchType=stnProv&optLimit=specDate&StartYear=1840&EndYear=2026&selRowPerPage=100&Line=895&Month=3&Day=25&lstProvince=&Apply=Apply&timeframe=2,STONY RAPIDS, SASKATCHEWAN ,"59°15'01.000"" N","105°50'29.000"" W",244.20 m,4067799,71132,YSF                 ,CYSF                 ,
8104901,https://climate.weather.gc.ca/climate_data/daily_data_e.html?hlyRange=2012-06-04%7C2026-03-25&dlyRange=2012-06-07%7C2026-03-25&mlyRange=%7C&climate_id=8104901&Prov=NB&urlExtension=_e.html&searchType=stnProv&optLimit=specDate&StartYear=1840&EndYear=2026&selRowPerPage=100&Line=812&Month=3&Day=25&lstProvince=&Apply=Apply&timeframe=2,SAINT JOHN A, NEW BRUNSWICK ,"45°18'58.000"" N","65°53'24.000"" W",108.80 m,8104901,71609,YSJ                 ,CYSJ                 ,
2303660,https://climate.weather.gc.ca/climate_data/daily_data_e.html?hlyRange=2014-12-04%7C2026-03-25&dlyRange=2018-10-29%7C2026-03-25&mlyRange=%7C&climate_id=2303660&Prov=NU&urlExtension=_e.html&searchType=stnProv&optLimit=specDate&StartYear=1840&EndYear=2026&selRowPerPage=100&Line=826&Month=3&Day=25&lstProvince=&Apply=Apply&timeframe=2,SANIKILUAQ A, NUNAVUT ,"56°32'13.000"" N","79°15'00.000"" W",33.50 m,2303660,,YSK                 ,CYSK                 ,
2303666,https://climate.weather.gc.ca/climate_data/daily_data_e.html?hlyRange=2014-12-05%7C2026-03-25&dlyRange=%7C&mlyRange=%7C&climate_id=2303666&Prov=NU&urlExtension=_e.html&searchType=stnProv&optLimit=specDate&StartYear=1840&EndYear=2026&selRowPerPage=100&Line=827&Month=3&Day=25&lstProvince=&Apply=Apply&timeframe=2,SANIKILUAQ A, NUNAVUT ,"56°32'13.000"" N","79°15'00.000"" W",33.50 m,2303666,,YSK                 ,CYSK                 ,
2202203,https://climate.weather.gc.ca/climate_data/daily_data_e.html?hlyRange=2016-01-13%7C2026-03-25&dlyRange=2018-10-29%7C2026-03-25&mlyRange=%7C&climate_id=2202203&Prov=NT&urlExtension=_e.html&searchType=stnProv&optLimit=specDate&StartYear=1840&EndYear=2026&selRowPerPage=100&Line=306&Month=3&Day=25&lstProvince=&Apply=Apply&timeframe=2,FORT SMITH A, NORTHWEST TERRITORIES ,"60°01'13.000"" N","111°57'43.000"" W",205.10 m,2202203,,YSM                 ,CYSM                 ,
2202201,https://climate.weather.gc.ca/climate_data/daily_data_e.html?hlyRange=2014-11-04%7C2026-03-25&dlyRange=2014-11-06%7C2026-03-25&mlyRange=%7C&climate_id=2202201&Prov=NT&urlExtension=_e.html&searchType=stnProv&optLimit=specDate&StartYear=1840&EndYear=2026&selRowPerPage=100&Line=307&Month=3&Day=25&lstProvince=&Apply=Apply&timeframe=2,FORT SMITH A, NORTHWEST TERRITORIES ,"60°01'13.000"" N","111°57'43.000"" W",205.10 m,2202201,71934,YSM                 ,CYSM                 ,
6137304,https://climate.weather.gc.ca/climate_data/daily_data_e.html?hlyRange=2014-10-23%7C2026-03-25&dlyRange=2018-10-29%7C2026-03-25&mlyRange=%7C&climate_id=6137304&Prov=ON&urlExtension=_e.html&searchType=stnProv&optLimit=specDate&StartYear=1840&EndYear=2026&selRowPerPage=100&Line=873&Month=3&Day=25&lstProvince=&Apply=Apply&timeframe=2,ST CATHARINES A, ONTARIO ,"43°11'30.000"" N","79°10'16.000"" W",97.80 m,6137304,,YSN                 ,CYSN                 ,
6137286,https://climate.weather.gc.ca/climate_data/daily_data_e.html?hlyRange=2012-05-07%7C2026-03-25&dlyRange=%7C&mlyRange=%7C&climate_id=6137286&Prov=ON&urlExtension=_e.html&searchType=stnProv&optLimit=specDate&StartYear=1840&EndYear=2026&selRowPerPage=100&Line=882&Month=3&Day=25&lstProvince=&Apply=Apply&timeframe=2,ST. CATHARINES / NIAGARA DISTRICT A, ONTARIO ,"43°11'30.000"" N","79°10'18.000"" W",97.80 m,6137286,,YSN                 ,CYSN                 ,
6044967,https://climate.weather.gc.ca/climate_data/daily_data_e.html?hlyRange=2014-11-06%7C2026-03-25&dlyRange=2018-10-29%7C2026-03-25&mlyRange=%7C&climate_id=6044967&Prov=ON&urlExtension=_e.html&searchType=stnProv&optLimit=specDate&StartYear=1840&EndYear=2026&selRowPerPage=100&Line=557&Month=3&Day=25&lstProvince=&Apply=Apply&timeframe=2,MARATHON A, ONTARIO ,"48°45'26.000"" N","86°20'45.000"" W",314.60 m,6044967,,YSP                 ,CYSP                 ,
6044963,https://climate.weather.gc.ca/climate_data/daily_data_e.html?hlyRange=2014-11-04%7C2026-03-25&dlyRange=%7C&mlyRange=%7C&climate_id=6044963&Prov=ON&urlExtension=_e.html&searchType=stnProv&optLimit=specDate&StartYear=1840&EndYear=2026&selRowPerPage=100&Line=558&Month=3&Day=25&lstProvince=&Apply=Apply&timeframe=2,MARATHON A, ONTARIO ,"48°45'26.000"" N","86°20'45.000"" W",314.60 m,6044963,,YSP                 ,CYSP                 ,
2503649,https://climate.weather.gc.ca/climate_data/daily_data_e.html?hlyRange=2015-01-15%7C2026-03-25&dlyRange=2018-10-29%7C2026-03-25&mlyRange=%7C&climate_id=2503649&Prov=NT&urlExtension=_e.html&searchType=stnProv&optLimit=specDate&StartYear=1840&EndYear=2026&selRowPerPage=100&Line=808&Month=3&Day=25&lstProvince=&Apply=Apply&timeframe=2,SACHS HARBOUR A, NORTHWEST TERRITORIES ,"71°59'37.000"" N","125°14'29.000"" W",86.30 m,2503649,,YSY                 ,CYSY                 ,
2400633,https://climate.weather.gc.ca/climate_data/daily_data_e.html?hlyRange=2012-07-18%7C2026-03-25&dlyRange=%7C&mlyRange=%7C&climate_id=2400633&Prov=NU&urlExtension=_e.html&searchType=stnProv&optLimit=specDate&StartYear=1840&EndYear=2026&selRowPerPage=100&Line=467&Month=3&Day=25&lstProvince=&Apply=Apply&timeframe=2,KINNGAIT AIRPORT, NUNAVUT ,"64°13'49.000"" N","76°31'30.000"" W",48.20 m,2400633,,YTE                 ,CYTE                 ,
2400637,https://climate.weather.gc.ca/climate_data/daily_data_e.html?hlyRange=2012-06-11%7C2026-03-25&dlyRange=2012-06-14%7C2026-03-25&mlyRange=%7C&climate_id=2400637&Prov=NU&urlExtension=_e.html&searchType=stnProv&optLimit=specDate&StartYear=1840&EndYear=2026&selRowPerPage=100&Line=468&Month=3&Day=25&lstProvince=&Apply=Apply&timeframe=2,KINNGAIT AIRPORT, NUNAVUT ,"64°13'49.000"" N","76°31'30.000"" W",48.20 m,2400637,71366,YTE                 ,CYTE                 ,
5062921,https://climate.weather.gc.ca/climate_data/daily_data_e.html?hlyRange=2014-11-04%7C2026-03-25&dlyRange=2013-02-28%7C2026-03-25&mlyRange=%7C&climate_id=5062921&Prov=MB&urlExtension=_e.html&searchType=stnProv&optLimit=specDate&StartYear=1840&EndYear=2026&selRowPerPage=100&Line=931&Month=3&Day=25&lstProvince=&Apply=Apply&timeframe=2,THOMPSON A, MANITOBA ,"55°48'17.000"" N","97°51'45.000"" W",224.00 m,5062921,71079,YTH                 ,CYTH                 ,
6010735,https://climate.weather.gc.ca/climate_data/daily_data_e.html?hlyRange=2011-10-17%7C2026-03-25&dlyRange=2011-10-20%7C2026-03-25&mlyRange=%7C&climate_id=6010735&Prov=ON&urlExtension=_e.html&searchType=stnProv&optLimit=specDate&StartYear=1840&EndYear=2026&selRowPerPage=100&Line=74&Month=3&Day=25&lstProvince=&Apply=Apply&timeframe=2,BIG TROUT LAKE A, ONTARIO ,"53°49'04.000"" N","89°53'49.000"" W",222.50 m,6010735,71675,YTL                 ,CYTL                 ,
7118365,https://climate.weather.gc.ca/climate_data/daily_data_e.html?hlyRange=2012-02-09%7C2026-03-25&dlyRange=%7C&mlyRange=%7C&climate_id=7118365&Prov=QC&urlExtension=_e.html&searchType=stnProv&optLimit=specDate&StartYear=1840&EndYear=2026&selRowPerPage=100&Line=918&Month=3&Day=25&lstProvince=&Apply=Apply&timeframe=2,TASIUJAQ A, QUEBEC ,"58°40'04.000"" N","69°57'21.000"" W",36.90 m,7118365,,YTQ                 ,CYTQ                 ,
7118366,https://climate.weather.gc.ca/climate_data/daily_data_e.html?hlyRange=2018-10-30%7C2026-03-25&dlyRange=2018-10-29%7C2026-03-25&mlyRange=%7C&climate_id=7118366&Prov=QC&urlExtension=_e.html&searchType=stnProv&optLimit=specDate&StartYear=1840&EndYear=2026&selRowPerPage=100&Line=919&Month=3&Day=25&lstProvince=&Apply=Apply&timeframe=2,TASIUJAQ A, QUEBEC ,"58°40'04.000"" N","69°57'21.000"" W",36.90 m,7118366,,YTQ                 ,CYTQ                 ,
6158875,https://climate.weather.gc.ca/climate_data/daily_data_e.html?hlyRange=1953-01-01%7C2026-03-25&dlyRange=1935-01-01%7C2026-03-25&mlyRange=1935-01-01%7C2017-12-01&climate_id=6158875&Prov=ON&urlExtension=_e.html&searchType=stnProv&optLimit=specDate&StartYear=1840&EndYear=2026&selRowPerPage=100&Line=947&Month=3&Day=25&lstProvince=&Apply=Apply&timeframe=2,TRENTON A, ONTARIO ,"44°07'08.000"" N","77°31'41.000"" W",86.30 m,6158875,71621,YTR                 ,CYTR                 ,
6078286,https://climate.weather.gc.ca/climate_data/daily_data_e.html?hlyRange=2012-07-09%7C2026-03-25&dlyRange=2012-07-12%7C2026-03-25&mlyRange=%7C&climate_id=6078286&Prov=ON&urlExtension=_e.html&searchType=stnProv&optLimit=specDate&StartYear=1840&EndYear=2026&selRowPerPage=100&Line=937&Month=3&Day=25&lstProvince=&Apply=Apply&timeframe=2,TIMMINS A, ONTARIO ,"48°34'14.000"" N","81°22'36.000"" W",294.70 m,6078286,71739,YTS                 ,CYTS                 ,
6158359,https://climate.weather.gc.ca/climate_data/daily_data_e.html?hlyRange=2009-12-10%7C2026-03-25&dlyRange=2010-02-02%7C2026-03-25&mlyRange=%7C&climate_id=6158359&Prov=ON&urlExtension=_e.html&searchType=stnProv&optLimit=specDate&StartYear=1840&EndYear=2026&selRowPerPage=100&Line=943&Month=3&Day=25&lstProvince=&Apply=Apply&timeframe=2,TORONTO CITY CENTRE, ONTARIO ,"43°37'39.000"" N","79°23'46.000"" W",76.80 m,6158359,71265,YTZ                 ,CYTZ                 ,
2203911,https://climate.weather.gc.ca/climate_data/daily_data_e.html?hlyRange=2015-06-04%7C2026-03-25&dlyRange=2018-10-29%7C2026-03-25&mlyRange=%7C&climate_id=2203911&Prov=NT&urlExtension=_e.html&searchType=stnProv&optLimit=specDate&StartYear=1840&EndYear=2026&selRowPerPage=100&Line=954&Month=3&Day=25&lstProvince=&Apply=Apply&timeframe=2,TUKTOYAKTUK A, NORTHWEST TERRITORIES ,"69°26'00.000"" N","133°01'35.000"" W",4.30 m,2203911,,YUB                 ,CYUB                 ,
2203913,https://climate.weather.gc.ca/climate_data/daily_data_e.html?hlyRange=2015-06-04%7C2026-03-25&dlyRange=%7C&mlyRange=%7C&climate_id=2203913&Prov=NT&urlExtension=_e.html&searchType=stnProv&optLimit=specDate&StartYear=1840&EndYear=2026&selRowPerPage=100&Line=955&Month=3&Day=25&lstProvince=&Apply=Apply&timeframe=2,TUKTOYAKTUK A, NORTHWEST TERRITORIES ,"69°26'00.000"" N","133°01'35.000"" W",4.30 m,2203913,,YUB                 ,CYUB                 ,
7025251,https://climate.weather.gc.ca/climate_data/daily_data_e.html?hlyRange=2013-02-13%7C2026-03-25&dlyRange=2013-02-14%7C2026-03-25&mlyRange=%7C&climate_id=7025251&Prov=QC&urlExtension=_e.html&searchType=stnProv&optLimit=specDate&StartYear=1840&EndYear=2026&selRowPerPage=100&Line=596&Month=3&Day=25&lstProvince=&Apply=Apply&timeframe=2,MONTREAL INTL A, QUEBEC ,"45°28'14.000"" N","73°44'27.000"" W",36.00 m,7025251,71627,YUL                 ,CYUL                 ,
2403491,https://climate.weather.gc.ca/climate_data/daily_data_e.html?hlyRange=2013-12-09%7C2026-03-25&dlyRange=%7C&mlyRange=%7C&climate_id=2403491&Prov=NU&urlExtension=_e.html&searchType=stnProv&optLimit=specDate&StartYear=1840&EndYear=2026&selRowPerPage=100&Line=627&Month=3&Day=25&lstProvince=&Apply=Apply&timeframe=2,NAUJAAT A, NUNAVUT ,"66°31'14.000"" N","86°13'29.000"" W",22.90 m,2403491,,YUT                 ,CYUT                 ,
2403495,https://climate.weather.gc.ca/climate_data/daily_data_e.html?hlyRange=2014-10-23%7C2026-03-25&dlyRange=2018-10-29%7C2026-03-25&mlyRange=%7C&climate_id=2403495&Prov=NU&urlExtension=_e.html&searchType=stnProv&optLimit=specDate&StartYear=1840&EndYear=2026&selRowPerPage=100&Line=628&Month=3&Day=25&lstProvince=&Apply=Apply&timeframe=2,NAUJAAT A, NUNAVUT ,"66°31'14.000"" N","86°13'29.000"" W",22.90 m,2403495,,YUT                 ,CYUT                 ,
2402356,https://climate.weather.gc.ca/climate_data/daily_data_e.html?hlyRange=2012-07-18%7C2026-03-25&dlyRange=%7C&mlyRange=%7C&climate_id=2402356&Prov=NU&urlExtension=_e.html&searchType=stnProv&optLimit=specDate&StartYear=1840&EndYear=2026&selRowPerPage=100&Line=829&Month=3&Day=25&lstProvince=&Apply=Apply&timeframe=2,SANIRAJAK AIRPORT, NUNAVUT ,"68°46'33.000"" N","81°14'33.000"" W",9.10 m,2402356,,YUX                 ,CYUX                 ,
2402354,https://climate.weather.gc.ca/climate_data/daily_data_e.html?hlyRange=2012-07-18%7C2026-03-25&dlyRange=2012-07-27%7C2026-03-25&mlyRange=%7C&climate_id=2402354&Prov=NU&urlExtension=_e.html&searchType=stnProv&optLimit=specDate&StartYear=1840&EndYear=2026&selRowPerPage=100&Line=830&Month=3&Day=25&lstProvince=&Apply=Apply&timeframe=2,SANIRAJAK AIRPORT, NUNAVUT ,"68°46'33.000"" N","81°14'33.000"" W",9.10 m,2402354,71293,YUX                 ,CYUX                 ,
7086719,https://climate.weather.gc.ca/climate_data/daily_data_e.html?hlyRange=2012-12-03%7C2026-03-25&dlyRange=2018-10-30%7C2026-03-25&mlyRange=%7C&climate_id=7086719&Prov=QC&urlExtension=_e.html&searchType=stnProv&optLimit=specDate&StartYear=1840&EndYear=2026&selRowPerPage=100&Line=802&Month=3&Day=25&lstProvince=&Apply=Apply&timeframe=2,ROUYN-NORANDA A, QUEBEC ,"48°12'22.000"" N","78°50'08.000"" W",301.10 m,7086719,,YUY                 ,CYUY                 ,
4064155,https://climate.weather.gc.ca/climate_data/daily_data_e.html?hlyRange=2013-10-08%7C2026-03-25&dlyRange=2013-10-10%7C2026-03-25&mlyRange=%7C&climate_id=4064155&Prov=SK&urlExtension=_e.html&searchType=stnProv&optLimit=specDate&StartYear=1840&EndYear=2026&selRowPerPage=100&Line=491&Month=3&Day=25&lstProvince=&Apply=Apply&timeframe=2,LA RONGE A, SASKATCHEWAN ,"55°09'05.000"" N","105°16'01.000"" W",379.20 m,4064155,71922,YVC                 ,CYVC                 ,
2200827,https://climate.weather.gc.ca/climate_data/daily_data_e.html?hlyRange=2014-11-06%7C2026-03-25&dlyRange=2018-10-29%7C2026-03-25&mlyRange=%7C&climate_id=2200827&Prov=NT&urlExtension=_e.html&searchType=stnProv&optLimit=specDate&StartYear=1840&EndYear=2026&selRowPerPage=100&Line=185&Month=3&Day=25&lstProvince=&Apply=Apply&timeframe=2,COLVILLE LAKE A, NORTHWEST TERRITORIES ,"67°01'16.000"" N","126°07'43.000"" W",274.00 m,2200827,,YVL                 ,CYVL                 ,
2400576,https://climate.weather.gc.ca/climate_data/daily_data_e.html?hlyRange=2013-03-05%7C2026-03-25&dlyRange=%7C&mlyRange=%7C&climate_id=2400576&Prov=NU&urlExtension=_e.html&searchType=stnProv&optLimit=specDate&StartYear=1840&EndYear=2026&selRowPerPage=100&Line=751&Month=3&Day=25&lstProvince=&Apply=Apply&timeframe=2,QIKIQTARJUAQ A, NUNAVUT ,"67°32'48.000"" N","64°01'54.000"" W",4.90 m,2400576,,YVM                 ,CYVM                 ,
2400577,https://climate.weather.gc.ca/climate_data/daily_data_e.html?hlyRange=2013-03-05%7C2026-03-25&dlyRange=2013-03-07%7C2026-03-25&mlyRange=%7C&climate_id=2400577&Prov=NU&urlExtension=_e.html&searchType=stnProv&optLimit=specDate&StartYear=1840&EndYear=2026&selRowPerPage=100&Line=752&Month=3&Day=25&lstProvince=&Apply=Apply&timeframe=2,QIKIQTARJUAQ A, NUNAVUT ,"67°32'48.000"" N","64°01'54.000"" W",5.50 m,2400577,,YVM                 ,CYVM                 ,
7098606,https://climate.weather.gc.ca/climate_data/daily_data_e.html?hlyRange=2012-12-03%7C2026-03-25&dlyRange=%7C&mlyRange=%7C&climate_id=7098606&Prov=QC&urlExtension=_e.html&searchType=stnProv&optLimit=specDate&StartYear=1840&EndYear=2026&selRowPerPage=100&Line=971&Month=3&Day=25&lstProvince=&Apply=Apply&timeframe=2,VAL D'OR A, QUEBEC ,"48°03'12.000"" N","77°46'58.000"" W",337.40 m,7098606,,YVO                 ,CYVO                 ,
7098605,https://climate.weather.gc.ca/climate_data/daily_data_e.html?hlyRange=2011-08-22%7C2026-03-25&dlyRange=2011-08-25%7C2026-03-25&mlyRange=%7C&climate_id=7098605&Prov=QC&urlExtension=_e.html&searchType=stnProv&optLimit=specDate&StartYear=1840&EndYear=2026&selRowPerPage=100&Line=972&Month=3&Day=25&lstProvince=&Apply=Apply&timeframe=2,VAL D'OR A, QUEBEC ,"48°03'12.000"" N","77°46'58.000"" W",337.40 m,7098605,71941,YVO                 ,CYVO                 ,
7113535,https://climate.weather.gc.ca/climate_data/daily_data_e.html?hlyRange=2014-03-04%7C2026-03-25&dlyRange=2014-03-06%7C2026-03-25&mlyRange=%7C&climate_id=7113535&Prov=QC&urlExtension=_e.html&searchType=stnProv&optLimit=specDate&StartYear=1840&EndYear=2026&selRowPerPage=100&Line=480&Month=3&Day=25&lstProvince=&Apply=Apply&timeframe=2,KUUJJUAQ A, QUEBEC ,"58°05'22.000"" N","68°25'20.000"" W",39.90 m,7113535,71906,YVP                 ,CYVP                 ,
2202801,https://climate.weather.gc.ca/climate_data/daily_data_e.html?hlyRange=2012-10-09%7C2026-03-25&dlyRange=2012-10-12%7C2026-03-25&mlyRange=%7C&climate_id=2202801&Prov=NT&urlExtension=_e.html&searchType=stnProv&optLimit=specDate&StartYear=1840&EndYear=2026&selRowPerPage=100&Line=638&Month=3&Day=25&lstProvince=&Apply=Apply&timeframe=2,NORMAN WELLS A, NORTHWEST TERRITORIES ,"65°16'53.000"" N","126°47'55.000"" W",72.50 m,2202801,71043,YVQ                 ,CYVQ                 ,
1108395,https://climate.weather.gc.ca/climate_data/daily_data_e.html?hlyRange=2013-06-11%7C2026-03-25&dlyRange=2013-06-13%7C2026-03-25&mlyRange=%7C&climate_id=1108395&Prov=BC&urlExtension=_e.html&searchType=stnProv&optLimit=specDate&StartYear=1840&EndYear=2026&selRowPerPage=100&Line=979&Month=3&Day=25&lstProvince=&Apply=Apply&timeframe=2,VANCOUVER INTL A, BRITISH COLUMBIA ,"49°11'41.000"" N","123°11'02.000"" W",4.30 m,1108395,71892,YVR                 ,CYVR                 ,
4060988,https://climate.weather.gc.ca/climate_data/daily_data_e.html?hlyRange=2014-10-23%7C2026-03-25&dlyRange=2018-10-29%7C2026-03-25&mlyRange=%7C&climate_id=4060988&Prov=SK&urlExtension=_e.html&searchType=stnProv&optLimit=specDate&StartYear=1840&EndYear=2026&selRowPerPage=100&Line=97&Month=3&Day=25&lstProvince=&Apply=Apply&timeframe=2,BUFFALO NARROWS A, SASKATCHEWAN ,"55°50'31.000"" N","108°25'03.000"" W",433.70 m,4060988,,YVT                 ,CYVT                 ,
6119499,https://climate.weather.gc.ca/climate_data/daily_data_e.html?hlyRange=2014-11-04%7C2026-03-25&dlyRange=2014-11-06%7C2026-03-25&mlyRange=%7C&climate_id=6119499&Prov=ON&urlExtension=_e.html&searchType=stnProv&optLimit=specDate&StartYear=1840&EndYear=2026&selRowPerPage=100&Line=1029&Month=3&Day=25&lstProvince=&Apply=Apply&timeframe=2,WIARTON A, ONTARIO ,"44°44'39.000"" N","81°06'31.000"" W",221.90 m,6119499,71633,YVV                 ,CYVV                 ,
6119498,https://climate.weather.gc.ca/climate_data/daily_data_e.html?hlyRange=2016-01-13%7C2026-03-25&dlyRange=2018-10-29%7C2026-03-25&mlyRange=%7C&climate_id=6119498&Prov=ON&urlExtension=_e.html&searchType=stnProv&optLimit=specDate&StartYear=1840&EndYear=2026&selRowPerPage=100&Line=1030&Month=3&Day=25&lstProvince=&Apply=Apply&timeframe=2,WIARTON A, ONTARIO ,"44°44'39.000"" N","81°06'31.000"" W",221.90 m,6119498,,YVV                 ,CYVV                 ,
6106398,https://climate.weather.gc.ca/climate_data/daily_data_e.html?hlyRange=1969-06-02%7C2026-03-25&dlyRange=1970-01-01%7C2008-07-24&mlyRange=1971-01-01%7C2006-12-01&climate_id=6106398&Prov=ON&urlExtension=_e.html&searchType=stnProv&optLimit=specDate&StartYear=1840&EndYear=2026&selRowPerPage=100&Line=691&Month=3&Day=25&lstProvince=&Apply=Apply&timeframe=2,PETAWAWA A, ONTARIO ,"45°57'00.000"" N","77°19'00.000"" W",130.10 m,6106398,71625,YWA                 ,CYWA                 ,
2203980,https://climate.weather.gc.ca/climate_data/daily_data_e.html?hlyRange=2012-11-13%7C2026-03-25&dlyRange=2018-10-29%7C2026-03-25&mlyRange=%7C&climate_id=2203980&Prov=NT&urlExtension=_e.html&searchType=stnProv&optLimit=specDate&StartYear=1840&EndYear=2026&selRowPerPage=100&Line=1010&Month=3&Day=25&lstProvince=&Apply=Apply&timeframe=2,WEKWEETI A, NORTHWEST TERRITORIES ,"64°11'27.000"" N","114°04'36.000"" W",368.20 m,2203980,73125,YWE                 ,CYWE                 ,
5023227,https://climate.weather.gc.ca/climate_data/daily_data_e.html?hlyRange=2013-01-15%7C2026-03-25&dlyRange=2018-10-30%7C2026-03-25&mlyRange=%7C&climate_id=5023227&Prov=MB&urlExtension=_e.html&searchType=stnProv&optLimit=specDate&StartYear=1840&EndYear=2026&selRowPerPage=100&Line=1035&Month=3&Day=25&lstProvince=&Apply=Apply&timeframe=2,WINNIPEG INTL A, MANITOBA ,"49°54'36.000"" N","97°14'24.000"" W",238.70 m,5023227,,YWG                 ,CYWG                 ,
1018633,https://climate.weather.gc.ca/climate_data/daily_data_e.html?hlyRange=2015-02-12%7C2026-03-25&dlyRange=2018-10-29%7C2026-03-25&mlyRange=%7C&climate_id=1018633&Prov=BC&urlExtension=_e.html&searchType=stnProv&optLimit=specDate&StartYear=1840&EndYear=2026&selRowPerPage=100&Line=987&Month=3&Day=25&lstProvince=&Apply=Apply&timeframe=2,VICTORIA HARBOUR A, BRITISH COLUMBIA ,"48°25'22.000"" N","123°23'15.000"" W",     ,1018633,,YWH                 ,CYWH                 ,
1018619,https://climate.weather.gc.ca/climate_data/daily_data_e.html?hlyRange=2015-02-12%7C2026-03-25&dlyRange=%7C&mlyRange=%7C&climate_id=1018619&Prov=BC&urlExtension=_e.html&searchType=stnProv&optLimit=specDate&StartYear=1840&EndYear=2026&selRowPerPage=100&Line=988&Month=3&Day=25&lstProvince=&Apply=Apply&timeframe=2,VICTORIA HARBOUR A, BRITISH COLUMBIA ,"48°25'22.000"" N","123°23'15.000"" W",     ,1018619,,YWH                 ,CYWH                 ,
2201020,https://climate.weather.gc.ca/climate_data/daily_data_e.html?hlyRange=2014-09-30%7C2026-03-25&dlyRange=%7C&mlyRange=%7C&climate_id=2201020&Prov=NT&urlExtension=_e.html&searchType=stnProv&optLimit=specDate&StartYear=1840&EndYear=2026&selRowPerPage=100&Line=220&Month=3&Day=25&lstProvince=&Apply=Apply&timeframe=2,DELINE A, NORTHWEST TERRITORIES ,"65°12'40.000"" N","123°26'11.000"" W",214.30 m,2201020,,YWJ                 ,CYWJ                 ,
2201023,https://climate.weather.gc.ca/climate_data/daily_data_e.html?hlyRange=2014-10-23%7C2026-03-25&dlyRange=2018-10-29%7C2026-03-25&mlyRange=%7C&climate_id=2201023&Prov=NT&urlExtension=_e.html&searchType=stnProv&optLimit=specDate&StartYear=1840&EndYear=2026&selRowPerPage=100&Line=221&Month=3&Day=25&lstProvince=&Apply=Apply&timeframe=2,DELINE A, NORTHWEST TERRITORIES ,"65°12'40.000"" N","123°26'11.000"" W",214.30 m,2201023,,YWJ                 ,CYWJ                 ,
8504176,https://climate.weather.gc.ca/climate_data/daily_data_e.html?hlyRange=2013-02-12%7C2026-03-25&dlyRange=2013-02-14%7C2014-09-17&mlyRange=%7C&climate_id=8504176&Prov=NL&urlExtension=_e.html&searchType=stnProv&optLimit=specDate&StartYear=1840&EndYear=2026&selRowPerPage=100&Line=992&Month=3&Day=25&lstProvince=&Apply=Apply&timeframe=2,WABUSH A, NEWFOUNDLAND AND LABRADOR ,"52°55'22.000"" N","66°51'53.000"" W",551.40 m,8504176,,YWK                 ,CYWK                 ,
8504177,https://climate.weather.gc.ca/climate_data/daily_data_e.html?hlyRange=2014-09-16%7C2026-03-25&dlyRange=2014-09-18%7C2026-03-25&mlyRange=%7C&climate_id=8504177&Prov=NL&urlExtension=_e.html&searchType=stnProv&optLimit=specDate&StartYear=1840&EndYear=2026&selRowPerPage=100&Line=993&Month=3&Day=25&lstProvince=&Apply=Apply&timeframe=2,WABUSH A, NEWFOUNDLAND AND LABRADOR ,"52°55'22.000"" N","66°51'53.000"" W",551.40 m,8504177,71825,YWK                 ,CYWK                 ,
1098941,https://climate.weather.gc.ca/climate_data/daily_data_e.html?hlyRange=2012-12-03%7C2026-03-25&dlyRange=2012-12-06%7C2026-03-25&mlyRange=%7C&climate_id=1098941&Prov=BC&urlExtension=_e.html&searchType=stnProv&optLimit=specDate&StartYear=1840&EndYear=2026&selRowPerPage=100&Line=1031&Month=3&Day=25&lstProvince=&Apply=Apply&timeframe=2,WILLIAMS LAKE A, BRITISH COLUMBIA ,"52°11'00.000"" N","122°03'16.000"" W",939.70 m,1098941,71104,YWL                 ,CYWL                 ,
2204005,https://climate.weather.gc.ca/climate_data/daily_data_e.html?hlyRange=2015-03-12%7C2026-03-25&dlyRange=2018-10-29%7C2026-03-25&mlyRange=%7C&climate_id=2204005&Prov=NT&urlExtension=_e.html&searchType=stnProv&optLimit=specDate&StartYear=1840&EndYear=2026&selRowPerPage=100&Line=1042&Month=3&Day=25&lstProvince=&Apply=Apply&timeframe=2,WRIGLEY A, NORTHWEST TERRITORIES ,"63°12'35.000"" N","123°26'12.000"" W",149.70 m,2204005,,YWY                 ,CYWY                 ,
1152105,https://climate.weather.gc.ca/climate_data/daily_data_e.html?hlyRange=2012-11-08%7C2026-03-25&dlyRange=2012-11-08%7C2026-03-25&mlyRange=%7C&climate_id=1152105&Prov=BC&urlExtension=_e.html&searchType=stnProv&optLimit=specDate&StartYear=1840&EndYear=2026&selRowPerPage=100&Line=198&Month=3&Day=25&lstProvince=&Apply=Apply&timeframe=2,CRANBROOK A, BRITISH COLUMBIA ,"49°36'44.000"" N","115°46'55.000"" W",940.00 m,1152105,71880,YXC                 ,CYXC                 ,
4057152,https://climate.weather.gc.ca/climate_data/daily_data_e.html?hlyRange=2012-03-20%7C2026-03-25&dlyRange=2018-10-30%7C2026-03-25&mlyRange=%7C&climate_id=4057152&Prov=SK&urlExtension=_e.html&searchType=stnProv&optLimit=specDate&StartYear=1840&EndYear=2026&selRowPerPage=100&Line=834&Month=3&Day=25&lstProvince=&Apply=Apply&timeframe=2,SASKATOON INTL A, SASKATCHEWAN ,"52°10'15.000"" N","106°42'00.000"" W",504.10 m,4057152,,YXE                 ,CYXE                 ,
3034479,https://climate.weather.gc.ca/climate_data/daily_data_e.html?hlyRange=2010-09-20%7C2026-03-25&dlyRange=2010-09-23%7C2026-03-25&mlyRange=%7C&climate_id=3034479&Prov=AB&urlExtension=_e.html&searchType=stnProv&optLimit=specDate&StartYear=1840&EndYear=2026&selRowPerPage=100&Line=576&Month=3&Day=25&lstProvince=&Apply=Apply&timeframe=2,MEDICINE HAT, ALBERTA ,"50°01'08.000"" N","110°43'15.000"" W",716.90 m,3034479,71247,YXH                 ,CYXH                 ,
3034481,https://climate.weather.gc.ca/climate_data/daily_data_e.html?hlyRange=2012-06-04%7C2026-03-25&dlyRange=%7C&mlyRange=%7C&climate_id=3034481&Prov=AB&urlExtension=_e.html&searchType=stnProv&optLimit=specDate&StartYear=1840&EndYear=2026&selRowPerPage=100&Line=577&Month=3&Day=25&lstProvince=&Apply=Apply&timeframe=2,MEDICINE HAT A, ALBERTA ,"50°01'08.000"" N","110°43'15.000"" W",716.90 m,3034481,,YXH                 ,CYXH                 ,
1183001,https://climate.weather.gc.ca/climate_data/daily_data_e.html?hlyRange=2012-12-03%7C2026-03-25&dlyRange=2012-12-06%7C2026-03-25&mlyRange=%7C&climate_id=1183001&Prov=BC&urlExtension=_e.html&searchType=stnProv&optLimit=specDate&StartYear=1840&EndYear=2026&selRowPerPage=100&Line=311&Month=3&Day=25&lstProvince=&Apply=Apply&timeframe=2,FORT ST. JOHN A, BRITISH COLUMBIA ,"56°14'18.000"" N","120°44'25.000"" W",694.90 m,1183001,71943,YXJ                 ,CYXJ                 ,
6037776,https://climate.weather.gc.ca/climate_data/daily_data_e.html?hlyRange=2013-02-13%7C2026-03-25&dlyRange=2013-02-14%7C2026-03-25&mlyRange=%7C&climate_id=6037776&Prov=ON&urlExtension=_e.html&searchType=stnProv&optLimit=specDate&StartYear=1840&EndYear=2026&selRowPerPage=100&Line=854&Month=3&Day=25&lstProvince=&Apply=Apply&timeframe=2,SIOUX LOOKOUT A, ONTARIO ,"50°06'51.000"" N","91°54'29.000"" W",383.10 m,6037776,71842,YXL                 ,CYXL                 ,
2303990,https://climate.weather.gc.ca/climate_data/daily_data_e.html?hlyRange=2014-10-23%7C2026-03-25&dlyRange=2018-10-29%7C2026-03-25&mlyRange=%7C&climate_id=2303990&Prov=NU&urlExtension=_e.html&searchType=stnProv&optLimit=specDate&StartYear=1840&EndYear=2026&selRowPerPage=100&Line=1018&Month=3&Day=25&lstProvince=&Apply=Apply&timeframe=2,WHALE COVE A, NUNAVUT ,"62°14'24.000"" N","92°35'53.000"" W",12.20 m,2303990,,YXN                 ,CYXN                 ,
2303987,https://climate.weather.gc.ca/climate_data/daily_data_e.html?hlyRange=2013-10-08%7C2026-03-25&dlyRange=%7C&mlyRange=%7C&climate_id=2303987&Prov=NU&urlExtension=_e.html&searchType=stnProv&optLimit=specDate&StartYear=1840&EndYear=2026&selRowPerPage=100&Line=1019&Month=3&Day=25&lstProvince=&Apply=Apply&timeframe=2,WHALE COVE A, NUNAVUT ,"62°14'24.000"" N","92°35'53.000"" W",12.20 m,2303987,,YXN                 ,CYXN                 ,
2403054,https://climate.weather.gc.ca/climate_data/daily_data_e.html?hlyRange=2013-03-05%7C2026-03-25&dlyRange=2018-10-29%7C2026-03-25&mlyRange=%7C&climate_id=2403054&Prov=NU&urlExtension=_e.html&searchType=stnProv&optLimit=specDate&StartYear=1840&EndYear=2026&selRowPerPage=100&Line=673&Month=3&Day=25&lstProvince=&Apply=Apply&timeframe=2,PANGNIRTUNG A, NUNAVUT ,"66°08'42.000"" N","65°42'49.000"" W",24.00 m,2403054,,YXP                 ,CYXP                 ,
2403051,https://climate.weather.gc.ca/climate_data/daily_data_e.html?hlyRange=2013-03-05%7C2026-03-25&dlyRange=%7C&mlyRange=%7C&climate_id=2403051&Prov=NU&urlExtension=_e.html&searchType=stnProv&optLimit=specDate&StartYear=1840&EndYear=2026&selRowPerPage=100&Line=674&Month=3&Day=25&lstProvince=&Apply=Apply&timeframe=2,PANGNIRTUNG A, NUNAVUT ,"66°08'42.000"" N","65°42'49.000"" W",24.10 m,2403051,,YXP                 ,CYXP                 ,
2100155,https://climate.weather.gc.ca/climate_data/daily_data_e.html?hlyRange=2014-12-04%7C2026-03-25&dlyRange=2018-10-29%7C2026-03-25&mlyRange=%7C&climate_id=2100155&Prov=YT&urlExtension=_e.html&searchType=stnProv&optLimit=specDate&StartYear=1840&EndYear=2026&selRowPerPage=100&Line=56&Month=3&Day=25&lstProvince=&Apply=Apply&timeframe=2,BEAVER CREEK A, YUKON ,"62°24'37.000"" N","140°52'08.000"" W",649.50 m,2100155,,YXQ                 ,CYXQ                 ,
2100159,https://climate.weather.gc.ca/climate_data/daily_data_e.html?hlyRange=2014-12-04%7C2026-03-25&dlyRange=%7C&mlyRange=%7C&climate_id=2100159&Prov=YT&urlExtension=_e.html&searchType=stnProv&optLimit=specDate&StartYear=1840&EndYear=2026&selRowPerPage=100&Line=57&Month=3&Day=25&lstProvince=&Apply=Apply&timeframe=2,BEAVER CREEK A, YUKON ,"62°24'37.000"" N","140°52'08.000"" W",649.50 m,2100159,,YXQ                 ,CYXQ                 ,
6072223,https://climate.weather.gc.ca/climate_data/daily_data_e.html?hlyRange=2011-10-17%7C2026-03-25&dlyRange=2011-10-20%7C2026-03-25&mlyRange=%7C&climate_id=6072223&Prov=ON&urlExtension=_e.html&searchType=stnProv&optLimit=specDate&StartYear=1840&EndYear=2026&selRowPerPage=100&Line=234&Month=3&Day=25&lstProvince=&Apply=Apply&timeframe=2,EARLTON A, ONTARIO ,"47°41'42.000"" N","79°50'56.000"" W",243.80 m,6072223,71684,YXR                 ,CYXR                 ,
1096439,https://climate.weather.gc.ca/climate_data/daily_data_e.html?hlyRange=2009-10-08%7C2026-03-25&dlyRange=2009-10-22%7C2026-03-25&mlyRange=%7C&climate_id=1096439&Prov=BC&urlExtension=_e.html&searchType=stnProv&optLimit=specDate&StartYear=1840&EndYear=2026&selRowPerPage=100&Line=741&Month=3&Day=25&lstProvince=&Apply=Apply&timeframe=2,PRINCE GEORGE, BRITISH COLUMBIA ,"53°53'03.000"" N","122°40'39.000"" W",691.00 m,1096439,71896,YXS                 ,CYXS                 ,
1068134,https://climate.weather.gc.ca/climate_data/daily_data_e.html?hlyRange=2013-01-15%7C2026-03-25&dlyRange=2013-01-17%7C2026-03-25&mlyRange=%7C&climate_id=1068134&Prov=BC&urlExtension=_e.html&searchType=stnProv&optLimit=specDate&StartYear=1840&EndYear=2026&selRowPerPage=100&Line=922&Month=3&Day=25&lstProvince=&Apply=Apply&timeframe=2,TERRACE A, BRITISH COLUMBIA ,"54°28'07.000"" N","128°34'42.000"" W",217.30 m,1068134,71951,YXT                 ,CYXT                 ,
6144473,https://climate.weather.gc.ca/climate_data/daily_data_e.html?hlyRange=2012-03-20%7C2026-03-25&dlyRange=2012-03-20%7C2026-03-25&mlyRange=%7C&climate_id=6144473&Prov=ON&urlExtension=_e.html&searchType=stnProv&optLimit=specDate&StartYear=1840&EndYear=2026&selRowPerPage=100&Line=527&Month=3&Day=25&lstProvince=&Apply=Apply&timeframe=2,LONDON A, ONTARIO ,"43°01'59.000"" N","81°09'04.000"" W",278.00 m,6144473,71623,YXU                 ,CYXU                 ,
1100032,https://climate.weather.gc.ca/climate_data/daily_data_e.html?hlyRange=2016-01-13%7C2026-03-25&dlyRange=2018-10-29%7C2026-03-25&mlyRange=%7C&climate_id=1100032&Prov=BC&urlExtension=_e.html&searchType=stnProv&optLimit=specDate&StartYear=1840&EndYear=2026&selRowPerPage=100&Line=1&Month=3&Day=25&lstProvince=&Apply=Apply&timeframe=2,ABBOTSFORD A, BRITISH COLUMBIA ,"49°01'31.000"" N","122°21'36.000"" W",59.10 m,1100032,,YXX                 ,CYXX                 ,
1100031,https://climate.weather.gc.ca/climate_data/daily_data_e.html?hlyRange=2011-10-07%7C2026-03-25&dlyRange=2012-06-21%7C2026-03-25&mlyRange=%7C&climate_id=1100031&Prov=BC&urlExtension=_e.html&searchType=stnProv&optLimit=specDate&StartYear=1840&EndYear=2026&selRowPerPage=100&Line=2&Month=3&Day=25&lstProvince=&Apply=Apply&timeframe=2,ABBOTSFORD A, BRITISH COLUMBIA ,"49°01'31.000"" N","122°21'36.000"" W",59.10 m,1100031,71108,YXX                 ,CYXX                 ,
2101303,https://climate.weather.gc.ca/climate_data/daily_data_e.html?hlyRange=2012-12-03%7C2026-03-25&dlyRange=2012-12-06%7C2026-03-25&mlyRange=%7C&climate_id=2101303&Prov=YT&urlExtension=_e.html&searchType=stnProv&optLimit=specDate&StartYear=1840&EndYear=2026&selRowPerPage=100&Line=1027&Month=3&Day=25&lstProvince=&Apply=Apply&timeframe=2,WHITEHORSE A, YUKON ,"60°42'34.000"" N","135°04'02.000"" W",706.20 m,2101303,71964,YXY                 ,CYXY                 ,
6059407,https://climate.weather.gc.ca/climate_data/daily_data_e.html?hlyRange=2014-09-30%7C2026-03-25&dlyRange=2014-10-02%7C2018-10-29&mlyRange=%7C&climate_id=6059407&Prov=ON&urlExtension=_e.html&searchType=stnProv&optLimit=specDate&StartYear=1840&EndYear=2026&selRowPerPage=100&Line=1007&Month=3&Day=25&lstProvince=&Apply=Apply&timeframe=2,WAWA A, ONTARIO ,"47°58'01.000"" N","84°47'11.000"" W",287.70 m,6059407,71738,YXZ                 ,CYXZ                 ,
6059413,https://climate.weather.gc.ca/climate_data/daily_data_e.html?hlyRange=2014-10-23%7C2026-03-25&dlyRange=2018-10-29%7C2026-03-25&mlyRange=%7C&climate_id=6059413&Prov=ON&urlExtension=_e.html&searchType=stnProv&optLimit=specDate&StartYear=1840&EndYear=2026&selRowPerPage=100&Line=1008&Month=3&Day=25&lstProvince=&Apply=Apply&timeframe=2,WAWA A, ONTARIO ,"47°58'01.000"" N","84°47'11.000"" W",287.70 m,6059413,,YXZ                 ,CYXZ                 ,
6085680,https://climate.weather.gc.ca/climate_data/daily_data_e.html?hlyRange=2014-05-29%7C2026-03-25&dlyRange=2014-05-29%7C2026-03-25&mlyRange=%7C&climate_id=6085680&Prov=ON&urlExtension=_e.html&searchType=stnProv&optLimit=specDate&StartYear=1840&EndYear=2026&selRowPerPage=100&Line=643&Month=3&Day=25&lstProvince=&Apply=Apply&timeframe=2,NORTH BAY A, ONTARIO ,"46°21'50.000"" N","79°25'27.000"" W",370.30 m,6085680,71731,YYB                 ,CYYB                 ,
6085701,https://climate.weather.gc.ca/climate_data/daily_data_e.html?hlyRange=2013-01-15%7C2026-03-25&dlyRange=2013-01-17%7C2014-05-29&mlyRange=%7C&climate_id=6085701&Prov=ON&urlExtension=_e.html&searchType=stnProv&optLimit=specDate&StartYear=1840&EndYear=2026&selRowPerPage=100&Line=644&Month=3&Day=25&lstProvince=&Apply=Apply&timeframe=2,NORTH BAY A, ONTARIO ,"46°21'50.000"" N","79°25'27.000"" W",370.30 m,6085701,,YYB                 ,CYYB                 ,
3031092,https://climate.weather.gc.ca/climate_data/daily_data_e.html?hlyRange=2012-07-09%7C2026-03-25&dlyRange=2012-07-12%7C2026-03-25&mlyRange=%7C&climate_id=3031092&Prov=AB&urlExtension=_e.html&searchType=stnProv&optLimit=specDate&StartYear=1840&EndYear=2026&selRowPerPage=100&Line=105&Month=3&Day=25&lstProvince=&Apply=Apply&timeframe=2,CALGARY INTL A, ALBERTA ,"51°07'21.000"" N","114°00'48.000"" W","1,099.10 m",3031092,71877,YYC                 ,CYYC                 ,
1077499,https://climate.weather.gc.ca/climate_data/daily_data_e.html?hlyRange=2010-02-02%7C2026-03-25&dlyRange=2010-04-08%7C2026-03-25&mlyRange=%7C&climate_id=1077499&Prov=BC&urlExtension=_e.html&searchType=stnProv&optLimit=specDate&StartYear=1840&EndYear=2026&selRowPerPage=100&Line=859&Month=3&Day=25&lstProvince=&Apply=Apply&timeframe=2,SMITHERS, BRITISH COLUMBIA ,"54°49'31.000"" N","127°10'58.000"" W",523.00 m,1077499,71950,YYD                 ,CYYD                 ,
1077498,https://climate.weather.gc.ca/climate_data/daily_data_e.html?hlyRange=2012-04-10%7C2026-03-25&dlyRange=%7C&mlyRange=%7C&climate_id=1077498&Prov=BC&urlExtension=_e.html&searchType=stnProv&optLimit=specDate&StartYear=1840&EndYear=2026&selRowPerPage=100&Line=860&Month=3&Day=25&lstProvince=&Apply=Apply&timeframe=2,SMITHERS A, BRITISH COLUMBIA ,"54°49'31.000"" N","127°10'58.000"" W",523.00 m,1077498,,YYD                 ,CYYD                 ,
1192946,https://climate.weather.gc.ca/climate_data/daily_data_e.html?hlyRange=2012-11-08%7C2026-03-25&dlyRange=2012-11-08%7C2026-03-25&mlyRange=%7C&climate_id=1192946&Prov=BC&urlExtension=_e.html&searchType=stnProv&optLimit=specDate&StartYear=1840&EndYear=2026&selRowPerPage=100&Line=297&Month=3&Day=25&lstProvince=&Apply=Apply&timeframe=2,FORT NELSON A, BRITISH COLUMBIA ,"58°50'11.000"" N","122°35'49.000"" W",381.90 m,1192946,71945,YYE                 ,CYYE                 ,
1126146,https://climate.weather.gc.ca/climate_data/daily_data_e.html?hlyRange=2012-05-07%7C2026-03-25&dlyRange=2012-05-10%7C2026-03-25&mlyRange=%7C&climate_id=1126146&Prov=BC&urlExtension=_e.html&searchType=stnProv&optLimit=specDate&StartYear=1840&EndYear=2026&selRowPerPage=100&Line=690&Month=3&Day=25&lstProvince=&Apply=Apply&timeframe=2,PENTICTON A, BRITISH COLUMBIA ,"49°27'45.000"" N","119°36'08.000"" W",344.40 m,1126146,71889,YYF                 ,CYYF                 ,
8300301,https://climate.weather.gc.ca/climate_data/daily_data_e.html?hlyRange=2012-09-10%7C2026-03-25&dlyRange=2012-09-13%7C2026-03-25&mlyRange=%7C&climate_id=8300301&Prov=PE&urlExtension=_e.html&searchType=stnProv&optLimit=specDate&StartYear=1840&EndYear=2026&selRowPerPage=100&Line=150&Month=3&Day=25&lstProvince=&Apply=Apply&timeframe=2,CHARLOTTETOWN A, PRINCE EDWARD ISLAND ,"46°17'21.000"" N","63°07'09.000"" W",50.90 m,8300301,71706,YYG                 ,CYYG                 ,
2403855,https://climate.weather.gc.ca/climate_data/daily_data_e.html?hlyRange=2015-01-12%7C2026-03-25&dlyRange=2015-01-01%7C2026-03-25&mlyRange=2015-01-01%7C2015-01-01&climate_id=2403855&Prov=NU&urlExtension=_e.html&searchType=stnProv&optLimit=specDate&StartYear=1840&EndYear=2026&selRowPerPage=100&Line=915&Month=3&Day=25&lstProvince=&Apply=Apply&timeframe=2,TALOYOAK A, NUNAVUT ,"69°32'48.000"" N","93°34'37.000"" W",27.40 m,2403855,71580,YYH                 ,CYYH                 ,
2403856,https://climate.weather.gc.ca/climate_data/daily_data_e.html?hlyRange=2016-01-13%7C2026-03-25&dlyRange=2018-10-29%7C2026-03-25&mlyRange=%7C&climate_id=2403856&Prov=NU&urlExtension=_e.html&searchType=stnProv&optLimit=specDate&StartYear=1840&EndYear=2026&selRowPerPage=100&Line=916&Month=3&Day=25&lstProvince=&Apply=Apply&timeframe=2,TALOYOAK A, NUNAVUT ,"69°32'48.000"" N","93°34'37.000"" W",27.40 m,2403856,,YYH                 ,CYYH                 ,
1018621,https://climate.weather.gc.ca/climate_data/daily_data_e.html?hlyRange=2013-07-09%7C2026-03-25&dlyRange=2013-05-16%7C2026-03-25&mlyRange=%7C&climate_id=1018621&Prov=BC&urlExtension=_e.html&searchType=stnProv&optLimit=specDate&StartYear=1840&EndYear=2026&selRowPerPage=100&Line=989&Month=3&Day=25&lstProvince=&Apply=Apply&timeframe=2,VICTORIA INTL A, BRITISH COLUMBIA ,"48°38'50.000"" N","123°25'33.000"" W",19.50 m,1018621,71799,YYJ                 ,CYYJ                 ,
5061645,https://climate.weather.gc.ca/climate_data/daily_data_e.html?hlyRange=2010-04-06%7C2026-03-25&dlyRange=2010-04-08%7C2026-03-25&mlyRange=%7C&climate_id=5061645&Prov=MB&urlExtension=_e.html&searchType=stnProv&optLimit=specDate&StartYear=1840&EndYear=2026&selRowPerPage=100&Line=541&Month=3&Day=25&lstProvince=&Apply=Apply&timeframe=2,LYNN LAKE, MANITOBA ,"56°51'50.000"" N","101°04'34.000"" W",356.60 m,5061645,71078,YYL                 ,CYYL                 ,
4028038,https://climate.weather.gc.ca/climate_data/daily_data_e.html?hlyRange=2011-06-27%7C2026-03-25&dlyRange=2011-06-30%7C2026-03-25&mlyRange=%7C&climate_id=4028038&Prov=SK&urlExtension=_e.html&searchType=stnProv&optLimit=specDate&StartYear=1840&EndYear=2026&selRowPerPage=100&Line=908&Month=3&Day=25&lstProvince=&Apply=Apply&timeframe=2,SWIFT CURRENT, SASKATCHEWAN ,"50°17'31.000"" N","107°41'26.000"" W",816.90 m,4028038,71142,YYN                 ,CYYN                 ,
5060595,https://climate.weather.gc.ca/climate_data/daily_data_e.html?hlyRange=2010-11-15%7C2026-03-25&dlyRange=2010-11-18%7C2026-03-25&mlyRange=%7C&climate_id=5060595&Prov=MB&urlExtension=_e.html&searchType=stnProv&optLimit=specDate&StartYear=1840&EndYear=2026&selRowPerPage=100&Line=165&Month=3&Day=25&lstProvince=&Apply=Apply&timeframe=2,CHURCHILL A, MANITOBA ,"58°44'21.000"" N","94°03'59.000"" W",29.30 m,5060595,71618,YYQ                 ,CYYQ                 ,
5060605,https://climate.weather.gc.ca/climate_data/daily_data_e.html?hlyRange=2012-04-10%7C2026-03-25&dlyRange=2018-10-30%7C2026-03-25&mlyRange=%7C&climate_id=5060605&Prov=MB&urlExtension=_e.html&searchType=stnProv&optLimit=specDate&StartYear=1840&EndYear=2026&selRowPerPage=100&Line=166&Month=3&Day=25&lstProvince=&Apply=Apply&timeframe=2,CHURCHILL A, MANITOBA ,"58°44'21.000"" N","94°03'59.000"" W",29.30 m,5060605,71618,YYQ                 ,CYYQ                 ,
8501900,https://climate.weather.gc.ca/climate_data/daily_data_e.html?hlyRange=1953-01-01%7C2026-03-25&dlyRange=1941-12-01%7C2026-03-25&mlyRange=1941-01-01%7C2017-12-01&climate_id=8501900&Prov=NL&urlExtension=_e.html&searchType=stnProv&optLimit=specDate&StartYear=1840&EndYear=2026&selRowPerPage=100&Line=347&Month=3&Day=25&lstProvince=&Apply=Apply&timeframe=2,GOOSE BAY A, NEWFOUNDLAND AND LABRADOR ,"53°19'00.000"" N","60°25'00.000"" W",48.80 m,8501900,71816,YYR                 ,CYYR                 ,
8403505,https://climate.weather.gc.ca/climate_data/daily_data_e.html?hlyRange=2012-03-20%7C2026-03-25&dlyRange=2012-03-20%7C2026-03-25&mlyRange=%7C&climate_id=8403505&Prov=NL&urlExtension=_e.html&searchType=stnProv&optLimit=specDate&StartYear=1840&EndYear=2026&selRowPerPage=100&Line=883&Month=3&Day=25&lstProvince=&Apply=Apply&timeframe=2,ST. JOHN'S INTL A, NEWFOUNDLAND AND LABRADOR ,"47°37'07.000"" N","52°45'09.000"" W",140.50 m,8403505,71801,YYT                 ,CYYT                 ,
6073978,https://climate.weather.gc.ca/climate_data/daily_data_e.html?hlyRange=2016-01-13%7C2026-03-25&dlyRange=2018-10-29%7C2026-03-25&mlyRange=%7C&climate_id=6073978&Prov=ON&urlExtension=_e.html&searchType=stnProv&optLimit=specDate&StartYear=1840&EndYear=2026&selRowPerPage=100&Line=440&Month=3&Day=25&lstProvince=&Apply=Apply&timeframe=2,KAPUSKASING A, ONTARIO ,"49°24'42.000"" N","82°28'06.000"" W",226.50 m,6073978,,YYU                 ,CYYU                 ,
6073976,https://climate.weather.gc.ca/climate_data/daily_data_e.html?hlyRange=2014-09-02%7C2026-03-25&dlyRange=2014-09-04%7C2026-03-25&mlyRange=%7C&climate_id=6073976&Prov=ON&urlExtension=_e.html&searchType=stnProv&optLimit=specDate&StartYear=1840&EndYear=2026&selRowPerPage=100&Line=441&Month=3&Day=25&lstProvince=&Apply=Apply&timeframe=2,KAPUSKASING A, ONTARIO ,"49°24'42.000"" N","82°28'06.000"" W",226.50 m,6073976,71831,YYU                 ,CYYU                 ,
6040327,https://climate.weather.gc.ca/climate_data/daily_data_e.html?hlyRange=2015-06-18%7C2026-03-25&dlyRange=2018-10-29%7C2026-03-25&mlyRange=%7C&climate_id=6040327&Prov=ON&urlExtension=_e.html&searchType=stnProv&optLimit=specDate&StartYear=1840&EndYear=2026&selRowPerPage=100&Line=19&Month=3&Day=25&lstProvince=&Apply=Apply&timeframe=2,ARMSTRONG A, ONTARIO ,"50°17'25.000"" N","88°54'35.000"" W",322.50 m,6040327,,YYW                 ,CYYW                 ,
7055121,https://climate.weather.gc.ca/climate_data/daily_data_e.html?hlyRange=2013-03-12%7C2026-03-25&dlyRange=2013-03-13%7C2026-03-25&mlyRange=%7C&climate_id=7055121&Prov=QC&urlExtension=_e.html&searchType=stnProv&optLimit=specDate&StartYear=1840&EndYear=2026&selRowPerPage=100&Line=592&Month=3&Day=25&lstProvince=&Apply=Apply&timeframe=2,MONT JOLI A, QUEBEC ,"48°36'32.000"" N","68°12'27.000"" W",52.40 m,7055121,71718,YYY                 ,CYYY                 ,
6158731,https://climate.weather.gc.ca/climate_data/daily_data_e.html?hlyRange=2013-06-11%7C2026-03-25&dlyRange=2013-06-13%7C2026-03-25&mlyRange=%7C&climate_id=6158731&Prov=ON&urlExtension=_e.html&searchType=stnProv&optLimit=specDate&StartYear=1840&EndYear=2026&selRowPerPage=100&Line=944&Month=3&Day=25&lstProvince=&Apply=Apply&timeframe=2,TORONTO INTL A, ONTARIO ,"43°40'36.000"" N","79°37'50.000"" W",173.40 m,6158731,71624,YYZ                 ,CYYZ                 ,
6092919,https://climate.weather.gc.ca/climate_data/daily_data_e.html?hlyRange=2009-10-08%7C2026-03-25&dlyRange=2018-10-29%7C2026-03-25&mlyRange=%7C&climate_id=6092919&Prov=ON&urlExtension=_e.html&searchType=stnProv&optLimit=specDate&StartYear=1840&EndYear=2026&selRowPerPage=100&Line=349&Month=3&Day=25&lstProvince=&Apply=Apply&timeframe=2,GORE BAY-MANITOULIN, ONTARIO ,"45°52'54.000"" N","82°34'02.000"" W",189.90 m,6092919,,YZE                 ,CYZE                 ,
2204101,https://climate.weather.gc.ca/climate_data/daily_data_e.html?hlyRange=2013-01-15%7C2026-03-25&dlyRange=2013-01-17%7C2026-03-25&mlyRange=%7C&climate_id=2204101&Prov=NT&urlExtension=_e.html&searchType=stnProv&optLimit=specDate&StartYear=1840&EndYear=2026&selRowPerPage=100&Line=1048&Month=3&Day=25&lstProvince=&Apply=Apply&timeframe=2,YELLOWKNIFE A, NORTHWEST TERRITORIES ,"62°27'47.000"" N","114°26'25.000"" W",205.70 m,2204101,71936,YZF                 ,CYZF                 ,
7117802,https://climate.weather.gc.ca/climate_data/daily_data_e.html?hlyRange=2018-10-30%7C2026-03-25&dlyRange=2018-10-29%7C2026-03-25&mlyRange=%7C&climate_id=7117802&Prov=QC&urlExtension=_e.html&searchType=stnProv&optLimit=specDate&StartYear=1840&EndYear=2026&selRowPerPage=100&Line=817&Month=3&Day=25&lstProvince=&Apply=Apply&timeframe=2,SALLUIT A, QUEBEC ,"62°10'46.000"" N","75°40'02.000"" W",227.10 m,7117802,,YZG                 ,CYZG                 ,
7117801,https://climate.weather.gc.ca/climate_data/daily_data_e.html?hlyRange=2015-11-19%7C2026-03-25&dlyRange=%7C&mlyRange=%7C&climate_id=7117801&Prov=QC&urlExtension=_e.html&searchType=stnProv&optLimit=specDate&StartYear=1840&EndYear=2026&selRowPerPage=100&Line=818&Month=3&Day=25&lstProvince=&Apply=Apply&timeframe=2,SALLUIT A, QUEBEC ,"62°10'46.000"" N","75°40'02.000"" W",227.10 m,7117801,,YZG                 ,CYZG                 ,
3065995,https://climate.weather.gc.ca/climate_data/daily_data_e.html?hlyRange=2011-06-27%7C2026-03-25&dlyRange=2011-06-30%7C2026-03-25&mlyRange=%7C&climate_id=3065995&Prov=AB&urlExtension=_e.html&searchType=stnProv&optLimit=specDate&StartYear=1840&EndYear=2026&selRowPerPage=100&Line=857&Month=3&Day=25&lstProvince=&Apply=Apply&timeframe=2,SLAVE LAKE, ALBERTA ,"55°17'35.000"" N","114°46'38.000"" W",582.80 m,3065995,71369,YZH                 ,CYZH                 ,
1057052,https://climate.weather.gc.ca/climate_data/daily_data_e.html?hlyRange=2010-06-03%7C2026-03-25&dlyRange=2010-06-03%7C2026-03-25&mlyRange=%7C&climate_id=1057052&Prov=BC&urlExtension=_e.html&searchType=stnProv&optLimit=specDate&StartYear=1840&EndYear=2026&selRowPerPage=100&Line=822&Month=3&Day=25&lstProvince=&Apply=Apply&timeframe=2,SANDSPIT, BRITISH COLUMBIA ,"53°15'15.000"" N","131°48'50.000"" W",6.40 m,1057052,71111,YZP                 ,CYZP                 ,
6127510,https://climate.weather.gc.ca/climate_data/daily_data_e.html?hlyRange=2009-12-10%7C2026-03-25&dlyRange=2009-12-17%7C2026-03-25&mlyRange=%7C&climate_id=6127510&Prov=ON&urlExtension=_e.html&searchType=stnProv&optLimit=specDate&StartYear=1840&EndYear=2026&selRowPerPage=100&Line=831&Month=3&Day=25&lstProvince=&Apply=Apply&timeframe=2,SARNIA, ONTARIO ,"42°59'58.000"" N","82°18'32.000"" W",181.40 m,6127510,71704,YZR                 ,CYZR                 ,
2301002,https://climate.weather.gc.ca/climate_data/daily_data_e.html?hlyRange=2015-05-05%7C2026-03-25&dlyRange=2015-03-05%7C2026-03-25&mlyRange=%7C&climate_id=2301002&Prov=NU&urlExtension=_e.html&searchType=stnProv&optLimit=specDate&StartYear=1840&EndYear=2026&selRowPerPage=100&Line=188&Month=3&Day=25&lstProvince=&Apply=Apply&timeframe=2,CORAL HARBOUR A, NUNAVUT ,"64°11'36.000"" N","83°21'34.000"" W",62.20 m,2301002,71915,YZS                 ,CYZS                 ,
2301004,https://climate.weather.gc.ca/climate_data/daily_data_e.html?hlyRange=2016-01-13%7C2026-03-25&dlyRange=2018-10-29%7C2026-03-25&mlyRange=%7C&climate_id=2301004&Prov=NU&urlExtension=_e.html&searchType=stnProv&optLimit=specDate&StartYear=1840&EndYear=2026&selRowPerPage=100&Line=189&Month=3&Day=25&lstProvince=&Apply=Apply&timeframe=2,CORAL HARBOUR A, NUNAVUT ,"64°11'36.000"" N","83°21'34.000"" W",62.20 m,2301004,,YZS                 ,CYZS                 ,
1026271,https://climate.weather.gc.ca/climate_data/daily_data_e.html?hlyRange=2013-06-11%7C2026-03-25&dlyRange=2013-04-13%7C2026-03-25&mlyRange=%7C&climate_id=1026271&Prov=BC&urlExtension=_e.html&searchType=stnProv&optLimit=specDate&StartYear=1840&EndYear=2026&selRowPerPage=100&Line=723&Month=3&Day=25&lstProvince=&Apply=Apply&timeframe=2,PORT HARDY A, BRITISH COLUMBIA ,"50°40'50.000"" N","127°22'00.000"" W",21.60 m,1026271,71109,YZT                 ,CYZT                 ,
3067373,https://climate.weather.gc.ca/climate_data/daily_data_e.html?hlyRange=2014-05-27%7C2026-03-25&dlyRange=2014-05-29%7C2018-10-29&mlyRange=%7C&climate_id=3067373&Prov=AB&urlExtension=_e.html&searchType=stnProv&optLimit=specDate&StartYear=1840&EndYear=2026&selRowPerPage=100&Line=1025&Month=3&Day=25&lstProvince=&Apply=Apply&timeframe=2,WHITECOURT A, ALBERTA ,"54°08'38.000"" N","115°47'12.000"" W",782.40 m,3067373,71930,YZU                 ,CYZU                 ,
3057376,https://climate.weather.gc.ca/climate_data/daily_data_e.html?hlyRange=2014-10-23%7C2026-03-25&dlyRange=2018-10-29%7C2026-03-25&mlyRange=%7C&climate_id=3057376&Prov=AB&urlExtension=_e.html&searchType=stnProv&optLimit=specDate&StartYear=1840&EndYear=2026&selRowPerPage=100&Line=1026&Month=3&Day=25&lstProvince=&Apply=Apply&timeframe=2,WHITECOURT A, ALBERTA ,"54°08'38.000"" N","115°47'12.000"" W",782.40 m,3057376,,YZU                 ,CYZU                 ,
7047911,https://climate.weather.gc.ca/climate_data/daily_data_e.html?hlyRange=2014-04-03%7C2026-03-25&dlyRange=2018-10-30%7C2026-03-25&mlyRange=%7C&climate_id=7047911&Prov=QC&urlExtension=_e.html&searchType=stnProv&optLimit=specDate&StartYear=1840&EndYear=2026&selRowPerPage=100&Line=845&Month=3&Day=25&lstProvince=&Apply=Apply&timeframe=2,SEPT-ILES A, QUEBEC ,"50°13'24.000"" N","66°15'56.000"" W",54.90 m,7047911,,YZV                 ,CYZV                 ,
2101106,https://climate.weather.gc.ca/climate_data/daily_data_e.html?hlyRange=2014-10-23%7C2026-03-25&dlyRange=2018-10-29%7C2026-03-25&mlyRange=%7C&climate_id=2101106&Prov=YT&urlExtension=_e.html&searchType=stnProv&optLimit=specDate&StartYear=1840&EndYear=2026&selRowPerPage=100&Line=925&Month=3&Day=25&lstProvince=&Apply=Apply&timeframe=2,TESLIN A, YUKON ,"60°10'23.000"" N","132°44'30.000"" W",705.00 m,2101106,,YZW                 ,CYZW                 ,
2101101,https://climate.weather.gc.ca/climate_data/daily_data_e.html?hlyRange=2014-09-04%7C2026-03-25&dlyRange=%7C&mlyRange=%7C&climate_id=2101101&Prov=YT&urlExtension=_e.html&searchType=stnProv&optLimit=specDate&StartYear=1840&EndYear=2026&selRowPerPage=100&Line=926&Month=3&Day=25&lstProvince=&Apply=Apply&timeframe=2,TESLIN A, YUKON ,"60°10'23.000"" N","132°44'30.000"" W",705.00 m,2101101,,YZW                 ,CYZW                 ,
8202000,https://climate.weather.gc.ca/climate_data/daily_data_e.html?hlyRange=1953-01-01%7C2026-03-25&dlyRange=1942-11-01%7C2026-03-25&mlyRange=1942-01-01%7C2017-12-01&climate_id=8202000&Prov=NS&urlExtension=_e.html&searchType=stnProv&optLimit=specDate&StartYear=1840&EndYear=2026&selRowPerPage=100&Line=359&Month=3&Day=25&lstProvince=&Apply=Apply&timeframe=2,GREENWOOD A, NOVA SCOTIA ,"44°59'00.000"" N","64°55'00.000"" W",28.00 m,8202000,71397,YZX                 ,CYZX                 ,
1184791,https://climate.weather.gc.ca/climate_data/daily_data_e.html?hlyRange=2010-07-26%7C2026-03-25&dlyRange=2010-07-29%7C2026-03-25&mlyRange=%7C&climate_id=1184791&Prov=BC&urlExtension=_e.html&searchType=stnProv&optLimit=specDate&StartYear=1840&EndYear=2026&selRowPerPage=100&Line=545&Month=3&Day=25&lstProvince=&Apply=Apply&timeframe=2,MACKENZIE, BRITISH COLUMBIA ,"55°17'58.000"" N","123°08'00.000"" W",690.10 m,1184791,71290,YZY                 ,CYZY                 ,
1100909,https://climate.weather.gc.ca/climate_data/daily_data_e.html?hlyRange=2023-04-24%7C2026-03-25&dlyRange=2023-04-24%7C2026-03-25&mlyRange=%7C&climate_id=1100909&Prov=BC&urlExtension=_e.html&searchType=stnProv&optLimit=specDate&StartYear=1840&EndYear=2026&selRowPerPage=100&Line=976&Month=3&Day=25&lstProvince=&Apply=Apply&timeframe=2,VANCOUVER BOUNDARY BAY, BRITISH COLUMBIA ,"49°04'24.000"" N","123°00'30.000"" W",1.80 m,1100909,,ZBB                 ,CZBB                 ,
8100506,https://climate.weather.gc.ca/climate_data/daily_data_e.html?hlyRange=2016-01-13%7C2026-03-25&dlyRange=2018-10-29%7C2026-03-25&mlyRange=%7C&climate_id=8100506&Prov=NB&urlExtension=_e.html&searchType=stnProv&optLimit=specDate&StartYear=1840&EndYear=2026&selRowPerPage=100&Line=51&Month=3&Day=25&lstProvince=&Apply=Apply&timeframe=2,BATHURST A, NEW BRUNSWICK ,"47°37'47.000"" N","65°44'20.000"" W",58.80 m,8100506,71574,ZBF                 ,CZBF                 ,
8100885,https://climate.weather.gc.ca/climate_data/daily_data_e.html?hlyRange=2003-11-05%7C2026-03-25&dlyRange=2003-11-05%7C2026-03-25&mlyRange=2004-01-01%7C2007-07-01&climate_id=8100885&Prov=NB&urlExtension=_e.html&searchType=stnProv&optLimit=specDate&StartYear=1840&EndYear=2026&selRowPerPage=100&Line=149&Month=3&Day=25&lstProvince=&Apply=Apply&timeframe=2,CHARLO AUTO, NEW BRUNSWICK ,"47°59'24.000"" N","66°20'03.000"" W",42.00 m,8100885,71315,ZCR                 ,CZCR                 ,
2400802,https://climate.weather.gc.ca/climate_data/daily_data_e.html?hlyRange=2004-12-20%7C2026-03-25&dlyRange=2004-12-06%7C2026-03-25&mlyRange=2005-03-01%7C2007-09-01&climate_id=2400802&Prov=NU&urlExtension=_e.html&searchType=stnProv&optLimit=specDate&StartYear=1840&EndYear=2026&selRowPerPage=100&Line=177&Month=3&Day=25&lstProvince=&Apply=Apply&timeframe=2,CLYDE RIVER CLIMATE, NUNAVUT ,"70°29'00.000"" N","68°31'00.000"" W",26.50 m,2400802,71358,ZCY                 ,CZCY                 ,
8201390,https://climate.weather.gc.ca/climate_data/daily_data_e.html?hlyRange=2003-12-11%7C2026-03-25&dlyRange=2003-12-11%7C2026-03-25&mlyRange=2004-01-01%7C2007-07-01&climate_id=8201390&Prov=NS&urlExtension=_e.html&searchType=stnProv&optLimit=specDate&StartYear=1840&EndYear=2026&selRowPerPage=100&Line=216&Month=3&Day=25&lstProvince=&Apply=Apply&timeframe=2,DEBERT, NOVA SCOTIA ,"45°25'00.000"" N","63°28'00.000"" W",37.50 m,8201390,71317,ZDB                 ,CZDB                 ,
6142286,https://climate.weather.gc.ca/climate_data/daily_data_e.html?hlyRange=2003-09-09%7C2026-03-25&dlyRange=2003-10-01%7C2026-03-25&mlyRange=2003-10-01%7C2006-12-01&climate_id=6142286&Prov=ON&urlExtension=_e.html&searchType=stnProv&optLimit=specDate&StartYear=1840&EndYear=2026&selRowPerPage=100&Line=254&Month=3&Day=25&lstProvince=&Apply=Apply&timeframe=2,ELORA RCS, ONTARIO ,"43°39'00.000"" N","80°25'00.000"" W",376.40 m,6142286,71352,ZEL                 ,CZEL                 ,
7092306,https://climate.weather.gc.ca/climate_data/daily_data_e.html?hlyRange=2011-12-29%7C2026-03-25&dlyRange=%7C&mlyRange=%7C&climate_id=7092306&Prov=QC&urlExtension=_e.html&searchType=stnProv&optLimit=specDate&StartYear=1840&EndYear=2026&selRowPerPage=100&Line=238&Month=3&Day=25&lstProvince=&Apply=Apply&timeframe=2,EASTMAIN RIVER A, QUEBEC ,"52°13'35.000"" N","78°31'21.000"" W",7.30 m,7092306,,ZEM                 ,CZEM                 ,
7092310,https://climate.weather.gc.ca/climate_data/daily_data_e.html?hlyRange=2014-12-04%7C2026-03-25&dlyRange=2018-10-29%7C2026-03-25&mlyRange=%7C&climate_id=7092310&Prov=QC&urlExtension=_e.html&searchType=stnProv&optLimit=specDate&StartYear=1840&EndYear=2026&selRowPerPage=100&Line=239&Month=3&Day=25&lstProvince=&Apply=Apply&timeframe=2,EASTMAIN RIVER A, QUEBEC ,"52°13'35.000"" N","78°31'21.000"" W",7.30 m,7092310,,ZEM                 ,CZEM                 ,
2202578,https://climate.weather.gc.ca/climate_data/daily_data_e.html?hlyRange=2003-08-07%7C2026-03-25&dlyRange=2003-08-01%7C2026-03-25&mlyRange=2003-08-01%7C2007-11-01&climate_id=2202578&Prov=NT&urlExtension=_e.html&searchType=stnProv&optLimit=specDate&StartYear=1840&EndYear=2026&selRowPerPage=100&Line=417&Month=3&Day=25&lstProvince=&Apply=Apply&timeframe=2,INUVIK CLIMATE, NORTHWEST TERRITORIES ,"68°19'00.000"" N","133°31'00.000"" W",103.00 m,2202578,71364,ZEV                 ,CZEV                 ,
2100519,https://climate.weather.gc.ca/climate_data/daily_data_e.html?hlyRange=2013-11-12%7C2026-03-25&dlyRange=%7C&mlyRange=%7C&climate_id=2100519&Prov=YT&urlExtension=_e.html&searchType=stnProv&optLimit=specDate&StartYear=1840&EndYear=2026&selRowPerPage=100&Line=272&Month=3&Day=25&lstProvince=&Apply=Apply&timeframe=2,FARO A, YUKON ,"62°12'25.000"" N","133°22'24.000"" W",716.30 m,2100519,,ZFA                 ,CZFA                 ,
2100527,https://climate.weather.gc.ca/climate_data/daily_data_e.html?hlyRange=2014-10-23%7C2026-03-25&dlyRange=2018-10-29%7C2026-03-25&mlyRange=%7C&climate_id=2100527&Prov=YT&urlExtension=_e.html&searchType=stnProv&optLimit=specDate&StartYear=1840&EndYear=2026&selRowPerPage=100&Line=273&Month=3&Day=25&lstProvince=&Apply=Apply&timeframe=2,FARO A, YUKON ,"62°12'25.000"" N","133°22'24.000"" W",716.30 m,2100527,,ZFA                 ,CZFA                 ,
2201606,https://climate.weather.gc.ca/climate_data/daily_data_e.html?hlyRange=2014-10-23%7C2026-03-25&dlyRange=2018-10-29%7C2026-03-25&mlyRange=%7C&climate_id=2201606&Prov=NT&urlExtension=_e.html&searchType=stnProv&optLimit=specDate&StartYear=1840&EndYear=2026&selRowPerPage=100&Line=294&Month=3&Day=25&lstProvince=&Apply=Apply&timeframe=2,FORT MCPHERSON A, NORTHWEST TERRITORIES ,"67°24'25.000"" N","134°51'35.000"" W",35.40 m,2201606,,ZFM                 ,CZFM                 ,
2201599,https://climate.weather.gc.ca/climate_data/daily_data_e.html?hlyRange=2014-03-04%7C2026-03-25&dlyRange=%7C&mlyRange=%7C&climate_id=2201599&Prov=NT&urlExtension=_e.html&searchType=stnProv&optLimit=specDate&StartYear=1840&EndYear=2026&selRowPerPage=100&Line=295&Month=3&Day=25&lstProvince=&Apply=Apply&timeframe=2,FORT MCPHERSON A, NORTHWEST TERRITORIES ,"67°24'25.000"" N","134°51'35.000"" W",35.40 m,2201599,,ZFM                 ,CZFM                 ,
2201701,https://climate.weather.gc.ca/climate_data/daily_data_e.html?hlyRange=2014-09-30%7C2026-03-25&dlyRange=%7C&mlyRange=%7C&climate_id=2201701&Prov=NT&urlExtension=_e.html&searchType=stnProv&optLimit=specDate&StartYear=1840&EndYear=2026&selRowPerPage=100&Line=957&Month=3&Day=25&lstProvince=&Apply=Apply&timeframe=2,TULITA A, NORTHWEST TERRITORIES ,"64°54'35.000"" N","125°34'10.000"" W",100.30 m,2201701,,ZFN                 ,CZFN                 ,
2201705,https://climate.weather.gc.ca/climate_data/daily_data_e.html?hlyRange=2014-10-23%7C2026-03-25&dlyRange=2018-10-29%7C2026-03-25&mlyRange=%7C&climate_id=2201705&Prov=NT&urlExtension=_e.html&searchType=stnProv&optLimit=specDate&StartYear=1840&EndYear=2026&selRowPerPage=100&Line=958&Month=3&Day=25&lstProvince=&Apply=Apply&timeframe=2,TULITA A, NORTHWEST TERRITORIES ,"64°54'35.000"" N","125°34'10.000"" W",100.30 m,2201705,,ZFN                 ,CZFN                 ,
2202102,https://climate.weather.gc.ca/climate_data/daily_data_e.html?hlyRange=2003-08-28%7C2026-03-25&dlyRange=2003-08-01%7C2026-03-25&mlyRange=2003-08-01%7C2007-11-01&climate_id=2202102&Prov=NT&urlExtension=_e.html&searchType=stnProv&optLimit=specDate&StartYear=1840&EndYear=2026&selRowPerPage=100&Line=305&Month=3&Day=25&lstProvince=&Apply=Apply&timeframe=2,FORT SIMPSON CLIMATE, NORTHWEST TERRITORIES ,"61°45'37.000"" N","121°14'12.000"" W",168.00 m,2202102,71365,ZFS                 ,CZFS                 ,
2201450,https://climate.weather.gc.ca/climate_data/daily_data_e.html?hlyRange=1998-04-03%7C2026-03-25&dlyRange=1998-04-01%7C2026-03-25&mlyRange=1998-11-01%7C2007-11-01&climate_id=2201450&Prov=NT&urlExtension=_e.html&searchType=stnProv&optLimit=specDate&StartYear=1840&EndYear=2026&selRowPerPage=100&Line=287&Month=3&Day=25&lstProvince=&Apply=Apply&timeframe=2,FORT GOOD HOPE CS, NORTHWEST TERRITORIES ,"66°14'32.044"" N","128°38'39.081"" W",81.70 m,2201450,71491,ZGH                 ,CZGH                 ,
4083324,https://climate.weather.gc.ca/climate_data/daily_data_e.html?hlyRange=2007-08-06%7C2026-03-25&dlyRange=2007-07-01%7C2026-03-25&mlyRange=2007-07-01%7C2007-11-01&climate_id=4083324&Prov=SK&urlExtension=_e.html&searchType=stnProv&optLimit=specDate&StartYear=1840&EndYear=2026&selRowPerPage=100&Line=399&Month=3&Day=25&lstProvince=&Apply=Apply&timeframe=2,HUDSON BAY(AUT), SASKATCHEWAN ,"52°49'00.000"" N","102°19'00.000"" W",358.10 m,4083324,71868,ZHB                 ,CZHB                 ,
2302340,https://climate.weather.gc.ca/climate_data/daily_data_e.html?hlyRange=2003-09-03%7C2026-03-25&dlyRange=2003-09-01%7C2026-03-25&mlyRange=2003-09-01%7C2007-11-01&climate_id=2302340&Prov=NU&urlExtension=_e.html&searchType=stnProv&optLimit=specDate&StartYear=1840&EndYear=2026&selRowPerPage=100&Line=340&Month=3&Day=25&lstProvince=&Apply=Apply&timeframe=2,GJOA HAVEN CLIMATE, NUNAVUT ,"68°38'08.000"" N","95°51'01.000"" W",42.30 m,2302340,71363,ZHK                 ,CZHK                 ,
2202402,https://climate.weather.gc.ca/climate_data/daily_data_e.html?hlyRange=2003-08-14%7C2026-03-25&dlyRange=2003-08-01%7C2026-03-25&mlyRange=2003-08-01%7C2007-11-01&climate_id=2202402&Prov=NT&urlExtension=_e.html&searchType=stnProv&optLimit=specDate&StartYear=1840&EndYear=2026&selRowPerPage=100&Line=384&Month=3&Day=25&lstProvince=&Apply=Apply&timeframe=2,HAY RIVER CLIMATE, NORTHWEST TERRITORIES ,"60°50'20.000"" N","115°46'36.000"" W",164.00 m,2202402,71361,ZHY                 ,CZHY                 ,
1163842,https://climate.weather.gc.ca/climate_data/daily_data_e.html?hlyRange=2006-04-18%7C2026-03-25&dlyRange=2006-04-01%7C2026-03-25&mlyRange=2006-04-01%7C2006-10-01&climate_id=1163842&Prov=BC&urlExtension=_e.html&searchType=stnProv&optLimit=specDate&StartYear=1840&EndYear=2026&selRowPerPage=100&Line=433&Month=3&Day=25&lstProvince=&Apply=Apply&timeframe=2,KAMLOOPS AUT, BRITISH COLUMBIA ,"50°42'08.000"" N","120°26'31.000"" W",345.00 m,1163842,71741,ZKA                 ,CZKA                 ,
5061422,https://climate.weather.gc.ca/climate_data/daily_data_e.html?hlyRange=2000-02-18%7C2026-03-25&dlyRange=2000-01-01%7C2026-03-25&mlyRange=2000-07-01%7C2007-11-01&climate_id=5061422&Prov=MB&urlExtension=_e.html&searchType=stnProv&optLimit=specDate&StartYear=1840&EndYear=2026&selRowPerPage=100&Line=447&Month=3&Day=25&lstProvince=&Apply=Apply&timeframe=2,KELSEY DAM CS, MANITOBA ,"56°02'15.000"" N","96°30'35.000"" W",182.90 m,5061422,71572,ZKD                 ,CZKD                 ,
2400305,https://climate.weather.gc.ca/climate_data/daily_data_e.html?hlyRange=2004-06-21%7C2026-03-25&dlyRange=2004-06-21%7C2026-03-25&mlyRange=2005-03-01%7C2007-09-01&climate_id=2400305&Prov=NU&urlExtension=_e.html&searchType=stnProv&optLimit=specDate&StartYear=1840&EndYear=2026&selRowPerPage=100&Line=10&Month=3&Day=25&lstProvince=&Apply=Apply&timeframe=2,ALERT CLIMATE, NUNAVUT ,"82°30'00.000"" N","62°20'00.000"" W",65.40 m,2400305,71355,ZLT                 ,CZLT                 ,
6015026,https://climate.weather.gc.ca/climate_data/daily_data_e.html?hlyRange=2012-11-13%7C2026-03-25&dlyRange=2012-11-15%7C2026-03-25&mlyRange=%7C&climate_id=6015026&Prov=ON&urlExtension=_e.html&searchType=stnProv&optLimit=specDate&StartYear=1840&EndYear=2026&selRowPerPage=100&Line=610&Month=3&Day=25&lstProvince=&Apply=Apply&timeframe=2,MUSKRAT DAM, ONTARIO ,"53°26'29.000"" N","91°45'46.000"" W",277.70 m,6015026,71678,ZMD                 ,CZMD                 ,
4015322,https://climate.weather.gc.ca/climate_data/daily_data_e.html?hlyRange=1997-12-18%7C2026-03-25&dlyRange=1998-06-01%7C2026-03-25&mlyRange=1998-06-01%7C2007-11-01&climate_id=4015322&Prov=SK&urlExtension=_e.html&searchType=stnProv&optLimit=specDate&StartYear=1840&EndYear=2026&selRowPerPage=100&Line=602&Month=3&Day=25&lstProvince=&Apply=Apply&timeframe=2,MOOSE JAW CS, SASKATCHEWAN ,"50°19'54.050"" N","105°32'15.030"" W",577.00 m,4015322,71539,ZMJ                 ,CZMJ                 ,
1054921,https://climate.weather.gc.ca/climate_data/daily_data_e.html?hlyRange=2014-08-05%7C2026-03-25&dlyRange=%7C&mlyRange=%7C&climate_id=1054921&Prov=BC&urlExtension=_e.html&searchType=stnProv&optLimit=specDate&StartYear=1840&EndYear=2026&selRowPerPage=100&Line=562&Month=3&Day=25&lstProvince=&Apply=Apply&timeframe=2,MASSET A, BRITISH COLUMBIA ,"54°01'38.000"" N","132°07'30.000"" W",5.80 m,1054921,,ZMT                 ,CZMT                 ,
1054929,https://climate.weather.gc.ca/climate_data/daily_data_e.html?hlyRange=2014-10-23%7C2026-03-25&dlyRange=2018-10-29%7C2026-03-25&mlyRange=%7C&climate_id=1054929&Prov=BC&urlExtension=_e.html&searchType=stnProv&optLimit=specDate&StartYear=1840&EndYear=2026&selRowPerPage=100&Line=563&Month=3&Day=25&lstProvince=&Apply=Apply&timeframe=2,MASSET A, BRITISH COLUMBIA ,"54°01'38.000"" N","132°07'30.000"" W",5.80 m,1054929,,ZMT                 ,CZMT                 ,
2100805,https://climate.weather.gc.ca/climate_data/daily_data_e.html?hlyRange=1994-09-28%7C2026-03-25&dlyRange=1995-11-10%7C2026-03-25&mlyRange=2006-03-01%7C2007-02-01&climate_id=2100805&Prov=YT&urlExtension=_e.html&searchType=stnProv&optLimit=specDate&StartYear=1840&EndYear=2026&selRowPerPage=100&Line=657&Month=3&Day=25&lstProvince=&Apply=Apply&timeframe=2,OLD CROW RCS, YUKON ,"67°34'14.000"" N","139°50'21.000"" W",251.20 m,2100805,71044,ZOC                 ,CZOC                 ,
3035198,https://climate.weather.gc.ca/climate_data/daily_data_e.html?hlyRange=2011-06-27%7C2026-03-25&dlyRange=2011-06-30%7C2026-03-25&mlyRange=%7C&climate_id=3035198&Prov=AB&urlExtension=_e.html&searchType=stnProv&optLimit=specDate&StartYear=1840&EndYear=2026&selRowPerPage=100&Line=700&Month=3&Day=25&lstProvince=&Apply=Apply&timeframe=2,PINCHER CREEK, ALBERTA ,"49°31'14.000"" N","113°59'50.000"" W","1,189.60 m",3035198,71085,ZPC                 ,CZPC                 ,
2203058,https://climate.weather.gc.ca/climate_data/daily_data_e.html?hlyRange=1994-08-22%7C2026-03-25&dlyRange=1994-08-22%7C2026-03-25&mlyRange=2000-06-01%7C2007-11-01&climate_id=2203058&Prov=NT&urlExtension=_e.html&searchType=stnProv&optLimit=specDate&StartYear=1840&EndYear=2026&selRowPerPage=100&Line=679&Month=3&Day=25&lstProvince=&Apply=Apply&timeframe=2,PAULATUK, NORTHWEST TERRITORIES ,"69°21'28.004"" N","124°04'57.005"" W",6.30 m,2203058,71984,ZPK                 ,CZPK                 ,
2403450,https://climate.weather.gc.ca/climate_data/daily_data_e.html?hlyRange=1969-05-10%7C2026-03-25&dlyRange=1969-05-01%7C2026-03-25&mlyRange=1969-01-01%7C2007-09-01&climate_id=2403450&Prov=NU&urlExtension=_e.html&searchType=stnProv&optLimit=specDate&StartYear=1840&EndYear=2026&selRowPerPage=100&Line=769&Month=3&Day=25&lstProvince=&Apply=Apply&timeframe=2,REA POINT, NUNAVUT ,"75°22'36.009"" N","105°42'54.002"" W",15.00 m,2403450,71983,ZRP                 ,CZRP                 ,
6017401,https://climate.weather.gc.ca/climate_data/daily_data_e.html?hlyRange=2012-11-13%7C2026-03-25&dlyRange=2012-11-15%7C2026-03-25&mlyRange=%7C&climate_id=6017401&Prov=ON&urlExtension=_e.html&searchType=stnProv&optLimit=specDate&StartYear=1840&EndYear=2026&selRowPerPage=100&Line=824&Month=3&Day=25&lstProvince=&Apply=Apply&timeframe=2,SANDY LAKE A, ONTARIO ,"53°03'51.000"" N","93°20'40.000"" W",289.90 m,6017401,71587,ZSJ                 ,CZSJ                 ,
2202202,https://climate.weather.gc.ca/climate_data/daily_data_e.html?hlyRange=2003-08-14%7C2026-03-25&dlyRange=2003-08-01%7C2026-03-25&mlyRange=2003-08-01%7C2007-11-01&climate_id=2202202&Prov=NT&urlExtension=_e.html&searchType=stnProv&optLimit=specDate&StartYear=1840&EndYear=2026&selRowPerPage=100&Line=308&Month=3&Day=25&lstProvince=&Apply=Apply&timeframe=2,FORT SMITH CLIMATE, NORTHWEST TERRITORIES ,"60°01'34.000"" N","111°55'46.000"" W",203.00 m,2202202,71362,ZSM                 ,CZSM                 ,
8300562,https://climate.weather.gc.ca/climate_data/daily_data_e.html?hlyRange=2003-08-14%7C2026-03-25&dlyRange=2003-08-14%7C2026-03-25&mlyRange=2004-01-01%7C2007-07-01&climate_id=8300562&Prov=PE&urlExtension=_e.html&searchType=stnProv&optLimit=specDate&StartYear=1840&EndYear=2026&selRowPerPage=100&Line=884&Month=3&Day=25&lstProvince=&Apply=Apply&timeframe=2,ST. PETERS, PRINCE EDWARD ISLAND ,"46°27'01.000"" N","62°34'33.000"" W",29.70 m,8300562,71310,ZSP                 ,CZSP                 ,
1067741,https://climate.weather.gc.ca/climate_data/daily_data_e.html?hlyRange=2015-01-15%7C2026-03-25&dlyRange=%7C&mlyRange=%7C&climate_id=1067741&Prov=BC&urlExtension=_e.html&searchType=stnProv&optLimit=specDate&StartYear=1840&EndYear=2026&selRowPerPage=100&Line=893&Month=3&Day=25&lstProvince=&Apply=Apply&timeframe=2,STEWART A, BRITISH COLUMBIA ,"55°56'00.000"" N","129°59'00.000"" W",7.30 m,1067741,,ZST                 ,CZST                 ,
1067748,https://climate.weather.gc.ca/climate_data/daily_data_e.html?hlyRange=2015-01-15%7C2026-03-25&dlyRange=2018-10-29%7C2026-03-25&mlyRange=%7C&climate_id=1067748&Prov=BC&urlExtension=_e.html&searchType=stnProv&optLimit=specDate&StartYear=1840&EndYear=2026&selRowPerPage=100&Line=894&Month=3&Day=25&lstProvince=&Apply=Apply&timeframe=2,STEWART A, BRITISH COLUMBIA ,"55°56'00.000"" N","129°59'00.000"" W",7.30 m,1067748,,ZST                 ,CZST                 ,
6048268,https://climate.weather.gc.ca/climate_data/daily_data_e.html?hlyRange=2000-12-20%7C2026-03-25&dlyRange=2003-10-01%7C2026-03-25&mlyRange=2003-10-01%7C2006-12-01&climate_id=6048268&Prov=ON&urlExtension=_e.html&searchType=stnProv&optLimit=specDate&StartYear=1840&EndYear=2026&selRowPerPage=100&Line=936&Month=3&Day=25&lstProvince=&Apply=Apply&timeframe=2,THUNDER BAY CS, ONTARIO ,"48°22'10.000"" N","89°19'38.000"" W",199.40 m,6048268,71667,ZTB                 ,CZTB                 ,
2203914,https://climate.weather.gc.ca/climate_data/daily_data_e.html?hlyRange=1994-08-30%7C2026-03-25&dlyRange=1995-04-21%7C2026-03-25&mlyRange=1999-10-01%7C2006-07-01&climate_id=2203914&Prov=NT&urlExtension=_e.html&searchType=stnProv&optLimit=specDate&StartYear=1840&EndYear=2026&selRowPerPage=100&Line=953&Month=3&Day=25&lstProvince=&Apply=Apply&timeframe=2,TUKTOYAKTUK, NORTHWEST TERRITORIES ,"69°26'00.000"" N","133°01'00.000"" W",4.60 m,2203914,71985,ZUB                 ,CZUB                 ,
8501131,https://climate.weather.gc.ca/climate_data/daily_data_e.html?hlyRange=2011-12-12%7C2026-03-25&dlyRange=2011-12-15%7C2026-03-25&mlyRange=%7C&climate_id=8501131&Prov=NL&urlExtension=_e.html&searchType=stnProv&optLimit=specDate&StartYear=1840&EndYear=2026&selRowPerPage=100&Line=169&Month=3&Day=25&lstProvince=&Apply=Apply&timeframe=2,CHURCHILL FALLS A, NEWFOUNDLAND AND LABRADOR ,"53°33'43.000"" N","64°06'23.000"" W",439.50 m,8501131,71002,ZUM                 ,CZUM                 ,
3012229,https://climate.weather.gc.ca/climate_data/daily_data_e.html?hlyRange=2013-10-15%7C2026-03-25&dlyRange=2013-10-17%7C2026-03-25&mlyRange=%7C&climate_id=3012229&Prov=AB&urlExtension=_e.html&searchType=stnProv&optLimit=specDate&StartYear=1840&EndYear=2026&selRowPerPage=100&Line=246&Month=3&Day=25&lstProvince=&Apply=Apply&timeframe=2,EDMONTON VILLENEUVE A, ALBERTA ,"53°40'06.000"" N","113°51'20.000"" W",687.60 m,3012229,71664,ZVL                 ,CZVL                 ,
2400573,https://climate.weather.gc.ca/climate_data/daily_data_e.html?hlyRange=2005-04-20%7C2026-03-25&dlyRange=2005-03-01%7C2026-03-25&mlyRange=2005-04-01%7C2007-11-01&climate_id=2400573&Prov=NU&urlExtension=_e.html&searchType=stnProv&optLimit=specDate&StartYear=1840&EndYear=2026&selRowPerPage=100&Line=753&Month=3&Day=25&lstProvince=&Apply=Apply&timeframe=2,QIKIQTARJUAQ CLIMATE, NUNAVUT ,"67°32'50.700"" N","64°02'00.400"" W",6.40 m,2400573,71357,ZVM                 ,CZVM                 ,
301S001,https://climate.weather.gc.ca/climate_data/daily_data_e.html?hlyRange=1995-08-17%7C2026-03-25&dlyRange=1995-10-06%7C2026-03-25&mlyRange=2003-01-01%7C2007-11-01&climate_id=301S001&Prov=AB&urlExtension=_e.html&searchType=stnProv&optLimit=specDate&StartYear=1840&EndYear=2026&selRowPerPage=100&Line=995&Month=3&Day=25&lstProvince=&Apply=Apply&timeframe=2,WAINWRIGHT CFB AIRFIELD 21, ALBERTA ,"52°49'46.006"" N","111°05'44.007"" W",686.30 m,301S001,71118,ZWN                 ,CZWN                 ,
3062246,https://climate.weather.gc.ca/climate_data/daily_data_e.html?hlyRange=1996-06-07%7C2026-03-25&dlyRange=1996-03-01%7C2026-03-25&mlyRange=1996-04-01%7C2007-11-01&climate_id=3062246&Prov=AB&urlExtension=_e.html&searchType=stnProv&optLimit=specDate&StartYear=1840&EndYear=2026&selRowPerPage=100&Line=249&Month=3&Day=25&lstProvince=&Apply=Apply&timeframe=2,EDSON CLIMATE, ALBERTA ,"53°34'49.007"" N","116°27'12.007"" W",927.00 m,3062246,71156,ZZJ                 ,CZZJ                 ,
2400306,https://climate.weather.gc.ca/climate_data/daily_data_e.html?hlyRange=%7C&dlyRange=1997-04-01%7C2026-03-25&mlyRange=1997-04-01%7C2007-11-01&climate_id=2400306&Prov=NU&urlExtension=_e.html&searchType=stnProv&optLimit=specDate&StartYear=1840&EndYear=2026&selRowPerPage=100&Line=11&Month=3&Day=25&lstProvince=&Apply=Apply&timeframe=2,ALERT UA, NUNAVUT ,"82°30'00.000"" N","62°20'00.000"" W",65.40 m,2400306,71082,,C,
6130257,https://climate.weather.gc.ca/climate_data/daily_data_e.html?hlyRange=%7C&dlyRange=1988-07-01%7C2026-03-25&mlyRange=1988-01-01%7C2006-12-01&climate_id=6130257&Prov=ON&urlExtension=_e.html&searchType=stnProv&optLimit=specDate&StartYear=1840&EndYear=2026&selRowPerPage=100&Line=13&Month=3&Day=25&lstProvince=&Apply=Apply&timeframe=2,AMHERSTBURG, ONTARIO ,"42°06'12.090"" N","83°05'40.068"" W",182.00 m,6130257,,,C,
6100285,https://climate.weather.gc.ca/climate_data/daily_data_e.html?hlyRange=%7C&dlyRange=1992-03-01%7C2026-03-25&mlyRange=1992-01-01%7C2006-12-01&climate_id=6100285&Prov=ON&urlExtension=_e.html&searchType=stnProv&optLimit=specDate&StartYear=1840&EndYear=2026&selRowPerPage=100&Line=14&Month=3&Day=25&lstProvince=&Apply=Apply&timeframe=2,APPLETON, ONTARIO ,"45°11'09.024"" N","76°06'46.098"" W",133.00 m,6100285,,,C,
6110480,https://climate.weather.gc.ca/climate_data/daily_data_e.html?hlyRange=%7C&dlyRange=2004-12-01%7C2026-03-25&mlyRange=2004-12-01%7C2006-12-01&climate_id=6110480&Prov=ON&urlExtension=_e.html&searchType=stnProv&optLimit=specDate&StartYear=1840&EndYear=2026&selRowPerPage=100&Line=39&Month=3&Day=25&lstProvince=&Apply=Apply&timeframe=2,BALDWIN, ONTARIO ,"44°16'01.038"" N","79°19'08.028"" W",229.00 m,6110480,,,C,
1090660,https://climate.weather.gc.ca/climate_data/daily_data_e.html?hlyRange=%7C&dlyRange=1888-02-01%7C2026-03-25&mlyRange=1888-01-01%7C2007-02-01&climate_id=1090660&Prov=BC&urlExtension=_e.html&searchType=stnProv&optLimit=specDate&StartYear=1840&EndYear=2026&selRowPerPage=100&Line=43&Month=3&Day=25&lstProvince=&Apply=Apply&timeframe=2,BARKERVILLE, BRITISH COLUMBIA ,"53°04'09.000"" N","121°30'53.000"" W","1,283.00 m",1090660,,,C,
6110556,https://climate.weather.gc.ca/climate_data/daily_data_e.html?hlyRange=%7C&dlyRange=2011-06-24%7C2026-03-25&mlyRange=%7C&climate_id=6110556&Prov=ON&urlExtension=_e.html&searchType=stnProv&optLimit=specDate&StartYear=1840&EndYear=2026&selRowPerPage=100&Line=46&Month=3&Day=25&lstProvince=&Apply=Apply&timeframe=2,BARRIE LANDFILL, ONTARIO ,"44°23'07.000"" N","79°44'10.000"" W",305.00 m,6110556,,,C,
6020559,https://climate.weather.gc.ca/climate_data/daily_data_e.html?hlyRange=%7C&dlyRange=1978-12-01%7C2026-03-25&mlyRange=1978-01-01%7C2006-12-01&climate_id=6020559&Prov=ON&urlExtension=_e.html&searchType=stnProv&optLimit=specDate&StartYear=1840&EndYear=2026&selRowPerPage=100&Line=48&Month=3&Day=25&lstProvince=&Apply=Apply&timeframe=2,BARWICK, ONTARIO ,"48°38'00.000"" N","93°58'00.000"" W",335.00 m,6020559,,,C,
8100468,https://climate.weather.gc.ca/climate_data/daily_data_e.html?hlyRange=%7C&dlyRange=1982-06-01%7C2026-03-25&mlyRange=1982-01-01%7C2006-02-01&climate_id=8100468&Prov=NB&urlExtension=_e.html&searchType=stnProv&optLimit=specDate&StartYear=1840&EndYear=2026&selRowPerPage=100&Line=49&Month=3&Day=25&lstProvince=&Apply=Apply&timeframe=2,BAS CARAQUET, NEW BRUNSWICK ,"47°48'00.000"" N","64°52'00.000"" W",10.70 m,8100468,,,C,
4020560,https://climate.weather.gc.ca/climate_data/daily_data_e.html?hlyRange=%7C&dlyRange=1926-01-01%7C2026-03-25&mlyRange=1926-01-01%7C2007-11-01&climate_id=4020560&Prov=SK&urlExtension=_e.html&searchType=stnProv&optLimit=specDate&StartYear=1840&EndYear=2026&selRowPerPage=100&Line=63&Month=3&Day=25&lstProvince=&Apply=Apply&timeframe=2,BEECHY, SASKATCHEWAN ,"50°49'55.060"" N","107°18'41.030"" W",659.90 m,4020560,,,C,
1140876,https://climate.weather.gc.ca/climate_data/daily_data_e.html?hlyRange=%7C&dlyRange=1984-11-01%7C2026-03-25&mlyRange=1984-01-01%7C2007-02-01&climate_id=1140876&Prov=BC&urlExtension=_e.html&searchType=stnProv&optLimit=specDate&StartYear=1840&EndYear=2026&selRowPerPage=100&Line=75&Month=3&Day=25&lstProvince=&Apply=Apply&timeframe=2,BILLINGS, BRITISH COLUMBIA ,"49°01'00.600"" N","118°13'42.300"" W",519.00 m,1140876,,,C,
3060903,https://climate.weather.gc.ca/climate_data/daily_data_e.html?hlyRange=%7C&dlyRange=1985-07-01%7C2026-03-25&mlyRange=1985-01-01%7C2007-11-01&climate_id=3060903&Prov=AB&urlExtension=_e.html&searchType=stnProv&optLimit=specDate&StartYear=1840&EndYear=2026&selRowPerPage=100&Line=95&Month=3&Day=25&lstProvince=&Apply=Apply&timeframe=2,BRULE BLACK CAT, ALBERTA ,"53°21'00.000"" N","117°52'00.000"" W","1,036.30 m",3060903,,,C,
1031316,https://climate.weather.gc.ca/climate_data/daily_data_e.html?hlyRange=%7C&dlyRange=1984-10-01%7C2026-03-25&mlyRange=1984-01-01%7C2007-02-01&climate_id=1031316&Prov=BC&urlExtension=_e.html&searchType=stnProv&optLimit=specDate&StartYear=1840&EndYear=2026&selRowPerPage=100&Line=122&Month=3&Day=25&lstProvince=&Apply=Apply&timeframe=2,CAPE BEALE LIGHT, BRITISH COLUMBIA ,"48°47'10.000"" N","125°12'58.000"" W",25.90 m,1031316,,,C,
1141457,https://climate.weather.gc.ca/climate_data/daily_data_e.html?hlyRange=%7C&dlyRange=1969-06-01%7C2026-03-25&mlyRange=1969-01-01%7C2007-02-01&climate_id=1141457&Prov=BC&urlExtension=_e.html&searchType=stnProv&optLimit=specDate&StartYear=1840&EndYear=2026&selRowPerPage=100&Line=139&Month=3&Day=25&lstProvince=&Apply=Apply&timeframe=2,CASTLEGAR BCHPA DAM, BRITISH COLUMBIA ,"49°20'36.220"" N","117°46'27.040"" W",435.00 m,1141457,,,C,
1101571,https://climate.weather.gc.ca/climate_data/daily_data_e.html?hlyRange=%7C&dlyRange=2018-01-01%7C2026-03-25&mlyRange=%7C&climate_id=1101571&Prov=BC&urlExtension=_e.html&searchType=stnProv&optLimit=specDate&StartYear=1840&EndYear=2026&selRowPerPage=100&Line=164&Month=3&Day=25&lstProvince=&Apply=Apply&timeframe=2,CHILLIWACK SOUTH, BRITISH COLUMBIA ,"49°06'22.009"" N","121°58'12.003"" W",31.00 m,1101571,,,C,
1101708,https://climate.weather.gc.ca/climate_data/daily_data_e.html?hlyRange=%7C&dlyRange=1964-01-01%7C2026-03-25&mlyRange=1964-01-01%7C2007-02-01&climate_id=1101708&Prov=BC&urlExtension=_e.html&searchType=stnProv&optLimit=specDate&StartYear=1840&EndYear=2026&selRowPerPage=100&Line=175&Month=3&Day=25&lstProvince=&Apply=Apply&timeframe=2,CLOVERDALE EAST, BRITISH COLUMBIA ,"49°06'32.950"" N","122°41'51.350"" W",50.00 m,1101708,,,C,
6151689,https://climate.weather.gc.ca/climate_data/daily_data_e.html?hlyRange=%7C&dlyRange=1970-07-01%7C2026-03-25&mlyRange=1970-01-01%7C2006-12-01&climate_id=6151689&Prov=ON&urlExtension=_e.html&searchType=stnProv&optLimit=specDate&StartYear=1840&EndYear=2026&selRowPerPage=100&Line=179&Month=3&Day=25&lstProvince=&Apply=Apply&timeframe=2,COBOURG STP, ONTARIO ,"43°58'00.000"" N","78°11'00.000"" W",79.20 m,6151689,,,C,
6111769,https://climate.weather.gc.ca/climate_data/daily_data_e.html?hlyRange=%7C&dlyRange=1971-08-01%7C2026-03-25&mlyRange=1971-01-01%7C2006-12-01&climate_id=6111769&Prov=ON&urlExtension=_e.html&searchType=stnProv&optLimit=specDate&StartYear=1840&EndYear=2026&selRowPerPage=100&Line=181&Month=3&Day=25&lstProvince=&Apply=Apply&timeframe=2,COLDWATER WARMINSTER, ONTARIO ,"44°37'52.038"" N","79°32'20.058"" W",285.00 m,6111769,,,C,
8401300,https://climate.weather.gc.ca/climate_data/daily_data_e.html?hlyRange=%7C&dlyRange=1933-04-01%7C2026-03-25&mlyRange=1933-01-01%7C2006-02-01&climate_id=8401300&Prov=NL&urlExtension=_e.html&searchType=stnProv&optLimit=specDate&StartYear=1840&EndYear=2026&selRowPerPage=100&Line=192&Month=3&Day=25&lstProvince=&Apply=Apply&timeframe=2,CORNER BROOK, NEWFOUNDLAND AND LABRADOR ,"48°57'00.000"" N","57°57'00.000"" W",4.60 m,8401300,,,C,
6101874,https://climate.weather.gc.ca/climate_data/daily_data_e.html?hlyRange=%7C&dlyRange=1950-11-01%7C2026-03-25&mlyRange=1951-01-01%7C2006-12-01&climate_id=6101874&Prov=ON&urlExtension=_e.html&searchType=stnProv&optLimit=specDate&StartYear=1840&EndYear=2026&selRowPerPage=100&Line=194&Month=3&Day=25&lstProvince=&Apply=Apply&timeframe=2,CORNWALL, ONTARIO ,"45°00'56.082"" N","74°44'56.040"" W",64.00 m,6101874,,,C,
1021988,https://climate.weather.gc.ca/climate_data/daily_data_e.html?hlyRange=%7C&dlyRange=1960-01-01%7C2026-03-25&mlyRange=1960-01-01%7C2007-02-01&climate_id=1021988&Prov=BC&urlExtension=_e.html&searchType=stnProv&optLimit=specDate&StartYear=1840&EndYear=2026&selRowPerPage=100&Line=197&Month=3&Day=25&lstProvince=&Apply=Apply&timeframe=2,COURTENAY GRANTHAM, BRITISH COLUMBIA ,"49°45'47.007"" N","124°59'57.003"" W",81.00 m,1021988,,,C,
1102425,https://climate.weather.gc.ca/climate_data/daily_data_e.html?hlyRange=%7C&dlyRange=1971-03-01%7C2026-03-25&mlyRange=1971-01-01%7C2007-02-01&climate_id=1102425&Prov=BC&urlExtension=_e.html&searchType=stnProv&optLimit=specDate&StartYear=1840&EndYear=2026&selRowPerPage=100&Line=224&Month=3&Day=25&lstProvince=&Apply=Apply&timeframe=2,DELTA TSAWWASSEN BEACH, BRITISH COLUMBIA ,"49°00'39.400"" N","123°05'36.000"" W",2.40 m,1102425,,,C,
6102J13,https://climate.weather.gc.ca/climate_data/daily_data_e.html?hlyRange=%7C&dlyRange=1984-06-01%7C2026-03-25&mlyRange=1984-01-01%7C2006-12-01&climate_id=6102J13&Prov=ON&urlExtension=_e.html&searchType=stnProv&optLimit=specDate&StartYear=1840&EndYear=2026&selRowPerPage=100&Line=229&Month=3&Day=25&lstProvince=&Apply=Apply&timeframe=2,DRUMMOND CENTRE, ONTARIO ,"45°01'56.082"" N","76°15'10.098"" W",145.00 m,6102J13,,,C,
1142574,https://climate.weather.gc.ca/climate_data/daily_data_e.html?hlyRange=%7C&dlyRange=1963-03-01%7C2026-03-25&mlyRange=1963-01-01%7C2007-02-01&climate_id=1142574&Prov=BC&urlExtension=_e.html&searchType=stnProv&optLimit=specDate&StartYear=1840&EndYear=2026&selRowPerPage=100&Line=232&Month=3&Day=25&lstProvince=&Apply=Apply&timeframe=2,DUNCAN LAKE DAM, BRITISH COLUMBIA ,"50°14'19.200"" N","116°58'17.500"" W",548.60 m,1142574,,,C,
3062451,https://climate.weather.gc.ca/climate_data/daily_data_e.html?hlyRange=%7C&dlyRange=1987-09-01%7C2026-03-25&mlyRange=1987-01-01%7C2007-11-01&climate_id=3062451&Prov=AB&urlExtension=_e.html&searchType=stnProv&optLimit=specDate&StartYear=1840&EndYear=2026&selRowPerPage=100&Line=259&Month=3&Day=25&lstProvince=&Apply=Apply&timeframe=2,ENTWISTLE, ALBERTA ,"53°36'00.000"" N","114°59'00.000"" W",780.30 m,3062451,,,C,
1032730,https://climate.weather.gc.ca/climate_data/daily_data_e.html?hlyRange=1953-01-01%7C1979-03-30&dlyRange=1908-07-01%7C2026-03-25&mlyRange=1908-01-01%7C2007-02-01&climate_id=1032730&Prov=BC&urlExtension=_e.html&searchType=stnProv&optLimit=specDate&StartYear=1840&EndYear=2026&selRowPerPage=100&Line=264&Month=3&Day=25&lstProvince=&Apply=Apply&timeframe=2,ESTEVAN POINT, BRITISH COLUMBIA ,"49°22'59.914"" N","126°32'35.193"" W",5.80 m,1032730,,,C,
6142400,https://climate.weather.gc.ca/climate_data/daily_data_e.html?hlyRange=%7C&dlyRange=1939-10-01%7C2026-03-25&mlyRange=1939-01-01%7C2006-12-01&climate_id=6142400&Prov=ON&urlExtension=_e.html&searchType=stnProv&optLimit=specDate&StartYear=1840&EndYear=2026&selRowPerPage=100&Line=274&Month=3&Day=25&lstProvince=&Apply=Apply&timeframe=2,FERGUS SHAND DAM, ONTARIO ,"43°44'05.088"" N","80°19'49.098"" W",417.60 m,6142400,,,C,
1152850,https://climate.weather.gc.ca/climate_data/daily_data_e.html?hlyRange=%7C&dlyRange=1913-12-01%7C2026-03-25&mlyRange=1913-01-01%7C2007-02-01&climate_id=1152850&Prov=BC&urlExtension=_e.html&searchType=stnProv&optLimit=specDate&StartYear=1840&EndYear=2026&selRowPerPage=100&Line=275&Month=3&Day=25&lstProvince=&Apply=Apply&timeframe=2,FERNIE, BRITISH COLUMBIA ,"49°29'19.400"" N","115°04'23.900"" W","1,001.00 m",1152850,,,C,
1102912,https://climate.weather.gc.ca/climate_data/daily_data_e.html?hlyRange=%7C&dlyRange=2005-04-01%7C2026-03-25&mlyRange=2005-04-01%7C2007-02-01&climate_id=1102912&Prov=BC&urlExtension=_e.html&searchType=stnProv&optLimit=specDate&StartYear=1840&EndYear=2026&selRowPerPage=100&Line=288&Month=3&Day=25&lstProvince=&Apply=Apply&timeframe=2,FORT LANGLEY TELEGRAPH TRAIL, BRITISH COLUMBIA ,"49°08'40.800"" N","122°33'03.600"" W",76.00 m,1102912,,,C,
1153034,https://climate.weather.gc.ca/climate_data/daily_data_e.html?hlyRange=%7C&dlyRange=1968-03-01%7C2026-03-25&mlyRange=1968-01-01%7C2007-02-01&climate_id=1153034&Prov=BC&urlExtension=_e.html&searchType=stnProv&optLimit=specDate&StartYear=1840&EndYear=2026&selRowPerPage=100&Line=316&Month=3&Day=25&lstProvince=&Apply=Apply&timeframe=2,FT STEELE DANDY CRK, BRITISH COLUMBIA ,"49°31'26.100"" N","115°27'38.100"" W",856.00 m,1153034,,,C,
1043152,https://climate.weather.gc.ca/climate_data/daily_data_e.html?hlyRange=%7C&dlyRange=1961-10-01%7C2026-03-25&mlyRange=1961-01-01%7C2007-02-01&climate_id=1043152&Prov=BC&urlExtension=_e.html&searchType=stnProv&optLimit=specDate&StartYear=1840&EndYear=2026&selRowPerPage=100&Line=333&Month=3&Day=25&lstProvince=&Apply=Apply&timeframe=2,GIBSONS GOWER POINT, BRITISH COLUMBIA ,"49°23'08.090"" N","123°32'29.000"" W",34.00 m,1043152,,,C,
6142803,https://climate.weather.gc.ca/climate_data/daily_data_e.html?hlyRange=%7C&dlyRange=1955-08-01%7C2026-03-25&mlyRange=1955-01-01%7C2006-12-01&climate_id=6142803&Prov=ON&urlExtension=_e.html&searchType=stnProv&optLimit=specDate&StartYear=1840&EndYear=2026&selRowPerPage=100&Line=341&Month=3&Day=25&lstProvince=&Apply=Apply&timeframe=2,GLEN ALLAN, ONTARIO ,"43°41'02.058"" N","80°42'37.086"" W",400.00 m,6142803,,,C,
6133055,https://climate.weather.gc.ca/climate_data/daily_data_e.html?hlyRange=%7C&dlyRange=2005-08-01%7C2026-03-25&mlyRange=2005-08-01%7C2006-12-01&climate_id=6133055&Prov=ON&urlExtension=_e.html&searchType=stnProv&optLimit=specDate&StartYear=1840&EndYear=2026&selRowPerPage=100&Line=364&Month=3&Day=25&lstProvince=&Apply=Apply&timeframe=2,GRIMSBY MOUNTAIN, ONTARIO ,"43°11'01.044"" N","79°33'30.042"" W",170.60 m,6133055,,,C,
6043390,https://climate.weather.gc.ca/climate_data/daily_data_e.html?hlyRange=%7C&dlyRange=2016-01-04%7C2026-03-25&mlyRange=%7C&climate_id=6043390&Prov=ON&urlExtension=_e.html&searchType=stnProv&optLimit=specDate&StartYear=1840&EndYear=2026&selRowPerPage=100&Line=385&Month=3&Day=25&lstProvince=&Apply=Apply&timeframe=2,HAZELWOOD, ONTARIO ,"48°28'00.000"" N","89°16'00.000"" W",322.50 m,6043390,,,C,
5021302,https://climate.weather.gc.ca/climate_data/daily_data_e.html?hlyRange=%7C&dlyRange=1984-08-01%7C2026-03-25&mlyRange=1984-01-01%7C2007-11-01&climate_id=5021302&Prov=MB&urlExtension=_e.html&searchType=stnProv&optLimit=specDate&StartYear=1840&EndYear=2026&selRowPerPage=100&Line=391&Month=3&Day=25&lstProvince=&Apply=Apply&timeframe=2,HOLLAND, MANITOBA ,"49°36'22.000"" N","98°52'30.000"" W",374.90 m,5021302,,,C,
5031320,https://climate.weather.gc.ca/climate_data/daily_data_e.html?hlyRange=%7C&dlyRange=1915-04-01%7C2026-03-25&mlyRange=1915-01-01%7C2007-11-01&climate_id=5031320&Prov=MB&urlExtension=_e.html&searchType=stnProv&optLimit=specDate&StartYear=1840&EndYear=2026&selRowPerPage=100&Line=410&Month=3&Day=25&lstProvince=&Apply=Apply&timeframe=2,INDIAN BAY, MANITOBA ,"49°37'26.000"" N","95°11'50.000"" W",326.70 m,5031320,,,C,
1123721,https://climate.weather.gc.ca/climate_data/daily_data_e.html?hlyRange=%7C&dlyRange=1995-08-01%7C2026-03-25&mlyRange=1995-08-01%7C2007-02-01&climate_id=1123721&Prov=BC&urlExtension=_e.html&searchType=stnProv&optLimit=specDate&StartYear=1840&EndYear=2026&selRowPerPage=100&Line=429&Month=3&Day=25&lstProvince=&Apply=Apply&timeframe=2,JELLICOE, BRITISH COLUMBIA ,"49°40'22.000"" N","120°19'58.000"" W",929.00 m,1123721,,,C,
1064020,https://climate.weather.gc.ca/climate_data/daily_data_e.html?hlyRange=%7C&dlyRange=1951-08-01%7C2026-03-25&mlyRange=1951-01-01%7C2007-02-01&climate_id=1064020&Prov=BC&urlExtension=_e.html&searchType=stnProv&optLimit=specDate&StartYear=1840&EndYear=2026&selRowPerPage=100&Line=448&Month=3&Day=25&lstProvince=&Apply=Apply&timeframe=2,KEMANO, BRITISH COLUMBIA ,"53°33'47.000"" N","127°56'34.000"" W",66.00 m,1064020,,,C,
6134190,https://climate.weather.gc.ca/climate_data/daily_data_e.html?hlyRange=%7C&dlyRange=1960-10-01%7C2026-03-25&mlyRange=1960-01-01%7C2006-12-01&climate_id=6134190&Prov=ON&urlExtension=_e.html&searchType=stnProv&optLimit=specDate&StartYear=1840&EndYear=2026&selRowPerPage=100&Line=465&Month=3&Day=25&lstProvince=&Apply=Apply&timeframe=2,KINGSVILLE MOE, ONTARIO ,"42°02'35.064"" N","82°40'26.088"" W",200.00 m,6134190,,,C,
4014040,https://climate.weather.gc.ca/climate_data/daily_data_e.html?hlyRange=%7C&dlyRange=1949-05-01%7C2026-03-25&mlyRange=1949-01-01%7C2007-11-01&climate_id=4014040&Prov=SK&urlExtension=_e.html&searchType=stnProv&optLimit=specDate&StartYear=1840&EndYear=2026&selRowPerPage=100&Line=469&Month=3&Day=25&lstProvince=&Apply=Apply&timeframe=2,KIPLING, SASKATCHEWAN ,"50°12'00.000"" N","102°44'00.000"" W",671.20 m,4014040,,,C,
1012055,https://climate.weather.gc.ca/climate_data/daily_data_e.html?hlyRange=%7C&dlyRange=1960-07-01%7C2026-03-25&mlyRange=1960-01-01%7C2007-02-01&climate_id=1012055&Prov=BC&urlExtension=_e.html&searchType=stnProv&optLimit=specDate&StartYear=1840&EndYear=2026&selRowPerPage=100&Line=502&Month=3&Day=25&lstProvince=&Apply=Apply&timeframe=2,LAKE COWICHAN, BRITISH COLUMBIA ,"48°49'46.000"" N","124°03'08.000"" W",171.00 m,1012055,,,C,
8202896,https://climate.weather.gc.ca/climate_data/daily_data_e.html?hlyRange=%7C&dlyRange=1999-01-01%7C2026-03-25&mlyRange=1999-01-01%7C2006-02-01&climate_id=8202896&Prov=NS&urlExtension=_e.html&searchType=stnProv&optLimit=specDate&StartYear=1840&EndYear=2026&selRowPerPage=100&Line=503&Month=3&Day=25&lstProvince=&Apply=Apply&timeframe=2,LAKE MAJOR, NOVA SCOTIA ,"44°43'00.000"" N","63°29'00.000"" W",62.50 m,8202896,,,C,
1034600,https://climate.weather.gc.ca/climate_data/daily_data_e.html?hlyRange=%7C&dlyRange=1980-05-01%7C2026-03-25&mlyRange=1980-01-01%7C2007-02-01&climate_id=1034600&Prov=BC&urlExtension=_e.html&searchType=stnProv&optLimit=specDate&StartYear=1840&EndYear=2026&selRowPerPage=100&Line=513&Month=3&Day=25&lstProvince=&Apply=Apply&timeframe=2,LENNARD ISLAND, BRITISH COLUMBIA ,"49°06'38.000"" N","125°55'24.000"" W",10.60 m,1034600,,,C,
4014322,https://climate.weather.gc.ca/climate_data/daily_data_e.html?hlyRange=%7C&dlyRange=1980-06-01%7C2026-03-25&mlyRange=1980-01-01%7C2007-11-01&climate_id=4014322&Prov=SK&urlExtension=_e.html&searchType=stnProv&optLimit=specDate&StartYear=1840&EndYear=2026&selRowPerPage=100&Line=515&Month=3&Day=25&lstProvince=&Apply=Apply&timeframe=2,LEROY, SASKATCHEWAN ,"52°00'00.000"" N","104°38'00.000"" W",535.40 m,4014322,,,C,
8402544,https://climate.weather.gc.ca/climate_data/daily_data_e.html?hlyRange=%7C&dlyRange=1954-01-01%7C2026-03-25&mlyRange=1954-01-01%7C2006-02-01&climate_id=8402544&Prov=NL&urlExtension=_e.html&searchType=stnProv&optLimit=specDate&StartYear=1840&EndYear=2026&selRowPerPage=100&Line=516&Month=3&Day=25&lstProvince=&Apply=Apply&timeframe=2,LETHBRIDGE, NEWFOUNDLAND AND LABRADOR ,"48°21'00.000"" N","53°54'06.000"" W",15.20 m,8402544,,,C,
3013961,https://climate.weather.gc.ca/climate_data/daily_data_e.html?hlyRange=1982-04-01%7C2012-06-19&dlyRange=1982-04-01%7C2026-03-25&mlyRange=1982-01-01%7C2007-11-01&climate_id=3013961&Prov=AB&urlExtension=_e.html&searchType=stnProv&optLimit=specDate&StartYear=1840&EndYear=2026&selRowPerPage=100&Line=525&Month=3&Day=25&lstProvince=&Apply=Apply&timeframe=2,LLOYDMINSTER A, ALBERTA ,"53°18'33.000"" N","110°04'21.000"" W",668.40 m,3013961,,,C,
6065252,https://climate.weather.gc.ca/climate_data/daily_data_e.html?hlyRange=%7C&dlyRange=2015-02-28%7C2026-03-25&mlyRange=%7C&climate_id=6065252&Prov=ON&urlExtension=_e.html&searchType=stnProv&optLimit=specDate&StartYear=1840&EndYear=2026&selRowPerPage=100&Line=590&Month=3&Day=25&lstProvince=&Apply=Apply&timeframe=2,MONETVILLE 2, ONTARIO ,"46°12'55.000"" N","80°18'11.000"" W",205.00 m,6065252,,,C,
3014600,https://climate.weather.gc.ca/climate_data/daily_data_e.html?hlyRange=%7C&dlyRange=1983-04-01%7C2026-03-25&mlyRange=1983-01-01%7C2007-11-01&climate_id=3014600&Prov=AB&urlExtension=_e.html&searchType=stnProv&optLimit=specDate&StartYear=1840&EndYear=2026&selRowPerPage=100&Line=591&Month=3&Day=25&lstProvince=&Apply=Apply&timeframe=2,MONITOR, ALBERTA ,"52°01'00.000"" N","110°33'00.000"" W",731.50 m,3014600,,,C,
7045326,https://climate.weather.gc.ca/climate_data/daily_data_e.html?hlyRange=%7C&dlyRange=2005-01-20%7C2026-03-25&mlyRange=%7C&climate_id=7045326&Prov=QC&urlExtension=_e.html&searchType=stnProv&optLimit=specDate&StartYear=1840&EndYear=2026&selRowPerPage=100&Line=593&Month=3&Day=25&lstProvince=&Apply=Apply&timeframe=2,MONT STE-ANNE, QUEBEC ,"47°04'24.000"" N","70°54'24.000"" W",167.60 m,7045326,,,C,
1105658,https://climate.weather.gc.ca/climate_data/daily_data_e.html?hlyRange=%7C&dlyRange=1971-10-01%7C2026-03-25&mlyRange=1971-01-01%7C2007-02-01&climate_id=1105658&Prov=BC&urlExtension=_e.html&searchType=stnProv&optLimit=specDate&StartYear=1840&EndYear=2026&selRowPerPage=100&Line=611&Month=3&Day=25&lstProvince=&Apply=Apply&timeframe=2,N VANC GROUSE MTN RESORT, BRITISH COLUMBIA ,"49°22'52.002"" N","123°04'42.004"" W","1,103.00 m",1105658,,,C,
1105669,https://climate.weather.gc.ca/climate_data/daily_data_e.html?hlyRange=%7C&dlyRange=1962-03-01%7C2026-03-25&mlyRange=1962-01-01%7C2007-02-01&climate_id=1105669&Prov=BC&urlExtension=_e.html&searchType=stnProv&optLimit=specDate&StartYear=1840&EndYear=2026&selRowPerPage=100&Line=612&Month=3&Day=25&lstProvince=&Apply=Apply&timeframe=2,N VANCOUVER WHARVES, BRITISH COLUMBIA ,"49°18'53.220"" N","123°06'55.000"" W",7.00 m,1105669,,,C,
10253G0,https://climate.weather.gc.ca/climate_data/daily_data_e.html?hlyRange=%7C&dlyRange=1981-08-01%7C2026-03-25&mlyRange=1981-01-01%7C2007-02-01&climate_id=10253G0&Prov=BC&urlExtension=_e.html&searchType=stnProv&optLimit=specDate&StartYear=1840&EndYear=2026&selRowPerPage=100&Line=621&Month=3&Day=25&lstProvince=&Apply=Apply&timeframe=2,NANAIMO CITY YARD, BRITISH COLUMBIA ,"49°11'56.932"" N","123°59'16.262"" W",114.00 m,10253G0,,,C,
114EMDM,https://climate.weather.gc.ca/climate_data/daily_data_e.html?hlyRange=%7C&dlyRange=1990-07-01%7C2026-03-25&mlyRange=1990-01-01%7C2007-02-01&climate_id=114EMDM&Prov=BC&urlExtension=_e.html&searchType=stnProv&optLimit=specDate&StartYear=1840&EndYear=2026&selRowPerPage=100&Line=630&Month=3&Day=25&lstProvince=&Apply=Apply&timeframe=2,NELSON RIXEN CREEK, BRITISH COLUMBIA ,"49°30'44.400"" N","117°23'55.700"" W",760.00 m,114EMDM,,,C,
6135583,https://climate.weather.gc.ca/climate_data/daily_data_e.html?hlyRange=%7C&dlyRange=1957-07-01%7C2026-03-25&mlyRange=1957-01-01%7C2006-12-01&climate_id=6135583&Prov=ON&urlExtension=_e.html&searchType=stnProv&optLimit=specDate&StartYear=1840&EndYear=2026&selRowPerPage=100&Line=632&Month=3&Day=25&lstProvince=&Apply=Apply&timeframe=2,NEW GLASGOW, ONTARIO ,"42°30'52.062"" N","81°38'10.092"" W",198.10 m,6135583,,,C,
1015638,https://climate.weather.gc.ca/climate_data/daily_data_e.html?hlyRange=%7C&dlyRange=1972-02-01%7C2026-03-25&mlyRange=1972-01-01%7C2007-02-01&climate_id=1015638&Prov=BC&urlExtension=_e.html&searchType=stnProv&optLimit=specDate&StartYear=1840&EndYear=2026&selRowPerPage=100&Line=649&Month=3&Day=25&lstProvince=&Apply=Apply&timeframe=2,NORTH PENDER ISLAND, BRITISH COLUMBIA ,"48°45'50.040"" N","123°17'12.010"" W",98.00 m,1015638,,,C,
8103780,https://climate.weather.gc.ca/climate_data/daily_data_e.html?hlyRange=%7C&dlyRange=2011-12-08%7C2026-03-25&mlyRange=%7C&climate_id=8103780&Prov=NB&urlExtension=_e.html&searchType=stnProv&optLimit=specDate&StartYear=1840&EndYear=2026&selRowPerPage=100&Line=652&Month=3&Day=25&lstProvince=&Apply=Apply&timeframe=2,OAK POINT, NEW BRUNSWICK ,"45°30'25.000"" N","66°05'55.000"" W",11.00 m,8103780,,,C,
1125766,https://climate.weather.gc.ca/climate_data/daily_data_e.html?hlyRange=%7C&dlyRange=1924-01-01%7C2026-03-25&mlyRange=1924-01-01%7C2007-02-01&climate_id=1125766&Prov=BC&urlExtension=_e.html&searchType=stnProv&optLimit=specDate&StartYear=1840&EndYear=2026&selRowPerPage=100&Line=658&Month=3&Day=25&lstProvince=&Apply=Apply&timeframe=2,OLIVER STP, BRITISH COLUMBIA ,"49°10'44.500"" N","119°32'40.900"" W",297.20 m,1125766,,,C,
6155878,https://climate.weather.gc.ca/climate_data/daily_data_e.html?hlyRange=%7C&dlyRange=1969-08-01%7C2026-03-25&mlyRange=1969-01-01%7C2006-12-01&climate_id=6155878&Prov=ON&urlExtension=_e.html&searchType=stnProv&optLimit=specDate&StartYear=1840&EndYear=2026&selRowPerPage=100&Line=664&Month=3&Day=25&lstProvince=&Apply=Apply&timeframe=2,OSHAWA WPCP, ONTARIO ,"43°52'00.000"" N","78°50'00.000"" W",83.80 m,6155878,,,C,
4015800,https://climate.weather.gc.ca/climate_data/daily_data_e.html?hlyRange=%7C&dlyRange=1949-08-01%7C2026-03-25&mlyRange=1949-01-01%7C2007-11-01&climate_id=4015800&Prov=SK&urlExtension=_e.html&searchType=stnProv&optLimit=specDate&StartYear=1840&EndYear=2026&selRowPerPage=100&Line=671&Month=3&Day=25&lstProvince=&Apply=Apply&timeframe=2,OXBOW, SASKATCHEWAN ,"49°19'00.000"" N","102°07'00.000"" W",576.00 m,4015800,,,C,
610FC98,https://climate.weather.gc.ca/climate_data/daily_data_e.html?hlyRange=%7C&dlyRange=1993-06-01%7C2026-03-25&mlyRange=1993-01-01%7C2006-12-01&climate_id=610FC98&Prov=ON&urlExtension=_e.html&searchType=stnProv&optLimit=specDate&StartYear=1840&EndYear=2026&selRowPerPage=100&Line=692&Month=3&Day=25&lstProvince=&Apply=Apply&timeframe=2,PETAWAWA HOFFMAN, ONTARIO ,"45°53'00.000"" N","77°15'00.000"" W",153.00 m,610FC98,,,C,
8204453,https://climate.weather.gc.ca/climate_data/daily_data_e.html?hlyRange=%7C&dlyRange=1979-01-01%7C2026-03-25&mlyRange=1979-01-01%7C2006-02-01&climate_id=8204453&Prov=NS&urlExtension=_e.html&searchType=stnProv&optLimit=specDate&StartYear=1840&EndYear=2026&selRowPerPage=100&Line=705&Month=3&Day=25&lstProvince=&Apply=Apply&timeframe=2,POCKWOCK LAKE, NOVA SCOTIA ,"44°46'00.000"" N","63°50'00.000"" W",164.60 m,8204453,,,C,
6136606,https://climate.weather.gc.ca/climate_data/daily_data_e.html?hlyRange=%7C&dlyRange=1964-07-01%7C2026-03-25&mlyRange=1964-01-01%7C2006-12-01&climate_id=6136606&Prov=ON&urlExtension=_e.html&searchType=stnProv&optLimit=specDate&StartYear=1840&EndYear=2026&selRowPerPage=100&Line=721&Month=3&Day=25&lstProvince=&Apply=Apply&timeframe=2,PORT COLBORNE, ONTARIO ,"42°53'00.000"" N","79°15'00.000"" W",175.30 m,6136606,,,C,
1106CL2,https://climate.weather.gc.ca/climate_data/daily_data_e.html?hlyRange=%7C&dlyRange=1970-11-01%7C2026-03-25&mlyRange=1970-01-01%7C2007-02-01&climate_id=1106CL2&Prov=BC&urlExtension=_e.html&searchType=stnProv&optLimit=specDate&StartYear=1840&EndYear=2026&selRowPerPage=100&Line=727&Month=3&Day=25&lstProvince=&Apply=Apply&timeframe=2,PORT MOODY GLENAYRE, BRITISH COLUMBIA ,"49°16'45.000"" N","122°52'53.000"" W",129.50 m,1106CL2,,,C,
5012321,https://climate.weather.gc.ca/climate_data/daily_data_e.html?hlyRange=%7C&dlyRange=1970-07-01%7C2026-03-25&mlyRange=1970-01-01%7C2007-11-01&climate_id=5012321&Prov=MB&urlExtension=_e.html&searchType=stnProv&optLimit=specDate&StartYear=1840&EndYear=2026&selRowPerPage=100&Line=730&Month=3&Day=25&lstProvince=&Apply=Apply&timeframe=2,PORTAGE LA PRAIRIE CDA, MANITOBA ,"49°57'30.070"" N","98°16'34.050"" W",259.10 m,5012321,,,C,
5012300,https://climate.weather.gc.ca/climate_data/daily_data_e.html?hlyRange=%7C&dlyRange=2007-01-01%7C2026-03-25&mlyRange=2007-01-01%7C2007-11-01&climate_id=5012300&Prov=MB&urlExtension=_e.html&searchType=stnProv&optLimit=specDate&StartYear=1840&EndYear=2026&selRowPerPage=100&Line=731&Month=3&Day=25&lstProvince=&Apply=Apply&timeframe=2,PORTAGE ROMANCE, MANITOBA ,"49°59'00.000"" N","98°18'00.000"" W",262.40 m,5012300,,,C,
4016322,https://climate.weather.gc.ca/climate_data/daily_data_e.html?hlyRange=%7C&dlyRange=1962-07-05%7C2026-03-25&mlyRange=1962-07-01%7C2007-11-01&climate_id=4016322&Prov=SK&urlExtension=_e.html&searchType=stnProv&optLimit=specDate&StartYear=1840&EndYear=2026&selRowPerPage=100&Line=754&Month=3&Day=25&lstProvince=&Apply=Apply&timeframe=2,QU'APPELLE 1, SASKATCHEWAN ,"50°34'00.000"" N","103°59'00.000"" W",662.90 m,4016322,,,C,
1026639,https://climate.weather.gc.ca/climate_data/daily_data_e.html?hlyRange=%7C&dlyRange=1975-09-01%7C2026-03-25&mlyRange=1975-01-01%7C2007-02-01&climate_id=1026639&Prov=BC&urlExtension=_e.html&searchType=stnProv&optLimit=specDate&StartYear=1840&EndYear=2026&selRowPerPage=100&Line=763&Month=3&Day=25&lstProvince=&Apply=Apply&timeframe=2,QUINSAM RIVER HATCHERY, BRITISH COLUMBIA ,"50°00'58.000"" N","125°18'14.000"" W",45.70 m,1026639,,,C,
5032360,https://climate.weather.gc.ca/climate_data/daily_data_e.html?hlyRange=%7C&dlyRange=1948-06-01%7C2026-03-25&mlyRange=1948-01-01%7C2007-11-01&climate_id=5032360&Prov=MB&urlExtension=_e.html&searchType=stnProv&optLimit=specDate&StartYear=1840&EndYear=2026&selRowPerPage=100&Line=777&Month=3&Day=25&lstProvince=&Apply=Apply&timeframe=2,RENNIE, MANITOBA ,"49°51'00.000"" N","95°31'59.000"" W",323.10 m,5032360,,,C,
1106764,https://climate.weather.gc.ca/climate_data/daily_data_e.html?hlyRange=%7C&dlyRange=1963-11-01%7C2026-03-25&mlyRange=1963-01-01%7C2007-02-01&climate_id=1106764&Prov=BC&urlExtension=_e.html&searchType=stnProv&optLimit=specDate&StartYear=1840&EndYear=2026&selRowPerPage=100&Line=783&Month=3&Day=25&lstProvince=&Apply=Apply&timeframe=2,RICHMOND DALLYN 2, BRITISH COLUMBIA ,"49°10'43.000"" N","123°05'13.000"" W",1.80 m,1106764,,,C,
501BMMA,https://climate.weather.gc.ca/climate_data/daily_data_e.html?hlyRange=%7C&dlyRange=1987-07-01%7C2026-03-25&mlyRange=1987-01-01%7C2007-11-01&climate_id=501BMMA&Prov=MB&urlExtension=_e.html&searchType=stnProv&optLimit=specDate&StartYear=1840&EndYear=2026&selRowPerPage=100&Line=785&Month=3&Day=25&lstProvince=&Apply=Apply&timeframe=2,RIVERS PETTAPIECE, MANITOBA ,"50°06'29.400"" N","100°10'44.500"" W",487.50 m,501BMMA,,,C,
501B4G2,https://climate.weather.gc.ca/climate_data/daily_data_e.html?hlyRange=%7C&dlyRange=1991-03-01%7C2026-03-25&mlyRange=1991-01-01%7C2007-11-01&climate_id=501B4G2&Prov=MB&urlExtension=_e.html&searchType=stnProv&optLimit=specDate&StartYear=1840&EndYear=2026&selRowPerPage=100&Line=792&Month=3&Day=25&lstProvince=&Apply=Apply&timeframe=2,ROBLIN FRIESEN 3 NORTHWEST, MANITOBA ,"51°16'00.000"" N","101°24'00.000"" W",556.40 m,501B4G2,,,C,
4026847,https://climate.weather.gc.ca/climate_data/daily_data_e.html?hlyRange=%7C&dlyRange=1973-05-01%7C2026-03-25&mlyRange=1973-01-01%7C2007-11-01&climate_id=4026847&Prov=SK&urlExtension=_e.html&searchType=stnProv&optLimit=specDate&StartYear=1840&EndYear=2026&selRowPerPage=100&Line=793&Month=3&Day=25&lstProvince=&Apply=Apply&timeframe=2,ROCK POINT, SASKATCHEWAN ,"51°09'14.007"" N","107°15'48.004"" W",725.10 m,4026847,,,C,
6147188,https://climate.weather.gc.ca/climate_data/daily_data_e.html?hlyRange=%7C&dlyRange=1972-10-01%7C2026-03-25&mlyRange=1972-01-01%7C2006-12-01&climate_id=6147188&Prov=ON&urlExtension=_e.html&searchType=stnProv&optLimit=specDate&StartYear=1840&EndYear=2026&selRowPerPage=100&Line=800&Month=3&Day=25&lstProvince=&Apply=Apply&timeframe=2,ROSEVILLE, ONTARIO ,"43°21'13.026"" N","80°28'25.056"" W",328.00 m,6147188,,,C,
1016RM0,https://climate.weather.gc.ca/climate_data/daily_data_e.html?hlyRange=%7C&dlyRange=1980-08-01%7C2026-03-25&mlyRange=1980-01-01%7C2007-02-01&climate_id=1016RM0&Prov=BC&urlExtension=_e.html&searchType=stnProv&optLimit=specDate&StartYear=1840&EndYear=2026&selRowPerPage=100&Line=805&Month=3&Day=25&lstProvince=&Apply=Apply&timeframe=2,SAANICHTON MT NEWTON, BRITISH COLUMBIA ,"48°35'51.000"" N","123°25'38.000"" W",42.70 m,1016RM0,,,C,
5022623,https://climate.weather.gc.ca/climate_data/daily_data_e.html?hlyRange=%7C&dlyRange=1991-03-01%7C2026-03-25&mlyRange=1991-01-01%7C2007-11-01&climate_id=5022623&Prov=MB&urlExtension=_e.html&searchType=stnProv&optLimit=specDate&StartYear=1840&EndYear=2026&selRowPerPage=100&Line=839&Month=3&Day=25&lstProvince=&Apply=Apply&timeframe=2,SCHANZENFELD, MANITOBA ,"49°08'00.000"" N","97°57'00.000"" W",277.40 m,5022623,,,C,
6117684,https://climate.weather.gc.ca/climate_data/daily_data_e.html?hlyRange=%7C&dlyRange=1973-01-01%7C2026-03-25&mlyRange=1973-01-01%7C2006-12-01&climate_id=6117684&Prov=ON&urlExtension=_e.html&searchType=stnProv&optLimit=specDate&StartYear=1840&EndYear=2026&selRowPerPage=100&Line=846&Month=3&Day=25&lstProvince=&Apply=Apply&timeframe=2,SHANTY BAY, ONTARIO ,"44°23'58.050"" N","79°37'58.074"" W",250.00 m,6117684,,,C,
5022575,https://climate.weather.gc.ca/climate_data/daily_data_e.html?hlyRange=%7C&dlyRange=1981-09-01%7C2026-03-25&mlyRange=1981-01-01%7C2007-11-01&climate_id=5022575&Prov=MB&urlExtension=_e.html&searchType=stnProv&optLimit=specDate&StartYear=1840&EndYear=2026&selRowPerPage=100&Line=876&Month=3&Day=25&lstProvince=&Apply=Apply&timeframe=2,ST LABRE, MANITOBA ,"49°21'09.000"" N","96°02'06.000"" W",352.00 m,5022575,,,C,
6137362,https://climate.weather.gc.ca/climate_data/daily_data_e.html?hlyRange=%7C&dlyRange=1980-05-01%7C2026-03-25&mlyRange=1980-01-01%7C2006-12-01&climate_id=6137362&Prov=ON&urlExtension=_e.html&searchType=stnProv&optLimit=specDate&StartYear=1840&EndYear=2026&selRowPerPage=100&Line=878&Month=3&Day=25&lstProvince=&Apply=Apply&timeframe=2,ST THOMAS WPCP, ONTARIO ,"42°46'06.006"" N","81°12'18.042"" W",209.10 m,6137362,,,C,
6107276,https://climate.weather.gc.ca/climate_data/daily_data_e.html?hlyRange=%7C&dlyRange=1986-06-01%7C2026-03-25&mlyRange=1986-01-01%7C2006-12-01&climate_id=6107276&Prov=ON&urlExtension=_e.html&searchType=stnProv&optLimit=specDate&StartYear=1840&EndYear=2026&selRowPerPage=100&Line=880&Month=3&Day=25&lstProvince=&Apply=Apply&timeframe=2,ST. ALBERT, ONTARIO ,"45°17'14.004"" N","75°03'49.026"" W",80.00 m,6107276,,,C,
1107785,https://climate.weather.gc.ca/climate_data/daily_data_e.html?hlyRange=%7C&dlyRange=1957-02-01%7C2026-03-25&mlyRange=1957-01-01%7C2007-02-01&climate_id=1107785&Prov=BC&urlExtension=_e.html&searchType=stnProv&optLimit=specDate&StartYear=1840&EndYear=2026&selRowPerPage=100&Line=898&Month=3&Day=25&lstProvince=&Apply=Apply&timeframe=2,SUMAS CANAL, BRITISH COLUMBIA ,"49°06'48.008"" N","122°06'35.004"" W",9.00 m,1107785,,,C,
116Q20D,https://climate.weather.gc.ca/climate_data/daily_data_e.html?hlyRange=%7C&dlyRange=1994-03-01%7C2026-03-25&mlyRange=1994-01-01%7C2007-02-01&climate_id=116Q20D&Prov=BC&urlExtension=_e.html&searchType=stnProv&optLimit=specDate&StartYear=1840&EndYear=2026&selRowPerPage=100&Line=901&Month=3&Day=25&lstProvince=&Apply=Apply&timeframe=2,SUN PEAKS LOWER, BRITISH COLUMBIA ,"50°53'13.451"" N","119°52'59.137"" W","1,310.60 m",116Q20D,,,C,
1168204,https://climate.weather.gc.ca/climate_data/daily_data_e.html?hlyRange=%7C&dlyRange=1980-12-01%7C2026-03-25&mlyRange=1981-01-01%7C2007-02-01&climate_id=1168204&Prov=BC&urlExtension=_e.html&searchType=stnProv&optLimit=specDate&StartYear=1840&EndYear=2026&selRowPerPage=100&Line=902&Month=3&Day=25&lstProvince=&Apply=Apply&timeframe=2,SUN PEAKS MOUNTAIN, BRITISH COLUMBIA ,"50°54'10.844"" N","119°54'40.813"" W","1,847.40 m",1168204,,,C,
107G879,https://climate.weather.gc.ca/climate_data/daily_data_e.html?hlyRange=%7C&dlyRange=1982-10-01%7C2026-03-25&mlyRange=1982-01-01%7C2007-02-01&climate_id=107G879&Prov=BC&urlExtension=_e.html&searchType=stnProv&optLimit=specDate&StartYear=1840&EndYear=2026&selRowPerPage=100&Line=904&Month=3&Day=25&lstProvince=&Apply=Apply&timeframe=2,SUSKWA VALLEY, BRITISH COLUMBIA ,"55°17'19.000"" N","127°10'14.000"" W",534.00 m,107G879,,,C,
6168525,https://climate.weather.gc.ca/climate_data/daily_data_e.html?hlyRange=%7C&dlyRange=2005-09-01%7C2026-03-25&mlyRange=2005-09-01%7C2006-12-01&climate_id=6168525&Prov=ON&urlExtension=_e.html&searchType=stnProv&optLimit=specDate&StartYear=1840&EndYear=2026&selRowPerPage=100&Line=917&Month=3&Day=25&lstProvince=&Apply=Apply&timeframe=2,TAPLEY, ONTARIO ,"44°10'14.040"" N","78°30'05.094"" W",270.00 m,6168525,,,C,
7018560,https://climate.weather.gc.ca/climate_data/daily_data_e.html?hlyRange=%7C&dlyRange=2014-01-04%7C2026-03-25&mlyRange=%7C&climate_id=7018560&Prov=QC&urlExtension=_e.html&searchType=stnProv&optLimit=specDate&StartYear=1840&EndYear=2026&selRowPerPage=100&Line=949&Month=3&Day=25&lstProvince=&Apply=Apply&timeframe=2,TROIS RIVIERES A-2, QUEBEC ,"46°21'00.000"" N","72°40'00.000"" W",     ,7018560,,,C,
1038332,https://climate.weather.gc.ca/climate_data/daily_data_e.html?hlyRange=%7C&dlyRange=1964-06-01%7C2026-03-25&mlyRange=1964-01-01%7C2007-02-01&climate_id=1038332&Prov=BC&urlExtension=_e.html&searchType=stnProv&optLimit=specDate&StartYear=1840&EndYear=2026&selRowPerPage=100&Line=960&Month=3&Day=25&lstProvince=&Apply=Apply&timeframe=2,UCLUELET KENNEDY CAMP, BRITISH COLUMBIA ,"48°56'43.020"" N","125°31'38.050"" W",40.00 m,1038332,,,C,
3016650,https://climate.weather.gc.ca/climate_data/daily_data_e.html?hlyRange=%7C&dlyRange=1995-01-01%7C2026-03-25&mlyRange=1995-01-01%7C2007-11-01&climate_id=3016650&Prov=AB&urlExtension=_e.html&searchType=stnProv&optLimit=specDate&StartYear=1840&EndYear=2026&selRowPerPage=100&Line=966&Month=3&Day=25&lstProvince=&Apply=Apply&timeframe=2,UNCAS, ALBERTA ,"53°30'00.000"" N","113°02'00.000"" W",750.00 m,3016650,,,C,
1168520,https://climate.weather.gc.ca/climate_data/daily_data_e.html?hlyRange=%7C&dlyRange=1913-04-01%7C2026-03-25&mlyRange=1913-01-01%7C2007-02-01&climate_id=1168520&Prov=BC&urlExtension=_e.html&searchType=stnProv&optLimit=specDate&StartYear=1840&EndYear=2026&selRowPerPage=100&Line=981&Month=3&Day=25&lstProvince=&Apply=Apply&timeframe=2,VAVENBY, BRITISH COLUMBIA ,"51°34'34.000"" N","119°46'41.000"" W",445.00 m,1168520,,,C,
1128584,https://climate.weather.gc.ca/climate_data/daily_data_e.html?hlyRange=%7C&dlyRange=1970-07-01%7C2026-03-25&mlyRange=1970-01-01%7C2007-02-01&climate_id=1128584&Prov=BC&urlExtension=_e.html&searchType=stnProv&optLimit=specDate&StartYear=1840&EndYear=2026&selRowPerPage=100&Line=984&Month=3&Day=25&lstProvince=&Apply=Apply&timeframe=2,VERNON SILVER STAR LODGE, BRITISH COLUMBIA ,"50°21'32.500"" N","119°03'22.300"" W","1,585.60 m",1128584,,,C,
1108906,https://climate.weather.gc.ca/climate_data/daily_data_e.html?hlyRange=%7C&dlyRange=1972-11-01%7C2026-03-25&mlyRange=1973-01-01%7C2007-02-01&climate_id=1108906&Prov=BC&urlExtension=_e.html&searchType=stnProv&optLimit=specDate&StartYear=1840&EndYear=2026&selRowPerPage=100&Line=1023&Month=3&Day=25&lstProvince=&Apply=Apply&timeframe=2,WHISTLER ROUNDHOUSE, BRITISH COLUMBIA ,"50°04'04.000"" N","122°56'50.000"" W","1,835.00 m",1108906,,,C,
6149625,https://climate.weather.gc.ca/climate_data/daily_data_e.html?hlyRange=%7C&dlyRange=1870-02-01%7C2026-03-25&mlyRange=1870-01-01%7C2006-12-01&climate_id=6149625&Prov=ON&urlExtension=_e.html&searchType=stnProv&optLimit=specDate&StartYear=1840&EndYear=2026&selRowPerPage=100&Line=1039&Month=3&Day=25&lstProvince=&Apply=Apply&timeframe=2,WOODSTOCK, ONTARIO ,"43°08'10.044"" N","80°46'14.040"" W",281.90 m,6149625,,,C,
1039035,https://climate.weather.gc.ca/climate_data/daily_data_e.html?hlyRange=%7C&dlyRange=2010-07-16%7C2026-03-25&mlyRange=%7C&climate_id=1039035&Prov=BC&urlExtension=_e.html&searchType=stnProv&optLimit=specDate&StartYear=1840&EndYear=2026&selRowPerPage=100&Line=1053&Month=3&Day=25&lstProvince=&Apply=Apply&timeframe=2,ZEBALLOS MURAUDE CREEK, BRITISH COLUMBIA ,"50°03'10.600"" N","126°46'43.300"" W",103.00 m,1039035,,,C,
