id,icaoId,iataId,faaId,wmoId,site,lat,lon,elev,state,country,priority,siteType
32012,,,,,Woods Hole Stratus Wave Station,19.691,-85.567,0,,,4,[]
41001,,,,,Cape Hatteras 150E,34.561,-72.631,0,,,1,[]
41002,,,,,Charleston 250E,31.862,-74.835,0,,US,1,[]
41004,,,,,Charleston 41SE,32.501,-79.099,0,SC,US,4,[]
41008,,,,,Grays Reef,31.402,-80.869,4,GA,US,4,[]
41010,,,,,Cape Canaveral 120E,28.906,-78.471,0,,US,1,[]
41012,,,,,St Augustine,30.042,-80.534,0,,US,4,[]
41013,,,,,Frying Pan Shoals,33.436,-77.743,0,,,4,[]
41024,,,,,Sunset Nearshore,33.848,-78.489,0,,US,8,[]
41025,,,,,Diamond Shoals,35.006,-75.402,0,,US,5,[]
41029,,,,,Capers Nearshore,32.81,-79.63,0,,US,8,[]
41033,,,,,Fripp Nearshore,32.28,-80.41,3,,US,8,[]
41036,,,,,Onslow Bay Outer,34.206,-76.952,0,,,8,[]
41037,,,,,Wrightsville 27SE,33.991,-77.36,0,,US,8,[]
41038,,,,,Wrightsville 5SE,34.141,-77.715,0,,US,8,[]
41040,,,,,W Atlantic,14.477,-53.008,0,,,1,[]
41041,,,,,Middle Atlantic,14.175,-45.998,0,,,8,[]
41043,,,,,SW Atlantic,21.061,-64.966,4,,,1,[]
41044,,,,,Atlantic South,21.639,-58.614,0,,,1,[]
41046,,,,,E Bahamas,23.838,-68.333,0,,,1,[]
41047,,,,,NE Bahamas,27.517,-71.483,0,,,1,[]
41048,,,,,W Bermuda,31.95,-69.497,0,,,2,[]
41049,,,,,Atlantic South,27.5,-63,0,,,8,[]
41051,,,,,St Thomas South,18.257,-65.004,4,,VI,8,[]
41052,,,,,S St John,18.251,-64.763,0,,,8,[]
41053,,,,,San Juan,18.476,-66.099,0,,PR,8,[]
41056,,,,,Vieques Island,18.259,-65.457,0,,PR,8,[]
41060,,,,,Woods Hole NW Trop,14.825,-51.017,0,,US,8,[]
41101,,,,,E Martinique,14.6,-56.201,0,,,1,[]
41108,,,,,Wilmington Harbor,33.721,-78.015,4,NC,US,8,[]
41109,,,,,New River Inlet,34.483,-77.3,0,,US,5,[]
41110,,,,,Masonboro Inlet,34.141,-77.709,0,NC,US,8,[]
41112,,,,,Fernandina Beach,30.719,-81.293,0,FL,US,8,[]
41113,,,,,Cape Canaveral Nears,28.4,-80.53,0,FL,US,8,[]
41114,,,,,Fort Pierce,27.551,-80.225,0,FL,US,8,[]
41115,,,,,Rincon,18.376,-67.28,0,,PR,8,[]
41300,,,,,West Indies,15.85,-57.47,4,,,8,[]
42001,,,,,Mid Gulf,25.888,-89.658,0,,,1,[]
42002,,,,,Brownsville 207E,25.79,-93.666,0,,US,1,[]
42003,,,,,Naples 208W,26.044,-85.612,0,,US,1,[]
42012,,,,,Orange Beach,30.065,-87.555,0,,US,5,[]
42013,,,,,Navy-2,27.169,-82.926,4,FL,US,8,[]
42019,,,,,Freeport 60S,27.913,-95.353,0,,US,4,[]
42020,,,,,Corpus Christi 50SE,26.966,-96.695,0,,US,5,[]
42023,,,,,West Florida Bouy,26.064,-83.074,0,,US,3,[]
42035,,,,,Galveston 22E,29.232,-94.413,0,,US,6,[]
42036,,,,,W Tampa,28.5,-84.517,0,,US,2,[]
42039,,,,,Pensacola 115ESE,28.791,-86.008,0,FL,US,3,[]
42040,,,,,Luke Offshore,29.212,-88.207,0,,,8,[]
42055,,,,,Bay of Campeche,22.203,-94,0,,,1,[]
42056,,,,,Yucatan Basin,19.802,-84.857,0,,,2,[]
42057,,,,,W Caribbean,17.002,-81.501,0,,,2,[]
42058,,,,,Central Caribbean,14.923,-74.918,0,,,1,[]
42059,,,,,Eastern Caribbean,15.054,-67.472,0,,,1,[]
42060,,,,,Eastern Caribbean,16.333,-65.5,0,,,2,[]
42065,,,,,Central Caribbean,14.926,-75.046,0,,,8,[]
42085,,,,,Ponce SE,17.86,-66.524,0,,PR,8,[]
42099,,,,,Offshore St Petersburg,29.3,-87.5,0,,,5,[]
42360,,,,,BW Pioneer Bouy,26.7,-90.46,10,,,4,[]
42362,,,,,Mississippi Canyon,28.16,-89.22,30,,,8,[]
42363,,,,,Mississippi Canyon,28.16,-89.22,37,,US,8,[]
42364,,,,,Viosca Knoll,29.06,-88.09,30,,,8,[]
44005,,,,,Gulf of Maine,43.204,-69.128,0,,,4,[]
44007,,,,,Portland 12SE,43.531,-70.144,0,,US,8,[]
44008,,,,,Nantucket 54SE,40.502,-69.247,0,,US,2,[]
44009,,,,,Delaware Bay,38.464,-74.702,0,,US,3,[]
44011,,,,,Georges Bank,41.105,-66.6,0,,US,1,[]
44013,,,,,Boston 16E,42.346,-70.651,0,,US,8,[]
44014,,,,,Virginia Beach 64E,36.611,-74.842,0,,US,3,[]
44017,,,,,Montauk Point,40.694,-72.048,4,NY,US,8,[]
44020,,,,,Nantucket Sound,41.443,-70.186,0,,US,8,[]
44022,,,,,Execution Rocks,40.88,-73.73,0,,US,8,[]
44024,,,,,Northeast Channel,42.312,-65.927,0,,,3,[]
44025,,,,,Long Island,40.25,-73.167,0,,US,5,[]
44027,,,,,Jonesport,44.273,-67.314,0,,US,4,[]
44029,,,,,Massachusetts Bay,42.52,-70.57,0,,US,8,[]
44030,,,,,West Maine Shelf,43.183,-70.418,0,,US,8,[]
44032,,,,,Central Maine Shelf,43.715,-69.358,0,,US,8,[]
44033,,,,,West Penobscot Bay,44.06,-69,0,,US,8,[]
44034,,,,,Bouy I0103,44.11,-68.11,0,,,8,[]
44037,,,,,Jordan Basin,43.484,-67.883,0,,US,5,[]
44039,,,,,Central Long Isl Sound,41.138,-72.655,0,,,8,[]
44040,,,,,W Long Island Sound,40.956,-73.58,0,,US,8,[]
44041,,,,,Jamestown,37.204,-76.777,4,VA,US,8,[]
44042,,,,,Potomax,38.033,-76.336,0,MD,US,8,[]
44056,,,,,Duck FRF,36.2,-75.714,17,,US,8,[]
44057,,,,,Susquehanna,39.544,-76.075,4,MD,US,8,[]
44058,,,,,Stingray Point,37.552,-76.251,3,VA,US,8,[]
44059,,,,,Norfolk,36.846,-76.298,4,VA,US,8,[]
44060,,,,,Eastern Long Isl Sound,41.263,-72.067,0,,US,8,[]
44061,,,,,Upper Potomac,38.785,-77.036,3,MD,US,8,[]
44062,,,,,Goose Reef,38.556,-76.415,0,MD,US,8,[]
44063,,,,,Annapolis,38.963,-76.448,0,MD,US,8,[]
44064,,,,,First Landing,36.974,-76.046,0,VA,US,8,[]
44065,,,,,New York Harbor,40.369,-73.703,0,,,8,[]
44066,,,,,Texas Tower 4,40.208,-38.909,0,,US,8,[]
44067,,,,,Potomac River,38.368,-76.996,2,,US,8,[]
44095,,,,,Oregon Inlet,35.75,-75.33,0,,US,8,[]
44096,,,,,Cape Charles,37.023,-75.81,0,VA,US,8,[]
44097,,,,,Block Island,40.981,-71.117,0,RI,US,5,[]
44098,,,,,Jeffreys Ledge,42.801,-70.169,0,,US,8,[]
44099,,,,,Cape Henry,36.901,-75.72,0,VA,US,8,[]
44100,,,,,Duck FRF 26M,36.258,-75.591,0,,US,8,[]
44137,,,,,East Scotia Slope,42.23,-62.02,0,,CA,3,[]
44139,,,,,Banqureau Banks,44.24,-57.101,0,,CA,1,[]
44140,,,,,Tail of the Bank,42.87,-51.47,0,,CA,1,[]
44141,,,,,Laurentian Fan,42.99,-57.96,0,,CA,8,[]
44150,,,,,La Havre Bank,42.5,-64.02,0,,CA,1,[]
44172,,,,,Halifax Harbor,44.5,-63.408,0,NS,CA,6,[]
44251,,,,,Nickerson Bay,46.44,-53.39,0,,CA,6,[]
44255,,,,,NE Burgeo Bank,47.27,-57.34,0,,CA,4,[]
44258,,,,,Halifax Harbor,44.5,-63.4,0,,CA,8,[]
45001,,,,,Mid Superior,48.064,-87.777,183,,,3,[]
45002,,,,,N Lake Michigan,45.344,-86.411,176,,US,3,[]
45003,,,,,N Huron,45.351,-82.84,177,,US,4,[]
45004,,,,,Marquette 78NE,47.584,-86.587,183,,US,3,[]
45005,,,,,Cleveland 28NW,41.677,-82.398,174,,US,6,[]
45006,,,,,Ironwood 48N,47.335,-89.793,183,,US,3,[]
45007,,,,,South Lake Michigan,42.674,-87.026,176,,US,4,[]
45008,,,,,South Lake Huron,44.283,-82.416,177,,US,4,[]
45012,,,,,Lake Ontario,43.619,-77.405,75,,US,4,[]
45013,,,,,Atwater Park,43.098,-87.85,176,WI,US,8,[]
45014,,,,,Central Green Bay,44.795,-87.759,176,,US,8,[]
45022,,,,,Little Traverse Bay,45.403,-85.088,176,,US,8,[]
45023,,,,,Portage Canal,47.279,-88.611,183,,US,8,[]
45024,,,,,Ludington,43.977,-86.56,176,,US,8,[]
45025,,,,,Keweenaw Waterway Peninsula,46.95,-88.409,185,,US,8,[]
45026,,,,,St Joseph,41.983,-86.617,176,,US,8,[]
45027,,,,,North Duluth,46.864,-91.929,183,,US,8,[]
45028,,,,,West Lake Superior,46.812,-91.835,185,,US,8,[]
45029,,,,,Holland,42.801,-86.264,183,MI,US,8,[]
45132,,,,,Port Stanley,42.47,-81.22,174,,CA,8,[]
45135,,,,,Prince Edward Point,43.79,-76.87,0,,CA,8,[]
45136,,,,,State Island,48.53,-86.95,185,,CA,5,[]
45137,,,,,Georgian Bay,45.54,-81.01,0,,CA,4,[]
45138,,,,,Mount Louis,49.54,-65.76,0,,CA,5,[]
45139,,,,,West Lake Ontario,43.26,-79.54,75,,CA,8,[]
45140,,,,,Lake Winnepeg South,50.79,-96.73,217,,CA,6,[]
45141,,,,,Great Slave Lake,61.18,-115.31,156,,CA,8,[]
45142,,,,,Port Colborne,42.74,-79.29,174,,CA,8,[]
45143,,,,,South Georgian Bay,44.94,-80.63,0,,CA,8,[]
45144,,,,,Lake Winnepeg North,53.23,-98.29,217,,CA,5,[]
45145,,,,,Lake Winnepeg Narrow,51.867,-96.97,217,,CA,5,[]
45147,,,,,Lake St Clair,42.43,-82.68,175,,CA,8,[]
45148,,,,,Lake of the Woods,49.66,-94.52,322,,CA,6,[]
45149,,,,,Southern Lake Huron,43.54,-82.07,175,,CA,8,[]
45150,,,,,Great Slave Lake N,61.98,-114.13,156,,CA,8,[]
45151,,,,,Lake Simcoe,44.5,-79.37,219,,CA,8,[]
45152,,,,,Lake Nipissing,46.23,-79.72,196,,CA,6,[]
45154,,,,,North Channel East,46.05,-82.64,175,,CA,8,[]
45159,,,,,NW Lake Ontario,43.77,-78.98,75,,CA,8,[]
45161,,,,,Muskegon,43.178,-86.361,176,MI,US,8,[]
45162,,,,,Alpena,44.984,-83.269,176,MI,US,8,[]
45163,,,,,Saginaw Bay,43.988,-83.599,176,,US,8,[]
45166,,,,,Lake Champlain,44.992,-73.115,33,NY,US,8,[]
45170,,,,,Michigan City,41.755,-86.968,183,IN,US,8,[]
46001,,,,,Kodiak 175SE,56.304,-147.92,0,,US,1,[]
46002,,,,,Coos Bay 275W,42.589,-130.474,0,,US,1,[]
46003,,,,,S Aleutians,51.831,-155.85,0,,US,1,[]
46004,,,,,Middle Nomad,50.93,-136.1,0,,CA,1,[]
46005,,,,,Aberdeen 215W,46.1,-131.001,0,,US,1,[]
46006,,,,,Eureka 600W,40.754,-137.464,0,,US,1,[]
46011,,,,,Santa Maria,35,-120.992,0,,US,8,[]
46012,,,,,San Francisco 24SSW,37.363,-122.881,0,,US,8,[]
46013,,,,,Bodega Bay,38.242,-123.301,0,,,8,[]
46014,,,,,Point Arenas 19N,39.235,-123.974,0,,,5,[]
46015,,,,,Port Oxford 16W,42.764,-124.832,0,,US,8,[]
46022,,,,,Eel River,40.724,-124.578,0,,US,8,[]
46025,,,,,Santa Monica 33WSW,33.749,-119.053,0,,US,8,[]
46026,,,,,San Francisco 18W,37.759,-122.833,0,,US,8,[]
46027,,,,,Crescent City 8NW,41.85,-124.381,0,,US,8,[]
46028,,,,,Morro Bay 55WNW,35.741,-121.884,0,,,8,[]
46029,,,,,Columbia River 20W,46.144,-124.51,0,,US,8,[]
46035,,,,,Bering Sea 310N Adak,57.067,-177.75,0,,,1,[]
46036,,,,,South Nomad,48.351,-133.94,0,,CA,1,[]
46041,,,,,Cape Elizabeth,47.353,-124.731,0,,US,8,[]
46042,,,,,Monterey Bay 27W,36.785,-122.469,0,,,8,[]
46047,,,,,Tanner Bank,32.403,-119.536,0,,,8,[]
46050,,,,,Stonewall Bank,44.639,-124.534,0,,US,8,[]
46053,,,,,E Santa Barbara,34.248,-119.841,0,,US,8,[]
46054,,,,,Santa Barbara 38W,34.274,-120.459,0,,US,8,[]
46059,,,,,San Francisco 357W,38.047,-129.969,0,,US,1,[]
46060,,,,,W Orca Bay,60.593,-146.818,0,AK,US,8,[]
46061,,,,,Seal Rocks,60.233,-146.834,0,,US,3,[]
46069,,,,,S Santa Rosa Island,33.67,-120.2,0,,US,8,[]
46070,,,,,SW Bering Sea,55.083,175.27,0,,,3,[]
46071,,,,,West Aleutians,51.141,179.119,0,,US,8,[]
46072,,,,,Central Aleutians 23,51.663,-172.162,0,AK,US,8,[]
46075,,,,,Shumagin Islands,53.911,-160.806,0,AK,US,3,[]
46076,,,,,Cape Cleare,59.498,-147.983,4,AK,US,8,[]
46077,,,,,Shelikof Strait,57.892,-154.291,0,,US,4,[]
46078,,,,,Albatross Bank,55.99,-152.64,0,AK,US,3,[]
46080,,,,,Northwest Gulf 57,58.036,-149.985,0,AK,US,3,[]
46081,,,,,West Prince Williams,60.803,-148.263,4,AK,US,8,[]
46082,,,,,Cape Suckling,59.688,-143.399,0,,US,3,[]
46083,,,,,Fairweather Grounds,58.237,-137.986,0,,US,8,[]
46084,,,,,Cape Edgecumbe Bouy,56.612,-136.065,0,,US,8,[]
46085,,,,,Central Gulf of Alaska,55.868,-142.492,0,,US,1,[]
46086,,,,,San Clemente Basin,32.491,-118.034,0,,,8,[]
46087,,,,,Neah Bay,48.494,-124.728,0,,US,8,[]
46088,,,,,New Dungeness,48.333,-123.167,4,WA,US,8,[]
46089,,,,,Tillamook 85WNW,45.889,-125.83,0,,US,3,[]
46092,,,,,Monterey Bay,36.75,-122.02,0,,,8,[]
46094,,,,,Newport West,44.633,-124.304,0,,US,8,[]
46096,,,,,Columbia River Entrance,46.173,-124.127,0,,US,8,[]
46108,,,,,Central Cook Inlet,59.76,-152.09,0,,US,8,[]
46109,,,,,Port Angeles Bouy,48.123,-123.395,0,,US,8,[]
46110,,,,,Sequim Bouy,48.115,-123.032,0,,US,8,[]
46111,,,,,Fort Worden Bouy,48.131,-122.748,0,,US,8,[]
46112,,,,,Marrowstone Bouy,48.1,-122.73,2,,US,8,[]
46113,,,,,Poulsbo Bouy,47.73,-122.646,0,,US,8,[]
46114,,,,,W Monterey Bay,36.71,-122.342,0,CA,US,8,[]
46121,,,,,Carr Inlet,47.28,-122.73,0,,US,8,[]
46122,,,,,Dabob Bay,47.803,-122.803,0,,US,8,[]
46131,,,,,Sentry Shoal,49.91,-124.99,0,,CA,8,[]
46132,,,,,South Brooks,49.74,-127.93,0,,CA,5,[]
46145,,,,,Central Dixon Entrance,54.37,-132.42,0,,CA,8,[]
46146,,,,,Halibut Bank,49.34,-123.73,0,,CA,8,[]
46147,,,,,South Moresby,51.83,-131.22,0,,CA,8,[]
46181,,,,,Nanakwa Shoal,53.83,-128.83,0,,CA,4,[]
46183,,,,,North Hecate Strait,53.62,-131.1,0,,CA,8,[]
46184,,,,,North Nomad,53.91,-138.85,0,,CA,1,[]
46185,,,,,South Hecate Strait,52.42,-129.79,0,,CA,3,[]
46204,,,,,West Sea Otter,51.37,-128.75,0,,CA,4,[]
46205,,,,,West Dixon,54.16,-134.28,0,,CA,4,[]
46206,,,,,La Perouse Bank,48.84,-126,0,,CA,8,[]
46207,,,,,East Dellwood,50.87,-129.92,0,,CA,3,[]
46208,,,,,West Moresby,52.52,-132.69,0,,CA,8,[]
46211,,,,,Grays Harbor,46.857,-124.244,0,,US,8,[]
46213,,,,,Cape Mendocino,40.294,-124.74,0,CA,US,5,[]
46214,,,,,Point Reyes,37.945,-123.47,0,CA,US,8,[]
46215,,,,,Diablo Canyon,35.204,-120.86,4,CA,US,8,[]
46216,,,,,Goleta Point,34.334,-119.804,0,,US,8,[]
46218,,,,,Harvest,34.451,-120.769,0,CA,US,8,[]
46219,,,,,San Nicolas Island,33.221,-119.882,0,CA,US,8,[]
46221,,,,,Santa Monica Bay,33.854,-118.633,0,CA,US,8,[]
46222,,,,,San Pedro,33.618,-118.317,0,,US,8,[]
46223,,,,,Dana Point,33.458,-117.767,0,,US,8,[]
46224,,,,,Oceanside Offshore,33.179,-117.471,0,,US,8,[]
46225,,,,,Torrey Pines Outer,32.93,-117.393,0,,US,8,[]
46229,,,,,Umpqua Offshore,43.769,-124.551,0,OR,US,8,[]
46231,,,,,Mission Bay,32.748,-117.37,0,,US,8,[]
46232,,,,,Point Loma South,32.53,-117.431,0,,US,8,[]
46236,,,,,Monterey Canyon Outer,36.761,-121.947,0,CA,US,8,[]
46237,,,,,San Francisco Bar,37.781,-122.599,0,,US,8,[]
46238,,,,,San Nicolas Isl North,33.499,-119.49,0,CA,US,8,[]
46239,,,,,Point Sur,36.338,-122.101,0,CA,US,8,[]
46240,,,,,Cabrillo Point,36.626,-121.907,0,,US,8,[]
46242,,,,,Camp Pendleton Nearshore,33.22,-117.44,0,CA,US,8,[]
46243,,,,,Clatsop Spit,46.216,-124.128,0,OR,US,8,[]
46244,,,,,Humboldt Bay,40.888,-124.356,0,CA,US,8,[]
46246,,,,,Ocean Station,49.985,-145.089,0,,,1,[]
46247,,,,,San Francisco Offshore,37.753,-122.833,0,CA,US,8,[]
46248,,,,,Astoria Canyon,46.133,-124.667,0,,US,8,[]
46249,,,,,Santa Cruz Island South,33.821,-119.708,0,,US,8,[]
48213,,,,,Burger,71.758,-167.95,4,,,8,[]
48214,,,,,Klondike,70.871,-165.246,4,AK,US,8,[]
51000,,,,,N Hawaii,23.546,-154.056,0,,US,8,[]
51002,,,,,SW Hawaii,17.094,-157.808,0,,US,8,[]
51003,,,,,W Hawaii,19.018,-160.582,0,,US,1,[]
51004,,,,,SE Hawaii,17.525,-152.382,0,,US,8,[]
51100,,,,,Northern Hawaii,23.558,-153.9,0,,US,8,[]
51101,,,,,NW Hawaii,24.321,-162.058,0,,US,1,[]
51169,,,,,Jarvis Island,-0.379,-159.978,0,,,8,[]
51181,,,,,American Somoa,-14.363,-170.764,0,,,8,[]
51201,,,,,Waimea Bay,21.673,-158.116,0,,US,8,[]
51205,,,,,Pauwela,21.019,-156.427,0,HI,US,8,[]
51206,,,,,Hilo,19.78,-154.97,0,,US,8,[]
52200,,,,,Guam/Ipan,13.354,144.789,0,,,8,[]
52202,,,,,Ritidian Point,13.683,144.812,4,,GT,8,[]
52211,,,,,"Tanapag,Saipan",15.267,145.662,4,,US,8,[]
52243,,,,,Wake Island,19.308,166.622,0,,,8,[]
52245,,,,,Pagan Islana,18.127,145.757,0,,,8,[]
61001,,,,,Nice Bouy,43.4,7.8,0,,FR,5,[]
61002,,,,,Lion Buoy,42.1,4.7,4,,,3,[]
62001,,,,,Gascogne Bouy,45.2,-5.5,0,,GB,2,[]
62023,,,,,Bouy,51.37,-7.95,0,,,5,[]
62027,,,,,Jersey 5S,49.082,-2.218,0,,GB,6,[]
62028,,,,,Weymouth Bay,50.59,-2.3,0,,GB,5,[]
62029,,,,,K1 Bouy,48.7,-12.4,0,,GB,2,[]
62050,,,,,BUOY,50,4.4,0,,,8,[]
62081,,,,,K2 Bouy,51,-13.3,0,,GB,1,[]
62086,,,,,UNK,-99.99,-99.99,9999,,,8,[]
62095,,,,,M6 West Coast,53.056,-15.924,0,,GB,2,[]
62102,,,,,Bouy,52.7,2.3,0,,,8,[]
62103,,,,,Channel Lightship,49.9,-2.9,0,,GB,4,[]
62104,,,,,Bouy,50.7,0.4,0,,,3,[]
62105,,,,,K4 Bouy,55.4,-12.2,0,,GB,1,[]
62107,,,,,Sevenstones Lightship,50.103,-6.1,0,,GB,5,[]
62111,,,,,Bouy,58.9,-0.2,0,,,1,[]
62112,,,,,Bouy,58.7,1.3,0,,,8,[]
62113,,,,,Bouy,58.4,0.3,0,,,8,[]
62114,,,,,Bouy,58.7,1.1,0,,,8,[]
62116,,,,,Bouy,58.1,1.8,0,,,8,[]
62117,,,,,Bouy,57.9,0.1,0,,,8,[]
62118,,,,,Bouy,57.7,0.9,0,,,8,[]
62119,,,,,Bouy,57.4,1.3,0,,,2,[]
62120,,,,,Bouy,60.9,0.9,0,,,8,[]
62121,,,,,Bouy,53.5,2.7,0,,,8,[]
62122,,,,,Bouy,56.5,2.02,0,,,8,[]
62123,,,,,Bouy,56.1,2.7,0,,,4,[]
62125,,,,,OIL,53.8,-3.5,0,,,8,[]
62126,,,,,OIL,53.9,-3.6,0,,,8,[]
62127,,,,,Bouy,53.5,2.2,0,,,8,[]
62128,,,,,Bouy,53.4,2.3,0,,,8,[]
62129,,,,,Bouy,53.1,2.2,0,,,8,[]
62130,,,,,OIL,53,1.7,0,,,8,[]
62131,,,,,Bouy,58.1,0.1,0,,,8,[]
62132,,,,,Bouy,56.5,2.1,0,,,8,[]
62133,,,,,Buoy,-99.99,-99.99,9999,,,8,[]
62134,,,,,Bouy,57.2,1.2,0,,,8,[]
62135,,,,,OIL,54,3.8,0,,,8,[]
62140,,,,,Bouy,57,2.1,0,,,4,[]
62141,,,,,Buoy,-99.99,-99.99,9999,,,8,[]
62142,,,,,Bouy,56.8,1.7,0,,,8,[]
62143,,,,,Bouy,58.3,0.4,0,,,8,[]
62144,,,,,Bouy,58,6,0,,,8,[]
62145,,,,,Bouy,58.8,1.4,0,,,8,[]
62146,,,,,Bouy,58.1,1.1,0,,,8,[]
62147,,,,,Buoy,-99.99,-99.99,9999,,,8,[]
62148,,,,,Bouy,58.2,-1.8,0,,,3,[]
62149,,,,,Buoy,53.7,1.1,4,,,8,[]
62150,,,,,Bouy,53.6,0.7,0,,,8,[]
62152,,,,,Bouy,54.2,2.4,0,,,8,[]
62153,,,,,UNK,-99.99,-99.99,9999,,,8,[]
62154,,,,,Buoy,-99.99,-99.99,9999,,,8,[]
62155,,,,,Bouy,58.1,-3.1,0,,,8,[]
62163,,,,,Brittany Buoy,47.5,-8.5,3,,GB,2,[]
62164,,,,,North Sea,57.201,0.5,0,,,8,[]
62165,,,,,Buoy,54,1.1,4,,,8,[]
62170,,,,,UNK,-99.99,-99.99,9999,,,8,[]
62301,,,,,Aberporth Bouy,52.3,-4.5,0,,GB,4,[]
62303,,,,,Bouy,51.08,-5,0,,,5,[]
62304,,,,,Sandettie Lightship,51.1,1.8,4,,GB,8,[]
62305,,,,,Greenwich Lightship,50.4,0,4,,GB,4,[]
63055,,,,,Buoy,-99.99,-99.99,9999,,,8,[]
63056,,,,,Buoy,-99.99,-99.99,9999,,,8,[]
63057,,,,,Buoy,-99.99,-99.99,9999,,,8,[]
63101,,,,,Bouy,61.3,1.7,0,,,8,[]
63103,,,,,Bouy,61.1,1.1,0,,,8,[]
63104,,,,,Bouy,61.3,1.6,0,,,8,[]
63105,,,,,Bouy,61.1,1.7,0,,,8,[]
63106,,,,,Bouy,53.5,2,0,,,8,[]
63107,,,,,Bouy,60.8,1.4,0,,,8,[]
63108,,,,,Bouy,60.13,1.7,0,,,8,[]
63109,,,,,Bouy,59.6,1.5,0,,,8,[]
63110,,,,,Bouy,59.5,1.5,0,,,8,[]
63112,,,,,Bouy,61.98,1,0,,,3,[]
63113,,,,,Bouy,59.1,1.4,0,,,8,[]
63114,,,,,Buoy,-99.99,-99.99,9999,,,8,[]
63115,,,,,Bouy,58.4,-5.6,0,,,8,[]
63116,,,,,Buoy,-99.99,-99.99,9999,,,8,[]
63117,,,,,Bouy,60.7,1.7,0,,,8,[]
63118,,,,,Buoy,-99.99,-99.99,9999,,,8,[]
64041,,,,,Bouy,60.5,-2.9,0,,,3,[]
64045,,,,,K5 Bouy,59.1,-11.4,0,,GB,1,[]
64046,,,,,Buoy,60.7,-4.5,4,,GB,8,[]
64049,,,,,Buoy,-99.99,-99.99,9999,,,8,[]
AAMC1,,,,,Alameda,37.772,-122.298,6,CA,US,8,[]
ABAN6,,,,99456,Alexandria Bay,44.333,-75.933,76,NY,US,9,[]
ABANG,ABANG,,,99455,Alexandria Bay,44.55,-75.93,76,NY,US,9,[]
ACXS1,,,,,ACE Basin Reserve,32.559,-80.454,8,SC,US,8,[]
ACYN4,,,,,Atlantic City,39.355,-74.418,6,NJ,US,8,[]
ADKA2,,,,,Adak Island,51.863,-176.632,6,AK,US,8,[]
AGCM4,,,,,Algonac,42.621,-82.527,174,MI,US,8,[]
AGGA,AGGA,AKS,,,Auki Arpt,-8.703,160.682,2,,SB,3,['TAF']
AGGC,AGGC,CHY,,,Choiseul Bay Arpt,-6.712,156.396,1,CH,SB,3,"['METAR', 'TAF']"
AGGH,AGGH,HIR,,91520,Honiara/Henderson Arpt,-9.43,160.047,6,GU,SB,0,"['METAR', 'TAF']"
AGGK,AGGK,IRA,,,Kirakira Arpt,-10.45,161.898,23,,SB,3,['TAF']
AGGL,AGGL,SCZ,,91541,Santa Cruz,-10.719,165.798,7,TE,SB,3,"['METAR', 'TAF']"
AGGM,AGGM,MUA,,91503,Munda Arpt,-8.327,157.263,6,WE,SB,2,"['METAR', 'TAF']"
AGGN,AGGN,GZO,,,Nusatupe/Gizo Arpt,-8.098,156.864,4,,SB,5,['TAF']
AGGR,AGGR,RNL,,,Rennell Tingoa Arpt,-11.55,160.063,11,,SB,3,['TAF']
AGMW3,,,,,Algoma City,44.61,-87.43,179,WI,US,8,[]
AGXC1,,,,,CMAN,-99.99,-99.99,9999,,,8,[]
AJXA2,,,,,CMAN,-99.99,-99.99,9999,,,8,[]
AKXA2,,,,,CMAN,-99.99,-99.99,9999,,,8,[]
ALIA2,,,,,Alitak,56.898,-154.247,6,AK,US,7,[]
ALRF1,,,,99431,Alligator Reef,24.9,-80.6,0,FL,US,9,[]
ALSN6,,,,99410,Ambrose Light,40.45,-73.8,0,NY,US,9,[]
ALXN6,,,,,Alexandria Bay,44.33,-75.933,76,NY,US,8,[]
AMAA2,,,,,East Amatuli Light,58.915,-151.952,33,AK,US,4,[]
AMRL1,,,,,Amerada Pass,29.45,-91.338,6,LA,US,8,[]
ANAU,ANAU,,,,Nauru Island,-0.53,166.92,6,,NR,9,[]
ANCF1,,,,,Anclote Gulf Park,28.193,-82.789,0,FL,US,8,[]
ANMF1,,,,,Anna Maria,27.538,-82.739,7,FL,US,8,[]
ANMN6,,,,,Hudson River Reserve,42.018,-73.917,4,NY,US,5,[]
ANPT2,,,,,CMAN,-99.99,-99.99,9999,,,8,[]
ANTA2,,,,,Anchorage,61.238,-149.89,0,AK,US,8,[]
ANVC1,,,,,Arena Cove,38.913,-123.708,0,CA,US,8,[]
ANYN,ANYN,INU,,,Nauru Intl,-0.547,166.919,7,,NR,1,"['METAR', 'TAF']"
APAM2,,,,,Annapolis,38.983,-76.48,0,MD,US,8,[]
APCF1,,,,,Apalachicola,29.727,-84.982,4,FL,US,8,[]
APMA2,,,,,CMAN,-99.99,-99.99,9999,,,8,[]
APNM4,,,,,Alpena Harbor,45.06,-83.424,177,MI,US,8,[]
APRP7,,,,,Apra Harbor,13.442,144.653,4,,GT,8,[]
APXA2,,,,,CMAN,-99.99,-99.99,9999,,,8,[]
APXF1,,,,,Apalachicola Reserve,29.791,-84.883,0,FL,US,8,[]
AROP4,,,,,Arecibo,18.48,-66.703,3,,PR,8,[]
ARPF1,,,,,Aripeka,28.433,-82.667,0,FL,US,8,[]
ASBO1,,,,,CMAN,-99.99,-99.99,9999,,,8,[]
ASTO3,,,,,Astoria,46.208,-123.767,7,OR,US,8,[]
ATGM1,,,,,Bar Harbor,44.392,-68.205,3,ME,US,8,[]
ATKA2,,,,,Atka,52.232,-174.173,0,AK,US,8,[]
AUDP4,,,,,Aquadilla,18.458,-67.164,3,,PR,8,[]
AUGA2,,,,,Augustine Island,59.378,-153.348,10,AK,US,4,[]
AWRT2,,,,,CMAN,-99.99,-99.99,9999,,,8,[]
AYGN,AYGN,GUR,,,Alotau/Gurney Arpt,-10.311,150.334,22,MB,PG,3,"['METAR', 'TAF']"
AYMD,AYMD,MAG,,92014,Madang,-5.22,145.78,3,,PG,9,"['METAR', 'TAF']"
AYMH,AYMH,HGU,,,Mt Hagan Arpt,-5.831,144.3,1634,WH,PG,3,"['METAR', 'TAF']"
AYMO,AYMO,MAS,,,Manus Isl/Momote Arpt,-2.061,147.425,5,MN,PG,1,"['METAR', 'TAF']"
AYNZ,AYNZ,LAE,,92047,Nadzab Arpt,-6.568,146.727,74,MR,PG,2,"['METAR', 'TAF']"
AYPY,AYPY,POM,,92035,Port Moresby Intl,-9.443,147.216,44,NC,PG,1,"['METAR', 'TAF']"
AYVN,AYVN,VAI,,,Vanimo Arpt,-2.687,141.298,2,SA,PG,3,"['METAR', 'TAF']"
AYWK,AYWK,WWK,,92004,Wewak Arpt,-3.581,143.668,2,ES,PG,1,"['METAR', 'TAF']"
AZUH,AZUH,,,,Nakhchivan Intl,39.191,45.453,863,NV,AZ,7,['METAR']
AZUU,AZUU,,,,UNK,-99.99,-99.99,9999,,,9,[]
BABT2,,,,,Baffin Bay,27.301,-97.416,0,TX,US,8,[]
BARA9,,,,,Barbuda,17.591,-61.821,4,,KN,8,[]
BARN6,,,,,Barcelona Harbor,42.346,-79.596,174,NY,US,8,[]
BATN6,,,,,Battery,40.7,-74.015,3,NY,US,8,[]
BAXC1,,,,,CMAN,-99.99,-99.99,9999,,,8,[]
BBNF1,,,,,CMAN,-99.99,-99.99,9999,,,8,[]
BBSF1,,,,,CMAN,-99.99,-99.99,9999,,,8,[]
BDRN4,,,,,Burlington/Delaware,40.082,-74.872,4,NJ,US,7,[]
BDSP1,,,,,CMAN,-99.99,-99.99,9999,,,8,[]
BDVF1,,,,,CMAN,-99.99,-99.99,9999,,,8,[]
BDXC1,,,,,CMAN,-99.99,-99.99,9999,,,8,[]
BEPB6,,,,,Bermuda Esso Pier,32.373,-64.703,3,,BM,8,[]
BEXA2,,,,,CMAN,-99.99,-99.99,9999,,,8,[]
BFTN7,,,,,Beaufort,34.72,-76.67,4,NC,US,8,[]
BGAA,BGAA,JEG,,,Aasiaat Arpt,68.721,-52.784,27,,GL,4,"['METAR', 'TAF']"
BGAM,BGAM,,,04360,Tasiilaq,65.612,-37.618,18,KJ,GL,9,"['METAR', 'TAF']"
BGAS,BGAS,,,04285,Angisoq,59.988,-45.173,30,KJ,GL,9,['METAR']
BGAT,BGAT,,,04351,Aputiteeq,67.783,-32.285,9,SM,GL,9,['METAR']
BGBW,BGBW,UAK,,04270,Narssarssuaq Arpt,61.164,-45.42,49,KJ,GL,0,"['METAR', 'TAF']"
BGCF1,,,,,Big Carlos Pass,26.404,-81.881,0,FL,US,8,[]
BGCO,BGCO,CNP,,04341,Constable Pynt/Inaat Arpt,70.741,-22.642,52,SM,GL,1,"['METAR', 'TAF']"
BGDB,BGDB,,,04330,Daneborg,74.299,-20.22,7,,GL,9,['METAR']
BGDH,BGDH,,,04320,Danmarkshavn,76.767,-18.667,12,,GL,9,['METAR']
BGEM,BGEM,,,04220,Egedesminde,68.72,-52.794,1,AV,GL,9,['METAR']
BGFH,BGFH,,,,Frederikshaab,62.013,-49.669,48,SM,GL,9,['METAR']
BGGD,BGGD,,,,Groennedal,61.222,-48.111,29,,GL,9,['METAR']
BGGH,BGGH,GOH,,,Godthab/Nuuk Arpt,64.191,-51.677,76,SM,GL,1,"['METAR', 'TAF']"
BGHB,BGHB,,,,Holsteinsborg,66.92,-53.67,9,,GL,9,['METAR']
BGJH,BGJH,,,04272,Julianehaab,60.716,-46.029,14,KJ,GL,9,['METAR']
BGJN,BGJN,JAV,,,Ilulissat Arpt,69.24,-51.064,22,AV,GL,2,"['METAR', 'TAF']"
BGKK,BGKK,KUS,,04361,Kulusuk Arpt,65.575,-37.133,37,SM,GL,1,"['METAR', 'TAF']"
BGKT,BGKT,,,,Uunarted,70.42,-21.97,41,,GL,9,['METAR']
BGMQ,BGMQ,JSU,,,Maniitsoq Arpt,65.412,-52.934,21,QQ,GL,3,"['METAR', 'TAF']"
BGNN4,,,,,Bergen Point West Reach,40.64,-74.147,9,NJ,US,8,[]
BGNN6,,,,,CMAN,-99.99,-99.99,9999,,,8,[]
BGPC,BGPC,,,04390,Prins Christian,60.055,-43.165,75,SM,GL,9,['METAR']
BGPT,BGPT,JFR,,,Paamiut Arpt,62.013,-49.669,48,SM,GL,3,"['METAR', 'TAF']"
BGQQ,BGQQ,NAQ,,,Qaanaaq Arpt,77.486,-69.375,17,AV,GL,1,"['METAR', 'TAF']"
BGSC,BGSC,,,04339,Scoresbysund,70.488,-21.972,71,SM,GL,9,['METAR']
BGSF,BGSF,SFJ,,04231,Stroemfjord Arpt,67.013,-50.718,75,QQ,GL,0,"['METAR', 'TAF']"
BGSS,BGSS,JHS,,,Sisimiut Arpt,66.951,-53.723,34,QQ,GL,3,"['METAR', 'TAF']"
BGTL,BGTL,THU,,04202,Thule,76.527,-68.758,79,AV,GL,3,"['METAR', 'TAF']"
BGUK,BGUK,JUV,,,Upernavik Arpt,72.798,-56.129,12,AV,GL,0,"['METAR', 'TAF']"
BGUQ,BGUQ,JQA,,,Uummanaq Arpt,70.733,-52.695,112,AV,GL,3,"['METAR', 'TAF']"
BGXN3,,,,,Great Bay Reserve,43.059,-70.83,3,NH,US,8,[]
BHBM3,,,,,Boston,42.355,-71.052,0,MA,US,8,[]
BHRI3,,,,,Burns Harbor,41.647,-87.147,180,IN,US,8,[]
BIAR,BIAR,AEY,,04063,Akureyri Arpt,65.655,-18.069,1,NE,IS,3,"['METAR', 'TAF']"
BIBD,BIBD,BIU,,,Bildudalur Arpt,65.645,-23.543,10,VF,IS,4,"['METAR', 'TAF']"
BIEG,BIEG,EGS,,04089,Egilsstaðir Arpt,65.275,-14.409,20,E,IS,1,"['METAR', 'TAF']"
BIGJ,BIGJ,GJR,,,Gjögur Arpt,65.994,-21.329,32,,IS,3,"['METAR', 'TAF']"
BIGM4,,,,,Big Bay,46.83,-87.73,185,MI,US,8,[]
BIGR,BIGR,GRY,,04065,Grímsey Arpt,66.548,-18.02,35,NE,IS,4,"['METAR', 'TAF']"
BIHN,BIHN,HFN,,04082,Höfn/Hornafjörður Arpt,64.301,-15.227,8,E,IS,4,"['METAR', 'TAF']"
BIHU,BIHU,HZK,,,Huasij Arpt,65.952,-17.426,15,HO,IS,6,"['METAR', 'TAF']"
BIIS,BIIS,IFJ,,,Ísafjörður Arpt,66.056,-23.143,3,VF,IS,3,"['METAR', 'TAF']"
BIKF,BIKF,KEF,,04018,Keflavik Intl,63.987,-22.614,49,SP,IS,0,"['METAR', 'TAF']"
BIRG,BIRG,RFN,,04077,Raufarhofn,66.45,-15.95,10,,IS,9,['METAR']
BIRK,BIRK,RKV,,04030,Reykjavik Arpt,64.129,-21.941,12,HO,IS,6,"['METAR', 'TAF']"
BISM2,,,,,Bishop Head,38.22,-76.038,4,MD,US,8,[]
BIST,BIST,SYK,,04013,Stykkisholmur,65.074,-22.734,13,VL,IS,9,['METAR']
BITN,BITN,THO,,,Þórshöfn Arpt,66.218,-15.336,20,NE,IS,3,"['METAR', 'TAF']"
BIVM,BIVM,VEY,,04048,Vestmannaeyjar Arpt,63.424,-20.278,93,S,IS,4,"['METAR', 'TAF']"
BIVO,BIVO,VPN,,04085,Vopnafjörður Arpt,65.72,-14.85,3,E,IS,4,"['METAR', 'TAF']"
BKBF1,,,,,CMAN,-99.99,-99.99,9999,,,8,[]
BKPR,BKPR,PRN,,,Pristina Intl,42.576,21.03,545,PR,XK,4,"['METAR', 'TAF']"
BKTL1,,,,,Lake Charles Bulk Te,30.194,-93.296,-1,LA,US,8,[]
BKYF1,,,,,CMAN,-99.99,-99.99,9999,,,8,[]
BLIA2,,,,,Bligh Reef Light,60.84,-146.88,0,AK,US,5,[]
BLIF1,,,,,St Johns River,30.393,-81.523,0,FL,US,8,[]
BLTA2,,,,,Bartlett Cove,58.455,-135.888,5,AK,US,8,[]
BLTM2,,,,,Baltimore,39.267,-76.578,4,MD,US,8,[]
BLTM3,,,,,Bordens Flat Light,41.705,-71.173,0,MA,US,8,[]
BMTW1,,,,,CMAN,-99.99,-99.99,9999,,,8,[]
BNKF1,,,,,CMAN,-99.99,-99.99,9999,,,8,[]
BOBF1,,,,,CMAN,-99.99,-99.99,9999,,,8,[]
BRHC3,,,,,Bridgeport,41.173,-73.182,4,CT,US,8,[]
BRND1,,,,,Brandywine Shoal Light,38.987,-75.113,0,DE,US,8,[]
BSBM4,,,,,Big Sable Point,44.055,-86.514,184,MI,US,8,[]
BSCA1,,,,,CMAN,-99.99,-99.99,9999,,,8,[]
BSLM2,,,,,CMAN,-99.99,-99.99,9999,,,8,[]
BUFN6,,,,,Buffalo,42.877,-78.89,178,NY,US,8,[]
BURL1,,,,99401,Southwest Pass,28.905,-89.428,0,LA,US,4,[]
BUZM3,,,,99414,Buzzards Bay,41.397,-71.033,0,MA,US,6,[]
BYGL1,,,,,Bayou Gauche,29.789,-90.42,9,LA,US,5,[]
BZBM3,,,,,Woods Hole,41.523,-70.672,0,MA,US,8,[]
BZST2,,,,,CMAN,-99.99,-99.99,9999,,,8,[]
CAHR,CAHR,,,71350,Harrington,46.344,-63.17,52,PE,CA,6,['METAR']
CAMF1,,,,,Campbell Park,27.765,-82.649,0,FL,US,8,[]
CAMM2,,,,,Cambridge,38.573,-76.068,6,MD,US,8,[]
CANF1,,,,,CMAN,-99.99,-99.99,9999,,,8,[]
CAPL1,,,,,Calcasieu Pass,29.768,-93.343,6,LA,US,8,[]
CARL1,,,,,Carrollton,29.933,-90.136,4,LA,US,8,[]
CARO3,,,,99424,Cape Arago ,43.342,-124.375,18,OR,US,5,[]
CASM1,,,,,Portland,43.657,-70.247,0,ME,US,8,[]
CBAR,CBAR,,,,Nicholson Peninsula,69.926,-128.973,88,NT,CA,4,[]
CBBC,CBBC,ZEL,,71582,Bella Bella Arpt,52.181,-128.154,36,BC,CA,3,"['METAR', 'TAF']"
CBBV2,,,,,Chesapeake Bay Bridge,36.967,-76.113,13,VA,US,8,[]
CBLO1,,,,,Conneaut Breakwater Light,41.981,-80.555,177,OH,US,8,[]
CBRW3,,,,,Chambers Island,45.198,-87.36,180,WI,US,8,[]
CDEA2,,,,,Cape Decision,56.002,-134.133,15,AK,US,8,[]
CDRF1,,,,,Cedar Key,29.136,-83.029,2,FL,US,4,[]
CDXA2,,,,,CMAN,-99.99,-99.99,9999,,,8,[]
CECC1,,,,,Crescent City,41.745,-124.183,5,CA,US,8,[]
CERM,CERM,,,71590,Edmundston,47.417,-68.325,151,NB,CA,6,['METAR']
CFOX,CFOX,,,,UNK,-99.99,-99.99,9999,,CA,8,[]
CFWM1,,,,,Cutler Ferris Wharf,44.657,-67.21,15,ME,US,8,[]
CHAO3,,,,,Charleston,43.345,-124.322,10,OR,US,8,[]
CHAV3,,,,,Charlotte Amalie,18.335,-64.92,0,,VI,8,[]
CHBV2,,,,,CMAN,-99.99,-99.99,9999,,,8,[]
CHCM2,,,,,Chesapeake City,39.527,-75.81,0,MD,US,8,[]
CHDS1,,,,,Strom Thurmond Dam,33.662,-82.2,116,SC,US,8,[]
CHII2,,,,,Chicago,42,-87.5,176,IL,US,8,[]
CHLV2,,,,,Chesapeake ,36.91,-75.71,0,VA,US,5,[]
CHNO3,,,,,South Slough Reserve,43.345,-124.329,11,OR,US,8,[]
CHSV3,,,,,Christiansted Harbor,17.748,-64.699,6,,VI,8,[]
CHTM3,,,,,CMAN,-99.99,-99.99,9999,,,8,[]
CHTS1,,,,,Charleston,32.782,-79.925,4,SC,US,8,[]
CHYV2,,,,,Cape Henry,36.93,-76.007,0,VA,US,8,[]
CHYW1,,,,,Cherry Point,48.863,-122.758,8,WA,US,8,[]
CKYF1,,,,,CMAN,-99.99,-99.99,9999,,,8,[]
CLAB,CLAB,,,,UNK,-99.99,-99.99,9999,,CA,8,[]
CLBF1,,,,,CMAN,-99.99,-99.99,9999,,,8,[]
CLBP4,,,,,Culebra,18.301,-65.302,2,,PR,8,[]
CLKN7,,,,99416,Cape Lookout,34.622,-76.525,5,NC,US,4,[]
CLSM4,,,,,St Clair Shores,42.471,-82.877,175,MI,US,8,[]
CMFM,CMFM,,,71212,Fort Montmorency,47.323,-71.148,663,QC,CA,6,['METAR']
CMGB,CMGB,,,,Granby,45.373,-72.774,87,QC,CA,5,['METAR']
CMTI2,,,,,Calumet,41.73,-87.538,179,IL,US,8,[]
CNBF1,,,,,CMAN,-99.99,-99.99,9999,,,8,[]
CNDO1,,,,,Cleveland,41.54,-81.635,175,OH,US,8,[]
CNII2,,,,,Northerly Island,41.856,-87.609,180,IL,US,8,[]
COVM2,,,,,Cove Point LNG Pier,38.404,-76.386,4,MD,US,8,[]
CPBT,CPBT,,,71517,Blood Tribe AG,49.543,-113.049,998,AB,CA,6,['METAR']
CPEH,CPEH,,,71518,Enchant,50.172,-112.438,814,AB,CA,5,['METAR']
CPFI,CPFI,,,71535,Fincastle,49.805,-112.037,804,AB,CA,5,['METAR']
CPIN,CPIN,,,,Bernard Harbour,68.755,-114.94,62,NU,CA,4,['METAR']
CPIR,CPIR,,,71528,Iron Springs,49.901,-112.745,895,AB,CA,5,['METAR']
CPMW1,,,,,CMAN,-99.99,-99.99,9999,,,8,[]
CPNT2,,,,,Copano Bay,28.118,-97.022,4,TX,US,8,[]
CPNW1,,,,,CMAN,-99.99,-99.99,9999,,,8,[]
CPRO,CPRO,,,71537,Rosemary,50.826,-112.06,733,AB,CA,5,['METAR']
CPRY,CPRY,,,71536,Raymond,49.488,-112.674,947,AB,CA,6,['METAR']
CPST,CPST,,,71526,Strathmore,51.02,-113.27,1005,AB,CA,5,['METAR']
CPSV,CPSV,,,71525,Seven Persons,49.92,-110.915,766,AB,CA,6,['METAR']
CPTR1,,,,,Conimicut Light,41.717,-71.343,4,RI,US,8,[]
CPVM2,,,,,CMAN,-99.99,-99.99,9999,,,8,[]
CPXA2,,,,,CMAN,-99.99,-99.99,9999,,,8,[]
CPXC1,,,,,Cal Poly Pier,35.17,-120.741,0,CA,US,8,[]
CPXL,CPXL,,,71519,Bow Island North,49.866,-111.386,801,AB,CA,6,['METAR']
CQUC1,,,,,CMAN,-99.99,-99.99,9999,,,8,[]
CRTA1,,,,,Cedar Point,30.308,-88.14,6,AL,US,8,[]
CRVA2,,,,,Cordova,60.577,-145.755,12,AK,US,6,[]
CRYV2,,,,,South Craney Island,36.888,-76.338,4,VA,US,8,[]
CSBF1,,,,99436,Cape San Blas,29.67,-85.37,2,FL,US,9,[]
CSPA2,,,,,Cape Spencer,58.199,-136.639,25,AK,US,8,[]
CSXA2,,,,,CMAN,-99.99,-99.99,9999,,,8,[]
CTCK,CTCK,,,,Moose Creek,45.251,-74.963,84,ON,CA,5,['METAR']
CTNK,CTNK,,,71581,Algonquin Park/East,45.533,-78.266,405,ON,CA,5,['METAR']
CTPP,CTPP,,,,Camp Canargus,18.57,-72.31,38,,HT,9,['METAR']
CTRA,CTRA,,,,Rawson Lake,49.664,-93.733,432,ON,CA,5,['METAR']
CWAB,CWAB,,,,Trowbridge ,48.3,-88.87,218,ON,CA,9,['METAR']
CWAC,CWAC,,,,Nitinat Lake ,48.67,-124.83,41,BC,CA,9,['METAR']
CWAD,CWAD,,,,Cape Mudge Light,49.999,-125.196,4,BC,CA,9,['METAR']
CWAE,CWAE,,,,Whistler,50.129,-122.955,658,BC,CA,4,['METAR']
CWAF,CWAF,,,71426,Ile Rouge,48.069,-69.556,6,QC,CA,6,['METAR']
CWAG,CWAG,,,71337,La Scie,49.917,-55.667,179,NL,CA,9,['METAR']
CWAH,CWAH,,,,Amherst ,45.85,-64.27,23,NS,CA,9,['METAR']
CWAJ,CWAJ,,,71465,Erieau ,42.256,-81.909,177,ON,CA,3,['METAR']
CWAN,CWAN,,,,Amphitrite Poin,48.922,-125.541,13,BC,CA,9,['METAR']
CWAQ,CWAQ,,,71516,Coronach,49.05,-105.483,761,SK,CA,6,['METAR']
CWAR,CWAR,,,71807,Argentia/Bristol Fld,47.294,-53.993,6,NL,CA,3,['METAR']
CWAS,CWAS,,,71211,Pam Rocks,49.488,-123.299,0,BC,CA,9,[]
CWAU,CWAU,,,,Dryad Point Light,52.18,-128.12,4,BC,CA,9,['METAR']
CWAV,CWAV,,,71248,Sundre Arpt,51.777,-114.681,1115,AB,CA,4,['METAR']
CWAX,CWAX,,,,Saint Anthony,51.39,-56.081,23,NL,CA,9,['METAR']
CWBA,CWBA,,,71732,Barrage Temiscaming,46.71,-79.101,181,QC,CA,6,['METAR']
CWBD,CWBD,,,71515,Indian Head,50.557,-103.652,582,SK,CA,9,['METAR']
CWBE,CWBE,,,71460,Killarney Arpt,45.978,-81.493,188,ON,CA,4,['METAR']
CWBF,CWBF,,,,Burgeo ,47.62,-57.63,12,NL,CA,9,['METAR']
CWBF1,,,,,Clearwater Beach,27.977,-82.832,6,FL,US,8,[]
CWBG,CWBG,,,,Big Creek,51.26,-123.092,1664,BC,CA,9,['METAR']
CWBI,CWBI,,,71615,Britt ,45.8,-80.53,190,ON,CA,9,['METAR']
CWBJ,CWBJ,,,71162,Inner Whaleback,61.921,-113.73,165,NT,CA,9,[]
CWBK,CWBK,,,71415,Caribou Pt,45.764,-62.681,2,NS,CA,3,['METAR']
CWBL,CWBL,,,,Bachelors Islan,51.75,-99.9,256,MB,CA,9,[]
CWBM,CWBM,,,71230,Beaverlodge,55.197,-119.397,745,AB,CA,9,['METAR']
CWBO,CWBO,,,71457,Brooks,50.55,-111.849,752,AB,CA,4,['METAR']
CWBR,CWBR,,,,Brown Lake,66.03,-91.83,31,NU,CA,9,['METAR']
CWBS,CWBS,,,71198,Lac St Pierre?,46.189,-72.916,3,QC,CA,5,['METAR']
CWBT,CWBT,,,71512,Longue Pt de Mingan,50.271,-64.226,12,QC,CA,5,['METAR']
CWBU,CWBU,,,71312,Nipawin Arpt,53.333,-104.005,369,SK,CA,3,['METAR']
CWBV,CWBV,,,71403,Beaver Island,44.825,-62.338,16,NS,CA,6,['METAR']
CWBY,CWBY,,,71810,Port Menier Arpt,49.839,-64.293,56,QC,CA,3,['METAR']
CWBZ,CWBZ,,,,St Anicet,45.121,-74.289,49,QC,CA,5,['METAR']
CWCB,CWCB,,,71712,St Anicet,45.117,-74.283,49,QC,CA,9,[]
CWCD,CWCD,,,,Saskatoon Kerne,52.15,-106.55,510,SK,CA,9,[]
CWCF,CWCF,,,71158,Berens River Arpt,52.36,-97.022,219,MB,CA,6,['METAR']
CWCH,CWCH,,,71747,Atikokan ,48.761,-91.628,380,ON,CA,9,['METAR']
CWCI,CWCI,,,71433,Caribou Isl,47.341,-85.807,167,ON,CA,5,['METAR']
CWCJ,CWCJ,,,71750,Pukaskwa Park,48.588,-86.295,207,ON,CA,4,['METAR']
CWCL,CWCL,,,,Clinton ,51.145,-121.505,1059,BC,CA,2,['METAR']
CWCM,CWCM,,,,Carberry Mcdc,49.906,-99.357,380,MB,CA,9,[]
CWCN,CWCN,,,,Malloch Dome Au,78.22,-101.05,12,NU,CA,9,[]
CWCO,CWCO,,,71270,Collingwood Arpt,44.5,-80.217,182,ON,CA,5,['METAR']
CWCQ,CWCQ,,,,Chatham ,47.011,-65.466,31,NB,CA,9,[]
CWCS,CWCS,,,,Cote-Ste-Cath M,45.42,-73.56,17,QC,CA,9,[]
CWCT,CWCT,,,71318,Coronation Arpt,52.074,-111.448,793,AB,CA,2,['METAR']
CWCU,CWCU,,,,Barrie ,44.38,-79.78,295,ON,CA,9,['METAR']
CWCV,CWCV,,,,Nootka LH,49.593,-126.615,14,BC,CA,9,['METAR']
CWCX,CWCX,,,,Clut Lake,66,-117.77,185,NT,CA,9,[]
CWCZ,CWCZ,,,,Addenbroke IL,51.604,-127.864,15,BC,CA,9,['METAR']
CWDA,CWDA,,,71417,Englee,50.721,-56.113,30,NL,CA,4,['METAR']
CWDB,CWDB,,,,Burwash ,61.37,-139.032,807,YT,CA,9,[]
CWDC,CWDC,,,71076,Uranium City Arpt,59.56,-108.487,311,SK,CA,3,['METAR']
CWDD,CWDD,,,,Belle River,42.297,-82.706,184,ON,CA,9,['METAR']
CWDE,CWDE,,,71520,Lac Benoit,51.532,-71.111,545,QC,CA,9,[]
CWDF,CWDF,,,,Oliphant/Ont,44.717,-81.275,178,ON,CA,9,['METAR']
CWDH,CWDH,,,,Daniel's Harbou,50.236,-57.581,22,NL,CA,9,['METAR']
CWDI,CWDI,,,71400,Badger ,48.965,-56.069,100,NL,CA,9,['METAR']
CWDJ,CWDJ,,,71514,Regina University,50.408,-104.58,576,SK,CA,6,['METAR']
CWDK,CWDK,,,71234,Claresholm Ind Arpt,50.006,-113.631,1014,AB,CA,4,['METAR']
CWDL,CWDL,,,,Dease Lake Arpt,58.423,-130.031,816,BC,CA,7,['METAR']
CWDM,CWDM,,,71814,Chevery Arpt,50.465,-59.64,2,QC,CA,3,['METAR']
CWDN,CWDN,,,,Wasaga Beach,44.52,-80.021,181,ON,CA,9,[]
CWDO,CWDO,,,71402,Twillingate,49.688,-54.8,89,NL,CA,3,['METAR']
CWDP,CWDP,,,71521,Manouane-Est ,50.656,-70.532,495,QC,CA,9,[]
CWDQ,CWDQ,,,71378,La Tuque Arpt,47.415,-72.788,174,QC,CA,3,['METAR']
CWDS,CWDS,,,,St. Lawrence,46.92,-55.38,49,NL,CA,9,[]
CWDT,CWDT,,,71522,Chute Des Passes,49.84,-71.168,389,QC,CA,3,['METAR']
CWDU,CWDU,,,71235,Cop Upper,51.08,-114.22,1235,AB,CA,9,[]
CWDV,CWDV,,,71435,Upsala ,49.033,-90.467,487,ON,CA,3,['METAR']
CWDZ,CWDZ,,,71237,Drumheller East,51.445,-112.677,689,AB,CA,3,['METAR']
CWEA,CWEA,,,71448,Pinawa ,50.177,-96.064,268,MB,CA,9,[]
CWEB,CWEB,,,71894,Estevan Pt,49.383,-126.543,1,BC,CA,4,['METAR']
CWEC,CWEC,,,71751,Welcome Isl ,48.369,-89.119,207,ON,CA,9,['METAR']
CWEE,CWEE,,,71523,Chamouchouane,49.279,-73.356,302,QC,CA,4,['METAR']
CWEF,CWEF,,,71418,St Paul Island,47.226,-60.141,27,NS,CA,4,['METAR']
CWEG,CWEG,,,,Alberta Weather,53.5,-113.5,0,AB,CA,9,[]
CWEH,CWEH,,,71131,Eastend Cypress,49.438,-108.989,1077,SK,CA,3,['METAR']
CWEI,CWEI,,,71447,Melita ,49.283,-100.985,443,MB,CA,9,['METAR']
CWEJ,CWEJ,,,,Bow Drill III,47.2,-55.1,0,NL,CA,9,[]
CWEK,CWEK,,,71476,Grey Islet,54.58,-130.698,8,BC,CA,6,['METAR']
CWEL,CWEL,,,71772,Entrance Isl,49.209,-123.808,0,BC,CA,6,['METAR']
CWEM,CWEM,,,,Egg Island Light,51.25,-127.836,14,BC,CA,9,['METAR']
CWEO,CWEO,,,71421,Lac Eon ,51.867,-63.284,563,QC,CA,9,['METAR']
CWEP,CWEP,,,71412,East Point ,46.46,-61.988,9,PE,CA,3,['METAR']
CWEQ,CWEQ,,,71443,Swan River Arpt,52.115,-101.233,331,MB,CA,2,['METAR']
CWER,CWER,,,71424,Ile D'Orleans,46.997,-70.808,4,QC,CA,5,['METAR']
CWES,CWES,,,,Cape Scott Light,50.786,-128.43,14,BC,CA,9,['METAR']
CWET,CWET,,,,Egbert ,44.23,-79.78,251,ON,CA,9,['METAR']
CWEU,CWEU,,,71917,Eureka,79.989,-85.934,2,NU,CA,0,['METAR']
CWEV,CWEV,,,,Ellice River,67.7,-104.47,42,NU,CA,9,[]
CWEW,CWEW,,,71524,L Assomption,45.809,-73.435,17,QC,CA,5,['METAR']
CWEZ,CWEZ,,,71473,Saturna Isl,48.783,-123.046,23,BC,CA,6,['METAR']
CWFD,CWFD,,,71094,Cape Dyer Arpt,66.595,-61.578,375,NU,CA,1,['METAR']
CWFE,CWFE,,,71238,Elk Isl Ntl Prk,53.683,-112.868,716,AB,CA,9,[]
CWFF,CWFF,,,71456,Melfort,52.817,-104.601,482,SK,CA,4,['METAR']
CWFG,CWFG,,,71478,Sartine Isl ,50.819,-128.906,95,BC,CA,9,['METAR']
CWFH,CWFH,,,,St.shotts,46.72,-53.48,143,NL,CA,9,[]
CWFJ,CWFJ,,,71153,Cardston,49.2,-113.278,1142,AB,CA,4,['METAR']
CWFL,CWFL,,,,Fort Reliance,62.72,-109.17,164,NT,CA,9,[]
CWFM,CWFM,,,,Chatham Point,50.333,-125.446,24,BC,CA,9,['METAR']
CWFN,CWFN,,,,Cree Lake ,57.35,-107.13,495,SK,CA,9,[]
CWFO,CWFO,,,71954,Flin Flon,54.678,-101.68,303,MB,CA,9,[]
CWFP,CWFP,,,71665,Nain,56.549,-61.684,14,NL,CA,9,[]
CWFQ,CWFQ,,,71373,Frelighsburg,45.05,-72.861,190,QC,CA,5,['METAR']
CWFR,CWFR,,,,Horsefly River,52.29,-121.044,873,BC,CA,9,['METAR']
CWFU,CWFU,,,,Little Macatina,52.23,-61.32,321,NL,CA,9,[]
CWFV,CWFV,,,,Virginia Falls,61.63,-125.8,610,BC,CA,9,[]
CWFW,CWFW,,,71829,Baie Comeau,49.259,-68.146,127,QC,CA,9,[]
CWFX,CWFX,,,71055,Colville Lake,67.033,-126.083,259,NT,CA,9,[]
CWFY,CWFY,,,,Conne River,48.17,-55.48,183,NL,CA,9,[]
CWFZ,CWFZ,,,71160,Fort Reliance,62.712,-109.168,165,NT,CA,9,[]
CWGB,CWGB,,,71769,Ballenas Isl,49.336,-124.149,6,BC,CA,6,['METAR']
CWGD,CWGD,,,71261,Goderich Muni,43.765,-81.712,214,ON,CA,3,['METAR']
CWGE,CWGE,,,,Golden,51.3,-116.984,786,BC,CA,9,[]
CWGF,CWGF,,,71253,Garden River,58.711,-113.867,234,AB,CA,9,[]
CWGH,CWGH,,,71281,Grenadier Island,44.417,-75.847,76,ON,CA,6,['METAR']
CWGJ,CWGJ,,,,Montreal River,47.247,-84.596,459,ON,CA,9,[]
CWGL,CWGL,,,71282,Lagoon City,44.55,-79.218,220,ON,CA,4,['METAR']
CWGM,CWGM,,,71154,Waterton Park Gate,49.133,-113.806,1292,AB,CA,3,['METAR']
CWGN,CWGN,,,71441,Gretna ,49.031,-97.56,251,MB,CA,9,['METAR']
CWGP,CWGP,,,71777,Pemberton ,50.306,-122.734,203,BC,CA,9,[]
CWGQ,CWGQ,,,,Roquemaure,48.63,-79.45,269,ON,CA,9,['METAR']
CWGR,CWGR,,,71710,Îles-de-la-Madeleine,47.425,-61.775,4,QC,CA,1,['METAR']
CWGT,CWGT,,,71781,Sisters Isl,49.487,-124.435,5,BC,CA,5,['METAR']
CWGV,CWGV,,,,Carp Radar Site,45.317,-76,120,ON,CA,9,[]
CWGW,CWGW,,,71782,Sparwood,49.745,-114.884,1137,BC,CA,4,['METAR']
CWGX,CWGX,,,,Gillam,56.359,-94.704,145,MB,CA,6,['METAR']
CWGY,CWGY,,,71240,Esther 1,51.67,-110.206,709,AB,CA,4,['METAR']
CWGZ,CWGZ,,,,Grise Fiord Arpt,76.423,-82.902,24,NU,CA,2,['METAR']
CWHA,CWHA,,,,Highvale,53.45,-114.47,747,AB,CA,9,['METAR']
CWHC,CWHC,,,71201,Vancouver ,49.295,-123.122,4,BC,CA,9,['METAR']
CWHE,CWHE,,,,Ellerslie,53.42,-113.2,694,AB,CA,9,[]
CWHH,CWHH,,,,Hunters Point M,53.03,-100.94,256,MB,CA,3,['METAR']
CWHI,CWHI,,,71249,Three Hills,51.697,-113.217,906,AB,CA,5,['METAR']
CWHL,CWHL,,,71219,Holland Rock,54.172,-130.361,5,BC,CA,6,['METAR']
CWHM,CWHM,,,,Varennes,45.723,-73.377,20,QC,CA,6,['METAR']
CWHN,CWHN,,,71023,Jimmy Lake,54.908,-109.962,635,SK,CA,3,['METAR']
CWHO,CWHO,,,71900,Hopedale Arpt,55.448,-60.23,16,NL,CA,3,['METAR']
CWHP,CWHP,,,71423,Heath Point,49.085,-61.701,7,QC,CA,3,['METAR']
CWHQ,CWHQ,,,71389,Deschambaults,46.691,-71.972,56,QC,CA,5,['METAR']
CWHS,CWHS,,,,Bernard Harbour,68.78,-114.83,65,NU,CA,9,[]
CWHT,CWHT,,,71505,Haines Junction,60.773,-137.581,601,YT,CA,4,['METAR']
CWHU,CWHU,,,,Star Brook,48.58,-57.23,290,NL,CA,9,[]
CWHV,CWHV,,,71323,Beauceville,46.205,-70.785,227,QC,CA,4,['METAR']
CWHW,CWHW,,,,Comfort Cove,49.27,-54.88,99,NL,CA,9,[]
CWHY,CWHY,,,,Mont-Orford,45.32,-72.25,851,QC,CA,9,['METAR']
CWIA,CWIA,,,,St-Henri,48.65,-71.84,103,QC,CA,9,['METAR']
CWIC,CWIC,,,71074,Isachsen ,78.792,-103.554,61,NU,CA,9,['METAR']
CWID,CWID,,,71087,Fort Providence Arpt,61.317,-117.605,160,NT,CA,3,['METAR']
CWIE,CWIE,,,,Indian River,64.38,-115.02,478,NT,CA,9,['METAR']
CWIF,CWIF,,,,Quatsino Light,50.441,-128.032,30,BC,CA,9,['METAR']
CWIG,CWIG,,,,Ile Aux Grues Arpt,47.074,-70.533,12,QC,CA,6,['METAR']
CWII,CWII,,,71552,Victoria Beach,50.695,-96.562,216,MB,CA,5,['METAR']
CWIJ,CWIJ,,,71470,Lupin,65.756,-111.246,490,NU,CA,1,['METAR']
CWIK,CWIK,,,71861,Broadview,50.366,-102.567,597,SK,CA,3,['METAR']
CWIL,CWIL,,,71084,Hat Island,68.317,-100.067,28,NU,CA,3,['METAR']
CWIM,CWIM,,,,Upsala,49.039,-90.407,492,ON,CA,9,[]
CWIO,CWIO,,,,Iskut River,56.733,-131.667,15,BC,CA,9,['METAR']
CWIP,CWIP,,,71390,Pointe Noire,50.162,-66.434,27,QC,CA,6,['METAR']
CWIQ,CWIQ,,,,Primrose Lake,54.751,-110.053,695,AB,CA,9,['METAR']
CWIR,CWIR,,,,Victoria Marine,48.368,-123.752,17,BC,CA,9,[]
CWIS,CWIS,,,71319,Charlevoix,47.284,-70.637,720,QC,CA,4,['METAR']
CWIT,CWIT,,,71614,St Clothilde,45.167,-73.678,53,QC,CA,5,['METAR']
CWIU,CWIU,,,,St. Gedeon,48.48,-71.78,103,QC,CA,9,['METAR']
CWIW,CWIW,,,71511,Watrous East,51.667,-105.4,524,SK,CA,4,['METAR']
CWIX,CWIX,,,71381,Mistook,48.598,-71.716,109,QC,CA,6,['METAR']
CWIY,CWIY,,,71019,St Leonard Arpt,47.158,-67.832,240,NB,CA,6,['METAR']
CWIZ,CWIZ,,,71372,L'Acadie,45.294,-73.35,45,QC,CA,5,['METAR']
CWJA,CWJA,,,,Jasper,52.88,-118.07,1061,AB,CA,9,[]
CWJB,CWJB,,,71392,Ste Foy,46.781,-71.288,90,QC,CA,6,['METAR']
CWJC,CWJC,,,71923,Ennadai Lake,61.132,-100.884,340,NU,CA,1,['METAR']
CWJD,CWJD,,,71858,Grand Rapids,53.187,-99.268,222,MB,CA,3,['METAR']
CWJG,CWJG,,,,Ivory Island,52.27,-128.407,14,BC,CA,9,['METAR']
CWJH,CWJH,,,71451,Southend Arpt,56.333,-103.283,345,SK,CA,3,['METAR']
CWJI,CWJI,,,71487,Assiniboia Arpt,49.729,-105.946,724,SK,CA,4,['METAR']
CWJM,CWJM,,,,Upper Rideau Lake,44.703,-76.295,126,ON,CA,9,['METAR']
CWJN,CWJN,,,71501,Herschel Isl,69.568,-138.913,1,YT,CA,9,['METAR']
CWJO,CWJO,,,71617,Jonquiere,48.425,-71.143,113,QC,CA,6,['METAR']
CWJP,CWJP,,,,Porter Lake,61.67,-108.42,396,NT,CA,9,[]
CWJR,CWJR,,,71770,Creston,49.04,-116.483,642,BC,CA,4,['METAR']
CWJT,CWJT,,,71376,St Jovite,46.08,-74.556,236,QC,CA,4,['METAR']
CWJU,CWJU,,,71899,Langara,54.255,-133.058,47,BC,CA,3,['METAR']
CWJV,CWJV,,,71115,Vernon ,50.223,-119.194,487,BC,CA,5,['METAR']
CWJW,CWJW,,,71486,Jasper/Warden,52.926,-118.03,1022,AB,CA,2,['METAR']
CWJX,CWJX,,,71459,Leader Arpt,50.876,-109.501,671,SK,CA,4,['METAR']
CWJY,CWJY,,,,Yathkyed Lake,62.7,-98.3,148,NU,CA,9,[]
CWJZ,CWJZ,,,,Dubawnt Lake ,63.23,-101.77,237,NU,CA,9,[]
CWKD,CWKD,,,71383,Bonnard,50.729,-71.013,496,QC,CA,4,['METAR']
CWKE,CWKE,,,,Pelly Bay,68.43,-89.72,326,NU,CA,9,[]
CWKG,CWKG,,,71599,Kejimkujik 1,44.432,-65.203,154,NS,CA,5,['METAR']
CWKH,CWKH,,,71774,Malahat ,48.568,-123.542,327,BC,CA,6,['METAR']
CWKI,CWKI,,,,Kitimat,54.05,-128.66,13,BC,CA,9,[]
CWKK,CWKK,,,71468,Katatota Island,49.713,-88.332,259,ON,CA,4,['METAR']
CWKM,CWKM,,,71046,Komakuk Beach Arpt,69.595,-140.174,8,YT,CA,3,['METAR']
CWKO,CWKO,,,71135,Rockglen ,49.168,-105.979,914,SK,CA,3,['METAR']
CWKP,CWKP,,,71058,Keats Point,69.673,-121.673,322,NT,CA,3,['METAR']
CWKR,CWKR,,,,King Radar Site,43.964,-79.574,360,ON,CA,9,[]
CWKS,CWKS,,,,Sikanni Chief,57.25,-122.718,933,BC,CA,9,['METAR']
CWKU,CWKU,,,,Whiskey Automat,81.03,-76.94,829,NU,CA,9,[]
CWKV,CWKV,,,,Hope Slide,49.276,-121.236,683,BC,CA,9,['METAR']
CWKW,CWKW,,,,Cape Kakkiviak,59.985,-64.165,551,NL,CA,2,['METAR']
CWKX,CWKX,,,71222,Dease Lake,58.429,-130.011,807,BC,CA,2,['METAR']
CWLA,CWLA,,,,Langara,54.25,-133.05,41,BC,CA,9,['METAR']
CWLB,CWLB,,,71931,Lac La Biche Arpt,54.769,-112.024,561,AB,CA,3,['METAR']
CWLC,CWLC,,,71220,Lucy Isl ,54.296,-130.609,27,BC,CA,6,['METAR']
CWLE,CWLE,,,71455,Lucky Lake,50.951,-107.143,666,SK,CA,3,['METAR']
CWLF,CWLF,,,71846,Lansdowne House,52.196,-87.936,245,ON,CA,9,['METAR']
CWLG,CWLG,,,71164,Little Chicago,67.179,-130.228,38,NT,CA,9,[]
CWLI,CWLI,,,71960,Liverpool Bay,69.604,-130.893,92,NT,CA,3,['METAR']
CWLM,CWLM,,,71200,Victoria,48.413,-123.325,62,BC,CA,6,['METAR']
CWLO,CWLO,,,71853,Shilo,49.783,-99.642,371,MB,CA,9,['METAR']
CWLP,CWLP,,,71485,Herbert Isl ,50.94,-127.632,15,BC,CA,5,['METAR']
CWLQ,CWLQ,,,,N Bay Nipissing,46.317,-79.466,202,ON,CA,9,[]
CWLS,CWLS,,,71631,Mount Forest,43.983,-80.74,413,ON,CA,4,['METAR']
CWLT,CWLT,,,,Alert,82.512,-62.317,9,NU,CA,9,['METAR']
CWLU,CWLU,,,,Lauzon,46.833,-71.157,20,QC,CA,9,['METAR']
CWLV,CWLV,,,71454,Waskesiu Lake,53.917,-106.067,569,SK,CA,9,[]
CWLX,CWLX,,,71091,Longstaff Bluff,68.899,-75.141,129,NU,CA,3,['METAR']
CWLY,CWLY,,,71891,Lytton ,50.224,-121.582,228,BC,CA,3,['METAR']
CWLZ,CWLZ,,,,Candle Lake,53.73,-105.27,503,SK,CA,9,['TAF']
CWMA,CWMA,,,,Masset Arpt,54.02,-132.12,5,BC,CA,9,[]
CWMD,CWMD,,,,Mould Bay Camp,76.23,-119.32,12,NT,CA,9,['METAR']
CWME,CWME,,,71482,Cathedral Pt,52.187,-127.471,23,BC,CA,5,['METAR']
CWMH,CWMH,,,,Mary's Harbour,52.3,-55.83,8,NL,CA,9,[]
CWMI,CWMI,,,71719,Miscou Isl ,48.009,-64.494,6,NB,CA,9,['METAR']
CWMJ,CWMJ,,,71721,Maniwaki Arpt,46.275,-75.992,198,QC,CA,3,['METAR']
CWMM,CWMM,,,71775,Pitt Meadows,49.208,-122.69,2,BC,CA,5,['METAR']
CWMN,CWMN,,,,McGill,45.42,-73.93,63,QC,CA,9,[]
CWMP,CWMP,,,,Powder Lake,61.05,-109.33,386,NT,CA,9,[]
CWMQ,CWMQ,,,71453,Maplecreek Arpt,49.903,-109.466,767,SK,CA,4,['METAR']
CWMR,CWMR,,,,Merry Island,49.468,-123.912,15,BC,CA,9,['METAR']
CWMS,CWMS,,,71897,McInnes Island,52.262,-128.722,20,BC,CA,9,['METAR']
CWMT,CWMT,,,71163,Whati Arpt,63.134,-117.245,274,NT,CA,3,['METAR']
CWMU,CWMU,,,,Rampart Riv ,65.95,-130.47,0,NT,CA,9,[]
CWMV,CWMV,,,,St Charles Creek,64.75,-124.22,341,NT,CA,9,[]
CWMW,CWMW,,,,Maniwaki,46.38,-75.97,170,QC,CA,9,[]
CWMX,CWMX,,,71255,Mildred Lake,57.05,-111.563,314,AB,CA,9,[]
CWMZ,CWMZ,,,71438,Western Isl,45.033,-80.367,175,ON,CA,5,['METAR']
CWNB,CWNB,,,,S.E. Shoal,41.833,-82.467,168,ON,CA,4,['METAR']
CWNC,CWNC,,,71431,Cobourg,43.951,-78.165,71,ON,CA,5,['METAR']
CWND,CWND,,,71502,Pelly Island,69.632,-135.445,14,NT,CA,4,['METAR']
CWNE,CWNE,,,71987,North Point,47.058,-63.997,5,PE,CA,4,['METAR']
CWNH,CWNH,,,71715,Riviere Du Loup,47.806,-69.548,147,QC,CA,3,['METAR']
CWNI,CWNI,,,,Nipterk Base,69.62,-135.33,10,NT,CA,9,[]
CWNJ,CWNJ,,,,Green IL,54.569,-130.707,12,BC,CA,9,['METAR']
CWNK,CWNK,,,71147,Carman U Of MB,49.498,-98.03,271,MB,CA,4,['METAR']
CWNL,CWNL,,,71462,Great Duck Island,45.638,-82.948,183,ON,CA,4,['METAR']
CWNM,CWNM,,,71776,Nelson Muni,49.491,-117.305,533,BC,CA,5,['METAR']
CWNO,CWNO,,,,Satah River Aut,66.87,-134.19,97,YT,CA,9,[]
CWNP,CWNP,,,71216,Nakusp Arpt,50.269,-117.817,517,BC,CA,4,['METAR']
CWNQ,CWNQ,,,71723,Nicolet,46.226,-72.657,9,QC,CA,6,['METAR']
CWNR,CWNR,,,71245,Nakiska Ridgetop,50.947,-115.189,2275,AB,CA,9,[]
CWNT,CWNT,,,,Turtle Mountain,49.583,-114.417,2012,AB,CA,9,[]
CWNW,CWNW,,,,Haldane River,67.06,-121.1,186,NT,CA,9,[]
CWNX,CWNX,,,,Nechako River,53.684,-124.837,718,BC,CA,9,['METAR']
CWNZ,CWNZ,,,71832,Nagagami,49.747,-84.164,261,ON,CA,1,['METAR']
CWOA,CWOA,,,,Camsell River,65.62,-118.12,230,NT,CA,9,[]
CWOB,CWOB,,,71097,Brevoort Island,63.34,-64.155,369,NU,CA,3,['METAR']
CWOC,CWOC,,,71619,New Carlisle,48.012,-65.332,42,QC,CA,4,['METAR']
CWOD,CWOD,,,71379,Normandin,48.842,-72.546,150,QC,CA,3,['METAR']
CWOE,CWOE,,,71116,Onefour,49.123,-110.469,931,AB,CA,4,['METAR']
CWOH,CWOH,,,,Ste Agathe Des,46.05,-74.28,395,QC,CA,9,[]
CWOI,CWOI,,,71978,Ivvavik Park,69.164,-140.15,247,YT,CA,9,[]
CWOK,CWOK,,,71450,Elbow ,51.126,-106.583,591,SK,CA,9,['METAR']
CWOL,CWOL,,,,Sable Island Ma,43.92,-59.92,4,NL,CA,9,[]
CWON,CWON,,,,Dawson,64.044,-139.127,338,YT,CA,9,[]
CWOU,CWOU,,,,Primrose Lake 2,54.774,-110.066,604,AB,CA,9,['METAR']
CWOY,CWOY,,,71865,Wynyard ,51.767,-104.2,557,SK,CA,3,['METAR']
CWPA,CWPA,,,71979,Henderickson,53.795,-118.447,1448,AB,CA,9,[]
CWPB,CWPB,,,,Beausoleil Isl,44.85,-79.87,183,ON,CA,9,['METAR']
CWPC,CWPC,,,71463,Port Colborne,42.868,-79.253,174,ON,CA,5,['METAR']
CWPD,CWPD,,,71382,Parc Des Laurentid,47.562,-71.229,795,QC,CA,5,['METAR']
CWPE,CWPE,,,71699,Point Lepreau,45.058,-66.459,9,NB,CA,5,['METAR']
CWPF,CWPF,,,71798,Esquimalt Harbor,48.432,-123.439,5,BC,CA,6,['METAR']
CWPH,CWPH,,,,Inukjuak,58.45,-78.12,25,QC,CA,9,[]
CWPI,CWPI,,,,Pine Island ,50.976,-127.728,20,BC,CA,9,['METAR']
CWPJ,CWPJ,,,,Pt. Escuminac,47.07,-64.8,5,NB,CA,9,['METAR']
CWPK,CWPK,,,71726,Parent,47.922,-74.624,443,QC,CA,2,['METAR']
CWPL,CWPL,,,71835,Pickle Lake,51.449,-90.218,390,ON,CA,9,[]
CWPO,CWPO,,,71148,Pilot Mound,49.191,-98.905,471,MB,CA,4,['METAR']
CWPQ,CWPQ,,,,Montreal-Est,45.597,-73.602,51,QC,CA,9,['METAR']
CWPR,CWPR,,,71032,Princeton Arpt,49.468,-120.514,703,BC,CA,6,['METAR']
CWPS,CWPS,,,71464,Long Point,42.549,-80.049,173,ON,CA,5,['METAR']
CWPU,CWPU,,,71050,Puntzi Mtn ,52.114,-124.136,914,BC,CA,9,['METAR']
CWPX,CWPX,,,71064,Cape Peel West,69.036,-107.823,163,NU,CA,3,['METAR']
CWPY,CWPY,,,,Fort Chipewyan,58.77,-111.13,232,AB,CA,9,[]
CWPZ,CWPZ,,,71952,Burns Lake Arpt,54.383,-125.959,715,BC,CA,3,['METAR']
CWQC,CWQC,,,71475,Port Alberni,49.317,-124.927,56,BC,CA,9,['METAR']
CWQE,CWQE,,,,Toronto Headlands,43.614,-79.343,85,ON,CA,9,[]
CWQF,CWQF,,,71980,Rabbit Kettle,61.963,-127.209,634,NT,CA,9,[]
CWQG,CWQG,,,,Valcartier,46.9,-71.5,168,QC,CA,9,[]
CWQH,CWQH,,,71611,Lennoxville,45.369,-71.824,181,QC,CA,6,['METAR']
CWQJ,CWQJ,,,,Sedco 710,46.5,-48.5,0,,CA,9,[]
CWQK,CWQK,,,71778,Race Rocks,48.298,-123.531,5,BC,CA,6,['METAR']
CWQL,CWQL,,,71243,Lethbridge Auto,49.695,-112.768,912,AB,CA,9,[]
CWQM,CWQM,,,71186,Cap Rouge,48.374,-70.535,7,QC,CA,9,[]
CWQO,CWQO,,,71385,Ile Bicquette,48.416,-68.893,7,QC,CA,5,['METAR']
CWQP,CWQP,,,71430,Point Petre,43.84,-77.153,77,ON,CA,5,['METAR']
CWQQ,CWQQ,,,71242,Lacombe Cda,52.449,-113.756,858,AB,CA,9,[]
CWQR,CWQR,,,71375,Ile aux Perroquets,50.221,-64.207,9,QC,CA,6,['METAR']
CWQS,CWQS,,,71472,Kindakun Rocks,53.316,-132.772,10,BC,CA,5,['METAR']
CWQV,CWQV,,,71189,Puinte Claveau,48.26,-70.116,4,QC,CA,4,['METAR']
CWQW,CWQW,,,71374,Cape Whittle,50.163,-60.062,7,QC,CA,9,[]
CWQY,CWQY,,,71963,Hanbury River,63.6,-105.133,301,NT,CA,9,['METAR']
CWQZ,CWQZ,,,,Quesnel ,53.033,-122.533,478,BC,CA,9,[]
CWRA,CWRA,,,71800,Cape Race,46.659,-53.073,4,NL,CA,4,['METAR']
CWRD,CWRD,,,71246,Red Earth,56.552,-115.278,540,AB,CA,9,[]
CWRF,CWRF,,,71918,Pelly Bay 1,69.436,-89.724,312,NU,CA,3,['METAR']
CWRH,CWRH,,,71972,Resolution Island,61.597,-64.638,343,NU,CA,3,['METAR']
CWRJ,CWRJ,,,71510,Rosetown Arpt,51.565,-107.924,586,SK,CA,4,['METAR']
CWRK,CWRK,,,71294,Bancroft Arpt,45.072,-77.879,328,ON,CA,4,['METAR']
CWRM,CWRM,,,71928,Rocky Mtn House Arpt,52.431,-114.907,986,AB,CA,3,['METAR']
CWRN,CWRN,,,71419,Hart Island ,45.347,-60.98,8,NS,CA,3,['METAR']
CWRO,CWRO,,,71477,Rose Spit ,54.161,-131.66,7,BC,CA,4,['METAR']
CWRP,CWRP,,,,Nicholson Penin,69.93,-128.97,89,NT,CA,9,[]
CWRQ,CWRQ,,,,Trois Rivieres,46.38,-72.62,11,QC,CA,9,[]
CWRR,CWRR,,,71506,Rock River ,66.981,-136.218,727,YT,CA,9,[]
CWRT,CWRT,,,71236,Crowsnest,49.628,-114.482,1311,AB,CA,5,['METAR']
CWRU,CWRU,,,71479,Solander Isl,50.112,-127.941,76,BC,CA,4,['METAR']
CWRV,CWRV,,,71254,Camrose,53.032,-112.813,736,AB,CA,9,[]
CWRW,CWRW,,,,Fourchu Head,45.72,-60.23,10,NS,CA,9,['METAR']
CWRX,CWRX,,,71088,Rowley Island,69.067,-79.068,39,NU,CA,4,['METAR']
CWRY,CWRY,,,71244,Milk River Arpt,49.133,-112.051,1048,AB,CA,4,['METAR']
CWRZ,CWRZ,,,71429,Cap D'Espoir,48.419,-64.317,16,QC,CA,5,['METAR']
CWSA,CWSA,,,,Sable Island,43.933,-60.002,4,NS,CA,2,"['METAR', 'TAF']"
CWSD,CWSD,,,71702,Summerside Arpt,46.441,-63.837,12,PE,CA,4,['METAR']
CWSE,CWSE,,,,Edmonton/Stony,53.55,-114.1,766,AB,CA,9,[]
CWSF,CWSF,,,71425,Cap Madeleine,49.251,-65.325,15,QC,CA,4,['METAR']
CWSG,CWSG,,,71428,Cap Chat,49.109,-66.655,5,QC,CA,3,['METAR']
CWSH,CWSH,,,,Sousa Crk,58.58,-118.5,373,AB,CA,9,[]
CWSI,CWSI,,,,Simcoe ,42.851,-80.268,227,ON,CA,9,[]
CWSK,CWSK,,,71207,Squamish Arpt,49.783,-123.161,59,BC,CA,5,['METAR']
CWSL,CWSL,,,71218,Salmon Arm,50.703,-119.291,353,BC,CA,5,['METAR']
CWSO,CWSO,,,,Exeter Radar Site,43.372,-81.38,305,ON,CA,9,[]
CWSP,CWSP,,,71780,Sheringham,48.377,-123.921,2,BC,CA,5,['METAR']
CWSQ,CWSQ,,,71974,Aulvik National Park,74.139,-119.989,32,NT,CA,9,[]
CWSR,CWSR,,,71133,Spiritwood West,53.368,-107.553,589,SK,CA,4,['METAR']
CWSS,CWSS,,,71607,St Stephen Arpt,45.21,-67.253,27,NB,CA,4,['METAR']
CWST,CWST,,,71713,La Pocatiere,47.354,-70.03,31,QC,CA,6,['METAR']
CWSU,CWSU,,,71449,Sprague ,49.026,-95.599,330,MB,CA,9,[]
CWSV,CWSV,,,,Blue River ,52.129,-119.29,677,BC,CA,9,['METAR']
CWSW,CWSW,,,,Sparwood/Elk Valley,49.834,-114.881,1173,BC,CA,6,['METAR']
CWSY,CWSY,,,71467,Sachs Harbour,71.993,-125.241,83,NT,CA,9,[]
CWSZ,CWSZ,,,71442,Fisher Branch,51.083,-97.555,250,MB,CA,3,['METAR']
CWTA,CWTA,,,71612,McTavish,45.506,-73.579,71,QC,CA,6,['METAR']
CWTB,CWTB,,,,Border ,55.33,-63.22,479,QC,CA,9,['METAR']
CWTC,CWTC,,,,Ethelda Bay,53.054,-129.68,25,BC,CA,9,[]
CWTD,CWTD,,,71490,Robertson Lake,65.1,-102.429,225,NU,CA,9,['METAR']
CWTE,CWTE,,,71166,Trout Lake,60.43,-121.23,510,NT,CA,9,[]
CWTF,CWTF,,,,Beartooth Islan,59.22,-109.7,238,SK,CA,9,[]
CWTG,CWTG,,,71427,Pointe Des Monts,49.317,-67.381,6,QC,CA,5,['METAR']
CWTH,CWTH,,,,Mile 375 Tetsa,58.65,-124.23,804,BC,CA,9,['METAR']
CWTI,CWTI,,,,Triple IL LH,54.3,-130.88,21,BC,CA,9,['METAR']
CWTN,CWTN,,,71384,Cap Tourmente,47.079,-70.781,5,QC,CA,6,['METAR']
CWTO,CWTO,,,,Toronto AES HQ,43.78,-79.47,187,ON,CA,9,[]
CWTQ,CWTQ,,,71183,Montreal/Trudeau Intl,45.468,-73.742,32,QC,CA,9,['METAR']
CWTT,CWTT,,,,Lac Memphremagoc,45.27,-72.17,210,QC,CA,5,['METAR']
CWTU,CWTU,,,71179,Tukialik Bay,54.716,-58.358,680,NL,CA,3,['METAR']
CWTW,CWTW,,,,Tuktoyaktuk,69.44,-133,18,NT,CA,9,[]
CWTX,CWTX,,,,Royal Island,49.469,-94.763,323,ON,CA,9,[]
CWTY,CWTY,,,71724,Trois Rivieres,46.354,-72.516,8,QC,CA,6,['METAR']
CWTZ,CWTZ,,,,Toronto Island,43.63,-79.42,77,ON,CA,9,[]
CWUI,CWUI,,,,Ste Foy,46.781,-71.288,90,QC,CA,9,[]
CWUL,CWUL,,,,Quebec Fcst Off,45.5,-73.68,0,QC,CA,9,[]
CWUM,CWUM,,,71949,Faro ,62.211,-133.385,702,YT,CA,9,['METAR']
CWUP,CWUP,,,71093,Cape Hooper,68.463,-66.842,13,NU,CA,3,['METAR']
CWUR,CWUR,,,,Truro ,45.37,-63.27,40,NS,CA,9,['METAR']
CWUS,CWUS,,,71768,Summerland,49.563,-119.649,455,BC,CA,6,['METAR']
CWUT,CWUT,,,71150,Shoal Lake Apt,50.455,-100.603,561,MB,CA,9,[]
CWUU,CWUU,,,,Mackar Inlet,68.3,-85.67,395,NU,CA,9,[]
CWUW,CWUW,,,71092,Dewar Lakes,68.628,-71.123,173,NU,CA,2,['METAR']
CWUX,CWUX,,,71388,La Baie,48.298,-70.92,150,QC,CA,6,['METAR']
CWUY,CWUY,,,71734,Rouyn,48.246,-79.034,309,QC,CA,9,[]
CWUZ,CWUZ,,,,Cape Hooper,68.47,-66.8,401,NU,CA,9,[]
CWVA,CWVA,,,,Bonavista,48.67,-53.11,26,NL,CA,9,['METAR']
CWVB,CWVB,,,,Bonilla Island,53.493,-130.638,8,BC,CA,9,['METAR']
CWVC,CWVC,,,71446,Swift Current,50.26,-107.737,824,SK,CA,9,[]
CWVD,CWVD,,,71096,Broughton Island,67.535,-63.785,584,NU,CA,3,['METAR']
CWVE,CWVE,,,,Valleyfield,45.23,-74.09,46,QC,CA,9,[]
CWVF,CWVF,,,71209,Sand Heads ,49.106,-123.303,13,BC,CA,6,['METAR']
CWVH,CWVH,,,71052,Storm Hills,68.894,-133.943,246,NT,CA,6,['METAR']
CWVI,CWVI,,,71458,Vegreville,53.505,-112.098,640,AB,CA,3,['METAR']
CWVK,CWVK,,,,Vernon ,50.233,-119.283,556,BC,CA,9,[]
CWVM,CWVM,,,,Broughton Islan,67.53,-63.78,573,NU,CA,9,[]
CWVN,CWVN,,,71137,Val Marie SE,49.058,-107.586,792,SK,CA,4,['METAR']
CWVO,CWVO,,,71251,Vauxhall CDA,50.053,-112.126,781,AB,CA,9,[]
CWVP,CWVP,,,71139,Cypress Hills Park,49.64,-109.514,1269,SK,CA,5,"['METAR', 'TAF']"
CWVQ,CWVQ,,,71377,Ste Anne De Bell,45.427,-73.929,38,QC,CA,6,['METAR']
CWVT,CWVT,,,71077,Buffalo Narrows Arpt,55.841,-108.421,431,SK,CA,6,['METAR']
CWVU,CWVU,,,71988,Brier Island,44.287,-66.342,4,NS,CA,4,['METAR']
CWVV,CWVV,,,,Vic Hartland,48.533,-123.459,148,BC,CA,9,['METAR']
CWVW,CWVW,,,,Grates Cove,48.171,-52.938,17,NL,CA,9,['METAR']
CWVX,CWVX,,,,Brevoort Island,63.34,-64.16,376,NU,CA,9,[]
CWVY,CWVY,,,,Villeroy Radar,46.449,-71.932,106,QC,CA,9,['METAR']
CWVZ,CWVZ,,,,Ile Charron,45.584,-73.494,12,QC,CA,9,['METAR']
CWWA,CWWA,,,71784,W Vancouver,49.347,-123.193,172,BC,CA,6,['METAR']
CWWB,CWWB,,,71437,Burlington Pier,43.302,-79.791,77,ON,CA,4,['METAR']
CWWC,CWWC,,,71075,Collins Bay ,58.272,-104.082,478,SK,CA,9,[]
CWWE,CWWE,,,71411,Western Head,43.989,-64.662,4,NS,CA,4,['METAR']
CWWF,CWWF,,,71452,Weyburn Arpt,49.695,-103.801,583,SK,CA,4,['METAR']
CWWK,CWWK,,,71785,White Rock,49.018,-122.784,10,BC,CA,5,['METAR']
CWWL,CWWL,,,71484,Bonilla Isl,53.493,-130.638,8,BC,CA,4,['METAR']
CWWM,CWWM,,,,Grant Automatic,82.5,-65.08,1242,NU,CA,9,[]
CWWN,CWWN,,,71434,Peawanuck ,54.988,-85.439,49,ON,CA,9,[]
CWWO,CWWO,,,71252,Willow Creek,53.386,-118.348,1399,BC,CA,9,[]
CWWP,CWWP,,,71444,Wasagaming ,50.655,-99.942,638,MB,CA,9,[]
CWWQ,CWWQ,,,,Muncho Lake,58.931,-125.767,839,BC,CA,9,['METAR']
CWWS,CWWS,,,71445,George Isl,52.819,-97.616,220,MB,CA,4,['METAR']
CWWU,CWWU,,,,Long Pond,47.516,-52.98,2,NL,CA,6,"['METAR', 'TAF']"
CWWV,CWWV,,,,Killinek ,60.42,-64.84,31,NU,CA,9,[]
CWWX,CWWX,,,71439,Cove Island,45.327,-81.736,181,ON,CA,4,['METAR']
CWWZ,CWWZ,,,71432,Port Weller,43.244,-79.218,75,ON,CA,5,['METAR']
CWXA,CWXA,,,71232,Bow Valley,51.083,-115.066,1303,AB,CA,5,['METAR']
CWXC,CWXC,,,71387,Onatchiway,48.894,-71.032,306,QC,CA,4,['METAR']
CWXH,CWXH,,,,Holberg CCR,50.64,-128.129,570,BC,CA,9,['METAR']
CWXI,CWXI,,,71406,Ferolle Pt,51.022,-57.096,15,NL,CA,5,['METAR']
CWXJ,CWXJ,,,,Bull Arm ,47.82,-53.9,119,NL,CA,9,[]
CWXK,CWXK,,,,Clinton Point,69.58,-120.8,101,NT,CA,9,[]
CWXL,CWXL,,,71231,Bow Island,49.734,-111.45,815,AB,CA,4,['METAR']
CWXM,CWXM,,,,Helmcken Isl,50.401,-125.875,29,BC,CA,9,['METAR']
CWXO,CWXO,,,,Rowan Gorilla Intl,43.88,-60.55,44,NS,CA,9,['METAR']
CWXP,CWXP,,,71826,Pangnirtung,66.144,-65.712,29,NU,CA,9,[]
CWXR,CWXR,,,71059,Croker River,69.276,-119.219,69,NU,CA,3,['METAR']
CWXV,CWXV,,,,Back River ,66.08,-96.5,28,NU,CA,9,[]
CWXW,CWXW,,,,Alexis River ,52.65,-56.87,37,NL,CA,9,[]
CWYB,CWYB,,,,N. Bay Weather,46.32,-79.44,0,ON,CA,9,[]
CWYC,CWYC,,,,Alberta Wx Cent,53.5,-113.5,30,AB,CA,9,[]
CWYE,CWYE,,,71551,Outlook PFRA,51.476,-107.054,543,SK,CA,9,[]
CWYG,CWYG,,,,Charlottetown,46.23,-63.13,50,PE,CA,9,[]
CWYH,CWYH,,,71165,Rae Lakes,64.12,-117.327,231,NT,CA,9,['METAR']
CWYI,CWYI,,,,Pools Island,49.112,-53.581,19,NL,CA,9,[]
CWYJ,CWYJ,,,71783,Victoria University,48.457,-123.305,59,BC,CA,6,['METAR']
CWYK,CWYK,,,71177,Cape Kiglapait,57.136,-61.476,827,NL,CA,2,['METAR']
CWYL,CWYL,,,71786,Yoho Park,51.443,-116.345,1602,BC,CA,5,['METAR']
CWYM,CWYM,,,,Cape Mercy,64.958,-63.578,582,NU,CA,3,['METAR']
CWYO,CWYO,,,,Wynyard,51.77,-104.2,561,SK,CA,9,[]
CWYW,CWYW,,,71841,Armstrong ,50.296,-88.912,320,ON,CA,9,[]
CWYY,CWYY,,,71215,Osoyoos,49.028,-119.441,284,BC,CA,4,['METAR']
CWZA,CWZA,,,71113,Agassiz,49.244,-121.759,18,BC,CA,6,['METAR']
CWZB,CWZB,,,,Port-Aux-Basques,47.574,-59.155,46,NL,CA,9,['METAR']
CWZD,CWZD,,,,Scudder Pt ,52.446,-131.239,6,BC,CA,9,['METAR']
CWZG,CWZG,,,71122,Banff ,51.194,-115.552,1402,AB,CA,3,['METAR']
CWZL,CWZL,,,71771,Cumshewa Isl,53.03,-131.602,17,BC,CA,6,['METAR']
CWZM,CWZM,,,,Boat Bluff LH,52.643,-128.524,11,BC,CA,9,['METAR']
CWZN,CWZN,,,71408,Sagona Isl,47.368,-55.795,63,NL,CA,5,['METAR']
CWZO,CWZO,,,,Kelp Reefs,48.568,-123.265,5,BC,CA,6,['METAR']
CWZQ,CWZQ,,,,Grand Etang,46.547,-61.049,13,NS,CA,4,['METAR']
CWZS,CWZS,,,71386,Amqui,48.472,-67.435,166,QC,CA,4,['METAR']
CWZT,CWZT,,,71550,Dauphin CS,51.1,-100.057,302,MB,CA,9,[]
CWZV,CWZV,,,71107,Cape St James,51.936,-131.016,83,BC,CA,2,['METAR']
CWZW,CWZW,,,71045,Teslin,60.167,-132.733,683,YT,CA,3,['METAR']
CWZZ,CWZZ,,,71335,Saglek Bay,58.479,-62.66,50,NL,CA,3,['METAR']
CXAF,CXAF,,,71285,Abee,54.278,-112.971,667,AB,CA,4,['METAR']
CXAG,CXAG,,,71286,Andrew,53.917,-112.279,632,AB,CA,5,['METAR']
CXAJ,CXAJ,,,71287,Atmore,54.785,-112.819,586,AB,CA,5,['METAR']
CXAK,CXAK,,,71289,Stettler,52.349,-112.591,799,AB,CA,4,['METAR']
CXAT,CXAT,,,71592,Arctic Bay Arpt,73.006,-85.033,10,NU,CA,1,['METAR']
CXBA,CXBA,,,71214,Bodo,52.124,-110.101,696,AB,CA,5,['METAR']
CXBI,CXBI,,,71314,Barrie/Lake Simcoe Rgnl,44.484,-79.546,287,ON,CA,5,['METAR']
CXBK,CXBK,,,71569,Bratts Lake,50.201,-104.71,585,SK,CA,6,['METAR']
CXBO,CXBO,,,71578,Beauport,46.837,-71.197,8,QC,CA,6,['METAR']
CXBP,CXBP,,,,Confederation Bay,46.23,-63.73,54,PE,CA,5,['METAR']
CXBR,CXBR,,,71341,Brocket,49.62,-113.819,1137,AB,CA,6,['METAR']
CXBW,CXBW,,,71346,Barnwell,49.801,-112.303,823,AB,CA,6,['METAR']
CXCA,CXCA,,,71291,Cameron Falls,49.154,-88.344,228,ON,CA,4,['METAR']
CXCD,CXCD,,,71221,Cleardale,56.314,-119.745,628,AB,CA,5,['METAR']
CXCH,CXCH,,,71959,Cheticamp,46.645,-60.947,44,NS,CA,5,['METAR']
CXCK,CXCK,,,71039,Carmacks Arpt,62.115,-136.192,526,YT,CA,3,['METAR']
CXCP,CXCP,,,71217,Champion,50.281,-113.35,999,AB,CA,6,['METAR']
CXCS,CXCS,,,71223,Consort,51.942,-110.708,771,AB,CA,5,['METAR']
CXCY,CXCY,,,,Cyprus Lake,45.23,-81.53,190,ON,CA,9,['METAR']
CXDB,CXDB,,,71224,Del Bonita,49.048,-112.808,1311,AB,CA,5,['METAR']
CXDE,CXDE,,,71503,Deline Arpt,65.209,-123.434,208,NT,CA,6,['METAR']
CXDI,CXDI,,,71573,Delhi,42.864,-80.545,234,ON,CA,4,['METAR']
CXDK,CXDK,,,71021,Deadman Valley,61.257,-124.468,269,NT,CA,3,['METAR']
CXDP,CXDP,,,71340,Dapp,54.333,-113.924,613,AB,CA,4,['METAR']
CXDW,CXDW,,,71840,Deerwood,49.4,-98.319,341,MB,CA,5,['METAR']
CXEA,CXEA,,,71295,Ear Falls,50.631,-93.221,351,ON,CA,4,['METAR']
CXEC,CXEC,,,71157,Edmonton Muni,53.573,-113.517,666,AB,CA,6,['METAR']
CXEG,CXEG,,,71155,Edmonton Intl,53.307,-113.606,706,AB,CA,7,['METAR']
CXET,CXET,,,71296,Egbert CS,44.234,-79.779,250,ON,CA,6,['METAR']
CXFM,CXFM,,,71225,Foremost,49.483,-111.486,884,AB,CA,5,['METAR']
CXFR,CXFR,,,71347,Fairview,56.081,-118.44,657,AB,CA,5,['METAR']
CXGH,CXGH,,,71577,Gimli Harbour,50.631,-96.984,217,MB,CA,4,['METAR']
CXHA,CXHA,,,71298,Harrow,42.033,-82.896,193,ON,CA,6,['METAR']
CXHD,CXHD,,,71227,Holden,53.185,-112.246,688,AB,CA,5,['METAR']
CXHF,CXHF,,,71391,High Falls,45.84,-75.648,185,QC,CA,4,['METAR']
CXHM,CXHM,,,71297,Hamilton/Mt Hope,43.286,-79.905,105,ON,CA,6,['METAR']
CXHP,CXHP,,,71226,High Prairie,55.396,-116.48,601,AB,CA,3,['METAR']
CXHR,CXHR,,,71344,Hussar,51.191,-112.503,975,AB,CA,6,['METAR']
CXIB,CXIB,,,71027,Ingonish Beach,46.663,-60.406,6,NS,CA,5,['METAR']
CXKA,CXKA,,,71299,Kapukasing,49.405,-82.443,221,ON,CA,6,['METAR']
CXKE,CXKE,,,71300,Kemptville,45.005,-75.637,99,ON,CA,5,['METAR']
CXKI,CXKI,,,71301,Kirkland Lake,48.15,-80,328,ON,CA,5,['METAR']
CXKM,CXKM,,,71228,Killam,52.849,-111.873,679,AB,CA,4,['METAR']
CXKT,CXKT,,,71671,Kentville,45.067,-64.478,48,NS,CA,5,['METAR']
CXLB,CXLB,,,,Lunenburg,44.36,-64.296,4,NS,CA,5,['METAR']
CXLC,CXLC,,,71680,Lower Carp Lake,63.601,-113.866,370,NT,CA,4,['METAR']
CXLL,CXLL,,,71682,Lindberg Landing,61.125,-122.851,180,NT,CA,4,['METAR']
CXMD,CXMD,,,71564,Morden,49.188,-98.084,297,MB,CA,5,['METAR']
CXMG,CXMG,,,71229,Manning,56.974,-117.451,467,AB,CA,4,['METAR']
CXMI,CXMI,,,71591,McNabs Island,44.602,-63.534,15,NS,CA,6,['METAR']
CXMM,CXMM,,,71585,Fort McMurray,56.649,-111.221,372,AB,CA,7,['METAR']
CXMO,CXMO,,,71257,Morrin,51.671,-112.678,837,AB,CA,6,['METAR']
CXMY,CXMY,,,,Malay Falls,44.984,-62.484,37,NS,CA,4,['METAR']
CXNM,CXNM,,,71604,North Mountain,46.818,-60.673,452,NS,CA,4,['METAR']
CXNP,CXNP,,,71311,Nappan,45.76,-64.241,19,NS,CA,5,['METAR']
CXOL,CXOL,,,71258,Olds,51.76,-114.077,1026,AB,CA,5,['METAR']
CXOX,CXOX,,,71586,La Ronge,55.146,-105.27,381,SK,CA,7,['METAR']
CXOY,CXOY,,,71342,Oyen,51.366,-110.343,784,AB,CA,5,['METAR']
CXPA,CXPA,,,71348,Peoria,55.621,-118.293,628,AB,CA,4,['METAR']
CXPC,CXPC,,,71172,Parry Sound,45.344,-80.044,176,ON,CA,4,['METAR']
CXPL,CXPL,,,71259,Pollockville,51.128,-111.705,735,AB,CA,4,['METAR']
CXQT,CXQT,,,,Thunder Bay/N Ontari,48.433,-89.217,184,ON,CA,7,['METAR']
CXRB,CXRB,,,71018,Resolute,74.716,-94.983,30,NU,CA,7,['METAR']
CXRH,CXRH,,,71588,Rocky Harbour,49.57,-57.878,68,NL,CA,4,['METAR']
CXRL,CXRL,,,71349,Rich Lake,54.503,-111.691,585,AB,CA,5,['METAR']
CXSC,CXSC,,,71269,Schuler,50.304,-110.089,809,AB,CA,5,['METAR']
CXSE,CXSE,,,71017,Stefansson Island,73.766,-105.296,11,NU,CA,1,['METAR']
CXSH,CXSH,,,71370,Shawinigan CS,46.564,-72.733,106,QC,CA,6,['METAR']
CXSL,CXSL,,,71274,Smoky Lake,54.278,-112.499,680,AB,CA,6,['METAR']
CXSP,CXSP,,,71275,St Paul,54.011,-111.272,652,AB,CA,4,['METAR']
CXSR,CXSR,,,71571,Spirit River,55.695,-119.23,1008,AB,CA,4,['METAR']
CXSW,CXSW,,,,St Johns West,47.516,-52.784,117,NL,CA,6,['METAR']
CXTD,CXTD,,,71308,Tracadie,45.608,-61.68,58,NS,CA,6,['METAR']
CXTH,CXTH,,,71276,Two Hills,53.625,-111.678,679,AB,CA,5,['METAR']
CXTN,CXTN,,,71492,Tuktut Nogiat,69.199,-122.359,564,NT,CA,4,['METAR']
CXTO,CXTO,,,,Toronto City,43.667,-79.4,115,ON,CA,6,['METAR']
CXTP,CXTP,,,71589,Terra Nova Nat Park,48.557,-53.975,104,NL,CA,4,['METAR']
CXTV,CXTV,,,71683,Trail Valley,68.746,-133.502,91,NT,CA,4,['METAR']
CXVM,CXVM,,,71278,Vermilion,53.344,-110.882,622,AB,CA,5,['METAR']
CXVN,CXVN,,,71171,Vineland,43.183,-79.4,86,ON,CA,6,['METAR']
CXVW,CXVW,,,71277,Valleyview,55.098,-117.199,696,AB,CA,5,['METAR']
CXWB,CXWB,,,71049,Wager Bay,65.879,-89.446,14,NU,CA,3,['METAR']
CXWM,CXWM,,,71343,Wrenthan,49.495,-112.113,947,AB,CA,5,['METAR']
CXWN,CXWN,,,71579,Winnipeg/The Forks,49.889,-97.13,232,MB,CA,6,['METAR']
CXYH,CXYH,,,71020,Yohin Lake,61.242,-123.742,197,NT,CA,6,['METAR']
CXZC,CXZC,,,71309,Moosonee,51.292,-80.618,8,ON,CA,6,['METAR']
CXZU,CXZU,,,71256,Whitecourt,54.14,-115.784,785,AB,CA,7,['METAR']
CXZV,CXZV,,,71279,Sept Iles,50.217,-66.26,43,QC,CA,7,['METAR']
CYAB,CYAB,YAB,,,Arctic Bay Arpt,73.003,-85.029,36,NU,CA,7,"['METAR', 'TAF']"
CYAD,CYAD,YAR,,,La Grande-3 Arpt,53.572,-76.19,228,QC,CA,3,['METAR']
CYAH,CYAH,YAH,,,La Grande IV Arpt,53.757,-73.676,298,QC,CA,2,"['METAR', 'TAF']"
CYAJ,CYAJ,,,,Komakuk Beach Arpt,69.58,-140.16,7,YT,CA,9,[]
CYAM,CYAM,YAM,,71260,Sault Ste Marie Arpt,46.484,-84.504,186,ON,CA,6,"['METAR', 'TAF']"
CYAS,CYAS,YKG,,,Kangirsuk Arpt,60.026,-70.004,99,QC,CA,3,"['METAR', 'TAF']"
CYAT,CYAT,YAT,,,Attawapisket Arpt,52.927,-82.432,4,ON,CA,3,"['METAR', 'TAF']"
CYAW,CYAW,,,71601,Shearwater,44.636,-63.507,50,NS,CA,5,"['METAR', 'TAF']"
CYAY,CYAY,YAY,,71819,St Anthony Arpt,51.39,-56.081,23,NL,CA,2,"['METAR', 'TAF']"
CYAZ,CYAZ,YAZ,,71106,Tofino Arpt,49.08,-125.767,26,BC,CA,3,"['METAR', 'TAF']"
CYBB,CYBB,YBB,,,Pelly Bay/Kugaaruk Arpt,68.536,-89.792,13,NU,CA,2,"['METAR', 'TAF']"
CYBC,CYBC,YBC,,71691,Baie Comeau Arpt,49.135,-68.202,20,QC,CA,2,"['METAR', 'TAF']"
CYBD,CYBD,QBC,,71206,Bella Coola Arpt,52.388,-126.589,40,BC,CA,3,['METAR']
CYBG,CYBG,YBG,,71727,Bagotville,48.331,-70.989,151,QC,CA,3,"['METAR', 'TAF']"
CYBK,CYBK,YBK,,71926,Baker Lake Arpt,64.306,-96.078,14,NU,CA,1,"['METAR', 'TAF']"
CYBL,CYBL,YBL,,,Campbell River Arpt,49.951,-125.269,94,BC,CA,5,"['METAR', 'TAF']"
CYBN,CYBN,,,71534,Borden,44.27,-79.922,223,ON,CA,6,"['METAR', 'TAF']"
CYBQ,CYBQ,XTL,,71272,Tadoule Lake Arpt,58.707,-98.511,272,MB,CA,2,['METAR']
CYBR,CYBR,YBR,,71140,Brandon Arpt,49.91,-99.945,405,MB,CA,3,"['METAR', 'TAF']"
CYBU,CYBU,,,71130,Nipawin,53.333,-104.005,369,SK,CA,7,['METAR']
CYBV,CYBV,YBV,,,Berens River Arpt,52.36,-97.022,219,MB,CA,3,['METAR']
CYBW,CYBW,,,71860,Calgary/Springbank Arpt,51.108,-114.382,1197,AB,CA,6,"['METAR', 'TAF']"
CYBX,CYBX,YBX,,71808,Blanc Sablon Arpt,51.442,-57.188,32,QC,CA,3,"['METAR', 'TAF']"
CYCA,CYCA,YRF,,,Cartwright Arpt,53.683,-57.042,12,NL,CA,0,"['METAR', 'TAF']"
CYCB,CYCB,YCB,,71925,Cambridge Bay Arpt,69.106,-105.116,19,NU,CA,0,"['METAR', 'TAF']"
CYCD,CYCD,YCD,,71890,Nanaimo Arpt,49.052,-123.874,30,BC,CA,5,"['METAR', 'TAF']"
CYCG,CYCG,YCG,,71884,Castlegar Rgnl,49.295,-117.634,487,BC,CA,3,"['METAR', 'TAF']"
CYCH,CYCH,YCH,,,Chatham,47.011,-65.466,31,NB,CA,9,[]
CYCK,CYCK,XCM,,,Chatham/Kent Arpt,42.307,-82.085,196,ON,CA,6,['METAR']
CYCL,CYCL,YCL,,,Charlo Arpt,47.98,-66.33,40,NB,CA,9,[]
CYCO,CYCO,YCO,,71938,Coppermine/Kugluktuk Arpt,67.817,-115.135,20,NU,CA,1,"['METAR', 'TAF']"
CYCP,CYCP,,,71883,Blue River Arpt,52.129,-119.29,677,BC,CA,3,['METAR']
CYCQ,CYCQ,YCQ,,,Chetwynd Arpt,55.689,-121.62,614,BC,CA,4,['METAR']
CYCS,CYCS,YCS,,,Chesterfield Inlet Arpt,63.345,-90.727,7,NU,CA,4,['METAR']
CYCT,CYCT,YCT,,,Coronation Arpt,52.07,-111.45,791,AB,CA,9,[]
CYCX,CYCX,,,71701,Gagetown ,45.839,-66.45,46,NB,CA,6,"['METAR', 'TAF']"
CYCY,CYCY,YCY,,71090,Cylde River Arpt,70.484,-68.515,73,NU,CA,3,"['METAR', 'TAF']"
CYDA,CYDA,YDA,,71966,Dawson Arpt,64.044,-139.127,338,YT,CA,3,"['METAR', 'TAF']"
CYDB,CYDB,YDB,,71001,Burwash Arpt,61.37,-139.032,807,YT,CA,3,"['METAR', 'TAF']"
CYDC,CYDC,,,,Princeton Arpt,49.468,-120.514,703,BC,CA,4,['METAR']
CYDF,CYDF,YDF,,71809,Deer Lake Arpt,49.212,-57.394,15,NL,CA,3,"['METAR', 'TAF']"
CYDL,CYDL,YDL,,71686,Dease Lake Arpt,58.426,-130.025,804,BC,CA,6,"['METAR', 'TAF']"
CYDM,CYDM,XRR,,,Ross River Arpt,61.972,-132.427,670,YT,CA,9,[]
CYDN,CYDN,YDN,,71036,Dauphin Arpt,51.1,-100.057,302,MB,CA,3,"['METAR', 'TAF']"
CYDP,CYDP,YDP,,71902,Nain Arpt,56.549,-61.684,14,NL,CA,4,"['METAR', 'TAF']"
CYDQ,CYDQ,YDQ,,,Dawson Creek Arpt,55.741,-120.188,658,BC,CA,4,"['METAR', 'TAF']"
CYED,CYED,,,71121,Edmonton,53.676,-113.471,688,AB,CA,6,"['METAR', 'TAF']"
CYEG,CYEG,YEG,,71123,Edmonton Intl Arpt,53.308,-113.592,710,AB,CA,2,"['METAR', 'TAF']"
CYEK,CYEK,YEK,,71174,Arviat/Eskimo Pt Arpt,61.098,-94.072,7,NU,CA,2,"['METAR', 'TAF']"
CYEL,CYEL,YEL,,,Elliot Lake Arpt,46.351,-82.558,327,ON,CA,9,"['METAR', 'TAF']"
CYEN,CYEN,YEN,,71862,Estevan Arpt,49.207,-102.963,580,SK,CA,3,"['METAR', 'TAF']"
CYER,CYER,YER,,71099,Ft Severn Arpt,56.019,-87.675,11,ON,CA,1,"['METAR', 'TAF']"
CYET,CYET,YET,,71881,Edson Arpt,53.58,-116.455,925,AB,CA,3,['METAR']
CYEU,CYEU,YEU,,,Eureka Man,80,-85.82,78,NU,CA,9,"['METAR', 'TAF']"
CYEV,CYEV,YEV,,71957,Inuvik/Zubko Arpt,68.309,-133.5,74,NT,CA,0,"['METAR', 'TAF']"
CYFB,CYFB,YFB,,71909,Iqaluit Arpt,63.75,-68.544,23,NU,CA,0,"['METAR', 'TAF']"
CYFC,CYFC,YFC,,71700,Fredericton Intl,45.873,-66.539,16,NB,CA,3,"['METAR', 'TAF']"
CYFO,CYFO,YFO,,,Flin Flon Arpto,54.678,-101.68,303,MB,CA,4,['METAR']
CYFR,CYFR,YFR,,,Fort Resolution Arpt,61.178,-113.688,159,NT,CA,3,['METAR']
CYFS,CYFS,YFS,,71946,Fort Simpson Arpt,61.76,-121.23,174,NT,CA,1,"['METAR', 'TAF']"
CYFT,CYFT,YMN,,,Makkovik Arpt,55.082,-59.189,65,NL,CA,4,['METAR']
CYGE,CYGE,,,,Golden Arpt,51.3,-116.984,786,BC,CA,4,['METAR']
CYGH,CYGH,YGH,,,Fort Good Hope Arpt,66.242,-128.644,72,NT,CA,3,"['METAR', 'TAF']"
CYGK,CYGK,YGK,,71620,Kingston Arpt,44.223,-76.599,91,ON,CA,4,"['METAR', 'TAF']"
CYGL,CYGL,YGL,,71827,La Grande Riviere Arpt,53.625,-77.7,192,QC,CA,2,"['METAR', 'TAF']"
CYGM,CYGM,YGM,,,Gimli,50.63,-97.05,230,MB,CA,9,['METAR']
CYGM4,,,,,Cheboygan,45.651,-84.472,177,MI,US,8,[]
CYGP,CYGP,YGP,,71188,Gaspé Arpt,48.777,-64.478,31,QC,CA,1,"['METAR', 'TAF']"
CYGQ,CYGQ,YGQ,,71834,Geraldton Arpt,49.781,-86.932,340,ON,CA,3,"['METAR', 'TAF']"
CYGR,CYGR,YGR,,71709,Îles de la Madeleine Arpt,47.425,-61.775,4,QC,CA,6,"['METAR', 'TAF']"
CYGT,CYGT,YGT,,,Igloolik Arpt,69.37,-81.82,49,NU,CA,4,"['METAR', 'TAF']"
CYGV,CYGV,YGV,,71313,Havre St Pierre Arpt,50.286,-63.606,32,QC,CA,4,"['METAR', 'TAF']"
CYGW,CYGW,YGW,,,Kuujjuarapik Arpt,55.283,-77.76,13,QC,CA,0,"['METAR', 'TAF']"
CYGX,CYGX,YGX,,71912,Gillam Arpt,56.359,-94.704,145,MB,CA,2,"['METAR', 'TAF']"
CYHA,CYHA,YQC,,,Quaqtaq Arpt,61.048,-69.624,31,QC,CA,3,"['METAR', 'TAF']"
CYHB,CYHB,YHB,,,Hudson Bay,52.82,-102.32,358,SK,CA,9,['METAR']
CYHD,CYHD,YHD,,71527,Dryden Rgnl,49.83,-92.74,414,ON,CA,4,"['METAR', 'TAF']"
CYHE,CYHE,YHE,,,Hope Rgnl Airpark,49.37,-121.493,43,BC,CA,3,['METAR']
CYHH,CYHH,YNS,,,Nemiscau Arpt,51.691,-76.138,245,QC,CA,3,['METAR']
CYHI,CYHI,YHI,,,Ulukhaktok/Holman Arpt,70.761,-117.8,33,NT,CA,2,"['METAR', 'TAF']"
CYHK,CYHK,YHK,,71597,Gjoa Haven Arpt,68.633,-95.851,36,NU,CA,3,"['METAR', 'TAF']"
CYHM,CYHM,YHM,,71263,Hamilton/Munro Intl,43.173,-79.936,237,ON,CA,5,"['METAR', 'TAF']"
CYHU,CYHU,YHU,,71371,Montreal/St Hubert,45.516,-73.415,26,QC,CA,5,"['METAR', 'TAF']"
CYHY,CYHY,YHY,,71935,Hay River/Carter Arpt,60.839,-115.781,159,NT,CA,3,"['METAR', 'TAF']"
CYHZ,CYHZ,YHZ,,71395,Halifax/Stanfield Intl,44.8781,-63.5136,136,NS,CA,0,"['METAR', 'TAF']"
CYID,CYID,YDG,,,Digby Arpt Arpt,44.548,-65.787,144,NS,CA,9,['METAR']
CYIK,CYIK,YIK,,,Ivujivik Arpt,62.417,-77.925,44,QC,CA,3,"['METAR', 'TAF']"
CYIN,CYIN,,,,Bleibler Ranch Arpt,51.265,-121.681,1127,BC,CA,6,['METAR']
CYIO,CYIO,YIO,,71095,Pond Inlet Arpt,72.694,-77.957,61,NU,CA,3,"['METAR', 'TAF']"
CYIV,CYIV,YIV,,71145,Island Lake Arpt,53.857,-94.655,234,MB,CA,2,"['METAR', 'TAF']"
CYJF,CYJF,YJF,,,Fort Liard Arpt,60.236,-123.47,215,NT,CA,3,['METAR']
CYJT,CYJT,YJT,,71815,Stephenville Intl,48.545,-58.564,7,NL,CA,2,"['METAR', 'TAF']"
CYKA,CYKA,YKA,,71887,Kamloops Arpt,50.704,-120.444,344,BC,CA,3,"['METAR', 'TAF']"
CYKB,CYKB,,,,Kangiqsualujjua,58.72,-66,58,QC,CA,9,[]
CYKD,CYKD,LAK,,,Aklavik Arpt,68.227,-135.013,7,NT,CA,4,['METAR']
CYKF,CYKF,YKF,,71368,Waterloo Intl,43.462,-80.386,312,ON,CA,5,"['METAR', 'TAF']"
CYKG,CYKG,YWB,,,Kangiqsujuaq Arpt,61.591,-71.932,134,QC,CA,2,"['METAR', 'TAF']"
CYKJ,CYKJ,YKJ,,71488,Key Lake Arpt,57.256,-105.618,519,SK,CA,1,"['METAR', 'TAF']"
CYKL,CYKL,YKL,,71828,Schefferville Arpt,54.803,-66.804,507,QC,CA,2,"['METAR', 'TAF']"
CYKO,CYKO,AKV,,,Akulivik Arpt,60.818,-78.154,23,QC,CA,3,['METAR']
CYKP,CYKP,YOG,,,Ogoki Post,51.659,-85.901,181,ON,CA,3,['METAR']
CYKQ,CYKQ,YKQ,,,Waskaganish Arpt,51.476,-78.752,28,QC,CA,4,"['METAR', 'TAF']"
CYKY,CYKY,YKY,,71129,Kindersley Arpt,51.517,-109.175,692,SK,CA,3,['METAR']
CYKZ,CYKZ,YKZ,,,Toronto/Buttonville Muni,43.866,-79.368,198,ON,CA,5,"['METAR', 'TAF']"
CYLA,CYLA,YPJ,,,Apaluk Arpt,59.302,-69.598,35,QC,CA,4,['METAR']
CYLC,CYLC,YLC,,,Kimmirut Arpt,62.85,-69.88,52,NU,CA,3,['METAR']
CYLD,CYLD,YLD,,71642,Chapleau Arpt,47.818,-83.358,449,ON,CA,3,"['METAR', 'TAF']"
CYLH,CYLH,YLH,,,Lansdowne House Arpt,52.196,-87.936,245,ON,CA,3,['METAR']
CYLJ,CYLJ,YLJ,,71125,Meadow Lake Arpt,54.126,-108.519,481,SK,CA,3,['METAR']
CYLK,CYLK,YSG,,,Lutselke Arpt,62.419,-110.682,183,NT,CA,3,"['METAR', 'TAF']"
CYLL,CYLL,YLL,,71871,Lloydminster Arpt,53.312,-110.074,664,AB,CA,3,"['METAR', 'TAF']"
CYLT,CYLT,YLT,,,Alert Arpt,82.512,-62.317,9,NU,CA,1,"['METAR', 'TAF']"
CYLU,CYLU,XGR,,,Kangiksualujjuaq Arpt,58.708,-65.989,61,QC,CA,3,['METAR']
CYLW,CYLW,YLW,,71203,Kelowna Arpt,49.953,-119.375,420,BC,CA,4,"['METAR', 'TAF']"
CYMA,CYMA,YMA,,71965,Mayo Arpt,63.616,-135.88,519,YT,CA,1,"['METAR', 'TAF']"
CYMD,CYMD,YMD,,,Mould Bay Arpt,76.22,-119.32,12,NT,CA,9,['METAR']
CYMH,CYMH,YMH,,71817,Mary's Harbor Arpt,52.304,-55.833,18,NL,CA,4,"['METAR', 'TAF']"
CYMJ,CYMJ,YMJ,,71864,Moose Jaw Arpt,50.33,-105.559,578,SK,CA,4,"['METAR', 'TAF']"
CYML,CYML,YML,,,Charlevoix Arpt,47.6,-70.232,287,QC,CA,9,[]
CYMM,CYMM,YMM,,71689,Fort McMurray Arpt,56.65,-111.221,371,AB,CA,2,"['METAR', 'TAF']"
CYMO,CYMO,YMO,,71836,Moosonee Arpt,51.292,-80.607,8,ON,CA,1,"['METAR', 'TAF']"
CYMT,CYMT,YMT,,71822,Chibougamau Arpt,49.779,-74.527,388,QC,CA,2,"['METAR', 'TAF']"
CYMU,CYMU,YUD,,,Umiujaq Arpt,56.538,-76.52,69,QC,CA,3,['METAR']
CYMX,CYMX,YMX,,71905,Montreal/Mirabel Arpt,45.68,-74.038,78,QC,CA,5,"['METAR', 'TAF']"
CYNA,CYNA,YNA,,71513,Natashquan Arpt,50.19,-61.789,9,QC,CA,2,"['METAR', 'TAF']"
CYNC,CYNC,YNC,,,Wemindji Arpt,53.011,-78.825,13,QC,CA,4,['METAR']
CYND,CYND,YND,,,Gatineau/Ottawa Exec,45.52,-75.563,57,QC,CA,5,"['METAR', 'TAF']"
CYNE,CYNE,YNE,,71410,Norway House Arpt,53.958,-97.845,220,MB,CA,3,"['METAR', 'TAF']"
CYNM,CYNM,YNM,,71947,Matagami Arpt,49.759,-77.793,276,QC,CA,3,['METAR']
CYOA,CYOA,YOA,,,Ekati Arpt,64.706,-110.606,461,NT,CA,3,"['METAR', 'TAF']"
CYOC,CYOC,YOC,,,Old Crow Arpt,67.568,-139.846,253,YT,CA,2,"['METAR', 'TAF']"
CYOD,CYOD,YOD,,71120,Cold Lake ,54.41,-110.287,540,AB,CA,4,"['METAR', 'TAF']"
CYOJ,CYOJ,YOJ,,71066,High Level Arpt,58.628,-117.174,339,AB,CA,2,"['METAR', 'TAF']"
CYOO,CYOO,YOO,,71697,Oshawa Arpt,43.921,-78.899,136,ON,CA,4,"['METAR', 'TAF']"
CYOW,CYOW,YOW,,71628,Ottawa/Cartier Intl,45.307,-75.66,111,ON,CA,1,"['METAR', 'TAF']"
CYOY,CYOY,,,71716,Valcartier Arpt,46.9,-71.503,167,QC,CA,6,"['METAR', 'TAF']"
CYPA,CYPA,YPA,,71869,Prince Albert Arpt,53.217,-105.679,428,SK,CA,2,"['METAR', 'TAF']"
CYPB,CYPB,,,,Port Alberni Arpt,49.317,-124.927,56,BC,CA,9,[]
CYPC,CYPC,YPC,,,Paulatuk Arpt,69.355,-124.077,5,NT,CA,4,"['METAR', 'TAF']"
CYPD,CYPD,YPS,,71041,Port Hawkesbury Arpt,45.657,-61.374,106,NS,CA,5,['METAR']
CYPE,CYPE,YPE,,71068,Peace River Arpt,56.228,-117.453,572,AB,CA,3,"['METAR', 'TAF']"
CYPG,CYPG,YPG,,71851,Portage la Prairie/Southport Arpt,49.903,-98.284,270,MB,CA,4,"['METAR', 'TAF']"
CYPH,CYPH,YPH,,71306,Inukjuak Arpt,58.47,-78.08,24,QC,CA,1,"['METAR', 'TAF']"
CYPL,CYPL,YPL,,71845,Pickle Lake Arpt,51.449,-90.218,390,ON,CA,1,"['METAR', 'TAF']"
CYPN,CYPN,YPN,,,Port Menier Arpt,49.839,-64.293,56,QC,CA,9,[]
CYPO,CYPO,YPO,,,Peawanuck Arpt,54.988,-85.439,49,ON,CA,3,['METAR']
CYPQ,CYPQ,YPQ,,71436,Peterborough Muni,44.232,-78.36,190,ON,CA,4,"['METAR', 'TAF']"
CYPR,CYPR,YPR,,71898,Prince Rupert Arpt,54.291,-130.451,30,BC,CA,0,"['METAR', 'TAF']"
CYPW,CYPW,YPW,,,Powell River Arpt,49.835,-124.499,122,BC,CA,6,['METAR']
CYPX,CYPX,YPX,,,Puvungnituq Arpt,60.045,-77.281,10,QC,CA,4,"['METAR', 'TAF']"
CYPY,CYPY,YPY,,,Fort Chipewyan Arpt,58.766,-111.117,225,AB,CA,3,"['METAR', 'TAF']"
CYPZ,CYPZ,YPZ,,,Burns Lake,54.383,-125.959,715,BC,CA,9,[]
CYQA,CYQA,YQA,,71630,Muskoka Arpt,44.971,-79.303,277,ON,CA,4,"['METAR', 'TAF']"
CYQB,CYQB,YQB,,71708,Quebec/Lesage Intl,46.791,-71.396,73,QC,CA,2,"['METAR', 'TAF']"
CYQC,CYQC,,,,Stirling,44.32,-77.63,139,ON,CA,6,['METAR']
CYQD,CYQD,YQD,,71867,The Pas Arpt,53.975,-101.089,268,MB,CA,3,"['METAR', 'TAF']"
CYQF,CYQF,YQF,,71878,Red Deer Rgnl,52.179,-113.903,912,AB,CA,4,"['METAR', 'TAF']"
CYQG,CYQG,YQG,,71538,Windsor Intl,42.269,-82.963,189,ON,CA,6,"['METAR', 'TAF']"
CYQH,CYQH,YQH,,71953,Watson Lake Arpt,60.116,-128.832,692,YT,CA,1,"['METAR', 'TAF']"
CYQI,CYQI,YQI,,71603,Yarmouth Arpt,43.831,-66.088,37,NS,CA,2,"['METAR', 'TAF']"
CYQK,CYQK,YQK,,71850,Kenora Arpt,49.791,-94.361,413,ON,CA,3,"['METAR', 'TAF']"
CYQL,CYQL,YQL,,71267,Lethbridge Cnty Arpt,49.627,-112.792,923,AB,CA,2,"['METAR', 'TAF']"
CYQM,CYQM,YQM,,71705,Moncton Intl,46.107,-64.682,67,NB,CA,3,"['METAR', 'TAF']"
CYQQ,CYQQ,YQQ,,71893,Comox,49.712,-124.895,24,BC,CA,3,"['METAR', 'TAF']"
CYQR,CYQR,YQR,,71863,Regina Intl Arpt,50.427,-104.67,576,SK,CA,2,"['METAR', 'TAF']"
CYQT,CYQT,YQT,,71749,Thunder Bay Intl,48.374,-89.33,197,ON,CA,2,"['METAR', 'TAF']"
CYQU,CYQU,YQU,,71940,Grande Prairie Arpt,55.182,-118.882,668,AB,CA,2,"['METAR', 'TAF']"
CYQV,CYQV,YQV,,71138,Yorkton Muni,51.26,-102.461,493,SK,CA,3,"['METAR', 'TAF']"
CYQW,CYQW,YQW,,71876,North Battleford Arpt,52.769,-108.251,545,SK,CA,3,"['METAR', 'TAF']"
CYQX,CYQX,YQX,,71803,Gander Intl Arpt,48.946,-54.576,144,NL,CA,1,"['METAR', 'TAF']"
CYQY,CYQY,YQY,,71707,Sydney Arpt,46.166,-60.049,58,NS,CA,3,"['METAR', 'TAF']"
CYQZ,CYQZ,YQZ,,71103,Quesnel Arpt,53.027,-122.506,548,BC,CA,3,"['METAR', 'TAF']"
CYRA,CYRA,YRA,,,Gameti/Rae Lakes Arpt,64.115,-117.313,232,NT,CA,4,"['METAR', 'TAF']"
CYRB,CYRB,YRB,,71924,Resolute Bay Arpt,74.713,-94.982,59,NU,CA,0,"['METAR', 'TAF']"
CYRJ,CYRJ,YRJ,,71728,Roberval Arpt,48.523,-72.266,173,QC,CA,4,"['METAR', 'TAF']"
CYRL,CYRL,YRL,,71854,Red Lake Arpt,51.067,-93.799,370,ON,CA,2,"['METAR', 'TAF']"
CYRM,CYRM,YRM,,,Rocky Mtn House,52.43,-114.92,989,AB,CA,9,[]
CYRQ,CYRQ,YRQ,,,Trois-Rivières,46.358,-72.68,58,QC,CA,3,"['METAR', 'TAF']"
CYRT,CYRT,YRT,,71083,Rankin Inlet Arpt,62.811,-92.1,29,NU,CA,1,"['METAR', 'TAF']"
CYRV,CYRV,YRV,,,Revelstoke Arpt,50.958,-118.176,456,BC,CA,3,['METAR']
CYSA,CYSA,,,,Sable Island,43.93,-60,4,NS,CA,9,"['METAR', 'TAF']"
CYSB,CYSB,YSB,,71730,Sudbury Arpt,46.622,-80.799,349,ON,CA,2,"['METAR', 'TAF']"
CYSC,CYSC,YSC,,71610,Sherbrooke Arpt,45.44,-71.692,236,QC,CA,3,"['METAR', 'TAF']"
CYSD,CYSD,,,,Suffield Arpt,50.273,-111.19,767,AB,CA,5,['METAR']
CYSF,CYSF,YSF,,71132,Stony Rapids Arpt,59.252,-105.837,238,SK,CA,2,"['METAR', 'TAF']"
CYSJ,CYSJ,YSJ,,71609,Saint John Arpt,45.309,-65.886,89,NB,CA,2,"['METAR', 'TAF']"
CYSK,CYSK,YSK,,,Sanikiluaq Arpt,56.538,-79.242,28,QC,CA,3,['METAR']
CYSL,CYSL,YSL,,,Saint Leonard Arpt,47.157,-67.836,242,NB,CA,5,"['METAR', 'TAF']"
CYSM,CYSM,YSM,,71934,Fort Smith Arpt,60.026,-111.929,203,NT,CA,1,"['METAR', 'TAF']"
CYSN,CYSN,YCM,,,St Catharines/Niagara Arpt,43.192,-79.176,96,ON,CA,6,"['METAR', 'TAF']"
CYSP,CYSP,YSP,,,Marathon Arpt,48.759,-86.351,312,ON,CA,6,"['METAR', 'TAF']"
CYSR,CYSR,,,,Nanisivik Airpo,72.98,-84.62,642,NU,CA,9,"['METAR', 'TAF']"
CYSU,CYSU,YSU,,,Summerside,46.44,-63.83,20,PE,CA,9,[]
CYSY,CYSY,YSY,,,Sachs Harbour Arpt,71.993,-125.241,83,NT,CA,3,"['METAR', 'TAF']"
CYTE,CYTE,YTE,,,Cape Dorset Arpt,64.23,-76.528,49,NU,CA,2,"['METAR', 'TAF']"
CYTH,CYTH,YTH,,71079,Thompson Arpt,55.803,-97.846,212,MB,CA,1,"['METAR', 'TAF']"
CYTJ,CYTJ,,,,Terrace Bay ,48.82,-87.1,290,ON,CA,9,"['METAR', 'TAF']"
CYTL,CYTL,YTL,,71675,Big Trout Lake Arpt,53.816,-89.892,218,ON,CA,2,"['METAR', 'TAF']"
CYTN,CYTN,,,,Trenton Muni,45.612,-62.623,92,NS,CA,9,['METAR']
CYTQ,CYTQ,YTQ,,,Tasiujaq Arpt,58.671,-69.948,14,QC,CA,3,"['METAR', 'TAF']"
CYTR,CYTR,YTR,,71621,Trenton,44.115,-77.531,80,ON,CA,3,"['METAR', 'TAF']"
CYTS,CYTS,YTS,,71739,Timmins/Power Arpt,48.568,-81.378,290,ON,CA,3,"['METAR', 'TAF']"
CYTZ,CYTZ,YTZ,,71265,Toronto/Bishop Arpt,43.627,-79.397,76,ON,CA,5,"['METAR', 'TAF']"
CYUA,CYUA,,,71968,Shingle Point Arpt,68.932,-137.242,25,YT,CA,3,['METAR']
CYUB,CYUB,YUB,,,Tuktoyaktuk Arpt,69.434,-133.026,5,NT,CA,2,"['METAR', 'TAF']"
CYUI,CYUI,,,,Cape Young Arpt,68.93,-116.92,16,NU,CA,9,[]
CYUJ,CYUJ,,,,Lady Franklin,68.5,-113.22,16,NU,CA,9,['METAR']
CYUK,CYUK,,,,Byron Bay Arpt,68.75,-109.07,92,NU,CA,9,[]
CYUL,CYUL,YUL,,71627,Montreal/Trudeau Intl,45.468,-73.742,31,QC,CA,3,"['METAR', 'TAF']"
CYUQ,CYUQ,,,,Jenny Lind Isl,68.65,-101.73,18,NU,CA,9,[]
CYUS,CYUS,,,71911,Shepherd Bay Arpt,68.795,-93.419,30,NU,CA,4,['METAR']
CYUT,CYUT,YUT,,,Repulse Bay Arpt,66.525,-86.23,22,NU,CA,0,"['METAR', 'TAF']"
CYUV,CYUV,,,,Longstaff BLF Arpt,68.93,-75.28,14,NU,CA,9,[]
CYUX,CYUX,YUX,,71081,Hall Beach Arpt,68.772,-81.233,8,NU,CA,1,"['METAR', 'TAF']"
CYUY,CYUY,YUY,,,Rouyn/Noranda Arpt,48.209,-78.83,304,QC,CA,4,"['METAR', 'TAF']"
CYVC,CYVC,YVC,,71922,La Ronge Arpt,55.15,-105.264,378,SK,CA,3,"['METAR', 'TAF']"
CYVL,CYVL,YCK,,,Colville Lake,67.021,-126.129,261,NT,CA,3,['METAR']
CYVM,CYVM,YVM,,,Broughton Isl/Qikiqtarjuaq Arpt,67.552,-64.026,3,NU,CA,6,"['METAR', 'TAF']"
CYVN,CYVN,YVN,,,Cape Dyer Arpt,66.58,-61.62,393,NU,CA,9,[]
CYVO,CYVO,YVO,,71725,Val D'Or Arpt,48.056,-77.779,329,QC,CA,2,"['METAR', 'TAF']"
CYVP,CYVP,YVP,,71906,Kuujjuaq Arpt,58.1,-68.415,28,QC,CA,1,"['METAR', 'TAF']"
CYVQ,CYVQ,YVQ,,71043,Norman Wells Arpt,65.278,-126.796,63,NT,CA,1,"['METAR', 'TAF']"
CYVR,CYVR,YVR,,71892,Vancouver Intl,49.183,-123.168,2,BC,CA,2,"['METAR', 'TAF']"
CYVT,CYVT,YVT,,,Buffalo Narrows Arpt,55.842,-108.418,438,SK,CA,3,"['METAR', 'TAF']"
CYVV,CYVV,YVV,,71633,Wiarton Arpt,44.745,-81.107,221,ON,CA,3,"['METAR', 'TAF']"
CYWA,CYWA,YWA,,71625,Petawawa Arpt,45.948,-77.311,121,ON,CA,3,"['METAR', 'TAF']"
CYWE,CYWE,YFJ,,,Wekweètì Arpt,64.192,-114.078,374,NT,CA,3,"['METAR', 'TAF']"
CYWG,CYWG,YWG,,71852,Winnipeg Intl Arpt,49.916,-97.249,238,MB,CA,0,"['METAR', 'TAF']"
CYWH,CYWH,YWH,,,Victoria Harbour Arpt,48.423,-123.387,4,BC,CA,6,"['METAR', 'TAF']"
CYWJ,CYWJ,YWJ,,,Déline Arpt,65.209,-123.434,208,NT,CA,3,"['METAR', 'TAF']"
CYWK,CYWK,YWK,,71825,Wabush Lake Arpt,52.927,-66.874,547,NL,CA,1,"['METAR', 'TAF']"
CYWL,CYWL,YWL,,71104,Williams Lake Rgnl,52.186,-122.066,942,BC,CA,3,"['METAR', 'TAF']"
CYWO,CYWO,,,,Lupin Arpt,65.756,-111.251,490,NU,CA,9,"['METAR', 'TAF']"
CYWV,CYWV,,,,Wainwright Arpt,52.796,-110.856,662,AB,CA,9,[]
CYWY,CYWY,YWY,,,Wrigley Arpt,63.21,-123.434,135,NT,CA,3,['METAR']
CYXC,CYXC,YXC,,71880,Cranbrook Intl,49.614,-115.784,928,BC,CA,3,"['METAR', 'TAF']"
CYXD,CYXD,YXD,,,Edmonton Muni,53.58,-113.515,667,AB,CA,9,['TAF']
CYXE,CYXE,YXE,,71866,Saskatoon/Diefenbaker Intl,52.172,-106.695,504,SK,CA,1,"['METAR', 'TAF']"
CYXH,CYXH,YXH,,,Medicine Hat Arpt,50.018,-110.717,717,AB,CA,3,"['METAR', 'TAF']"
CYXJ,CYXJ,YXJ,,71943,Fort St John/N Peace Rgnl,56.247,-120.737,700,BC,CA,3,"['METAR', 'TAF']"
CYXL,CYXL,YXL,,71842,Sioux Lookout Arpt,50.114,-91.905,381,ON,CA,3,"['METAR', 'TAF']"
CYXN,CYXN,YXN,,,Whale Cove Arpt,62.238,-92.597,9,NU,CA,4,['METAR']
CYXP,CYXP,YXP,,,Pangnirtung Arpt,66.144,-65.712,29,NU,CA,3,"['METAR', 'TAF']"
CYXQ,CYXQ,YXQ,,,Beaver Creek Arpt,62.408,-140.866,663,YT,CA,5,['METAR']
CYXR,CYXR,YXR,,71684,Earlton Arpt,47.698,-79.852,244,ON,CA,3,"['METAR', 'TAF']"
CYXS,CYXS,YXS,,71896,Prince George Arpt,53.884,-122.677,685,BC,CA,1,"['METAR', 'TAF']"
CYXT,CYXT,YXT,,71951,Terrace Arpt,54.471,-128.577,213,BC,CA,3,"['METAR', 'TAF']"
CYXU,CYXU,YXU,,71623,London Intl,43.039,-81.162,278,ON,CA,3,"['METAR', 'TAF']"
CYXX,CYXX,YXX,,71108,Abbotsford Intl,49.027,-122.377,54,BC,CA,5,"['METAR', 'TAF']"
CYXY,CYXY,YXY,,71964,Whitehorse Arpt,60.71,-135.059,677,YT,CA,1,"['METAR', 'TAF']"
CYXZ,CYXZ,YXZ,,71738,Wawa Arpt,47.974,-84.781,287,ON,CA,3,"['METAR', 'TAF']"
CYYB,CYYB,YYB,,71731,North Bay/Garland Arpt,46.365,-79.423,360,ON,CA,3,"['METAR', 'TAF']"
CYYC,CYYC,YYC,,71877,Calgary Intl,51.116,-114.011,1085,AB,CA,0,"['METAR', 'TAF']"
CYYD,CYYD,YYD,,71950,Smithers Arpt,54.823,-127.185,527,BC,CA,2,"['METAR', 'TAF']"
CYYE,CYYE,YYE,,71945,Fort Nelson Arpt,58.839,-122.59,379,BC,CA,1,"['METAR', 'TAF']"
CYYF,CYYF,YYF,,71889,Penticton Rgnl,49.46,-119.606,342,BC,CA,3,"['METAR', 'TAF']"
CYYG,CYYG,YYG,,71706,Charlottetown Arpt,46.289,-63.128,48,PE,CA,4,"['METAR', 'TAF']"
CYYH,CYYH,YYH,,,Taloyoak Arpt,69.543,-93.568,19,NU,CA,1,"['METAR', 'TAF']"
CYYJ,CYYJ,YYJ,,71799,Victoria Intl,48.642,-123.433,16,BC,CA,4,"['METAR', 'TAF']"
CYYL,CYYL,YYL,,71078,Lynn Lake Arpt,56.863,-101.073,351,MB,CA,2,"['METAR', 'TAF']"
CYYN,CYYN,YYN,,71142,Swift Current Arpt,50.292,-107.691,814,SK,CA,2,"['METAR', 'TAF']"
CYYQ,CYYQ,YYQ,,71618,Churchill Arpt,58.745,-94.074,20,MB,CA,0,"['METAR', 'TAF']"
CYYR,CYYR,YYR,,71816,Goose Bay Arpt,53.32,-60.417,42,NL,CA,2,"['METAR', 'TAF']"
CYYT,CYYT,YYT,,71801,St Johns Intl,47.627,-52.748,128,NL,CA,3,"['METAR', 'TAF']"
CYYU,CYYU,YYU,,71831,Kapuskasing Arpt,49.416,-82.47,228,ON,CA,3,"['METAR', 'TAF']"
CYYW,CYYW,YYW,,,Armstrong Arpt,50.296,-88.912,320,ON,CA,3,['METAR']
CYYY,CYYY,YYY,,71718,Mont Joli Arpt,48.609,-68.208,43,QC,CA,4,"['METAR', 'TAF']"
CYYZ,CYYZ,YYZ,,71624,Toronto/Pearson Intl,43.679,-79.629,171,ON,CA,3,"['METAR', 'TAF']"
CYZE,CYZE,YZE,,,Gore Bay/Manitoulin Arpt,45.885,-82.57,189,ON,CA,3,"['METAR', 'TAF']"
CYZF,CYZF,YZF,,71936,Yellowknife Arpt,62.475,-114.448,202,NT,CA,0,"['METAR', 'TAF']"
CYZG,CYZG,YZG,,,Salliut Arpt,62.181,-75.67,217,QC,CA,3,"['METAR', 'TAF']"
CYZH,CYZH,YZH,,71069,Slave Lake Arpt,55.293,-114.773,583,AB,CA,1,"['METAR', 'TAF']"
CYZP,CYZP,YZP,,,Sandspit Arpt,53.254,-131.814,7,BC,CA,3,"['METAR', 'TAF']"
CYZR,CYZR,YZR,,71704,Sarnia/Hadfield Arpt,42.995,-82.307,181,ON,CA,6,"['METAR', 'TAF']"
CYZS,CYZS,YZS,,71915,Coral Harbour Arpt,64.188,-83.351,60,NU,CA,0,"['METAR', 'TAF']"
CYZT,CYZT,YZT,,71109,Port Hardy Arpt,50.685,-127.369,13,BC,CA,1,"['METAR', 'TAF']"
CYZU,CYZU,YZU,,71930,Whitecourt Arpt,54.142,-115.785,785,AB,CA,4,"['METAR', 'TAF']"
CYZV,CYZV,YZV,,71811,Sept-Îles Arpt,50.217,-66.26,43,QC,CA,3,"['METAR', 'TAF']"
CYZW,CYZW,YZW,,,Teslin Arpt,60.175,-132.734,700,YT,CA,7,"['METAR', 'TAF']"
CYZX,CYZX,YZX,,71397,Greenwood ,44.985,-64.912,28,NS,CA,4,"['METAR', 'TAF']"
CYZY,CYZY,,,,Mackenzie Arpt,55.303,-123.135,694,BC,CA,3,"['METAR', 'TAF']"
CZAG,CZAG,,,,La Grande IV Re,53.75,-73.68,307,QC,CA,9,[]
CZBF,CZBF,ZBF,,71574,Bathurst Arpt,47.628,-65.746,60,NB,CA,4,"['METAR', 'TAF']"
CZCP,CZCP,,,71948,Cape Parry Arpt,70.166,-124.693,23,NT,CA,1,['METAR']
CZCR,CZCR,,,71315,Charlo Arpt,47.99,-66.334,39,NB,CA,3,['METAR']
CZDB,CZDB,,,71317,Debert Arpt,45.422,-63.466,38,NS,CA,4,['METAR']
CZDI,CZDI,,,,Churchill Falls,53.57,-64.09,440,NL,CA,9,[]
CZEL,CZEL,,,71352,Elora,43.642,-80.412,370,ON,CA,6,['METAR']
CZEM,CZEM,ZEM,,,Eastmain River Arpt,52.23,-78.52,9,QC,CA,3,['METAR']
CZEV,CZEV,,,71364,Inuvik,68.313,-133.496,92,NT,CA,6,['METAR']
CZFA,CZFA,ZFA,,,Faro Arpt,62.211,-133.385,702,YT,CA,3,"['METAR', 'TAF']"
CZFM,CZFM,ZFM,,,Fort McPherson Arpt,67.41,-134.871,33,NT,CA,3,"['METAR', 'TAF']"
CZFN,CZFN,ZFN,,,Fort Norman Arpt,64.908,-125.563,135,NT,CA,4,['METAR']
CZFS,CZFS,,,71365,Fort Simpson,61.76,-121.23,174,NT,CA,7,['METAR']
CZHY,CZHY,,,71361,Hay River,60.839,-115.781,159,NT,CA,7,['METAR']
CZKD,CZKD,,,71572,Kelsey Dam,56.037,-96.51,190,MB,CA,4,['METAR']
CZMD,CZMD,MSA,,71755,Muskrat Dam Arpt,53.439,-91.766,276,ON,CA,3,"['METAR', 'TAF']"
CZMJ,CZMJ,,,71539,Moose Jaw,50.332,-105.538,571,SK,CA,7,['METAR']
CZMT,CZMT,ZMT,,,Masset Arpt,54.023,-132.12,11,BC,CA,6,"['METAR', 'TAF']"
CZMU,CZMU,,,71354,Mundare,53.563,-112.296,682,AB,CA,6,['METAR']
CZNB,CZNB,,,,North Bay ,46.37,-79.42,364,ON,CA,9,[]
CZOC,CZOC,,,71044,Old Crow ,67.568,-139.846,253,YT,CA,9,[]
CZOL,CZOL,,,71351,Oliver,53.642,-113.364,645,AB,CA,6,['METAR']
CZPC,CZPC,WPC,,71085,Pincher Creek Arpt,49.522,-114.005,1187,AB,CA,3,['METAR']
CZPK,CZPK,,,71984,Paulatuk ,69.349,-124.069,1,NT,CA,9,[]
CZPS,CZPS,,,71353,Prentiss,52.438,-113.593,953,AB,CA,6,['METAR']
CZRP,CZRP,,,71983,Rae Point,75.377,-105.715,6,NU,CA,3,['METAR']
CZSJ,CZSJ,ZSJ,,71098,Sandy Lake Arpt,53.063,-93.344,286,ON,CA,4,"['METAR', 'TAF']"
CZSM,CZSM,,,71362,Fort Smith,60.026,-111.929,203,NT,CA,7,['METAR']
CZSP,CZSP,,,71310,St Peters Bay,46.45,-62.576,31,PE,CA,5,['METAR']
CZST,CZST,ZST,,71955,Stewart Arpt,55.935,-129.984,10,BC,CA,3,['METAR']
CZTB,CZTB,,,71667,Thunder Bay Intl,48.369,-89.327,197,ON,CA,6,['METAR']
CZUB,CZUB,,,71985,Tuktoyaktuk ,69.434,-133.02,6,NT,CA,9,[]
CZUE,CZUE,,,,Cape Parry Arpt,70.17,-124.68,17,NT,CA,9,[]
CZUM,CZUM,ZUM,,71002,Churchill Falls Arpt,53.562,-64.107,431,NL,CA,3,"['METAR', 'TAF']"
CZVL,CZVL,,,,Edmonton/Villenueve Arpt,53.67,-113.863,685,AB,CA,6,"['METAR', 'TAF']"
CZWN,CZWN,,,71118,Wainwright,52.833,-111.103,689,AB,CA,9,[]
CZZJ,CZZJ,,,71156,Edson CR10?,53.583,-116.462,927,AB,CA,7,['METAR']
DAAD,DAAD,BUJ,,60515,Bou Saada Arpt,35.333,4.206,461,BL,DZ,3,"['METAR', 'TAF']"
DAAE,DAAE,BJA,,60402,Béjaïa Arpt,36.712,5.07,1,BE,DZ,3,"['METAR', 'TAF']"
DAAF,DAAF,,,,Aoulef,26.967,1.083,285,TA,DZ,9,['METAR']
DAAG,DAAG,ALG,,60390,Algiers Intl,36.691,3.215,18,BM,DZ,1,"['METAR', 'TAF']"
DAAJ,DAAJ,DJG,,60670,Djanet/Tiska Arpt,24.286,9.464,962,IL,DZ,2,"['METAR', 'TAF']"
DAAP,DAAP,VVZ,,60640,Illizi/Takhamalt Arpt,26.724,8.622,542,IL,DZ,3,"['METAR', 'TAF']"
DAAS,DAAS,QSF,,60445,Sétif/Arnat Arpt,36.18,5.33,1012,BB,DZ,4,"['METAR', 'TAF']"
DAAT,DAAT,TMR,,,Tamanrasset/Aguenar-Hadj Bei Arpt,22.824,5.452,1372,TA,DZ,0,"['METAR', 'TAF']"
DAAV,DAAV,GJL,,60351,Jijel/Achouat Arpt,36.795,5.877,11,JI,DZ,4,"['METAR', 'TAF']"
DAAY,DAAY,MZW,,60549,Mecheria/Bouamama Arpt,33.532,-0.248,1116,SB,DZ,2,"['METAR', 'TAF']"
DABB,DABB,AAE,,60360,Annaba/Bitat Arpt,36.822,7.809,3,ET,DZ,3,"['METAR', 'TAF']"
DABC,DABC,CZL,,60419,Constantine/Boudiaf Arpt,36.278,6.629,686,CO,DZ,2,"['METAR', 'TAF']"
DABP,DABP,SKI,,60355,Skikda,36.87,6.912,11,SK,DZ,9,['METAR']
DABS,DABS,TEE,,60475,Tebassa/Tebessi Arpt,35.432,8.121,806,TE,DZ,3,"['METAR', 'TAF']"
DABT,DABT,BLJ,,60468,Batna/Boulaid Arpt,35.752,6.309,813,BA,DZ,5,"['METAR', 'TAF']"
DAEF,DAEF,,,60638,Tinfouye Arpt,28.437,7.549,475,IL,DZ,3,"['METAR', 'TAF']"
DAEN,DAEN,,,60603,Rhourd Nouss Arpt,29.731,6.712,252,OU,DZ,3,"['METAR', 'TAF']"
DAER,DAER,,,,UNK,-99.99,-99.99,9999,,DZ,9,[]
DAFH,DAFH,HRM,,,Tilrempt/Mei Arpt,32.93,3.312,774,LA,DZ,4,"['METAR', 'TAF']"
DAFI,DAFI,,,60535,Djelfa,34.683,3.25,1131,DJ,DZ,9,['METAR']
DAMH,DAMH,,,60601,Hamra Arpt,29.226,6.494,294,,DZ,4,['METAR']
DAOB,DAOB,TID,,60511,Tiaret/Bou Arpt,35.345,1.476,976,TI,DZ,2,"['METAR', 'TAF']"
DAOF,DAOF,TIN,,60656,Tindouf Arpt,27.7,-8.167,441,TI,DZ,2,"['METAR', 'TAF']"
DAOI,DAOI,CFK,,60425,Chlef/Belkaid Arpt,36.213,1.332,141,CH,DZ,3,"['METAR', 'TAF']"
DAOL,DAOL,TAF,,,Oran/Benbella Arpt,35.542,-0.532,103,OR,DZ,6,['METAR']
DAON,DAON,TLM,,60531,Tlemcen/Zenata Arpt,35.013,-1.457,245,TL,DZ,4,"['METAR', 'TAF']"
DAOO,DAOO,ORN,,60490,Oran/Es-Sénia Arpt,35.623,-0.624,87,OR,DZ,3,"['METAR', 'TAF']"
DAOR,DAOR,CBH,,60571,Bécha/Ali Lolfi Arpt,31.65,-2.261,809,BE,DZ,2,"['METAR', 'TAF']"
DAOV,DAOV,MUW,,60507,Mascara/Ghriss Arpt,35.208,0.147,506,MA,DZ,4,"['METAR', 'TAF']"
DAOY,DAOY,EBH,,60550,El Bayadh Arpt,33.721,1.091,1340,EL,DZ,3,"['METAR', 'TAF']"
DAPT,DAPT,,,,UNK,-99.99,-99.99,9999,,DZ,9,[]
DATM,DATM,BMW,,,Bordj Mokhtar Arpt,21.375,0.924,398,AD,DZ,2,"['METAR', 'TAF']"
DAUA,DAUA,AZR,,60620,Adrar/Belkebir Arpt,27.839,-0.186,278,AD,DZ,1,"['METAR', 'TAF']"
DAUB,DAUB,BSK,,60525,Biskra Arpt,34.793,5.738,75,BI,DZ,3,"['METAR', 'TAF']"
DAUE,DAUE,ELG,,60590,El Golea Intl,30.571,2.86,396,GH,DZ,2,"['METAR', 'TAF']"
DAUG,DAUG,GHA,,60566,Ghardaïa/Noumérat Arpt,32.384,3.794,444,GH,DZ,1,"['METAR', 'TAF']"
DAUH,DAUH,HME,,60581,Hassi-Messaoud/Belkacem Arpt,31.673,6.14,141,OU,DZ,4,"['METAR', 'TAF']"
DAUI,DAUI,INZ,,,In Salah Arpt,27.251,2.512,271,TA,DZ,3,"['METAR', 'TAF']"
DAUK,DAUK,TGR,,60555,Touggourt/Madhi Arpt,33.068,6.089,83,OU,DZ,5,"['METAR', 'TAF']"
DAUL,DAUL,LOO,,60545,Laghouat/L'Mekrareg Arpt,33.764,2.928,755,LA,DZ,3,"['METAR', 'TAF']"
DAUO,DAUO,ELU,,60559,El Oued/Guemar Arpt,33.513,6.782,55,EO,DZ,2,"['METAR', 'TAF']"
DAUT,DAUT,TMX,,60607,Timimoun Arpt,29.237,0.276,307,AD,DZ,3,"['METAR', 'TAF']"
DAUU,DAUU,OGX,,60580,Ouargla Arpt,31.917,5.413,147,OU,DZ,5,"['METAR', 'TAF']"
DAUZ,DAUZ,IAM,,60611,In Aménas Arpt,28.052,9.643,567,IL,DZ,1,"['METAR', 'TAF']"
DBBB,DBBB,COO,,65344,Cotonou/Cadjehoun Arpt,6.357,2.384,4,AQ,BJ,3,"['METAR', 'TAF']"
DBBC,DBBC,,,65338,Bohicon,7.167,2.067,157,ZO,BJ,9,['METAR']
DBBK,DBBK,KDC,,65306,Kandi,11.145,2.94,291,BO,BJ,9,['METAR']
DBBN,DBBN,NAE,,65319,Natitingou,10.317,1.383,457,AK,BJ,9,['METAR']
DBBP,DBBP,PKO,,65330,Parakou,9.358,2.61,389,BO,BJ,9,['METAR']
DBBS,DBBS,SVF,,65335,Save,8.018,2.465,181,ZO,BJ,9,['METAR']
DBLN6,,,,,Dunkirk,42.493,-79.353,183,NY,US,8,[]
DELD1,,,,,Delaware City,39.582,-75.59,4,DE,US,8,[]
DESW1,,,,99407,Destruction Isl,47.675,-124.485,21,WA,US,5,[]
DFBF1,,,,99417,Deerfield Beach,26.32,-80.08,2,FL,US,9,[]
DFCC,DFCC,OUG,,65502,Ouahigouya,13.57,-2.42,337,,BF,9,['METAR']
DFCO,DFCO,,,65516,Boromo,11.733,-2.917,274,MO,BF,9,['METAR']
DFCP,DFCP,PUP,,65518,Po,11.167,-1.15,315,NA,BF,9,['METAR']
DFEE,DFEE,DOR,,65501,Dori,14.033,-0.033,282,GN,BF,9,['METAR']
DFEF,DFEF,FNG,,65507,Fada N'Gourma,12.067,0.35,295,GO,BF,9,['METAR']
DFFD,DFFD,OUA,,65503,Ouagadougou Arpt,12.356,-1.512,309,KA,BF,2,"['METAR', 'TAF']"
DFOD,DFOD,DGU,,65505,Dedougou,12.459,-3.49,297,MO,BF,9,['METAR']
DFOG,DFOG,XGA,,65522,Gaua,10.333,-3.183,314,PO,BF,9,['METAR']
DFOO,DFOO,BOY,,65510,Bobo-Dioulasso Arpt,11.163,-4.322,461,HO,BF,1,"['METAR', 'TAF']"
DGAA,DGAA,ACC,,65472,Accra/Kotoka Intl,5.6,-0.17,68,GA,GH,3,"['METAR', 'TAF']"
DGAD,DGAD,,,65475,Ada,5.783,0.633,7,GA,GH,9,['METAR']
DGAH,DGAH,,,65453,Ho,6.6,0.467,166,VO,GH,9,['METAR']
DGAK,DGAK,,,65460,Akuse,6.1,0.117,12,EP,GH,9,['METAR']
DGAS,DGAS,,,65469,Saltpond,5.2,-1.067,17,CE,GH,9,['METAR']
DGAT,DGAT,,,65473,Tema,5.625,-0.002,5,GA,GH,9,['METAR']
DGKA,DGKA,,,65457,Akim Oda,5.933,-0.983,127,EP,GH,9,['METAR']
DGKK,DGKK,,,65459,Korforidua,6.083,-0.25,215,EP,GH,9,['METAR']
DGLB,DGLB,,,65416,Bole,9.033,-2.483,297,NO,GH,9,['METAR']
DGLE,DGLE,TML,,65418,Tamale Arpt,9.554,-0.862,169,NO,GH,1,"['METAR', 'TAF']"
DGLN,DGLN,,,65401,Navrongo,10.9,-1.1,194,UE,GH,9,['METAR']
DGLW,DGLW,WZA,,65404,Wa,10.05,-2.5,323,UW,GH,9,['METAR']
DGLY,DGLY,,,65420,Yendi,9.45,-0.017,195,NO,GH,9,['METAR']
DGSB,DGSB,,,65445,Sefwi Bekwai,6.2,-2.333,171,WP,GH,9,['METAR']
DGSI,DGSI,KMS,,65442,Kumasi Arpt,6.715,-1.591,283,AS,GH,2,"['METAR', 'TAF']"
DGSN,DGSN,NYI,,65439,Sunyani Arpt,7.361,-2.33,301,BA,GH,9,['METAR']
DGSW,DGSW,,,65432,Wenchi,7.75,-2.1,339,BA,GH,9,['METAR']
DGTK,DGTK,TKD,,65467,Takoradi Arpt,4.896,-1.775,5,,GH,3,"['METAR', 'TAF']"
DGTX,DGTX,,,65465,Axim,4.867,-2.233,38,WP,GH,9,['METAR']
DHXA2,,,,,CMAN,-99.99,-99.99,9999,,,8,[]
DIAD,DIAD,,,65585,Adiake,5.286,-3.303,39,AB,CI,4,['METAR']
DIAP,DIAP,ABJ,,65578,Abidjan/Boigny Intl,5.261,-3.926,4,AB,CI,1,"['METAR', 'TAF']"
DIBK,DIBK,BYK,,65555,Bouaké Arpt,7.739,-5.074,363,BK,CI,2,"['METAR', 'TAF']"
DIBU,DIBU,BDK,,65545,Bondoukou Arpt,8.012,-2.765,363,BD,CI,3,['METAR']
DIDK,DIDK,DIM,,65562,Dimbokro,6.65,-4.7,81,DI,CI,4,['METAR']
DIDL,DIDL,DJO,,65560,Daloa Arpt,6.79,-6.474,263,DA,CI,3,['METAR']
DIGA,DIGA,GGN,,65557,Gagnoa Arpt,6.109,-5.989,218,GD,CI,4,['METAR']
DIKO,DIKO,HGO,,65536,Korhogo Arpt,9.411,-5.622,383,KO,CI,3,['METAR']
DILA1,,,,,CMAN,-99.99,-99.99,9999,,,8,[]
DIMN,DIMN,MJC,,65548,Man Arpt,7.271,-7.588,382,MA,CI,3,['METAR']
DIOD,DIOD,KEO,,65528,Odienne Arpt,9.538,-7.564,417,KO,CI,3,['METAR']
DISP,DISP,SPY,,65594,San Pedro Arpt,4.747,-6.661,8,SP,CI,3,['METAR']
DISS,DISS,ZSS,,65599,Sassandra Arpt,4.931,-6.132,62,SA,CI,4,['METAR']
DISW3,,,,,Devil's Island,47.08,-90.728,192,WI,US,4,[]
DITB,DITB,TXU,,65592,Tabou Arpt,4.433,-7.36,13,TA,CI,4,['METAR']
DIYO,DIYO,ASK,,65563,Yamoussoukro Arpt,6.903,-5.366,202,YA,CI,4,"['METAR', 'TAF']"
DKCM6,,,,,Pascagoula/Dock C,30.355,-88.567,4,MS,US,8,[]
DKKF1,,,,,CMAN,-99.99,-99.99,9999,,,8,[]
DMSF1,,,,,CMAN,-99.99,-99.99,9999,,,8,[]
DNAA,DNAA,ABV,,,Abuja/Azikiwe Intl,9.007,7.263,338,NI,NG,2,"['METAR', 'TAF']"
DNAK,DNAK,AKR,,65232,Akure Arpt,7.247,5.301,328,ON,NG,4,"['METAR', 'TAF']"
DNBE,DNBE,BNI,,65229,Benin Arpt,6.317,5.603,77,ED,NG,3,"['METAR', 'TAF']"
DNBI,DNBI,,,65112,Bida Arpt,9.101,6.014,140,NI,NG,9,['METAR']
DNCA,DNCA,CBQ,,65264,Calabar/Ekpo Intl,4.976,8.347,64,CR,NG,3,"['METAR', 'TAF']"
DNEN,DNEN,ENU,,,Enugu/Ibiam Intl,6.474,7.562,142,EN,NG,3,"['METAR', 'TAF']"
DNGO,DNGO,GMO,,65075,Gombe Arpt,10.303,10.905,510,BA,NG,3,"['METAR', 'TAF']"
DNGU,DNGU,,,65015,Gusau Arpt,12.172,6.696,466,SO,NG,9,['METAR']
DNIB,DNIB,IBA,,65100,Ibadan Arpt,7.36,3.976,220,OY,NG,4,"['METAR', 'TAF']"
DNIL,DNIL,ILR,,65101,Ilorin Arpt,8.438,4.491,341,KW,NG,3,"['METAR', 'TAF']"
DNIM,DNIM,QOW,,,Owerri/Mbakwe Intl,5.427,7.206,113,IM,NG,4,"['METAR', 'TAF']"
DNJO,DNJO,JOS,,65134,Jos Arpt,9.64,8.87,1289,PL,NG,3,"['METAR', 'TAF']"
DNKA,DNKA,KAD,,65019,Kaduna Arpt,10.6,7.45,631,KD,NG,3,"['METAR', 'TAF']"
DNKN,DNKN,KAN,,65046,Kano/Aminu Intl,12.048,8.525,471,KN,NG,2,"['METAR', 'TAF']"
DNKT,DNKT,,,65028,Katsina/Yaradura Arpt,13.006,7.659,504,KT,NG,4,"['METAR', 'TAF']"
DNMA,DNMA,MIU,,,Maiduguri Intl,11.855,13.081,335,BO,NG,3,"['METAR', 'TAF']"
DNMK,DNMK,MDI,,65271,Makurdi Arpt,7.704,8.614,99,BN,NG,3,['METAR']
DNMM,DNMM,LOS,,65201,Lagos/Muhammed Intl,6.577,3.321,27,LA,NG,0,"['METAR', 'TAF']"
DNMN,DNMN,MXJ,,,Minna Arpt,9.652,6.462,268,NI,NG,4,"['METAR', 'TAF']"
DNOS,DNOS,,,65215,Oshogbo,7.763,4.473,302,OS,NG,9,['METAR']
DNPO,DNPO,PHC,,65250,Port Harcourt Intl,4.848,7.022,17,RI,NG,2,"['METAR', 'TAF']"
DNSO,DNSO,SKO,,65010,Sokoto/Abubakar Intl,12.917,5.202,302,SO,NG,2,"['METAR', 'TAF']"
DNSU,DNSU,QRW,,,Warri/Osubi Arpt,5.598,5.819,15,DE,NG,4,['TAF']
DNYO,DNYO,YOL,,65167,Yola Arpt,9.267,12.429,178,AD,NG,4,"['METAR', 'TAF']"
DNZA,DNZA,ZAR,,65030,Zaria Arpt,11.13,7.686,655,KD,NG,4,['METAR']
DOMV2,,,,,Dominion Terminal,36.962,-76.425,9,VA,US,8,[]
DPIA1,,,,99442,Dauphin Island,30.248,-88.073,0,AL,US,5,[]
DPLA2,,,,,CMAN,-99.99,-99.99,9999,,,8,[]
DPOA2,,,,,CMAN,-99.99,-99.99,9999,,,8,[]
DPXA2,,,,,CMAN,-99.99,-99.99,9999,,,8,[]
DPXC1,,,,,Davis Point,38.057,-122.259,0,CA,US,8,[]
DRFA2,,,,,Drift River Terminal,60.553,-152.137,16,AK,US,8,[]
DRRB,DRRB,,,61075,Birni-N'Konni,13.802,5.242,270,TA,NE,9,['METAR']
DRRG,DRRG,,,61099,Gaya,11.883,3.45,202,DO,NE,9,['METAR']
DRRI,DRRI,,,61017,Bilma,18.683,12.917,355,AG,NE,9,['METAR']
DRRL,DRRL,,,61036,Tillabery,14.2,1.45,209,NI,NE,9,['METAR']
DRRM,DRRM,MFQ,,61080,Maradi Arpt,13.502,7.12,374,MA,NE,3,['METAR']
DRRN,DRRN,NIM,,61052,Niamey/Hamani Intl,13.483,2.17,223,NI,NE,0,"['METAR', 'TAF']"
DRRT,DRRT,THZ,,61043,Tahoua Arpt,14.878,5.27,387,TA,NE,3,['METAR']
DRSD1,,,,,Delaware River Reser,39.089,-75.437,5,DE,US,8,[]
DRYF1,,,,,Dry Tortugas,24.638,-82.862,0,FL,US,3,[]
DRZA,DRZA,AJY,,61024,Agadez Arpt,16.964,7.989,506,AG,NE,1,"['METAR', 'TAF']"
DRZF,DRZF,,,61085,Diffa Arpt,13.373,12.625,303,DI,NE,3,['METAR']
DRZG,DRZG,,,61045,Goure,13.988,10.269,443,ZI,NE,9,['METAR']
DRZM,DRZM,,,61096,Maine-Soroa,13.233,11.983,338,DI,NE,9,['METAR']
DRZR,DRZR,ZND,,61090,Zinder Arpt,13.779,8.984,457,ZI,NE,3,"['METAR', 'TAF']"
DSLN7,,,,99403,Diamond Shoals,35.15,-75.3,0,NC,US,9,[]
DTKA,DTKA,TBJ,,60710,Tabarka Intl,36.98,8.877,70,JE,TN,4,"['METAR', 'TAF']"
DTLM4,,,,,De Tour Village,45.992,-83.897,178,MI,US,8,[]
DTMB,DTMB,MIR,,,Monastir/Bourguiba Intl,35.758,10.755,1,MO,TN,3,"['METAR', 'TAF']"
DTNH,DTNH,NBE,,60731,Enfidha/Mammamet Arpt,36.074,10.436,1,SO,TN,5,"['METAR', 'TAF']"
DTTA,DTTA,TUN,,60715,Tunis/Carthage Intl,36.851,10.227,4,AR,TN,1,"['METAR', 'TAF']"
DTTB,DTTB,,,60714,Bizerte Arpt,37.245,9.791,4,BI,TN,4,"['METAR', 'TAF']"
DTTD,DTTD,,,60775,Remada Arpt,32.312,10.386,306,TA,TN,4,"['METAR', 'TAF']"
DTTF,DTTF,GAF,,60745,Gafsa/Ksar Intl,34.422,8.822,314,GF,TN,5,"['METAR', 'TAF']"
DTTG,DTTG,GAE,,60765,Gabes/Matmata Intl,33.733,9.918,120,GB,TN,2,"['METAR', 'TAF']"
DTTJ,DTTJ,DJE,,60769,Djerba/Zarzis Intl,33.875,10.775,3,ME,TN,5,"['METAR', 'TAF']"
DTTK,DTTK,,,60735,Kairouan,35.667,10.1,65,KR,TN,4,['METAR']
DTTL,DTTL,,,60720,Kelibia,36.85,11.083,18,NA,TN,4,['METAR']
DTTM,DTTM,,,60740,Monastir-Skanes,35.667,10.754,12,MO,TN,9,['METAR']
DTTN,DTTN,,,60725,Jendouba,36.483,8.8,145,JE,TN,5,['METAR']
DTTR,DTTR,EBM,,60780,El Borma Arpt,31.703,9.257,253,TA,TN,4,"['METAR', 'TAF']"
DTTX,DTTX,SFA,,60750,Sfax/Thyna Arpt,34.718,10.691,17,SF,TN,3,"['METAR', 'TAF']"
DTTZ,DTTZ,TOE,,60760,Tozeur/Nefta Arpt,33.94,8.111,87,TI,TN,3,"['METAR', 'TAF']"
DUCN7,,,,,Duck,36.19,-75.74,0,NC,US,9,[]
DUKN7,,,,,Duck Pier,36.183,-75.747,11,NC,US,8,[]
DULM5,,,,,Duluth,46.775,-92.093,185,MN,US,8,[]
DXAK,DXAK,,,65376,Atakpame,7.528,1.128,318,PL,TG,3,['METAR']
DXDP,DXDP,,,,Djangou Arpt,10.8,0.242,270,S,TG,3,['METAR']
DXMG,DXMG,,,65352,Mango Arpt,10.373,0.471,153,S,TG,5,['METAR']
DXNG,DXNG,LRL,,65355,Niamtougou Arpt,9.767,1.091,343,K,TG,4,"['METAR', 'TAF']"
DXSK,DXSK,,,65361,Sokodé Arpt,8.995,1.153,381,C,TG,3,['METAR']
DXTA,DXTA,,,65380,Tabligbo,6.59,1.5,44,,TG,5,['METAR']
DXXX,DXXX,LFW,,65387,Lomé/Eyadema Intl,6.166,1.254,22,M,TG,2,"['METAR', 'TAF']"
EBAW,EBAW,ANR,,06450,Antwerp Intl,51.189,4.46,7,VA,BE,4,"['METAR', 'TAF']"
EBBE,EBBE,,,06458,Beauvechain,50.759,4.768,127,WA,BE,6,"['METAR', 'TAF']"
EBBL,EBBL,,,06479,Kleine-Brogel,51.168,5.47,50,VL,BE,6,"['METAR', 'TAF']"
EBBR,EBBR,BRU,,06451,Brussels Intl,50.896,4.526,49,VL,BE,2,"['METAR', 'TAF']"
EBBT,EBBT,,,,Brasschaat ,51.345,4.503,20,VA,BE,9,"['METAR', 'TAF']"
EBBX,EBBX,,,,Bertrix Bel-AFB,49.891,5.225,458,WA,BE,9,['METAR']
EBCI,EBCI,CRL,,06449,Charleroi Arpt,50.459,4.454,176,WH,BE,5,"['METAR', 'TAF']"
EBCV,EBCV,,,06432,Chièvres Arpt,50.576,3.831,56,WH,BE,4,"['METAR', 'TAF']"
EBDT,EBDT,,,06465,Schaffen,51.005,5.067,25,VL,BE,5,"['METAR', 'TAF']"
EBEF1,,,,,CMAN,-99.99,-99.99,9999,,,8,[]
EBFN,EBFN,,,06400,Koksijde,51.09,2.653,9,VW,BE,6,"['METAR', 'TAF']"
EBFS,EBFS,,,06456,Florennes,50.243,4.646,276,WN,BE,3,"['METAR', 'TAF']"
EBGT,EBGT,,,,Gent/Industry Zone,51.188,3.808,7,VO,BE,9,[]
EBLB,EBLB,,,06496,Elsenborn,50.482,6.181,563,WL,BE,4,"['METAR', 'TAF']"
EBLG,EBLG,LGG,,06478,Bierset/Liège Arpt,50.637,5.443,187,WL,BE,4,"['METAR', 'TAF']"
EBMB,EBMB,,,,Melsbroek ,50.909,4.497,32,VL,BE,9,['METAR']
EBMT,EBMT,,,06428,Munte ,50.941,3.67,38,WA,BE,9,[]
EBNP2,,,,,Ebon,4.6,168.7,2,,US,9,[]
EBOS,EBOS,OST,,06407,Oostende-Bruges Intl,51.199,2.862,5,VH,BE,4,"['METAR', 'TAF']"
EBSP,EBSP,,,06490,Spa/La Sauveniere,50.479,5.91,474,WL,BE,9,['METAR']
EBST,EBST,,,,St Truiden,50.792,5.202,6,VL,BE,9,['METAR']
EBSU,EBSU,,,06476,Saint Hubert ,50.039,5.404,553,WL,BE,9,['METAR']
EBSW1,,,,,Seattle,47.605,-122.338,0,WA,US,8,[]
EBTN,EBTN,,,,Goetsenhoven ,50.782,4.958,67,VL,BE,9,['METAR']
EBWE,EBWE,,,,Weelde,51.399,4.976,30,VA,BE,9,['METAR']
EBZW,EBZW,,,,Genk/Zwartberg Arpt,51.014,5.524,84,VL,BE,9,['METAR']
EDAC,EDAC,AOC,,,Altenburg Arpt,50.982,12.506,193,ID,DE,5,"['METAR', 'TAF']"
EDAH,EDAH,HDF,,,Heringsdorf Arpt,53.879,14.152,22,MV,DE,3,"['METAR', 'TAF']"
EDBC,EDBC,CSO,,,Magdeburg/Cochstedt Arpt,51.856,11.42,178,ST,DE,4,"['METAR', 'TAF']"
EDBM,EDBM,,,,Magdeburg/Sachsen-An,52.103,11.583,80,ST,DE,9,"['METAR', 'TAF']"
EDDB,EDDB,BER,,10385,Berlin/Brandenburg Intl,52.38068,13.53064,48,BR,DE,0,"['METAR', 'TAF']"
EDDC,EDDC,DRS,,10488,Dresden Arpt,51.12797,13.7543,227,SN,DE,3,"['METAR', 'TAF']"
EDDE,EDDE,ERF,,10554,Erfurt Arpt,50.983,10.961,314,TH,DE,2,"['METAR', 'TAF']"
EDDF,EDDF,FRA,,10637,Frankfurt/Main Arpt,50.045,8.598,113,HE,DE,1,"['METAR', 'TAF']"
EDDG,EDDG,FMO,,10315,Münster/Osnabrück Arpt,52.135,7.697,46,NT,DE,2,"['METAR', 'TAF']"
EDDH,EDDH,HAM,,10147,Hamburg Arpt,53.633,9.988,8,HH,DE,2,"['METAR', 'TAF']"
EDDI,EDDI,,,10384,Berlin/Tempelhof Arpt,52.471,13.4,47,BE,DE,6,['TAF']
EDDK,EDDK,CGN,,10513,Koln-Bonn Arpt,50.865,7.157,92,NT,DE,4,"['METAR', 'TAF']"
EDDL,EDDL,DUS,,10400,Düsseldorf Intl,51.296,6.769,37,NT,DE,3,"['METAR', 'TAF']"
EDDM,EDDM,MUC,,10866,Munich Intl,48.348,11.813,445,BY,DE,2,"['METAR', 'TAF']"
EDDN,EDDN,NUE,,10763,Nurnberg Arpt,49.503,11.055,312,BY,DE,3,"['METAR', 'TAF']"
EDDP,EDDP,LEJ,,10469,Leipzig/Halle Arpt,51.435,12.24,129,SN,DE,3,"['METAR', 'TAF']"
EDDR,EDDR,SCN,,10708,Saarbrücken Arpt,49.213,7.108,317,SL,DE,4,"['METAR', 'TAF']"
EDDS,EDDS,STR,,10738,Stuttgart Arpt,48.69,9.222,374,BW,DE,3,"['METAR', 'TAF']"
EDDT,EDDT,,,10382,Berlin/Tegel Arpt,52.564,13.309,31,BE,DE,6,['TAF']
EDDV,EDDV,HAJ,,10338,Hannover Arpt,52.466,9.68,53,NI,DE,3,"['METAR', 'TAF']"
EDDW,EDDW,BRE,,10224,Bremen Arpt,53.047,8.787,5,HB,DE,3,"['METAR', 'TAF']"
EDFE,EDFE,,,,Egelsbach Arpt,49.961,8.642,113,HE,DE,6,['METAR']
EDFH,EDFH,HHN,,10616,Frankfurt/Hahn Arpt,49.946,7.265,494,RP,DE,4,"['METAR', 'TAF']"
EDFM,EDFM,MHG,,10729,Mannheim City Arpt,49.474,8.515,94,BW,DE,4,"['METAR', 'TAF']"
EDGS,EDGS,SGE,,,Siegerland Arpt,50.708,8.083,595,NT,DE,4,"['METAR', 'TAF']"
EDHI,EDHI,XFW,,10149,Hamburg/FinkenwerderR Arpt,53.536,9.837,5,HH,DE,6,"['METAR', 'TAF']"
EDHK,EDHK,KEL,,,Kiel/Holtenau Arpt,54.376,10.143,24,SH,DE,4,"['METAR', 'TAF']"
EDHL,EDHL,LBC,,10156,Lübeck Arpt,53.805,10.719,13,SH,DE,4,"['METAR', 'TAF']"
EDJA,EDJA,FMM,,10947,Memmingerberg Arpt,47.989,10.239,625,BY,DE,4,"['METAR', 'TAF']"
EDLN,EDLN,MGL,,,Monchengladbach Arpt,51.23,6.504,38,NW,DE,6,"['METAR', 'TAF']"
EDLP,EDLP,PAD,,10426,Paderborn Arpt,51.614,8.616,211,NT,DE,4,"['METAR', 'TAF']"
EDLV,EDLV,NRN,,,Weeze Arpt,51.602,6.142,27,NT,DE,6,"['METAR', 'TAF']"
EDLW,EDLW,DTM,,10416,Dortmund Arpt,51.518,7.612,122,NT,DE,4,"['METAR', 'TAF']"
EDMA,EDMA,AGB,,10852,Augsberg Arpt,48.425,10.932,462,BY,DE,5,"['METAR', 'TAF']"
EDMO,EDMO,OBF,,,Oberpfaffenhofe Arpt,48.081,11.283,587,BY,DE,6,"['METAR', 'TAF']"
EDNN,EDNN,,,,Norvenich ,50.83,6.67,135,,DE,9,[]
EDNY,EDNY,FDH,,10935,Friedrichshafen Arpt,47.671,9.511,411,BW,DE,3,"['METAR', 'TAF']"
EDOP,EDOP,SZW,,,Parchim Arpt,53.427,11.783,44,BW,DE,3,"['METAR', 'TAF']"
EDQD,EDQD,BYU,,,Bayreuth Arpt,49.984,11.639,486,BY,DE,9,"['METAR', 'TAF']"
EDQM,EDQM,HOQ,,10685,Hof/Plauen Arpt,50.289,11.86,578,BY,DE,3,"['METAR', 'TAF']"
EDRZ,EDRZ,ZQW,,,Zweibrücken Arpt,49.209,7.401,343,RP,DE,5,"['METAR', 'TAF']"
EDSB,EDSB,FKB,,,Baden Arpt,48.779,8.081,122,BW,DE,5,"['METAR', 'TAF']"
EDTD,EDTD,,,10912,Donaueschingen Arpt,47.973,8.522,680,BW,DE,4,"['METAR', 'TAF']"
EDTL,EDTL,LHA,,10805,Lahr/Black Forest Arpt,48.369,7.828,152,BW,DE,6,"['METAR', 'TAF']"
EDTY,EDTY,,,10745,Schwäbisch Hall Arpt,49.118,9.784,398,BW,DE,4,"['METAR', 'TAF']"
EDTZ,EDTZ,,,,Konstanz Arpt,47.681,9.141,401,BW,DE,9,[]
EDVE,EDVE,BWE,,10348,Braunschweig Arpt,52.319,10.558,83,NI,DE,4,"['METAR', 'TAF']"
EDVK,EDVK,KSF,,10436,Kassel/Calden Arpt,51.421,9.388,262,HE,DE,3,"['METAR', 'TAF']"
EDWD,EDWD,XLW,,,Lemwerder Arpt,53.145,8.624,30,HB,DE,9,[]
EDWE,EDWE,EME,,10200,Emden Arpt,53.388,7.229,0,NI,DE,4,"['METAR', 'TAF']"
EDXW,EDXW,GWT,,10018,Westerland/Sylt Arpt,54.913,8.341,8,SH,DE,4,"['METAR', 'TAF']"
EDZE,EDZE,,,10410,Essen/Mulheim Arpt,51.405,6.944,127,NI,DE,9,[]
EEEI,EEEI,,,,Ämari ,59.26,24.209,19,HA,EE,5,"['METAR', 'TAF']"
EEKA,EEKA,KDL,,26116,Kärdla Arpt,58.991,22.831,6,HI,EE,4,"['METAR', 'TAF']"
EEKE,EEKE,URE,,,Kuressaare Arpt,58.23,22.509,4,SA,EE,3,"['METAR', 'TAF']"
EEPU,EEPU,EPU,,,Pärnu Arpt,58.419,24.473,13,PA,EE,4,"['METAR', 'TAF']"
EETN,EETN,TLL,,26038,Tallin Arpt,59.413,24.801,41,HA,EE,3,"['METAR', 'TAF']"
EETU,EETU,TAY,,26242,Tartu Arpt,58.307,26.691,67,TA,EE,4,"['METAR', 'TAF']"
EFET,EFET,ENF,,,Enontekio Arpt,68.363,23.424,300,LL,FI,2,"['METAR', 'TAF']"
EFHA,EFHA,KEV,,02945,Halli Arpt,61.855,24.805,144,KS,FI,5,"['METAR', 'TAF']"
EFHF,EFHF,HEM,,02975,Helsinki/Malmi Arpt,60.25,25.045,16,UU,FI,6,['TAF']
EFHK,EFHK,HEL,,02974,Helsinki/Vantaa Arpt,60.327,24.957,56,UU,FI,1,"['METAR', 'TAF']"
EFHL,EFHL,,,02874,Hailuoto Island,65.02,24.727,7,PP,FI,9,['METAR']
EFHT,EFHT,,,02924,Ahtari,62.535,24.218,155,EP,FI,9,['METAR']
EFIL,EFIL,,,,Ilmajoki,62.693,22.83,90,EP,FI,9,['METAR']
EFIV,EFIV,IVL,,02807,Ivalo Arpt,68.607,27.405,145,LL,FI,3,"['METAR', 'TAF']"
EFJO,EFJO,JOE,,02929,Joensuu Arpt,62.66,29.611,118,PK,FI,4,"['METAR', 'TAF']"
EFJY,EFJY,JYV,,02935,Jyväskylä Arpt,62.404,25.675,139,KS,FI,3,"['METAR', 'TAF']"
EFKA,EFKA,KAU,,02913,Kauhava Arpt,63.127,23.051,39,EP,FI,5,"['METAR', 'TAF']"
EFKE,EFKE,KEM,,02864,Kemi/Tornio Arpt,65.784,24.579,15,LL,FI,4,"['METAR', 'TAF']"
EFKI,EFKI,KAJ,,02897,Kajaani Arpt,64.283,27.673,132,PP,FI,3,"['METAR', 'TAF']"
EFKK,EFKK,KOK,,02903,Kruunupyy Arpt,63.721,23.143,25,KP,FI,4,"['METAR', 'TAF']"
EFKS,EFKS,KAO,,02869,Kuusamo Arpt,65.992,29.236,270,PP,FI,1,"['METAR', 'TAF']"
EFKT,EFKT,KTT,,02720,Kittilä Arpt,67.701,24.847,190,LL,FI,4,"['METAR', 'TAF']"
EFKU,EFKU,KUO,,02917,Kuopio Arpt,63.008,27.799,92,PS,FI,1,"['METAR', 'TAF']"
EFLA1,,,,,CMAN,-99.99,-99.99,9999,,,8,[]
EFLP,EFLP,LPP,,02958,Lappeenranta Arpt,61.044,28.151,102,EK,FI,3,"['METAR', 'TAF']"
EFMA,EFMA,MHQ,,02970,Mariehamn Arpt,60.125,19.903,6,AH,FI,4,"['METAR', 'TAF']"
EFMI,EFMI,MIK,,02947,Mikkeli Arpt,61.687,27.201,99,ES,FI,5,"['METAR', 'TAF']"
EFOU,EFOU,OUL,,02875,Oulu Arpt,64.93,25.355,15,PP,FI,3,"['METAR', 'TAF']"
EFPE,EFPE,,,02844,Pello,66.772,23.964,79,LL,FI,9,['METAR']
EFPO,EFPO,POR,,02952,Pori Arpt,61.462,21.8,10,EK,FI,4,"['METAR', 'TAF']"
EFPU,EFPU,,,,Pudasjarven Arpt,65.402,26.96,118,PP,FI,9,['METAR']
EFRO,EFRO,RVN,,02845,Rovaniemi Arpt,66.562,25.829,201,LL,FI,3,"['METAR', 'TAF']"
EFSA,EFSA,SVL,,02948,Savonlinna Arpt,61.943,28.945,90,ES,FI,5,"['METAR', 'TAF']"
EFSI,EFSI,SJY,,,Seinajoki/Ilmajoki Arpt,62.693,22.83,90,EP,FI,5,"['METAR', 'TAF']"
EFSO,EFSO,SOT,,02836,Sodankylan Arpt,67.397,26.617,180,LL,FI,9,['METAR']
EFSU,EFSU,,,,Suomussalmi,64.9,29.017,220,KA,FI,9,['METAR']
EFTP,EFTP,TMP,,02944,Tampere/Pirkkala Arpt,61.419,23.616,111,PI,FI,4,"['METAR', 'TAF']"
EFTU,EFTU,TKU,,02972,Turku Arpt,60.514,22.263,47,VS,FI,3,"['METAR', 'TAF']"
EFUT,EFUT,UTI,,02966,Utti Arpt,60.896,26.938,104,KY,FI,5,"['METAR', 'TAF']"
EFVA,EFVA,VAA,,02911,Vaasa Arpt,63.051,21.762,4,PO,FI,2,"['METAR', 'TAF']"
EFVI,EFVI,,,02915,Viitasaari Arpt,63.121,25.811,107,KS,FI,9,['METAR']
EFVR,EFVR,VRK,,02748,Varkaus Arpt,62.174,27.86,79,ES,FI,4,"['METAR', 'TAF']"
EGAA,EGAA,BFS,,03917,Belfast Intl,54.654,-6.225,65,NI,GB,3,"['METAR', 'TAF']"
EGAC,EGAC,BHD,,03924,Belfast/Harbour Arpt,54.614,-5.873,2,NI,GB,6,"['METAR', 'TAF']"
EGAE,EGAE,LDY,,,Derry/City Arpt,55.043,-7.161,9,NI,GB,4,"['METAR', 'TAF']"
EGBB,EGBB,BHX,,03534,Birmingham Intl,52.46,-1.758,91,EN,GB,3,"['METAR', 'TAF']"
EGBE,EGBE,CVT,,,Coventry Arpt,52.37,-1.48,82,EN,GB,5,"['METAR', 'TAF']"
EGBJ,EGBJ,GLO,,,Gloucestershire Arpt,51.892,-2.161,27,EN,GB,5,"['METAR', 'TAF']"
EGCC,EGCC,MAN,,03334,Manchester Intl,53.354,-2.275,78,EN,GB,2,"['METAR', 'TAF']"
EGCK,EGCK,,,,Caernarfon Arpt,53.104,-4.34,6,WL,GB,3,"['METAR', 'TAF']"
EGCN,EGCN,DSA,,,Doncaster/Robin Hood,53.475,-1.004,9,EN,GB,4,"['METAR', 'TAF']"
EGDB,EGDB,,,03827,Plymouth,50.355,-4.121,43,EN,GB,9,['METAR']
EGDC,EGDC,,,03707,Chivenor,51.089,-4.149,8,EN,GB,9,['METAR']
EGDG,EGDG,,,,Saint Mawgan,50.438,-4.998,101,EN,GB,9,[]
EGDK,EGDK,,,,Kemble,51.667,-2.051,125,EN,GB,9,[]
EGDL,EGDL,LYE,,03740,Lyneham,51.503,-1.992,145,EN,GB,4,"['METAR', 'TAF']"
EGDM,EGDM,,,03746,Boscombe Down,51.153,-1.75,122,EN,GB,5,"['METAR', 'TAF']"
EGDP,EGDP,,,,Portland,50.568,-2.45,3,EN,GB,9,['METAR']
EGDR,EGDR,,,03809,Culdrose ),50.084,-5.257,74,EN,GB,7,"['METAR', 'TAF']"
EGDX,EGDX,,,03716,St Athan,51.406,-3.435,49,WL,GB,6,"['METAR', 'TAF']"
EGDY,EGDY,YEO,,03853,Yeovilton Arpt),51.006,-2.643,21,EN,GB,4,"['METAR', 'TAF']"
EGEC,EGEC,CAL,,,Campbeltown Arpt,55.437,-5.686,10,SC,GB,5,"['METAR', 'TAF']"
EGEO,EGEO,OBN,,03114,Oban Arpt,56.464,-5.4,5,SC,GB,4,"['METAR', 'TAF']"
EGFF,EGFF,CWL,,03715,Cardiff Intl,51.397,-3.343,65,WL,GB,4,"['METAR', 'TAF']"
EGFH,EGFH,SWS,,,Swansea Arpt,51.605,-4.068,84,WL,GB,9,['METAR']
EGGD,EGGD,BRS,,,Bristol Intl,51.383,-2.719,182,EN,GB,3,"['METAR', 'TAF']"
EGGP,EGGP,LPL,,,Liverpool/Lennon Arpt,53.334,-2.85,23,EN,GB,5,"['METAR', 'TAF']"
EGGW,EGGW,LTN,,,Luton Arpt,51.875,-0.368,159,EN,GB,5,"['METAR', 'TAF']"
EGHC,EGHC,LEQ,,03806,Penzance/Lands End Arpt,50.103,-5.671,117,EN,GB,2,"['METAR', 'TAF']"
EGHD,EGHD,PLH,,,Plymouth/City Arpt,50.423,-4.11,143,EN,GB,5,"['METAR', 'TAF']"
EGHE,EGHE,ISC,,03803,Scilly Isles/St Marys Arpt,49.914,-6.296,31,EN,GB,4,"['METAR', 'TAF']"
EGHH,EGHH,BOH,,03862,Bournemouth Intl,50.779,-1.836,9,EN,GB,3,"['METAR', 'TAF']"
EGHI,EGHI,SOU,,03865,Southampton Intl,50.944,-1.358,13,EN,GB,4,"['METAR', 'TAF']"
EGHK,EGHK,,,,Penzance,50.129,-5.518,5,EN,GB,6,['METAR']
EGHQ,EGHQ,NQY,,,Newquay/Cornwall Arpt,50.438,-4.998,101,EN,GB,5,"['METAR', 'TAF']"
EGJA,EGJA,ACI,,,Alderney Arpt,49.706,-2.215,83,,GG,5,"['METAR', 'TAF']"
EGJB,EGJB,GCI,,03894,Guernsey Arpt,49.433,-2.598,102,,GG,3,"['METAR', 'TAF']"
EGJJ,EGJJ,JER,,03895,Jersey Arpt,49.21,-2.194,84,,JE,5,"['METAR', 'TAF']"
EGKA,EGKA,ESH,,03876,Shoreham Arpt,50.836,-0.294,2,EN,GB,5,"['METAR', 'TAF']"
EGKB,EGKB,BQH,,,London/Biggin Hill Arpt,51.33,0.033,183,EN,GB,5,"['METAR', 'TAF']"
EGKF1,,,,,Egmont Key,27.601,-82.76,0,FL,US,8,[]
EGKK,EGKK,LGW,,03776,London/Gatwick Arpt,51.148,-0.19,58,EN,GB,5,"['METAR', 'TAF']"
EGLC,EGLC,LCY,,,London City Arpt,51.505,0.055,10,EN,GB,6,"['METAR', 'TAF']"
EGLF,EGLF,FAB,,03768,Farnborough Arpt,51.28,-0.773,65,EN,GB,6,"['METAR', 'TAF']"
EGLL,EGLL,LHR,,03772,London/Heathrow Intl,51.477,-0.461,26,EN,GB,0,"['METAR', 'TAF']"
EGMC,EGMC,SEN,,,Southend Arpt,51.571,0.696,15,EN,GB,4,"['METAR', 'TAF']"
EGMD,EGMD,LYX,,,Lydd Arpt,50.956,0.939,4,EN,GB,4,"['METAR', 'TAF']"
EGMH,EGMH,MSE,,03797,Manston/Kent Intl,51.346,1.335,55,EN,GB,5,"['METAR', 'TAF']"
EGMW,EGMW,,,,Lowestoft Harbour,52.471,1.75,5,EN,GB,9,[]
EGNC,EGNC,CAX,,03222,Carlisle Arpt,54.94,-2.805,49,EN,GB,6,"['METAR', 'TAF']"
EGNH,EGNH,BLK,,03318,Blackpool Arpt,53.774,-3.039,10,EN,GB,4,"['METAR', 'TAF']"
EGNJ,EGNJ,HUY,,,Humberside Intl,53.58,-0.341,23,EN,GB,3,"['METAR', 'TAF']"
EGNL,EGNL,BWF,,03214,Walney Island,54.125,-3.258,17,EN,GB,9,['METAR']
EGNM,EGNM,LBA,,,Leeds Bradford Intl,53.862,-1.665,221,EN,GB,4,"['METAR', 'TAF']"
EGNO,EGNO,WRT,,,Warton Arpt,53.746,-2.889,12,EN,GB,6,"['METAR', 'TAF']"
EGNR,EGNR,CEG,,03321,Hawarden Arpt,53.175,-2.987,11,WL,GB,6,"['METAR', 'TAF']"
EGNS,EGNS,IOM,,03204,Isle Of Man Arpt,54.085,-4.632,18,,IM,3,"['METAR', 'TAF']"
EGNT,EGNT,NCL,,,Newcastle Intl,55.037,-1.702,77,SC,GB,5,"['METAR', 'TAF']"
EGNV,EGNV,MME,,,Teesside Intl,54.511,-1.418,36,EN,GB,3,"['METAR', 'TAF']"
EGNX,EGNX,EMA,,,Nottingham/E Midlands Arpt,52.833,-1.333,91,EN,GB,4,"['METAR', 'TAF']"
EGOD,EGOD,,,,Llanbedr Arpt,52.803,-4.124,9,WL,GB,9,['METAR']
EGOM,EGOM,,,03165,Spadeadam,55.05,-2.554,286,SC,GB,3,['METAR']
EGOP,EGOP,,,03605,Pembry Sands,51.714,-4.367,8,WL,GB,3,['METAR']
EGOS,EGOS,,,03414,Shawbury Arpt,52.795,-2.665,76,EN,GB,4,"['METAR', 'TAF']"
EGOV,EGOV,VLY,,03302,Valley,53.252,-4.536,11,WL,GB,6,"['METAR', 'TAF']"
EGOW,EGOW,,,03018,Woodvale,53.582,-3.055,10,EN,GB,6,"['METAR', 'TAF']"
EGOY,EGOY,,,03132,West Freugh,54.859,-4.935,11,SC,GB,9,['METAR']
EGPA,EGPA,KOI,,03017,Kirkwall Arpt,58.958,-2.905,15,SC,GB,4,"['METAR', 'TAF']"
EGPB,EGPB,LSI,,03003,Sumburgh Arpt,59.88,-1.296,2,SC,GB,3,"['METAR', 'TAF']"
EGPC,EGPC,WIC,,03075,Wick Arpt,58.459,-3.093,38,SC,GB,3,"['METAR', 'TAF']"
EGPD,EGPD,ABZ,,03091,Aberdeen Arpt,57.205,-2.205,65,SC,GB,3,"['METAR', 'TAF']"
EGPE,EGPE,INV,,03059,Inverness Arpt,57.538,-4.053,7,SC,GB,6,"['METAR', 'TAF']"
EGPF,EGPF,GLA,,03140,Glasgow Arpt,55.867,-4.433,8,SC,GB,1,"['METAR', 'TAF']"
EGPH,EGPH,EDI,,03160,Edinburgh Arpt,55.952,-3.36,29,SC,GB,4,"['METAR', 'TAF']"
EGPI,EGPI,ILY,,,Islay Arpt,55.681,-6.25,17,SC,GB,4,"['METAR', 'TAF']"
EGPK,EGPK,PIK,,03135,Prestwick Intl,55.509,-4.587,14,SC,GB,5,"['METAR', 'TAF']"
EGPL,EGPL,BEB,,03022,Benbecula Isl Arpt,57.475,-7.364,3,SC,GB,4,"['METAR', 'TAF']"
EGPM,EGPM,SCS,,,Scatsta Arpt,60.433,-1.296,21,SC,GB,5,"['METAR', 'TAF']"
EGPN,EGPN,DND,,,Dundee Arpt,56.453,-3.026,4,SC,GB,6,"['METAR', 'TAF']"
EGPO,EGPO,SYY,,03026,Stornoway Arpt,58.215,-6.329,10,SC,GB,2,"['METAR', 'TAF']"
EGPT,EGPT,PSL,,,Perth Arpt,56.437,-3.375,121,SC,GB,9,['METAR']
EGPU,EGPU,TRE,,03100,Tiree Island Arpt,56.499,-6.872,12,SC,GB,3,"['METAR', 'TAF']"
EGPW,EGPW,,,03002,Unst Island,60.748,-0.856,285,SC,GB,9,['METAR']
EGQA,EGQA,,,03062,Tain Range,57.825,-3.955,4,SC,GB,5,['METAR']
EGQJ,EGQJ,,,03111,Machrihanish,55.441,-5.697,10,SC,GB,9,['METAR']
EGQK,EGQK,FSS,,03066,Kinloss,57.646,-3.563,5,SC,GB,4,"['METAR', 'TAF']"
EGQL,EGQL,ADX,,03171,Leuchars,56.377,-2.862,11,SC,GB,3,"['METAR', 'TAF']"
EGQM,EGQM,,,03240,Boulmer,55.421,-1.601,24,SC,GB,3,['METAR']
EGQS,EGQS,LMO,,03068,Lossiemouth,57.711,-3.324,6,SC,GB,6,"['METAR', 'TAF']"
EGRB,EGRB,,,,London Weather,51.5,-0.117,11,EN,GB,9,['METAR']
EGRR,EGRR,,,03763,Exeter/Bracknell,50.727,-3.475,29,EN,GB,9,['METAR']
EGSC,EGSC,CBG,,,Cambridge Arpt,52.205,0.175,19,EN,GB,5,"['METAR', 'TAF']"
EGSD,EGSD,,,,Great Yarmouth/N Den,52.634,1.723,2,EN,GB,6,"['METAR', 'TAF']"
EGSH,EGSH,NWI,,03492,Norwich Intl,52.676,1.283,21,EN,GB,3,"['METAR', 'TAF']"
EGSS,EGSS,STN,,03683,London/Stansted Arpt,51.881,0.223,101,EN,GB,3,"['METAR', 'TAF']"
EGSY,EGSY,,,,St Athan Arpt,51.406,-3.434,46,WL,GB,7,"['METAR', 'TAF']"
EGTC,EGTC,,,,Cranfield Arpt,52.072,-0.617,110,EN,GB,4,"['METAR', 'TAF']"
EGTE,EGTE,EXT,,03839,Exeter Arpt,50.737,-3.406,30,EN,GB,4,"['METAR', 'TAF']"
EGTG,EGTG,FZO,,,Filton Arpt,51.519,-2.591,63,EN,GB,6,"['METAR', 'TAF']"
EGTH,EGTH,,,,Old Warren Arpt,52.087,-0.319,38,EN,GB,9,[]
EGTK,EGTK,OXF,,,Oxford Arpt,51.838,-1.317,78,EN,GB,6,"['METAR', 'TAF']"
EGUA,EGUA,,,,Upper Heyford,51.93,-1.25,134,,GB,9,[]
EGUB,EGUB,BEX,,03658,Benson,51.62,-1.099,56,EN,GB,5,"['METAR', 'TAF']"
EGUC,EGUC,,,03502,Aberporth,52.133,-4.567,117,EN,GB,9,['METAR']
EGUF,EGUF,,,,Farnborough ,51.28,-0.773,65,EN,GB,9,['METAR']
EGUL,EGUL,LKZ,,03583,Lakenheath,52.409,0.561,8,EN,GB,5,"['METAR', 'TAF']"
EGUM,EGUM,,,,Manston,51.346,1.335,50,EN,GB,9,['METAR']
EGUN,EGUN,MHZ,,03577,Mildenhall,52.362,0.486,10,EN,GB,6,"['METAR', 'TAF']"
EGUO,EGUO,,,,Colerne,51.439,-2.286,178,EN,GB,6,"['METAR', 'TAF']"
EGUP,EGUP,,,,Sculthorpe,52.847,0.766,63,EN,GB,9,[]
EGUW,EGUW,,,03590,Wattisham,52.124,0.957,86,EN,GB,4,"['METAR', 'TAF']"
EGUY,EGUY,QUY,,03566,Wyton,52.357,-0.108,41,EN,GB,5,"['METAR', 'TAF']"
EGVA,EGVA,FFD,,03644,Fairford,51.682,-1.79,84,EN,GB,6,"['METAR', 'TAF']"
EGVG,EGVG,,,,Woodbridge,52.09,1.406,27,EN,GB,9,['METAR']
EGVI,EGVI,,,,Greenham Common,51.383,-1.283,119,EN,GB,9,['METAR']
EGVJ,EGVJ,BWY,,,Bentwaters,52.13,1.43,26,EN,GB,9,[]
EGVN,EGVN,BZZ,,03649,Brize Norton,51.758,-1.578,83,EN,GB,5,"['METAR', 'TAF']"
EGVO,EGVO,ODH,,03761,Odiham,51.239,-0.945,118,EN,GB,5,"['METAR', 'TAF']"
EGVP,EGVP,,,03749,Middle Wallop,51.139,-1.569,80,EN,GB,6,"['METAR', 'TAF']"
EGWC,EGWC,,,,Cosford,52.64,-2.311,79,EN,GB,5,"['METAR', 'TAF']"
EGWU,EGWU,NHT,,03672,Northolt,51.549,-0.417,33,EN,GB,6,"['METAR', 'TAF']"
EGWZ,EGWZ,,,,Alconbury,52.374,-0.22,48,EN,GB,9,['METAR']
EGXC,EGXC,QCY,,03391,Coningsby,53.094,-0.173,9,EN,GB,5,"['METAR', 'TAF']"
EGXD,EGXD,,,,Dishforth,54.135,-1.414,30,EN,GB,6,"['METAR', 'TAF']"
EGXE,EGXE,,,03257,Leeming,54.297,-1.533,30,EN,GB,6,"['METAR', 'TAF']"
EGXF,EGXF,,,,North York,53.995,-1.481,81,EN,GB,9,[]
EGXG,EGXG,,,,Church Fenton,53.836,-1.199,10,EN,GB,5,"['METAR', 'TAF']"
EGXH,EGXH,BEQ,,,Honington,52.343,0.773,50,EN,GB,9,['METAR']
EGXJ,EGXJ,OKH,,,Cottesmore,52.727,-0.656,139,EN,GB,9,['METAR']
EGXN,EGXN,,,,Newton,52.966,-0.989,51,EN,GB,9,['METAR']
EGXP,EGXP,SQZ,,03373,Scampton,53.307,-0.548,58,EN,GB,6,"['METAR', 'TAF']"
EGXS,EGXS,,,,Donna Nook,53.475,0.152,6,EN,GB,5,['METAR']
EGXT,EGXT,,,03462,Wittering Arpt,52.611,-0.461,74,EN,GB,4,"['METAR', 'TAF']"
EGXU,EGXU,HRT,,03266,Linton-On-Ouse,54.045,-1.251,14,EN,GB,6,"['METAR', 'TAF']"
EGXV,EGXV,,,03384,Leconfield,53.876,-0.435,6,EN,GB,4,['METAR']
EGXW,EGXW,WTN,,03377,Waddington Arpt,53.175,-0.523,70,EN,GB,4,"['METAR', 'TAF']"
EGXZ,EGXZ,,,,Topcliffe,54.205,-1.39,24,EN,GB,5,"['METAR', 'TAF']"
EGYC,EGYC,,,,Coltishall,52.755,1.358,20,EN,GB,5,[]
EGYD,EGYD,,,03379,Cranwell,53.031,-0.503,65,EN,GB,6,"['METAR', 'TAF']"
EGYE,EGYE,,,,Barkston Heath,52.962,-0.562,105,EN,GB,5,"['METAR', 'TAF']"
EGYH,EGYH,,,03469,Holbeach,52.873,0.139,5,EN,GB,5,['METAR']
EGYM,EGYM,KNF,,03482,Marham Arpt,52.648,0.567,25,EN,GB,4,"['METAR', 'TAF']"
EGYP,EGYP,MPN,,88889,Mount Pleasant Arpt,-51.82,-58.448,70,SG,FK,0,"['METAR', 'TAF']"
EGYW,EGYW,,,03392,Wainfleet ,53.088,0.271,3,EN,GB,9,['METAR']
EHAK,EHAK,,,06205,A12-CPP Sea,55.399,3.81,33,,NL,4,['METAR']
EHAM,EHAM,AMS,,06240,Amsterdam/Schiphol Arpt,52.315,4.79,-2,NH,NL,1,"['METAR', 'TAF']"
EHBK,EHBK,MST,,06380,Maastricht/Aachen Arpt,50.905,5.762,112,LI,NL,4,"['METAR', 'TAF']"
EHDB,EHDB,,,06260,De Bilt,52.099,5.18,2,UT,NL,9,['METAR']
EHDL,EHDL,,,06275,Deelen,52.061,5.887,49,GE,NL,3,"['METAR', 'TAF']"
EHDV,EHDV,,,06201,D15-FA-1 Sea,54.326,2.936,36,,NL,5,['METAR']
EHEH,EHEH,EIN,,06370,Eindhoven Arpt,51.45,5.377,20,NB,NL,5,"['METAR', 'TAF']"
EHFD,EHFD,,,06239,F3-FB-1 Sea,54.854,4.696,24,,NL,3,['METAR']
EHFS,EHFS,,,,Vlissingen,51.441,3.596,1,ZE,NL,5,['METAR']
EHFZ,EHFZ,,,06206,F16-A Sea,54.117,4.012,28,,NL,4,['METAR']
EHGG,EHGG,GRQ,,06280,Groningen Arpt,53.12,6.579,2,DR,NL,3,"['METAR', 'TAF']"
EHGR,EHGR,GLZ,,06350,Gilze-Rijen,51.565,4.935,12,NB,NL,3,"['METAR', 'TAF']"
EHHW,EHHW,,,,Buitengaats,54.037,6.042,10,,NL,4,['METAR']
EHJA,EHJA,,,06211,J6-A Sea,53.824,2.945,34,,NL,3,['METAR']
EHJR,EHJR,,,06252,K14-A Sea,53.218,3.22,31,,NL,6,['METAR']
EHKD,EHKD,DHR,,06235,Den Helder Arpt,52.927,4.781,1,NH,NL,4,"['METAR', 'TAF']"
EHKV,EHKV,,,06204,K14-FA-1C Sea,53.269,3.628,28,,NL,4,['METAR']
EHLE,EHLE,LEY,,06269,Lelystad Arpt,52.456,5.522,-3,FL,NL,4,"['METAR', 'TAF']"
EHLW,EHLW,LWR,,06270,Leeuwarden Arpt,53.223,5.752,1,FR,NL,4,"['METAR', 'TAF']"
EHMA,EHMA,,,06208,AWG-1 Sea,53.492,5.942,27,,NL,5,['METAR']
EHMG,EHMG,,,06207,L9-FF-1 Sea,53.614,4.96,30,,NL,4,['METAR']
EHPG,EHPG,,,06203,P11-B Sea,52.36,3.342,24,,NL,4,['METAR']
EHQE,EHQE,,,06212,Hoorn-A Sea,52.918,4.15,41,,NL,5,['METAR']
EHRD,EHRD,RTM,,06344,Rotterdam/The Hague Arpt,51.954,4.444,-4,ZH,NL,4,"['METAR', 'TAF']"
EHSA,EHSA,,,06321,Euro Platform,51.998,3.275,18,,NL,5,['METAR']
EHSB,EHSB,UTC,,,Soesterberg,52.127,5.276,13,UT,NL,5,"['METAR', 'TAF']"
EHSC,EHSC,,,06320,Goeree Le Sea,51.926,3.67,19,,NL,5,['METAR']
EHTW,EHTW,ENS,,06290,Twente,52.273,6.891,31,OV,NL,3,"['METAR', 'TAF']"
EHVB,EHVB,,,,Valkenburg ),52.166,4.418,0,ZH,NL,5,"['METAR', 'TAF']"
EHVK,EHVK,UDE,,06375,Volkel Arpt,51.658,5.707,20,NB,NL,4,"['METAR', 'TAF']"
EHVL,EHVL,,,06242,Vlieland Island,53.297,5.086,2,FR,NL,5,['METAR']
EHWO,EHWO,WOE,,06340,Woensdrecht,51.448,4.342,15,NB,NL,6,"['METAR', 'TAF']"
EICK,EICK,ORK,,03955,Cork Arpt,51.848,-8.479,158,M,IE,3,"['METAR', 'TAF']"
EICM,EICM,GWY,,,Galway Arpt,53.3,-8.942,25,,IE,4,['METAR']
EIDB,EIDB,,,,Dublin Weather Centre,53.433,-6.25,65,L,IE,9,[]
EIDL,EIDL,CFN,,,Donegal Arpt,55.044,-8.341,2,DL,IE,3,"['METAR', 'TAF']"
EIDW,EIDW,DUB,,03969,Dublin Arpt,53.422,-6.298,75,L,IE,1,"['METAR', 'TAF']"
EIKN,EIKN,NOC,,03973,Knock/Ireland West Arpt,53.913,-8.811,201,C,IE,2,"['METAR', 'TAF']"
EIKY,EIKY,KIR,,,Kerry Arpt,52.18,-9.538,23,KY,IE,4,"['METAR', 'TAF']"
EIME,EIME,,,03967,Casement Arpt,53.306,-6.442,90,L,IE,6,"['METAR', 'TAF']"
EINL1,,,,,CMAN,-99.99,-99.99,9999,,,8,[]
EINN,EINN,SNN,,03962,Shannon Arpt,52.702,-8.925,20,M,IE,3,"['METAR', 'TAF']"
EISG,EISG,SXL,,,Sligo Arpt,54.28,-8.599,1,SO,IE,5,"['METAR', 'TAF']"
EIWF,EIWF,WAT,,,Waterford Arpt,52.187,-7.087,26,WD,IE,3,"['METAR', 'TAF']"
EKAH,EKAH,AAR,,06070,Tirstrup Arpt,56.3,10.619,25,MI,DK,3,"['METAR', 'TAF']"
EKAT,EKAT,,,,Anholt Island Arpt,56.699,11.556,7,MI,DK,9,['METAR']
EKAV,EKAV,,,,Avnø ,55.083,11.783,4,SJ,DK,4,['METAR']
EKBI,EKBI,BLL,,06104,Billund Arpt,55.74,9.152,67,SY,DK,2,"['METAR', 'TAF']"
EKCH,EKCH,CPH,,06180,Kobenhavn Intl,55.618,12.656,4,HO,DK,1,"['METAR', 'TAF']"
EKEB,EKEB,EBJ,,06080,Esbjerg Arpt,55.528,8.563,29,SY,DK,5,"['METAR', 'TAF']"
EKGC,EKGC,,,,Gorm,55.58,4.759,96,,DK,7,"['METAR', 'TAF']"
EKGF,EKGF,,,06022,Tyra Oest,55.721,4.802,43,,DK,4,"['METAR', 'TAF']"
EKHA,EKHA,,,,Halfdan,55.531,5.004,95,,DK,5,['METAR']
EKHD,EKHD,,,,Harald,56.344,4.272,95,,DK,2,"['METAR', 'TAF']"
EKHN,EKHN,,,06017,Horns Rev B,55.6,7.624,10,,DK,4,['METAR']
EKHO,EKHO,,,,Lindtorp Arpt,56.397,8.442,14,MI,DK,4,['METAR']
EKHR,EKHR,,,06016,Horns Rev B,55.509,7.875,21,,DK,6,['METAR']
EKHS,EKHS,,,,Hadsund Arpt,56.756,10.234,2,NO,DK,9,['METAR']
EKKA,EKKA,KRP,,06060,Karup Arpt,56.293,9.114,50,MI,DK,5,"['METAR', 'TAF']"
EKMB,EKMB,MRW,,,Maribo Arpt,54.698,11.441,5,SJ,DK,9,"['METAR', 'TAF']"
EKOD,EKOD,ODE,,06120,Odense Arpt,55.475,10.331,13,SY,DK,5,"['METAR', 'TAF']"
EKRK,EKRK,RKE,,06170,Koebenhavn/Roskilde Arpt,55.587,12.136,40,SJ,DK,5,"['METAR', 'TAF']"
EKRN,EKRN,RNN,,06190,Ronne/Bornholm Arpt,55.068,14.749,14,HO,DK,3,"['METAR', 'TAF']"
EKRS,EKRS,,,,Ringsted Arpt,55.426,11.807,34,,DK,4,['METAR']
EKSB,EKSB,SGD,,06118,Sønderborg Arpt,54.962,9.787,23,SY,DK,3,"['METAR', 'TAF']"
EKSN,EKSN,CNL,,06034,Sindal Arpt,57.504,10.223,28,NO,DK,5,"['METAR', 'TAF']"
EKSP,EKSP,SKS,,06110,Vojens Arpt,55.225,9.263,40,SY,DK,5,"['METAR', 'TAF']"
EKST,EKST,,,06124,Sydfyns Arpt,55.015,10.568,5,SY,DK,4,['METAR']
EKSV,EKSV,SQW,,,Skive Arpt,56.554,9.165,22,MI,DK,9,"['METAR', 'TAF']"
EKTE,EKTE,,,,Tyra,55.722,4.802,95,,DK,6,['METAR']
EKTS,EKTS,TED,,,Thisted Arpt,57.072,8.693,6,NO,DK,3,"['METAR', 'TAF']"
EKVA,EKVA,,,,Vandel ,55.7,9.2,72,SY,DK,6,"['METAR', 'TAF']"
EKVD,EKVD,,,06108,Vamdrup Arpt,55.436,9.329,41,SY,DK,5,"['METAR', 'TAF']"
EKVG,EKVG,FAE,,06010,Sørvágur/Vágar Arpt,62.065,-7.282,89,VG,FO,0,"['METAR', 'TAF']"
EKVJ,EKVJ,STA,,06066,Stauning Arpt,55.991,8.354,5,MI,DK,5,"['METAR', 'TAF']"
EKVL,EKVL,,,,Vaerlose ,55.77,12.324,15,HO,DK,6,"['METAR', 'TAF']"
EKYT,EKYT,AAL,,06030,Aalborg Arpt,57.093,9.879,2,NO,DK,3,"['METAR', 'TAF']"
ELFA2,,,,,Elfin Cove,58.193,-136.343,0,AK,US,8,[]
ELLX,ELLX,LUX,,06590,Luxembourg/Findel Arpt,49.626,6.204,374,LL,LU,3,"['METAR', 'TAF']"
ELXC1,,,,,Elkhorn Slough Reser,36.815,-121.738,16,CA,US,8,[]
EMAT2,,,,,East Matagorda,28.71,-95.914,0,TX,US,8,[]
ENAL,ENAL,AES,,01210,Vigra/Alesund Arpt,62.562,6.115,21,MR,NO,4,"['METAR', 'TAF']"
ENAN,ENAN,ANX,,01010,Andøya Arpt,69.307,16.131,13,NO,NO,4,"['METAR', 'TAF']"
ENAS,ENAS,,,,Ny-Ålesund Arpt,78.917,11.933,8,SV,SJ,4,['METAR']
ENAT,ENAT,ALF,,01049,Alta Arpt,69.978,23.358,3,FI,NO,4,"['METAR', 'TAF']"
ENBJ,ENBJ,,,01028,Bjornoya Island,74.504,19,2,SV,SJ,9,['METAR']
ENBL,ENBL,FDE,,01323,Bringeland Arpt,61.391,5.76,313,SO,NO,5,"['METAR', 'TAF']"
ENBM,ENBM,,,,Voss-Bomden,60.639,6.502,129,HO,NO,9,['METAR']
ENBN,ENBN,BNN,,01112,Bronnoysund/Bronnoy Arpt,65.458,12.216,3,NO,NO,4,"['METAR', 'TAF']"
ENBO,ENBO,BOO,,01152,Bodø Arpt,67.267,14.359,13,NO,NO,1,"['METAR', 'TAF']"
ENBR,ENBR,BGO,,01311,Bergen/Flesland Arpt,60.29,5.222,49,HO,NO,2,"['METAR', 'TAF']"
ENBS,ENBS,BJF,,01086,Båtsfjord Arpt,70.601,29.698,144,FI,NO,4,"['METAR', 'TAF']"
ENBV,ENBV,BVG,,01083,Berlevåg Arpt,70.871,29.032,13,FI,NO,5,"['METAR', 'TAF']"
ENCN,ENCN,KRS,,01452,Kristiansand Arpt,58.2,8.077,17,VA,NO,4,"['METAR', 'TAF']"
ENDI,ENDI,,,,Dagali Arpt,60.416,8.504,793,BU,NO,4,[]
ENDR,ENDR,,,,Draugen,64.349,7.78,10,,NO,3,['METAR']
ENDU,ENDU,BDU,,01023,Bardufoss Arpt,69.058,18.544,65,TR,NO,4,"['METAR', 'TAF']"
ENEK,ENEK,,,,Ekofisk,56.542,3.224,49,,NO,4,"['METAR', 'TAF']"
ENEV,ENEV,EVE,,01183,Evenes Arpt,68.491,16.683,26,TR,NO,3,"['METAR', 'TAF']"
ENFB,ENFB,,,,Statford B,61.206,1.829,10,,NO,6,['METAR']
ENFG,ENFG,VDB,,01368,Fagernes Arpt,61.013,9.293,820,OP,NO,3,"['METAR', 'TAF']"
ENFL,ENFL,FRO,,01310,Florø Arpt,61.582,5.02,1,SO,NO,4,"['METAR', 'TAF']"
ENFR,ENFR,,,,Frigg,59.933,2,48,,NO,9,['METAR']
ENGC,ENGC,,,,Gullfax,61.033,2.033,10,,NO,3,"['METAR', 'TAF']"
ENGK,ENGK,,,,Gullknapp Arpt,58.516,8.703,121,AA,NO,3,"['METAR', 'TAF']"
ENGM,ENGM,OSL,,01384,Oslo/Gardermoen Arpt,60.201,11.08,204,AK,NO,1,"['METAR', 'TAF']"
ENHD,ENHD,HAU,,01408,Haugesund Arpt,59.341,5.22,22,RO,NO,4,"['METAR', 'TAF']"
ENHE,ENHE,,,,Heidrun,65.325,2.327,10,,NO,1,"['METAR', 'TAF']"
ENHF,ENHF,HFT,,01052,Hammerfest Arpt,70.681,23.677,79,FI,NO,4,"['METAR', 'TAF']"
ENHK,ENHK,HAA,,01044,Hasvik Arpt,70.487,22.14,6,FI,NO,5,"['METAR', 'TAF']"
ENHM,ENHM,,,,Heimdal,59.57,2.22,10,,NO,3,"['METAR', 'TAF']"
ENHO,ENHO,,,01062,Hopen Island,76.509,25.016,5,SV,SJ,9,['METAR']
ENHV,ENHV,HVG,,01068,Honningsvag/Valan Arpt,71.009,25.982,13,SV,NO,4,"['METAR', 'TAF']"
ENJA,ENJA,,,,Jan Mayen Island,70.94,-8.668,2,JM,SJ,9,['METAR']
ENJS,ENJS,,,,Johan Sverdrup,58.835,2.545,0,,NO,4,"['METAR', 'TAF']"
ENKA,ENKA,,,01047,Kautokeino Arpt,69.04,23.034,364,FI,NO,9,['METAR']
ENKB,ENKB,KSU,,01223,Kristiansund Arpt,63.109,7.816,62,MR,NO,3,"['METAR', 'TAF']"
ENKR,ENKR,KKN,,01089,Kirkenes/Høybuktmoen Arpt,69.725,29.898,86,FI,NO,2,"['METAR', 'TAF']"
ENLA,ENLA,,,,Ula,57.111,2.846,10,,NO,4,['METAR']
ENLE,ENLE,,,,Ekofisk,56.535,3.205,10,,NO,3,"['METAR', 'TAF']"
ENLI,ENLI,,,,Lista/Farsund,58.099,6.626,5,VA,NO,9,"['METAR', 'TAF']"
ENLK,ENLK,LKN,,01141,Leknes Arpt,68.155,13.615,26,NO,NO,4,"['METAR', 'TAF']"
ENMH,ENMH,MEH,,01074,Mehamn Arpt,71.029,27.829,10,FI,NO,3,"['METAR', 'TAF']"
ENML,ENML,MOL,,01217,Molde/Aro Arpt,62.744,7.262,3,MR,NO,5,"['METAR', 'TAF']"
ENMS,ENMS,MJF,,01122,Mosjøen Arpt,65.784,13.218,44,NO,NO,5,"['METAR', 'TAF']"
ENNA,ENNA,LKL,,01059,Banak Arpt,70.059,24.971,12,FI,NO,3,"['METAR', 'TAF']"
ENNE,ENNE,,,,Norne,66.03,8.08,10,,NO,2,"['METAR', 'TAF']"
ENNK,ENNK,NVK,,01193,Narvik Arpt,68.437,17.386,29,VE,NO,5,['METAR']
ENNM,ENNM,OSY,,01290,Namsos Arpt,64.471,11.57,2,TR,NO,4,"['METAR', 'TAF']"
ENNO,ENNO,NTB,,,Notodden Arpt,59.565,9.217,19,TE,NO,4,"['METAR', 'TAF']"
ENOA,ENOA,,,,Oseberg,60.492,2.827,5,,NO,4,"['METAR', 'TAF']"
ENOL,ENOL,OLA,,01241,Ørland Arpt,63.703,9.609,9,TR,NO,4,"['METAR', 'TAF']"
ENOV,ENOV,HOV,,01209,Ørsta-Volda Arpt,62.18,6.078,72,MR,NO,5,"['METAR', 'TAF']"
ENQA,ENQA,,,,Troll-A,60.645,3.725,90,,NO,5,['METAR']
ENQC,ENQC,,,,Troll-C,60.886,3.61,20,,NO,6,['METAR']
ENQR,ENQR,,,,Snorre B,61.53,2.22,10,,NO,6,['METAR']
ENRA,ENRA,MQN,,01151,Moirana Arpt,66.364,14.302,66,NO,NO,4,"['METAR', 'TAF']"
ENRM,ENRM,RVK,,01282,Rørvik Arpt,64.835,11.141,4,TR,NO,3,"['METAR', 'TAF']"
ENRO,ENRO,RRS,,,Røros Arpt,62.578,11.342,624,TR,NO,4,"['METAR', 'TAF']"
ENRS,ENRS,RET,,01107,Røst Arpt,67.527,12.104,4,VE,NO,4,"['METAR', 'TAF']"
ENRY,ENRY,RYG,,01494,Moss/Rygge Arpt,59.381,10.783,45,OS,NO,5,"['METAR', 'TAF']"
ENSB,ENSB,LYR,,01008,Longyearbyen/Svalbard Arpt,78.246,15.466,30,SV,NO,0,"['METAR', 'TAF']"
ENSD,ENSD,SDN,,01320,Sandane Arpt,61.829,6.104,61,SO,NO,3,"['METAR', 'TAF']"
ENSE,ENSE,,,,Snorre A,61.45,2.15,10,,NO,5,['METAR']
ENSF,ENSF,,,,Statfjord A,61.25,1.85,15,,NO,6,['METAR']
ENSG,ENSG,SOG,,01347,Sogndal/Haukasen Arpt,61.158,7.141,493,SO,NO,4,"['METAR', 'TAF']"
ENSH,ENSH,SVJ,,01161,Svolvaer/Helle Arpt,68.245,14.669,9,NO,NO,5,"['METAR', 'TAF']"
ENSK,ENSK,SKN,,01162,Storkmarknes Arpt,68.58,15.029,3,NO,NO,4,"['METAR', 'TAF']"
ENSL,ENSL,,,,Sleipner A Plat,58.367,1.907,50,,NO,3,"['METAR', 'TAF']"
ENSN,ENSN,SKE,,,Skien Arpt,59.185,9.567,135,TE,NO,3,"['METAR', 'TAF']"
ENSO,ENSO,,,,Sorstokken/Stord Arpt,59.792,5.341,48,HO,NO,4,"['METAR', 'TAF']"
ENSR,ENSR,SOJ,,01046,Sørkjosen Arpt,69.789,20.955,5,TR,NO,4,"['METAR', 'TAF']"
ENSS,ENSS,VAW,,01099,Vardoe Arpt,70.355,31.044,13,FI,NO,4,"['METAR', 'TAF']"
ENST,ENST,SSJ,,01116,Sandnessjøen Arpt,65.961,12.472,17,NO,NO,3,"['METAR', 'TAF']"
ENTC,ENTC,TOS,,01025,Tromsø Arpt,69.675,18.916,9,TR,NO,0,"['METAR', 'TAF']"
ENTO,ENTO,TRF,,,Torp Arpt,59.184,10.255,84,VE,NO,5,"['METAR', 'TAF']"
ENUG,ENUG,,,,Goliat,71.305,22.253,30,,NO,3,['METAR']
ENUN,ENUN,,,,Nord B,-99.99,-99.99,9999,,NO,9,[]
ENVA,ENVA,TRD,,01271,Trondheim Arpt,63.46,10.931,12,TR,NO,0,"['METAR', 'TAF']"
ENVD,ENVD,VDS,,01088,Vadsø Arpt,70.065,29.835,39,FI,NO,5,"['METAR', 'TAF']"
ENVH,ENVH,,,,Valhall A,56.278,3.393,4,,NO,5,['METAR']
ENVR,ENVR,,,01139,Værøy,67.653,12.723,4,NO,NO,6,['METAR']
ENWV,ENWV,,,,Valhall,56.278,3.395,30,,NO,5,['METAR']
ENZV,ENZV,SVG,,01415,Stavanger/Sola Arpt,58.884,5.637,7,RO,NO,3,"['METAR', 'TAF']"
EPBC,EPBC,,,,Warszawa/Babice Arpt,52.268,20.911,107,MZ,PL,9,[]
EPBY,EPBY,BZG,,,Bydgoszcz Arpt,53.0962,17.9949,66,KP,PL,3,"['METAR', 'TAF']"
EPCE,EPCE,,,12136,Cewice Airbase,54.416,17.763,151,PM,PL,9,['TAF']
EPDA,EPDA,,,12124,Darlowek/Darlowo Arpt,54.405,16.353,5,ZA,PL,9,['TAF']
EPDE,EPDE,,,12490,Deblin Irena Arpt,51.551,21.894,120,LU,PL,9,['TAF']
EPGD,EPGD,GDN,,12150,Gdańsk/Wałęsa Arpt,54.379,18.466,136,PM,PL,2,"['METAR', 'TAF']"
EPGI,EPGI,,,12237,Gudziadz Lisie Arpt,53.524,18.849,37,KP,PL,4,"['METAR', 'TAF']"
EPIR,EPIR,,,,Inowroclaw,52.829,18.331,79,KP,PL,9,['TAF']
EPKK,EPKK,KRK,,12566,Kraków/Paul II Arpt,50.078,19.797,237,ML,PL,2,"['METAR', 'TAF']"
EPKO,EPKO,,,12105,Koszalin,54.205,16.155,29,ZA,PL,9,[]
EPKS,EPKS,,,12326,Poznan/Krzesiny,52.332,16.966,81,WP,PL,9,['TAF']
EPKT,EPKT,KTW,,,Katowice/Pyrzowice Arpt,50.478,19.085,296,SL,PL,4,"['METAR', 'TAF']"
EPLB,EPLB,LUZ,,,Lublin Arpt,51.239,22.714,206,PM,PL,3,"['METAR', 'TAF']"
EPLK,EPLK,,,12454,Lask Arfld,51.552,19.179,193,LO,PL,9,['TAF']
EPLL,EPLL,LCJ,,,Łódź Arpt,51.724,19.401,176,LO,PL,3,"['METAR', 'TAF']"
EPLY,EPLY,,,,Leczyca Arfld,52.005,19.144,115,LO,PL,9,['TAF']
EPMB,EPMB,,,,Malbork Arfld,54.027,19.134,5,PM,PL,9,['TAF']
EPMI,EPMI,,,12226,Miroslawiec Airbase,53.395,16.083,140,ZA,PL,9,['TAF']
EPMM,EPMM,,,12376,Minsk/Mazowiecki,52.196,21.656,184,MZ,PL,9,['TAF']
EPMO,EPMO,WMI,,,Modlin Arpt,52.452,20.642,102,MZ,PL,5,"['METAR', 'TAF']"
EPOK,EPOK,,,,Gdynia-Babie/Doly Arpt,54.58,18.517,44,PM,PL,9,['TAF']
EPPO,EPPO,POZ,,12330,Poznań/Ławica Arpt,52.417,16.835,87,WP,PL,2,"['METAR', 'TAF']"
EPPR,EPPR,,,12146,Pruszcz Gdanski Arfld,54.248,18.672,6,PM,PL,9,['TAF']
EPPW,EPPW,,,12336,Powidz Arpt,52.379,17.854,113,WP,PL,9,['TAF']
EPRA,EPRA,RDO,,,Radom Arpt,51.39,21.211,182,MZ,PL,4,"['METAR', 'TAF']"
EPRZ,EPRZ,RZE,,12580,Rzeszów/Jasionka Arpt,50.112,22.025,206,PP,PL,3,"['METAR', 'TAF']"
EPSC,EPSC,SZZ,,,Szczecin/Golenow Arpt,53.585,14.902,47,ZA,PL,3,"['METAR', 'TAF']"
EPSK,EPSK,,,,Slupsk,54.411,17.095,74,PM,PL,9,[]
EPSN,EPSN,,,12212,Swidwin Arfld,53.791,15.826,117,ZA,PL,9,['TAF']
EPSY,EPSY,SZY,,,Szczytno Intl,53.482,20.938,136,WN,PL,3,"['METAR', 'TAF']"
EPTM,EPTM,,,,Tomaszow Mazowiecki,51.585,20.097,174,LO,PL,9,['TAF']
EPTT2,,,,,Eagle Point,29.48,-94.918,10,TX,US,8,[]
EPWA,EPWA,WAW,,12375,Warsaw/Chopin Arpt,52.163,20.961,107,MZ,PL,1,"['METAR', 'TAF']"
EPWR,EPWR,WRO,,12424,Wrocław/Strachowice Arpt,51.1032,16.8998,118,DO,PL,3,"['METAR', 'TAF']"
EPZG,EPZG,IEG,,12312,Zielona Gora Arpt,52.137,15.779,59,LU,PL,4,"['METAR', 'TAF']"
EQYG,EQYG,,,,Souda Bay,35.53,24.15,142,M,GR,8,['METAR']
EQYR,EQYR,,,,Rota ,36.647,-6.347,26,,ES,8,"['METAR', 'TAF']"
EQYS,EQYS,,,,Signoella ,37.4,14.92,25,,IT,8,"['METAR', 'TAF']"
EREP1,,,,,CMAN,-99.99,-99.99,9999,,,8,[]
EROA2,,,,,Eldred Rock,58.971,-135.22,17,AK,US,8,[]
ERTF1,,,,,Berth 223 Met,27.917,-82.443,13,FL,US,8,[]
ERXA2,,,,,CMAN,-99.99,-99.99,9999,,,8,[]
ESCF,ESCF,,,02562,Linkoping/Malmen Arpt,58.398,15.526,86,E,SE,6,"['METAR', 'TAF']"
ESCL,ESCL,,,,Soderhamn ,61.267,17.09,28,X,SE,9,[]
ESCM,ESCM,,,02458,Uppsala Arpt,59.899,17.589,21,C,SE,5,"['METAR', 'TAF']"
ESDA,ESDA,,,,Ljungbyhed,56.083,13.213,39,M,SE,9,['METAR']
ESDB,ESDB,,,,Angelholm ,56.294,12.848,19,M,SE,9,[]
ESDF,ESDF,RNB,,02664,Ronneby Arpt,56.266,15.267,52,K,SE,3,"['METAR', 'TAF']"
ESGG,ESGG,GOT,,02526,Göteborg/Landvetter Arpt,57.667,12.285,152,O,SE,2,"['METAR', 'TAF']"
ESGJ,ESGJ,JKG,,02550,Jönköping Arpt,57.752,14.069,224,F,SE,3,"['METAR', 'TAF']"
ESGL,ESGL,LDK,,,Lidkoping Arpt,58.47,13.187,58,Q,SE,5,['METAR']
ESGP,ESGP,GSE,,02512,Goteborg/City Arpt,57.781,11.869,15,O,SE,6,"['METAR', 'TAF']"
ESGR,ESGR,KVB,,02535,Skövde Arpt,58.457,13.97,95,O,SE,5,['METAR']
ESGT,ESGT,THN,,,Trollhattan Arpt,58.314,12.347,40,O,SE,5,"['METAR', 'TAF']"
ESIA,ESIA,,,,Karlsborg ,58.514,14.507,94,O,SE,3,"['METAR', 'TAF']"
ESIB,ESIB,,,02520,Satenas Arpt,58.431,12.71,51,O,SE,4,"['METAR', 'TAF']"
ESKM,ESKM,MXX,,,Mora-Siljan Arpt,60.96,14.507,184,W,SE,4,['METAR']
ESKN,ESKN,NYO,,,Stockholm/Skavsta Arpt,58.786,16.918,41,D,SE,3,"['METAR', 'TAF']"
ESKS,ESKS,,,,Salen/Scandanavian Mtns Arpt,61.165,12.834,503,W,SE,3,"['METAR', 'TAF']"
ESMK,ESMK,KID,,02651,Kristianstad Arpt,55.922,14.085,20,S,SE,4,"['METAR', 'TAF']"
ESMQ,ESMQ,KLR,,02672,Kalmar Arpt,56.685,16.284,3,H,SE,4,"['METAR', 'TAF']"
ESMS,ESMS,MMX,,02636,Malmo/Sturup Arpt,55.539,13.373,68,M,SE,5,"['METAR', 'TAF']"
ESMT,ESMT,HAD,,02604,Halmstad Arpt,56.691,12.82,24,N,SE,3,"['METAR', 'TAF']"
ESMV,ESMV,,,02556,Hagshult,57.29,14.134,167,F,SE,5,"['METAR', 'TAF']"
ESMX,ESMX,VXO,,02641,Växjö Arpt,56.927,14.73,176,G,SE,4,"['METAR', 'TAF']"
ESND,ESND,EVG,,,Sveg Arpt,62.047,14.416,352,Z,SE,2,['METAR']
ESNG,ESNG,GEV,,02049,Gällivare Arpt,67.133,20.81,300,BD,SE,4,"['METAR', 'TAF']"
ESNJ,ESNJ,,,,Jokkmokk Arpt,66.497,20.145,275,BD,SE,9,['METAR']
ESNK,ESNK,KRF,,02259,Kramfors/Solleftea Arpt,63.047,17.766,4,Y,SE,5,"['METAR', 'TAF']"
ESNL,ESNL,LYC,,,Lycksele Arpt,64.552,18.711,220,AC,SE,3,"['METAR', 'TAF']"
ESNN,ESNN,SDL,,02366,Sundsvall-Timra Arpt,62.532,17.436,4,Y,SE,2,"['METAR', 'TAF']"
ESNO,ESNO,OER,,02267,Örnsköldsvik Arpt,63.412,18.98,100,Y,SE,4,"['METAR', 'TAF']"
ESNQ,ESNQ,KRN,,02044,Kiruna Arpt,67.823,20.34,447,BD,SE,3,"['METAR', 'TAF']"
ESNS,ESNS,SFT,,02293,Skellefteå Arpt,64.625,21.077,41,AC,SE,4,"['METAR', 'TAF']"
ESNU,ESNU,UME,,02286,Umeå Arpt,63.789,20.285,8,AC,SE,3,"['METAR', 'TAF']"
ESNV,ESNV,VHM,,,Vilhelmina Arpt,64.579,16.839,348,AC,SE,4,['METAR']
ESNX,ESNX,AJR,,02514,Arvidsjaur Arpt,65.592,19.283,380,BD,SE,3,"['METAR', 'TAF']"
ESNY,ESNY,SOO,,,Söderhamn Arpt,61.263,17.098,28,X,SE,9,['METAR']
ESNZ,ESNZ,OSD,,02226,Åre Östersund Arpt,63.199,14.489,360,Z,SE,3,"['METAR', 'TAF']"
ESOE,ESOE,ORB,,,Örebro Arpt,59.229,15.046,57,T,SE,4,"['METAR', 'TAF']"
ESOH,ESOH,HFS,,,Hagfors Arpt,60.02,13.579,145,,SE,5,['METAR']
ESOK,ESOK,KSD,,02418,Karlstad Arpt,59.442,13.342,101,S,SE,3,"['METAR', 'TAF']"
ESOW,ESOW,VST,,02446,Stockholm/Västerås Arpt,59.595,16.638,7,U,SE,4,"['METAR', 'TAF']"
ESPA,ESPA,LLA,,02186,Luleå Arpt,65.541,22.126,12,BD,SE,1,"['METAR', 'TAF']"
ESPC,ESPC,,,,Ostersund,63.199,14.489,360,Z,SE,9,[]
ESPD,ESPD,,,,Gunnarn,65.009,17.699,303,AC,SE,9,['METAR']
ESPE,ESPE,,,02154,Vidsel,65.875,20.144,182,BD,SE,5,"['METAR', 'TAF']"
ESPP4,,,,,Esperanza,18.094,-65.471,0,,PR,8,[]
ESSA,ESSA,ARN,,02460,Stockholm/Arlanda Arpt,59.664,17.92,36,AB,SE,0,"['METAR', 'TAF']"
ESSB,ESSB,BMA,,02464,Stockholm/Bromma Arpt,59.356,17.933,14,AB,SE,4,"['METAR', 'TAF']"
ESSD,ESSD,BLE,,02435,Borlange/Dala Arpt,60.422,15.515,151,W,SE,3,"['METAR', 'TAF']"
ESSF,ESSF,HLF,,02565,Hultsfred ,57.526,15.823,110,H,SE,9,['METAR']
ESSK,ESSK,GVX,,02453,Gävle/Sandviken,60.593,16.951,63,X,SE,9,['METAR']
ESSL,ESSL,LPI,,,Linköping City Arpt,58.406,15.681,51,E,SE,4,"['METAR', 'TAF']"
ESSP,ESSP,NRK,,02571,Norrköping Arpt,58.584,16.255,3,E,SE,5,"['METAR', 'TAF']"
ESSQ,ESSQ,,,,Karlstadt Arpt,59.359,13.472,47,S,SE,9,[]
ESST,ESST,TYF,,,Torsby Arpt,60.158,12.992,110,S,SE,4,['METAR']
ESSV,ESSV,VBY,,02590,Visby Arpt,57.662,18.348,38,I,SE,2,"['METAR', 'TAF']"
ESTA,ESTA,AGH,,,Angelholm Arpt,56.294,12.848,19,M,SE,6,"['METAR', 'TAF']"
ESTL,ESTL,,,,Llungbyhed Arpt,56.083,13.213,39,M,SE,5,"['METAR', 'TAF']"
ESUD,ESUD,SQO,,,Storuman/Gunnarn Arpt,64.961,17.697,281,AC,SE,4,['METAR']
ESUP,ESUP,PJA,,,Pajala Arpt,67.246,23.069,164,BD,SE,4,['METAR']
ESUT,ESUT,HMV,,02101,Hamavan Arpt,65.806,15.083,457,AC,SE,3,"['METAR', 'TAF']"
ETAB,ETAB,,,,Bitburg ,49.943,6.556,374,RP,DE,9,[]
ETAD,ETAD,SPM,,10607,Spangdahlem,49.979,6.698,365,RP,DE,5,"['METAR', 'TAF']"
ETAR,ETAR,RMS,,10614,Ramstein ,49.437,7.6,231,RP,DE,5,"['METAR', 'TAF']"
ETAS,ETAS,,,,Sembach ),49.508,7.865,313,RP,DE,9,[]
ETBA,ETBA,,,,Aachen/Merzbruck,50.824,6.187,191,RP,DE,9,[]
ETEB,ETEB,,,10755,Katterbach Arpt,49.308,10.639,466,BY,DE,6,"['METAR', 'TAF']"
ETEH,ETEH,,,,Bad Kreuznach,49.853,7.891,103,RP,DE,9,[]
ETEU,ETEU,GHF,,,Giebelstadt,49.648,9.966,299,BY,DE,9,['TAF']
ETGB,ETGB,,,10238,Bergen ,52.815,9.925,69,NI,DE,9,[]
ETGG,ETGG,,,10033,Gluecksburg/Meierwik,54.827,9.506,33,SH,DE,6,"['METAR', 'TAF']"
ETGI,ETGI,,,10618,Idar-Oberstein,49.693,7.326,372,RO,DE,9,[]
ETGK,ETGK,,,10771,Kuemmersbruck,49.428,11.902,418,BY,DE,9,[]
ETGM,ETGM,,,,Meppen,52.716,7.317,20,NI,DE,9,[]
ETGQ,ETGQ,,,10234,Rotenburg Arpt,53.13,9.351,30,NI,DE,5,"['METAR', 'TAF']"
ETGW,ETGW,,,,Wittstock,53.2,12.517,71,BR,DE,9,[]
ETGY,ETGY,,,,Kalkar ,51.733,6.267,30,NT,DE,9,"['METAR', 'TAF']"
ETGZ,ETGZ,,,,Messstetten,48.187,8.995,917,BW,DE,9,['METAR']
ETHA,ETHA,,,10954,Altenstadt,47.834,10.867,738,BY,DE,5,"['METAR', 'TAF']"
ETHB,ETHB,,,10335,Bückeburg,52.279,9.082,69,NI,DE,5,"['METAR', 'TAF']"
ETHC,ETHC,,,10343,Celle Arpt,52.591,10.022,35,NI,DE,6,"['METAR', 'TAF']"
ETHE,ETHE,,,,Rheine/Bentlage,52.293,7.387,38,NT,DE,6,"['METAR', 'TAF']"
ETHF,ETHF,FRZ,,10439,Fritzlar Arpt,51.114,9.286,171,HE,DE,5,"['METAR', 'TAF']"
ETHI,ETHI,,,,Itzehoe ,53.995,9.574,22,SH,DE,9,[]
ETHL,ETHL,,,10837,Laupheim Arpt,48.218,9.91,536,BW,DE,4,"['METAR', 'TAF']"
ETHM,ETHM,,,,Mendig ,50.366,7.315,173,RP,DE,9,['METAR']
ETHN,ETHN,,,10743,Niederstetten Arpt,49.398,9.958,466,BW,DE,5,"['METAR', 'TAF']"
ETHR,ETHR,,,,Roth ,49.216,11.1,382,BY,DE,9,"['METAR', 'TAF']"
ETHS,ETHS,,,10246,Fassberg Arpt,52.918,10.184,71,NI,DE,4,"['METAR', 'TAF']"
ETHT,ETHT,,,,Cottbus,51.769,14.293,64,BR,DE,9,[]
ETIC,ETIC,,,10687,Grafenwohr,49.696,11.941,414,BY,DE,5,"['METAR', 'TAF']"
ETID,ETID,,,,Hanau ,50.169,8.962,112,HE,DE,9,['TAF']
ETIE,ETIE,,,,Heidelberg,49.393,8.652,110,BW,DE,6,['METAR']
ETIH,ETIH,,,10775,Hohenfels ,49.216,11.839,436,BY,DE,4,"['METAR', 'TAF']"
ETIK,ETIK,ILH,,10752,Illesheim Arpt,49.472,10.39,326,BY,DE,5,"['METAR', 'TAF']"
ETIN,ETIN,KZG,,,Kitzingen ,49.743,10.201,201,BY,DE,9,[]
ETME,ETME,,,,Eggebek ),54.625,9.346,22,SH,DE,9,['METAR']
ETMK,ETMK,,,,Kiel/Holtenau),54.376,10.143,24,SH,DE,9,[]
ETML,ETML,,,,Marienleuchte,54.494,11.241,9,SH,DE,4,['METAR']
ETMN,ETMN,FCN,,10136,Nordholz Arpt),53.765,8.658,23,NI,DE,4,"['METAR', 'TAF']"
ETND,ETND,,,10321,Diepholz Arpt,52.588,8.342,37,NI,DE,5,"['METAR', 'TAF']"
ETNG,ETNG,GKE,,10500,Geilenkirchen,50.964,6.032,76,NT,DE,5,"['METAR', 'TAF']"
ETNH,ETNH,,,10038,Hohn ,54.312,9.538,6,SH,DE,4,"['METAR', 'TAF']"
ETNJ,ETNJ,,,,Jever ,53.533,7.887,7,NI,DE,9,"['METAR', 'TAF']"
ETNL,ETNL,RLG,,10172,Laage Arpt,53.916,12.279,40,MV,DE,4,"['METAR', 'TAF']"
ETNN,ETNN,,,10502,Noervenich ,50.829,6.66,108,NT,DE,5,"['METAR', 'TAF']"
ETNP,ETNP,,,,Hopsten ,52.339,7.541,39,NT,DE,9,['METAR']
ETNR,ETNR,,,,Preschen,51.667,14.633,96,BB,DE,9,[]
ETNS,ETNS,WBG,,10037,Schleswig),54.457,9.52,22,SH,DE,6,"['METAR', 'TAF']"
ETNT,ETNT,,,10126,Wittmundhaven Arpt,53.548,7.667,5,NI,DE,4,"['METAR', 'TAF']"
ETNU,ETNU,FNB,,10281,Trollenhagen,53.602,13.306,70,MV,DE,9,"['METAR', 'TAF']"
ETNW,ETNW,,,10334,Wunstorf ,52.457,9.427,57,NI,DE,6,"['METAR', 'TAF']"
ETOR,ETOR,,,,Coleman,49.564,8.463,92,BW,DE,6,"['METAR', 'TAF']"
ETOU,ETOU,WIE,,10633,Wiesbaden ,50.048,8.329,141,HE,DE,6,"['METAR', 'TAF']"
ETSA,ETSA,,,,Landsberg Arpt,48.071,10.906,619,BY,DE,6,"['METAR', 'TAF']"
ETSB,ETSB,,,10613,Buechel Arpt,50.175,7.06,477,RP,DE,5,"['METAR', 'TAF']"
ETSE,ETSE,,,,Erding ,48.321,11.949,459,BY,DE,6,"['METAR', 'TAF']"
ETSF,ETSF,FEL,,,Fürstenfeldbruck,48.206,11.267,519,BY,DE,9,[]
ETSH,ETSH,,,10476,Holzdorf Arpt,51.768,13.168,79,BR,DE,4,"['METAR', 'TAF']"
ETSI,ETSI,IGS,,10860,Ingolstadt-Manching Arpt,48.716,11.534,366,BY,DE,5,"['METAR', 'TAF']"
ETSL,ETSL,,,10856,Lechfeld ,48.185,10.861,548,BY,DE,5,"['METAR', 'TAF']"
ETSM,ETSM,,,,Memmingen ,47.989,10.239,625,BY,DE,9,[]
ETSN,ETSN,,,10853,Nueburg/Donau Arpt,48.71,11.21,378,BY,DE,6,"['METAR', 'TAF']"
ETSP,ETSP,,,,Pferdsfeld ,49.856,7.606,390,RP,DE,9,[]
ETUL,ETUL,,,,Weeze Arpt,51.602,6.143,28,NT,DE,9,[]
ETUN,ETUN,,,,Nordhorn Range,52.456,7.178,25,NI,DE,9,[]
ETUO,ETUO,GUT,,,Gutersloh ,51.923,8.306,67,NT,DE,5,"['METAR', 'TAF']"
ETUR,ETUR,,,,Bruggen ,51.2,6.132,70,NT,DE,5,[]
ETWM,ETWM,,,10304,Meppen,52.725,7.33,18,NI,DE,4,['METAR']
EVGA,EVGA,,,,Lielvarde Arpt,56.778,24.854,61,RG,LV,5,"['METAR', 'TAF']"
EVLA,EVLA,LPX,,26406,Liepāja Intl,56.517,21.097,5,LP,LV,3,"['METAR', 'TAF']"
EVRA,EVRA,RIX,,,Riga Intl,56.924,23.968,7,RG,LV,1,"['METAR', 'TAF']"
EVVA,EVVA,VNT,,,Ventpils Arpt,57.361,21.545,1,VS,LV,4,"['METAR', 'TAF']"
EYKA,EYKA,KUN,,,Kaunas Arpt,54.962,24.069,68,KI,LT,5,"['METAR', 'TAF']"
EYPA,EYPA,PLQ,,26502,Palanga Intl,55.973,21.092,15,KL,LT,5,"['METAR', 'TAF']"
EYSA,EYSA,SQQ,,,Šiauliai Intl,55.894,23.395,135,SA,LT,4,"['METAR', 'TAF']"
EYVI,EYVI,VNO,,26730,Vilnius Intl,54.634,25.286,180,VL,LT,2,"['METAR', 'TAF']"
FAAB,FAAB,ALJ,,68403,Alexander Bay Arpt,-28.57,16.531,24,NC,ZA,9,['METAR']
FAAN,FAAN,,,68546,Aliwal North,-30.72,26.72,1348,,ZA,9,['METAR']
FABE,FABE,BIY,,68752,Bisho Airport,-32.895,27.284,500,,ZA,9,['METAR']
FABL,FABL,BFN,,68442,Bloemfontein Intl,-29.093,26.302,1348,FS,ZA,2,"['METAR', 'TAF']"
FABM,FABM,,,68461,Bethlehem Arpt,-28.248,28.336,1690,FS,ZA,3,['METAR']
FABY,FABY,,,,Beaufort West,-32.35,22.583,855,WC,ZA,9,['METAR']
FACL,FACL,,,68380,Carolina,-26.07,30.12,1693,,ZA,9,['METAR']
FACT,FACT,CPT,,68816,Capetown Intl,-33.965,18.602,48,WC,ZA,0,"['METAR', 'TAF']"
FACV,FACV,,,68618,Calvinia ,-31.482,19.762,977,NC,ZA,3,['METAR']
FADN,FADN,,,68588,Durban/Louis Botha,-29.97,30.951,14,NL,ZA,9,"['METAR', 'TAF']"
FADY,FADY,,,68538,De Aar Arpt,-30.692,24.02,1265,NC,ZA,3,['METAR']
FAEL,FAEL,ELS,,68858,East London Arpt,-33.036,27.826,127,EC,ZA,3,"['METAR', 'TAF']"
FAEO,FAEO,,,,Ermelo Arpt,-26.496,29.98,1768,MP,ZA,4,"['METAR', 'TAF']"
FAER,FAER,ELL,,68155,Ellisras Arpt,-23.726,27.69,855,LP,ZA,9,['METAR']
FAFF,FAFF,,,68362,Frankfort,-27.287,28.514,1576,FS,ZA,9,['METAR']
FAFR,FAFR,,,68624,Fraserburg,-31.92,21.52,1264,,ZA,9,['METAR']
FAGB,FAGB,,,,Gobabis,-22.47,18.97,1440,,ZA,9,['METAR']
FAGC,FAGC,GCJ,,,Midrand/Grand Central Arpt,-25.986,28.14,1617,GT,ZA,6,['METAR']
FAGE,FAGE,,,68906,Gough Island,-40.35,-9.88,54,,ZA,9,['METAR']
FAGG,FAGG,GRJ,,68828,George Arpt,-34.006,22.379,196,WC,ZA,2,"['METAR', 'TAF']"
FAGM,FAGM,QRA,,,Johannesburg/Rand Arpt,-26.242,28.151,1671,GT,ZA,7,['METAR']
FAGR,FAGR,,,,Graaff Reinet,-32.25,24.53,752,,ZA,9,['METAR']
FAGY,FAGY,,,,Greytown,-29.122,30.587,1072,NL,ZA,9,['METAR']
FAHS,FAHS,HDS,,68290,Hoedspruit,-24.381,31.044,532,LP,ZA,3,"['METAR', 'TAF']"
FAIO1,,,,,Fairport,41.76,-81.281,176,OH,US,8,[]
FAIR,FAIR,,,68263,Pretoria/Irene,-25.91,28.211,1527,GT,ZA,7,['METAR']
FAJB,FAJB,,,,Johannesburg City,-26.15,28,1626,GT,ZA,6,['METAR']
FAJS,FAJS,,,68368,Johannesburg/Tambo Intl,-26.139,28.246,1684,GT,ZA,6,[]
FAKM,FAKM,KIM,,68438,Kimberley Arpt,-28.803,24.765,1203,NC,ZA,3,"['METAR', 'TAF']"
FAKN,FAKN,MQP,,,Kruger Mpumalang Intl,-25.383,31.106,864,MP,ZA,3,"['METAR', 'TAF']"
FALA,FALA,HLA,,,Lanseria Intl,-25.939,27.926,1365,GT,ZA,5,"['METAR', 'TAF']"
FALE,FALE,DUR,,68592,Durban/King Shaka Intl,-29.602,31.13,109,NL,ZA,1,"['METAR', 'TAF']"
FALM,FALM,,,,Makhado,-23.16,29.697,934,LP,ZA,4,"['METAR', 'TAF']"
FALT,FALT,,,,Lichtenburg,-26.176,26.185,1481,NW,ZA,9,['METAR']
FALW,FALW,SDB,,68714,Langebaanweg ,-32.972,18.158,31,WC,ZA,3,"['METAR', 'TAF']"
FALY,FALY,LAY,,,Ladysmith,-28.567,29.776,1018,NL,ZA,9,['METAR']
FAMB,FAMB,,,,Middelburg Arpt,-25.685,29.44,1489,,ZA,9,['METAR']
FAME,FAME,,,68994,Marion Island,-46.876,37.858,23,,ZA,9,['METAR']
FAMG,FAMG,MGH,,68591,Margate,-30.857,30.343,150,NL,ZA,9,['METAR']
FAMM,FAMM,MBD,,68242,Mmabatho/Montshioa Intl,-25.798,25.548,1280,NW,ZA,2,"['METAR', 'TAF']"
FAMO,FAMO,MZY,,68928,Mossel Bay Cape,-34.18,22.15,59,,ZA,9,['METAR']
FANC,FANC,NCS,,,Newcastle,-27.771,29.977,1248,NL,ZA,9,['METAR']
FANS,FANS,NLP,,68289,Nelspruit,-25.433,30.983,671,MP,ZA,9,['METAR']
FAOB,FAOB,OVG,,,Overberg Arpt,-34.558,20.249,15,WC,ZA,3,"['METAR', 'TAF']"
FAOH,FAOH,OUH,,,Oudtshoorn,-33.607,22.189,322,WC,ZA,9,['METAR']
FAOR,FAOR,JNB,,,Johannesburg/Tambo Intl,-26.139,28.246,1684,NP,ZA,0,"['METAR', 'TAF']"
FAPB,FAPB,,,,Pietersburg ,-23.85,29.45,1243,LP,ZA,9,"['METAR', 'TAF']"
FAPE,FAPE,PLZ,,68842,Port Elizabeth Arpt,-33.985,25.617,58,EC,ZA,1,"['METAR', 'TAF']"
FAPG,FAPG,PBZ,,68931,Plettenberg Bay,-34.088,23.326,138,WC,ZA,9,['METAR']
FAPH,FAPH,PHW,,,Phalaborwa,-23.937,31.155,435,LP,ZA,9,['METAR']
FAPI,FAPI,,,,Pietersburg,-23.9,29.47,1327,,ZA,9,['METAR']
FAPJ,FAPJ,JOH,,68674,Port St Johns,-31.63,29.55,47,,ZA,9,['METAR']
FAPM,FAPM,PZB,,,Pietermaritzburg Arpt,-29.649,30.399,726,NL,ZA,9,"['METAR', 'TAF']"
FAPN,FAPN,NTY,,,Pilanesberg Arpt,-25.334,27.173,1045,NW,ZA,3,"['METAR', 'TAF']"
FAPP,FAPP,PTG,,,Polokwane Arpt,-23.845,29.459,1238,LP,ZA,3,"['METAR', 'TAF']"
FAPR,FAPR,,,,Pretoria ,-25.742,28.183,1306,GT,ZA,7,['METAR']
FAPS,FAPS,PCF,,68351,Potchefstroom Arpt,-26.671,27.082,1367,NW,ZA,9,['METAR']
FAQT,FAQT,UTW,,,Queenstown Arpt,-31.919,26.878,1094,,ZA,9,['METAR']
FARB,FARB,RCB,,68495,Richard's Bay,-28.739,32.093,32,NL,ZA,9,"['METAR', 'TAF']"
FASB,FASB,SBU,,68512,Springbok Arpt,-29.69,17.935,811,NC,ZA,4,"['METAR', 'TAF']"
FASI,FASI,,,,Springs Arpt,-26.248,28.398,1627,GT,ZA,6,['METAR']
FASK,FASK,,,68321,Swartkop,-25.81,28.165,1454,GT,ZA,9,"['METAR', 'TAF']"
FASS,FASS,SIS,,,Sishen Arpt,-27.649,22.999,1178,NC,ZA,9,['METAR']
FATC,FATC,,,68902,Tristan Da Cunh,-37.05,-12.32,23,,ZA,9,['METAR']
FATH,FATH,THY,,68183,Thohoyandou Arpt,-23.078,30.383,614,NO,ZA,4,['METAR']
FATZ,FATZ,LTA,,,Tzaneen,-23.823,30.327,561,LP,ZA,9,['METAR']
FAUL,FAUL,ULD,,68493,Ulundi,-28.321,31.416,512,NL,ZA,9,['METAR']
FAUP,FAUP,UTN,,68424,Upington Arpt,-28.399,21.26,845,NC,ZA,1,"['METAR', 'TAF']"
FAUT,FAUT,UTT,,68668,Umtata/Mthatha Arpt,-31.546,28.673,735,EC,ZA,3,"['METAR', 'TAF']"
FAVB,FAVB,VRU,,68338,Vryburg Arpt,-26.982,24.729,1195,,ZA,9,['METAR']
FAVG,FAVG,VIR,,68593,Durban/Virginia Beach Arpt,-29.771,31.058,11,NL,ZA,9,['METAR']
FAVR,FAVR,VRE,,68614,Vredendal,-31.67,18.5,34,,ZA,9,['METAR']
FAVV,FAVV,,,,Vereeniging Arpt,-26.566,27.961,1480,GT,ZA,4,['METAR']
FAVY,FAVY,VYD,,,Vryheid,-27.787,30.796,1160,NL,ZA,9,['METAR']
FAWB,FAWB,PRY,,,Pretoria/Wonderboom Arpt,-25.654,28.224,1245,GT,ZA,5,"['METAR', 'TAF']"
FAWI,FAWI,,,,Witbank,-25.832,29.192,1541,MP,ZA,9,['METAR']
FAWK,FAWK,WKF,,68264,Waterkloof,-25.83,28.223,1496,GT,ZA,6,"['METAR', 'TAF']"
FAWM,FAWM,WEL,,,Welkom,-27.998,26.67,1341,FS,ZA,9,['METAR']
FAWW,FAWW,,,,Windhoek,-22.57,17.1,1728,,ZA,9,[]
FBFT,FBFT,FRW,,68054,Francistown Arpt,-21.161,27.481,1000,NE,BW,2,"['METAR', 'TAF']"
FBGZ,FBGZ,GNZ,,68024,Ghanzi,-21.692,21.658,1100,GH,BW,9,"['METAR', 'TAF']"
FBIS1,,,,99423,Folly Island,32.685,-79.888,3,SC,US,6,[]
FBJW,FBJW,JWA,,68234,Jwaneng,-24.599,24.697,1191,SO,BW,9,['METAR']
FBKE,FBKE,BBK,,68029,Kasane Arpt,-17.833,25.162,999,NW,BW,3,"['METAR', 'TAF']"
FBLT,FBLT,,,68040,Letlhakane,-21.417,25.6,990,CE,BW,9,['METAR']
FBMN,FBMN,MUB,,68032,Maun Arpt,-19.973,23.431,946,NG,BW,1,"['METAR', 'TAF']"
FBPM,FBPM,,,,Francistown Intl,-21.159,27.477,1009,NE,BW,2,"['METAR', 'TAF']"
FBSK,FBSK,GBE,,68240,Gaborone/Khama Intl,-24.555,25.918,1007,SE,BW,3,"['METAR', 'TAF']"
FBSN,FBSN,SXN,,68038,Sua Pan Arpt,-20.553,26.116,907,CE,BW,9,['METAR']
FBSP,FBSP,PKW,,,Selebi Phikwe Arpt,-22.058,27.829,889,CE,BW,4,"['METAR', 'TAF']"
FBSW,FBSW,SWX,,68026,Shakawe,-18.379,21.838,1007,NG,BW,9,['METAR']
FBTE,FBTE,,,68226,Tshane,-24.018,21.87,1122,KG,BW,9,['METAR']
FBTS,FBTS,TBY,,68328,Tsabong Arpt,-26.031,22.402,962,KG,BW,9,['METAR']
FCBB,FCBB,BZV,,64450,Brazzaville Arpt,-4.252,15.253,316,BZ,CG,1,"['METAR', 'TAF']"
FCBD,FCBD,DJM,,64453,Djambala,-2.53,14.77,791,,CG,9,['METAR']
FCBM,FCBM,MUY,,64402,Mouyondzi,-4.015,13.966,512,BO,CG,9,['METAR']
FCBO,FCBO,,,64452,M'Pouya,-2.617,16.217,289,BN,CG,9,['METAR']
FCBS,FCBS,SIB,,64405,Sibiti,-3.683,13.35,532,LE,CG,9,['METAR']
FCGT2,,,,,Freeport,28.943,-95.303,4,TX,US,8,[]
FCOD,FCOD,,,,Ollombo/N'Guesso Arpt,-1.226,15.91,327,MN,CG,2,['METAR']
FCOG,FCOG,GMM,,64454,Gamboma Arpt,-1.894,15.855,309,PL,CG,9,['METAR']
FCOI,FCOI,ION,,64459,Impfondo Arpt,1.592,18.051,320,LI,CG,9,['METAR']
FCOM,FCOM,MKJ,,64456,Makoua,-0.02,15.58,329,CU,CG,9,['METAR']
FCOS,FCOS,SOE,,64460,Souanke,2.067,14.133,549,SA,CG,9,['METAR']
FCOU,FCOU,OUE,,64458,Ouesso,1.616,16.038,354,SA,CG,9,['METAR']
FCPA,FCPA,KMK,,64403,Makabana,-3.483,12.617,158,NI,CG,9,['METAR']
FCPL,FCPL,DIS,,,Loubomo,-4.2,12.7,330,NI,CG,9,['METAR']
FCPP,FCPP,PNR,,64400,Pointe-Noire Arpt,-4.816,11.887,18,KO,CG,2,"['METAR', 'TAF']"
FDBB,FDBB,,,68399,Big Bend Met,-26.815,31.934,106,LU,SZ,6,['METAR']
FDJR,FDJR,,,68382,Jericho,-27.162,31.439,696,SH,SZ,4,['METAR']
FDLM,FDLM,,,68298,Lomahasha,-25.984,31.986,585,LU,SZ,4,['METAR']
FDLV,FDLV,,,68393,Lavumisa,-27.267,31.818,268,SH,SZ,5,['METAR']
FDMS,FDMS,MTS,,68396,Manzini/Matsapha Intl,-26.529,31.308,633,MA,SZ,3,"['METAR', 'TAF']"
FDMY,FDMY,,,68390,Mayiwane,-25.893,31.51,401,HH,SZ,6,['METAR']
FDND,FDND,,,68383,Ndzevane,-26.957,31.955,202,LU,SZ,4,['METAR']
FDNH,FDNH,,,,Nhlangano Arpt,-27.119,31.213,1081,SH,SZ,6,['METAR']
FDNY,FDNY,,,68386,Nyonyane,-26.115,31.45,384,LU,SZ,4,['METAR']
FDOT,FDOT,,,,Moti,-26.704,31.425,342,MA,SZ,6,"['METAR', 'TAF']"
FDPP,FDPP,,,68299,Piggs Peak Met,-25.966,31.249,1023,HH,SZ,6,['METAR']
FDSK,FDSK,SHO,,,Sikhuiphe Intl,-26.359,31.719,323,LU,SZ,5,"['METAR', 'TAF']"
FDST,FDST,,,68398,Siteki,-26.439,31.944,642,LU,SZ,5,['METAR']
FDUS,FDUS,,,,Musi,-26.722,30.912,966,LU,SZ,5,['METAR']
FDVV,FDVV,,,,Vuvulane,-26.07,31.88,276,,SZ,6,['METAR']
FEFA,FEFA,,,64662,Alindao,5.05,21.2,447,BK,CF,9,['METAR']
FEFB,FEFB,,,64659,Obo,5.404,26.487,651,HM,CF,9,['METAR']
FEFF,FEFF,BGF,,64650,Bangui Arpt,4.399,18.519,364,MP,CF,1,"['METAR', 'TAF']"
FEFG,FEFG,BGU,,64656,Bangassou Arpt,4.787,22.788,550,OR,CF,2,['METAR']
FEFI,FEFI,IRO,,64658,Birao,10.283,22.783,466,VA,CF,9,['METAR']
FEFL,FEFL,,,64605,Bossembele,5.267,17.633,688,MP,CF,9,['METAR']
FEFM,FEFM,BBY,,64660,Bambari,5.847,20.649,471,OU,CF,9,['METAR']
FEFN,FEFN,NDL,,64654,N'Délé,8.4,20.65,522,BB,CF,9,['METAR']
FEFO,FEFO,BOP,,64601,Bouar,5.959,15.638,1026,NM,CF,9,['METAR']
FEFR,FEFR,BIV,,64655,Bria,6.528,21.989,600,HK,CF,9,['METAR']
FEFS,FEFS,BSN,,64610,Bossangoa,6.494,17.427,493,OU,CF,9,['METAR']
FEFT,FEFT,BBT,,64600,Berbérati Arpt,4.226,15.787,567,MK,CF,3,['METAR']
FEFY,FEFY,AIG,,64661,Yalinga,6.521,23.26,619,HK,CF,9,['METAR']
FFIA2,,,,99408,Five Finger,57.27,-133.631,7,AK,US,6,[]
FGBT,FGBT,BSG,,64820,Bata Intl,1.905,9.806,2,LI,GQ,2,"['METAR', 'TAF']"
FGSL,FGSL,SSG,,64810,Malabo/Santa Isabel Arpt,3.756,8.71,23,BN,GQ,4,"['METAR', 'TAF']"
FHAW,FHAW,ASI,,61902,Ascension Arpt,-7.97,-14.394,79,HE,SH,0,"['METAR', 'TAF']"
FHPF1,,,,,Fred Howard Park,28.153,-82.801,0,FL,US,8,[]
FILA2,,,,,Flat Island Light,59.332,-151.995,18,AK,US,8,[]
FIMP,FIMP,MRU,,61990,Mauritius Intl,-20.434,57.684,57,GP,MU,0,"['METAR', 'TAF']"
FIMR,FIMR,RRG,,61988,Rodrigues Arpt,-19.755,63.36,31,RO,MU,1,"['METAR', 'TAF']"
FJDG,FJDG,,,61967,Diego Garcia Arpt,-7.313,72.411,3,BT,IO,0,"['METAR', 'TAF']"
FKAB,FKAB,,,64880,Banyo,6.78,11.82,1110,,CM,9,['METAR']
FKAG,FKAG,,,64960,Abong-Mbang,3.983,13.185,698,ES,CM,9,['METAR']
FKAL,FKAL,,,64961,Lomie,3.167,13.617,321,ES,CM,9,['METAR']
FKAM,FKAM,,,64882,Meiganga,6.516,14.292,989,AD,CM,9,['METAR']
FKAN,FKAN,NKS,,64911,Nkongsamba,4.95,9.934,811,LI,CM,9,['METAR']
FKAO,FKAO,,,64901,Bétaré-Oya,5.592,14.086,764,ES,CM,9,['METAR']
FKAY,FKAY,,,64900,Yolo,5.534,12.321,988,CE,CM,9,['METAR']
FKKA,FKKA,,,,Maroua-Salak,10.451,14.257,422,EN,CM,9,['METAR']
FKKB,FKKB,KBI,,64971,Kribi,2.874,9.977,50,SU,CM,9,['METAR']
FKKC,FKKC,TKC,,64912,Tiko,4.089,9.361,44,SW,CM,9,['METAR']
FKKD,FKKD,DLA,,64910,Douala Intl,4.006,9.72,10,LI,CM,1,"['METAR', 'TAF']"
FKKF,FKKF,MMF,,64890,Mamfe,5.717,9.283,112,SW,CM,9,['METAR']
FKKI,FKKI,OUR,,64931,Batouri,4.475,14.363,658,ES,CM,9,['METAR']
FKKL,FKKL,MVR,,64851,Maroua/Salak Arpt,10.451,14.257,422,EN,CM,3,"['METAR', 'TAF']"
FKKM,FKKM,FOM,,64893,Koundja,5.637,10.751,1212,OU,CM,9,['METAR']
FKKN,FKKN,NGE,,64870,Ngaoundere Arpt,7.357,13.559,1108,AD,CM,3,"['METAR', 'TAF']"
FKKR,FKKR,GOU,,64860,Garoua Intl,9.336,13.37,223,NO,CM,2,"['METAR', 'TAF']"
FKKV,FKKV,BPC,,64892,Bamenda,6.039,10.123,1233,NW,CM,9,['METAR']
FKKY,FKKY,YAO,,,Younde II,3.83,11.53,751,,CM,9,['METAR']
FKYS,FKYS,NSI,,64950,Yaounde Arpt,3.833,11.521,694,CE,CM,3,"['METAR', 'TAF']"
FLBA,FLBA,MMQ,,67413,Mbala,-8.859,31.336,1668,CE,ZM,9,['METAR']
FLCH,FLCH,,,67753,Choma,-16.836,27.068,1278,SO,ZM,9,['METAR']
FLCP,FLCP,CIP,,67581,Chipata,-13.558,32.587,1013,EA,ZM,9,"['METAR', 'TAF']"
FLHN,FLHN,,,67743,Livingstone/Nkumbula Arpt,-17.823,25.819,996,SO,ZM,6,"['METAR', 'TAF']"
FLIK,FLIK,,,67481,Isoka,-10.117,32.633,1360,CE,ZM,9,['METAR']
FLJK,FLJK,,,,Jeki Arpt,-15.6334,29.6036,350,,ZM,8,['TAF']
FLKB,FLKB,,,67403,Kawambwa,-9.798,29.092,1374,SO,ZM,9,['METAR']
FLKK,FLKK,,,67665,Lusaka/Kuanda Intl,-15.329,28.448,1149,A,ZM,1,"['METAR', 'TAF']"
FLKO,FLKO,KMZ,,67641,Kaoma,-14.796,24.804,1158,NW,ZM,9,['METAR']
FLKS,FLKS,KAA,,67475,Kasama,-10.217,31.133,1394,CE,ZM,9,"['METAR', 'TAF']"
FLKW,FLKW,,,67663,Kabwe,-14.45,28.467,1212,CB,ZM,9,['METAR']
FLLC,FLLC,,,67666,Lusaka City Arpt,-15.414,28.329,1271,CB,ZM,9,['METAR']
FLLD,FLLD,,,67583,Lundazi,-12.286,33.186,1152,EA,ZM,9,['METAR']
FLLI,FLLI,LVI,,,Livingstone Arpt,-17.823,25.819,996,SO,ZM,6,"['METAR', 'TAF']"
FLLS,FLLS,LUN,,,Lusaka Intl,-15.329,28.448,1149,LK,ZM,6,['TAF']
FLMA,FLMA,MNS,,67461,Mansa Arpt,-11.138,28.875,1257,SO,ZM,9,"['METAR', 'TAF']"
FLMF,FLMF,MFU,,,Mfuwe Intl,-13.259,31.937,559,EA,ZM,2,"['METAR', 'TAF']"
FLMG,FLMG,MNR,,67633,Mongu,-15.255,23.162,1060,NW,ZM,9,['METAR']
FLMP,FLMP,,,67477,Mpika,-11.899,31.435,1408,CE,ZM,9,['METAR']
FLMW,FLMW,,,67441,Mwinilunga,-11.75,24.43,1361,EA,ZM,9,['METAR']
FLND,FLND,NLA,,,Ndola Arpt,-12.998,28.665,1268,LP,ZM,3,"['METAR', 'TAF']"
FLPA,FLPA,,,67541,Kasempa,-13.472,25.858,1234,EA,ZM,9,['METAR']
FLPE,FLPE,,,67673,Petauke,-14.217,31.223,980,EA,ZM,9,['METAR']
FLPO,FLPO,,,,Kabompo,-13.576,24.232,1104,EA,ZM,9,['METAR']
FLSE,FLSE,,,67571,Serenje,-13.233,30.217,1403,CB,ZM,9,['METAR']
FLSK,FLSK,,,67561,Ndola Arpt,-12.998,28.665,1268,SO,ZM,3,"['METAR', 'TAF']"
FLSN,FLSN,SXG,,67731,Senanga,-16.113,23.298,1014,NW,ZM,9,['METAR']
FLSS,FLSS,SJQ,,67741,Sesheke,-17.476,24.305,950,NW,ZM,9,['METAR']
FLSW,FLSW,SLI,,67551,Solwezi,-12.171,26.366,1392,EA,ZM,9,"['METAR', 'TAF']"
FLZB,FLZB,BBZ,,67531,Zambezi,-13.537,23.108,1076,EA,ZM,9,['METAR']
FMCH,FMCH,HAH,,67002,Comoros/Ibrahim Intl,-11.534,43.272,30,G,KM,1,"['METAR', 'TAF']"
FMCV,FMCV,AJN,,67004,Ouani Arpt,-12.132,44.43,19,A,KM,4,['METAR']
FMCZ,FMCZ,DZA,,67005,Dzaoudzi/Pamandzi Intl,-12.805,45.281,7,MA,YT,3,"['METAR', 'TAF']"
FMEE,FMEE,RUN,,61980,Reunion/St Denis/Garros Arpt,-20.887,55.51,20,,RE,3,"['METAR', 'TAF']"
FMEP,FMEP,ZSE,,61984,Reunion/Pierrefonds Arpt,-21.32,55.425,21,,RE,6,"['METAR', 'TAF']"
FMME,FMME,ATJ,,67107,Antsirabe,-19.817,47.067,1546,T,MG,9,"['METAR', 'TAF']"
FMMH,FMMH,VVB,,67113,Mahanoro,-19.833,48.8,8,A,MG,9,['METAR']
FMMI,FMMI,TNR,,67083,Antananarivo/Ivato Intl,-18.797,47.479,1269,T,MG,0,"['METAR', 'TAF']"
FMMO,FMMO,MXT,,67073,Maintirano,-18.05,44.033,26,M,MG,9,['METAR']
FMMS,FMMS,SMS,,67072,Sainte Marie Arpt,-17.09,49.816,4,A,MG,4,"['METAR', 'TAF']"
FMMT,FMMT,TMM,,67095,Toamasina Arpt,-18.11,49.392,13,A,MG,3,"['METAR', 'TAF']"
FMMV,FMMV,MOQ,,67117,Morondava,-20.285,44.318,10,U,MG,9,['METAR']
FMNA,FMNA,DIE,,67009,Antsiranana Arpt,-12.35,49.293,108,D,MG,4,"['METAR', 'TAF']"
FMND,FMND,ZWA,,67022,Andapa,-14.652,49.621,481,D,MG,9,['METAR']
FMNH,FMNH,ANM,,67025,Antalaha,-14.906,50.279,10,D,MG,9,['METAR']
FMNL,FMNL,HVA,,,Analalava Arpt,-14.63,47.764,75,M,MG,9,['METAR']
FMNM,FMNM,MJN,,67027,Mahajanga Arpt,-15.667,46.352,18,M,MG,2,"['METAR', 'TAF']"
FMNN,FMNN,NOS,,67012,Fascene/Nosy-Be Arpt,-13.317,48.31,10,D,MG,2,"['METAR', 'TAF']"
FMNQ,FMNQ,BPY,,67037,Besalampy,-16.744,44.483,39,M,MG,9,['METAR']
FMNS,FMNS,SVB,,67023,Sambava,-14.279,50.175,8,D,MG,9,['METAR']
FMNV,FMNV,VOH,,,Vohemar,-13.376,50.003,7,D,MG,9,['METAR']
FMOA1,,,,,Fort Morgan,30.228,-88.025,0,AL,US,8,[]
FMRF1,,,,,Fort Meyers,26.647,-81.872,3,FL,US,8,[]
FMSD,FMSD,FTU,,67197,Tôlanaro Arpt,-25.038,46.956,7,U,MG,1,"['METAR', 'TAF']"
FMSF,FMSF,WFI,,67137,Fianarantsoa,-21.442,47.112,1107,F,MG,9,['METAR']
FMSG,FMSG,RVA,,67157,Farafangana,-22.805,47.821,9,F,MG,9,['METAR']
FMSM,FMSM,MNJ,,67143,Mananjary,-21.202,48.358,5,F,MG,9,['METAR']
FMSO,FMSO,,,67152,Ranohira,-22.556,45.419,826,F,MG,9,['METAR']
FMSR,FMSR,MXM,,67131,Morombe,-21.754,43.376,8,U,MG,9,['METAR']
FMST,FMST,TLE,,67161,Tulear,-23.383,43.728,6,U,MG,9,"['METAR', 'TAF']"
FNBC,FNBC,SSY,,66118,Mbanza Congo Arpt,-6.27,14.247,570,ZA,AO,3,"['METAR', 'TAF']"
FNBG,FNBG,BUG,,66310,Benguela Arpt,-12.606,13.404,33,BG,AO,6,"['METAR', 'TAF']"
FNCA,FNCA,CAB,,66104,Cabinda Arpt,-5.59,12.188,14,CA,AO,4,"['METAR', 'TAF']"
FNCT,FNCT,CBT,,,Catumbela Arpt,-12.479,13.487,6,BG,AO,2,"['METAR', 'TAF']"
FNDU,FNDU,DUE,,,Dundo Arpt,-7.401,20.819,749,LN,AO,3,"['METAR', 'TAF']"
FNGI,FNGI,VPE,,66460,Ondjiva Pereira Arpt,-17.044,15.684,1116,CN,AO,4,"['METAR', 'TAF']"
FNHU,FNHU,NOV,,66318,Huambo/Machado Arpt,-12.809,15.761,1697,HU,AO,3,"['METAR', 'TAF']"
FNKU,FNKU,SVP,,66325,Cuito/Kapango Arpt,-12.401,16.952,1724,BI,AO,3,"['METAR', 'TAF']"
FNLU,FNLU,LAD,,66160,Luanda Intl,-8.858,13.231,75,LU,AO,0,"['METAR', 'TAF']"
FNMA,FNMA,MEG,,66215,Melanje Arpt,-9.525,16.312,1174,MA,AO,3,"['METAR', 'TAF']"
FNME,FNME,SPP,,,Menongue/Kwenha Arpt,-14.656,17.717,1343,CC,AO,3,['TAF']
FNMO,FNMO,MSZ,,,Namibe Arpt,-15.261,12.147,64,NA,AO,3,"['METAR', 'TAF']"
FNSA,FNSA,VHC,,66226,Saurimo Arpt,-9.689,20.432,1096,LS,AO,3,"['METAR', 'TAF']"
FNSO,FNSO,SZA,,,Soyo Arpt,-6.141,12.372,7,ZA,AO,3,"['METAR', 'TAF']"
FNSU,FNSU,NDD,,,Sumbe Arpt,-11.168,13.848,6,CU,AO,3,['METAR']
FNUB,FNUB,SDD,,66390,Lubango Arpt,-14.925,13.575,1749,HU,AO,1,"['METAR', 'TAF']"
FNUE,FNUE,LUO,,66285,Luena Arpt,-11.768,19.898,1354,MO,AO,1,"['METAR', 'TAF']"
FNUG,FNUG,UGO,,,Uige Arpt,-7.603,15.028,829,UI,AO,3,"['METAR', 'TAF']"
FOGM,FOGM,MJL,,64550,Mouila Arpt,-1.846,11.057,90,NG,GA,2,['METAR']
FOGO,FOGO,OYE,,64512,Oyem Arpt,1.537,11.579,660,WN,GA,3,['METAR']
FOGR,FOGR,LBQ,,64551,Lambarene Arpt,-0.704,10.246,25,MO,GA,3,['METAR']
FOOB,FOOB,BMM,,64510,Bitam Arpt,2.078,11.491,599,WN,GA,4,['METAR']
FOOC,FOOC,,,64504,Cocobeach,0.982,9.572,18,ES,GA,9,['METAR']
FOOD,FOOD,MFF,,64565,Moanda,-1.532,13.265,570,HO,GA,9,['METAR']
FOOE,FOOE,MKB,,64545,Mekambo,1.012,13.941,501,OI,GA,9,['METAR']
FOOG,FOOG,POG,,64501,Port Gentil Intl,-0.712,8.754,4,OM,GA,0,"['METAR', 'TAF']"
FOOK,FOOK,MKU,,64556,Makokou Arpt,0.579,12.891,517,OI,GA,3,['METAR']
FOOL,FOOL,LBV,,64500,Libreville/M'Ba Intl,0.459,9.412,9,ES,GA,3,"['METAR', 'TAF']"
FOOM,FOOM,MZC,,64552,Mitzic,0.774,11.555,565,WN,GA,9,['METAR']
FOON,FOON,MVB,,64570,Franceville Arpt,-1.656,13.438,440,HO,GA,2,"['METAR', 'TAF']"
FOOR,FOOR,LTL,,64560,Lastoursville,-0.827,12.745,487,OL,GA,4,['METAR']
FOOT,FOOT,TCH,,64507,Tchibanga Arpt,-2.887,10.957,75,NY,GA,4,['METAR']
FOOY,FOOY,MYB,,64503,Mayumba,-3.454,10.668,8,NY,GA,9,['METAR']
FOXR1,,,,,Providence,41.807,-71.402,4,RI,US,8,[]
FPKG1,,,,,Fort Pulaski,32.033,-80.902,7,GA,US,8,[]
FPPR,FPPR,PCP,,61934,Príncipe,1.65,7.42,3,,ST,9,['METAR']
FPSN7,,,,99404,Frying Pan Shoa,33.48,-77.58,0,NC,US,9,[]
FPST,FPST,TMS,,61931,São Tomé Intl,0.378,6.712,11,S,ST,2,"['METAR', 'TAF']"
FPST2,,,,,CMAN,-99.99,-99.99,9999,,,8,[]
FPTM4,,,,,Fairport,45.619,-86.659,184,MI,US,8,[]
FPXC1,,,,,CMAN,-99.99,-99.99,9999,,,8,[]
FQBR,FQBR,BEW,,67297,Beira Intl,-19.796,34.908,14,SO,MZ,3,"['METAR', 'TAF']"
FQCB,FQCB,FXO,,67231,Cuamba,-14.815,36.53,587,NI,MZ,9,['METAR']
FQCH,FQCH,VPY,,67295,Chimoio Arpt,-19.148,33.428,695,MN,MZ,3,"['METAR', 'TAF']"
FQIN,FQIN,INH,,,Inhambane Arpt,-23.876,35.407,10,IN,MZ,3,"['METAR', 'TAF']"
FQLC,FQLC,VXC,,67217,Lichinga Arpt,-13.271,35.265,1362,NI,MZ,2,"['METAR', 'TAF']"
FQLU,FQLU,LFB,,67241,Lumbo,-15.027,40.671,13,NA,MZ,9,['METAR']
FQMA,FQMA,MPM,,67341,Maputo Intl,-25.921,32.573,34,MP,MZ,2,"['METAR', 'TAF']"
FQMP,FQMP,MZB,,67205,Mocimboa Da Praia Arpt,-11.362,40.355,26,CD,MZ,9,['METAR']
FQNC,FQNC,MNC,,,Nacala Arpt,-14.488,40.712,112,N,MZ,3,"['METAR', 'TAF']"
FQNP,FQNP,APL,,67237,Nampula Arpt,-15.106,39.282,434,NA,MZ,3,"['METAR', 'TAF']"
FQPB,FQPB,POL,,67215,Pemba Arpt,-12.989,40.525,101,CD,MZ,2,"['METAR', 'TAF']"
FQQL,FQQL,UEL,,67283,Quelimane Arpt,-17.858,36.869,5,ZA,MZ,0,"['METAR', 'TAF']"
FQTE,FQTE,,,67261,Tete,-16.11,33.645,140,TE,MZ,9,"['METAR', 'TAF']"
FQTT,FQTT,TET,,,Tete Arpt,-16.108,33.64,146,TE,MZ,2,"['METAR', 'TAF']"
FQVL,FQVL,VNX,,67315,Vilankulo Arpt,-22.017,35.313,15,IN,MZ,2,"['METAR', 'TAF']"
FQXA,FQXA,VJB,,67335,Xai Xai,-25.038,33.627,3,GZ,MZ,3,"['METAR', 'TAF']"
FRCB6,,,,,CMAN,-99.99,-99.99,9999,,,8,[]
FRDF1,,,,,Fernandina Beach,30.672,-81.465,6,FL,US,8,[]
FRDP4,,,,,Fajardo,18.335,-65.631,3,,PR,8,[]
FRDW1,,,,,Friday Harbor,48.547,-123.01,0,WA,US,8,[]
FREL1,,,,,CMAN,-99.99,-99.99,9999,,,8,[]
FRMA1,,,,,CMAN,-99.99,-99.99,9999,,,8,[]
FRVM3,,,,,Fall River,41.705,-71.163,4,MA,US,8,[]
FRWL1,,,,,Fresh Water Canal Lo,29.555,-92.305,10,LA,US,8,[]
FRXM3,,,,,CMAN,-99.99,-99.99,9999,,,8,[]
FSIA,FSIA,SEZ,,63980,Seychelles Intl,-4.674,55.522,3,PL,SC,0,"['METAR', 'TAF']"
FSKM2,,,,,Francis Scott Key Br,39.219,-76.528,4,MD,US,8,[]
FSNM2,,,,,CMAN,-99.99,-99.99,9999,,,8,[]
FSPP,FSPP,PRI,,63981,Praslin Arpt,-4.319,55.691,1,BS,SC,5,['METAR']
FSSS,FSSS,,,,Seychelles,-4.683,55.517,4,PL,SC,9,['METAR']
FTGM4,,,,,Fort Gratiot,43.007,-82.423,180,MI,US,8,[]
FTPC1,,,,,San Francisco,37.807,-122.465,3,CA,US,8,[]
FTTA,FTTA,SRH,,64750,Sarh Arpt,9.144,18.374,361,MC,TD,3,['METAR']
FTTC,FTTC,AEH,,64756,Abeche Arpt,13.847,20.844,548,OU,TD,1,['METAR']
FTTD,FTTD,MQQ,,64706,Moundou Arpt,8.624,16.071,420,LC,TD,3,['METAR']
FTTJ,FTTJ,NDJ,,64700,N'Djamena Intl,12.134,15.034,295,CB,TD,0,"['METAR', 'TAF']"
FTTL,FTTL,OTC,,64702,Bol-Berim,13.443,14.739,292,LA,TD,9,['METAR']
FTTN,FTTN,AMC,,64754,Am-Timan,11.034,20.274,436,SA,TD,9,['METAR']
FTTP,FTTP,PLF,,64709,Pala,9.377,14.923,465,MK,TD,9,['METAR']
FTTY,FTTY,FYT,,64753,Faya-Largeau Arpt,17.918,19.107,234,BD,TD,2,['METAR']
FVBB,FVBB,,,67991,Beitbridge,-22.195,30.014,483,MS,ZW,9,['METAR']
FVBI,FVBI,,,67755,Binga,-17.647,27.317,600,MN,ZW,9,['METAR']
FVBU,FVBU,BUQ,,,Bulawayo Arpt,-20.017,28.618,1329,MN,ZW,3,"['METAR', 'TAF']"
FVCH,FVCH,CHJ,,67983,Chipinge,-20.207,32.628,1121,ML,ZW,9,['METAR']
FVCZ,FVCZ,BFO,,67977,Chiredzi/Buffalo Range Arpt,-21.008,31.578,436,MV,ZW,3,"['METAR', 'TAF']"
FVFA,FVFA,VFA,,67843,Victoria Falls Arpt,-18.096,25.839,1069,MN,ZW,5,"['METAR', 'TAF']"
FVGO,FVGO,,,67861,Gokwe,-18.217,28.931,1290,MD,ZW,9,['METAR']
FVHA,FVHA,HRE,,,Harare Intl,-17.921,31.1,1495,ME,ZW,2,"['METAR', 'TAF']"
FVJN,FVJN,,,67965,Bulawayo/Nkomo Intl,-20.021,28.627,1331,MN,ZW,3,"['METAR', 'TAF']"
FVKA,FVKA,,,67765,Karoi,-16.83,29.62,1343,,ZW,9,['METAR']
FVKB,FVKB,KAB,,67761,Kariba Arpt,-16.52,28.885,515,MW,ZW,3,"['METAR', 'TAF']"
FVMT,FVMT,,,67781,Mutoko,-17.432,32.184,1205,ME,ZW,9,['METAR']
FVMV,FVMV,MVZ,,67975,Masvingo Arpt,-20.055,30.859,1103,MV,ZW,4,"['METAR', 'TAF']"
FVRG,FVRG,,,67775,Harare/Mugabe Intl,-17.921,31.1,1490,ME,ZW,2,"['METAR', 'TAF']"
FVRU,FVRU,,,67881,Rusape,-18.533,32.133,1429,ML,ZW,9,['METAR']
FVTL,FVTL,GWE,,67867,Gweru/Thornhill Arpt,-19.436,29.862,1439,MD,ZW,4,"['METAR', 'TAF']"
FVWN,FVWN,HWN,,67853,Hwange Natl Park Arpt,-18.636,27.001,1087,MN,ZW,3,"['METAR', 'TAF']"
FWCL,FWCL,BLZ,,67693,Chileka Intl,-15.679,34.974,774,S,MW,3,"['METAR', 'TAF']"
FWCT,FWCT,,,67421,Chitipa,-9.704,33.264,1294,N,MW,9,['METAR']
FWDZ,FWDZ,,,67689,Dedza,-14.317,34.267,1630,D,MW,9,['METAR']
FWKA,FWKA,KGJ,,67423,Karonga,-9.954,33.893,536,N,MW,9,['METAR']
FWKI,FWKI,LLW,,,Lilongwe Intl,-13.789,33.781,1225,C,MW,3,"['METAR', 'TAF']"
FWKK,FWKK,,,67591,Nkhota Kota,-12.922,34.281,524,C,MW,9,['METAR']
FWMG,FWMG,MAI,,67695,Mangochi,-14.484,35.258,481,S,MW,9,['METAR']
FWMY,FWMY,MYZ,,67690,Monkey Bay,-14.084,34.92,478,S,MW,9,['METAR']
FWMZ,FWMZ,,,67485,Mzimba,-11.9,33.6,1336,N,MW,9,['METAR']
FWSM,FWSM,LMB,,67597,Salima,-13.756,34.584,507,C,MW,9,['METAR']
FWUU,FWUU,ZZU,,67489,Mzuzu Arpt,-11.445,34.012,1254,N,MW,3,"['METAR', 'TAF']"
FWYF1,,,,,Fowey Rocks,25.591,-80.097,0,FL,US,5,[]
FXMM,FXMM,MSU,,,Maseru/Moshoeshoe Intl,-29.462,27.552,1623,MS,LS,3,"['METAR', 'TAF']"
FXMU,FXMU,,,68454,Maseru/Mejametalana,-29.304,27.502,1556,MS,LS,9,['METAR']
FYAB,FYAB,,,,Aroab Arpt,-26.78,19.634,985,KA,NA,3,['METAR']
FYAN,FYAN,,,,Aranos,-24.15,19.11,1136,HA,NA,4,['METAR']
FYAS,FYAS,,,,Aus Arpt,-26.694,16.319,1480,KA,NA,4,['METAR']
FYBG,FYBG,,,,Bagani Arpt,-18.118,21.625,1010,KE,NA,3,['METAR']
FYEN,FYEN,,,,Eenhana Arpt,-17.483,16.322,1121,OW,NA,5,['METAR']
FYGB,FYGB,GOG,,68116,Gobabis Arpt,-22.504,18.973,1436,OH,NA,3,['METAR']
FYGF,FYGF,GFY,,68014,Grootfontein Arpt,-19.599,18.116,1407,OD,NA,3,"['METAR', 'TAF']"
FYGO,FYGO,,,,Gobabeb,-23.56,15.04,406,ER,NA,5,['METAR']
FYHN,FYHN,,,,Henties Bay,-22.117,14.283,3,ER,NA,4,['METAR']
FYKB,FYKB,KAS,,,Karasburg Arpt,-28.03,18.738,992,KA,NA,3,['METAR']
FYKG,FYKG,,,,Okongo,-17.566,17.225,1152,,NA,9,[]
FYKM,FYKM,MPA,,,Katima Mulilo Arpt,-17.634,24.177,959,CA,NA,4,"['METAR', 'TAF']"
FYKT,FYKT,KMP,,68312,Keetmanshoop Arpt,-26.54,18.111,1064,KA,NA,3,"['METAR', 'TAF']"
FYKX,FYKX,,,,Khorixas,-20.367,14.966,971,KU,NA,4,['METAR']
FYLZ,FYLZ,LUD,,,Luderitz Arpt,-26.687,15.243,129,KA,NA,3,"['METAR', 'TAF']"
FYMH,FYMH,,,,Maltahoehe Arpt,-24.772,16.979,1377,HA,NA,4,['METAR']
FYML,FYML,,,,Mariental Arpt,-24.605,17.925,1111,HA,NA,3,['METAR']
FYND,FYND,,,,Noordoewer,-28.707,17.614,171,KA,NA,2,['METAR']
FYOA,FYOA,OND,,68006,Ondangwa Arpt,-17.878,15.953,1099,ON,NA,2,"['METAR', 'TAF']"
FYOG,FYOG,OMD,,,Oranjemund Arpt,-28.585,16.447,6,KA,NA,3,"['METAR', 'TAF']"
FYOH,FYOH,,,,Okahao,-17.884,15.067,1104,OS,NA,2,['METAR']
FYOJ,FYOJ,,,68111,Outjo Arpt,-20.075,16.125,1322,KU,NA,9,['METAR']
FYOK,FYOK,,,,Okakarara Arpt,-20.603,17.468,1348,OD,NA,9,['METAR']
FYOM,FYOM,,,68114,Omaruru Arpt,-21.415,15.938,1215,ER,NA,3,['METAR']
FYOO,FYOO,OKF,,68010,Okaukuejo Arpt,-19.149,15.912,1105,KU,NA,3,['METAR']
FYOP,FYOP,OPW,,,Opuwo Arpt,-18.061,13.851,1190,,NA,4,['METAR']
FYOS,FYOS,OHI,,,Oshakati Arpt,-17.792,15.697,1100,ON,NA,6,['METAR']
FYOT,FYOT,,,,Ootmoed,-24.017,19.733,1203,HA,NA,5,['METAR']
FYOW,FYOW,OTJ,,68004,Otjiwarongo Arpt,-20.433,16.665,1480,OD,NA,3,['METAR']
FYRH,FYRH,,,,Rehobeth,-23.31,17.08,1413,HA,NA,4,['METAR']
FYRK,FYRK,,,,Rooikop,-22.98,14.645,87,KU,NA,9,['METAR']
FYRN,FYRN,,,,Rhino Camp,-20.024,13.846,756,KU,NA,4,['METAR']
FYRU,FYRU,NDU,,68018,Rundu Arpt,-17.956,19.724,1104,KE,NA,2,"['METAR', 'TAF']"
FYTE,FYTE,TCY,,,Terrace Bay,-19.974,13.026,8,KU,NA,3,['METAR']
FYTK,FYTK,,,,Tsumkwe Arpt,-19.585,20.453,1152,OD,NA,3,['METAR']
FYTM,FYTM,TSB,,68012,Tsumeb Arpt,-19.262,17.733,1327,OT,NA,5,['METAR']
FYTN,FYTN,,,,Otjinene Arpt,-21.131,18.787,1443,OH,NA,4,['METAR']
FYWB,FYWB,WVB,,68098,Walvis Bay Arpt,-22.98,14.645,87,ER,NA,0,"['METAR', 'TAF']"
FYWE,FYWE,ERS,,68002,Windhoek/Eros Arpt,-22.612,17.08,1700,KH,NA,6,"['METAR', 'TAF']"
FYWH,FYWH,WDH,,68112,Windhoek/Kufako Intl,-22.481,17.47,1699,KH,NA,1,"['METAR', 'TAF']"
FYWW,FYWW,,,68110,Windhoek,-22.567,17.1,1672,KH,NA,6,"['METAR', 'TAF']"
FZAA,FZAA,FIH,,64210,Kinshasa/NDjili Arpt,-4.387,15.448,309,KN,CD,5,"['METAR', 'TAF']"
FZAG,FZAG,MNB,,,Moanda Arpt,-5.931,12.351,27,BC,CD,9,['METAR']
FZAM,FZAM,MAT,,64207,Matadi,-5.8,13.44,341,BC,CD,9,['METAR']
FZAN,FZAN,,,,Inga,-5.532,13.579,271,BC,CD,9,['METAR']
FZBA,FZBA,INO,,64115,Inongo,-1.946,18.286,316,BN,CD,9,['METAR']
FZBO,FZBO,FDU,,64108,Bandundu,-3.311,17.382,321,BN,CD,9,['METAR']
FZCA,FZCA,KKW,,64222,Kikwit Arpt,-5.036,18.786,479,BN,CD,9,['METAR']
FZCS,FZCS,,,64217,Kenge,-4.839,17.029,545,BN,CD,9,['METAR']
FZEA,FZEA,MDK,,64005,Mbandaka Arpt,0.022,18.289,315,EQ,CD,9,['METAR']
FZFK,FZFK,GMA,,64006,Gemena,3.28,19.78,475,EQ,CD,9,['METAR']
FZGN,FZGN,BNB,,64126,Boende Arpt,-0.288,20.881,352,EQ,CD,9,['METAR']
FZIA,FZIA,,,64040,Kisangani,0.517,25.183,398,TO,CD,9,['METAR']
FZIC,FZIC,FKI,,,Kisangani/Bangoka Arpt,0.482,25.338,432,TO,CD,2,"['METAR', 'TAF']"
FZMB,FZMB,,,64072,Butembo,0.117,29.313,1754,NK,CD,9,['METAR']
FZNA,FZNA,GOM,,64184,Goma Arpt,-1.663,29.237,1552,NK,CD,4,"['METAR', 'TAF']"
FZNC,FZNC,,,,Rutshuru,-1.183,29.45,1283,NK,CD,9,['METAR']
FZOA,FZOA,KND,,64155,Kindu,-2.925,25.916,495,MA,CD,9,['METAR']
FZQA,FZQA,FBM,,64360,Lubumbashi Intl,-11.592,27.53,1309,HK,CD,1,"['METAR', 'TAF']"
FZQM,FZQM,KWZ,,64328,Kolwezi Arpt,-10.766,25.508,1526,HK,CD,9,['METAR']
FZRA,FZRA,MNO,,64282,Manono Arpt,-7.289,27.394,633,NK,CD,9,['METAR']
FZRF,FZRF,FMI,,,Kalemie,-5.881,29.243,778,NK,CD,4,['METAR']
FZRQ,FZRQ,KOO,,,Kongolo,-5.394,26.991,570,NK,CD,9,['METAR']
FZSA,FZSA,,,64315,Kamina,-8.647,25.249,1105,HK,CD,9,['METAR']
FZUA,FZUA,KGA,,64235,Kananga,-5.88,22.42,654,,CD,9,['METAR']
FZUK,FZUK,TSH,,64228,Tshikapa,-6.438,20.794,491,KS,CD,9,['METAR']
FZVA,FZVA,LJA,,,Lodja,-3.462,23.618,499,KE,CD,9,['METAR']
FZVI,FZVI,LBO,,,Lusambo,-4.967,23.433,433,KE,CD,9,[]
FZVS,FZVS,PFR,,,Ilebo,-4.33,20.589,445,KS,CD,9,['METAR']
FZWA,FZWA,MJM,,,Mbuji-Mayi Arpt,-6.123,23.57,679,KE,CD,0,['METAR']
GABG,GABG,,,61296,Bougouni,11.417,-7.5,360,SK,ML,9,['METAR']
GABS,GABS,BKO,,61291,Bamako/Senou Intl,12.534,-7.95,375,BK,ML,1,"['METAR', 'TAF']"
GAGO,GAGO,GAQ,,61226,Gao Arpt,16.247,-0.006,262,GA,ML,2,"['METAR', 'TAF']"
GAHB,GAHB,,,,Hombori,15.286,-1.703,289,MP,ML,9,['METAR']
GAKA,GAKA,KNZ,,61285,Kenieba,12.85,-11.233,133,KY,ML,9,['METAR']
GAKD,GAKD,,,61257,Kayes Arpt,14.482,-11.404,53,KY,ML,2,['METAR']
GAKL,GAKL,,,61214,Kidal,18.433,1.35,502,GA,ML,9,['METAR']
GAKO,GAKO,KTX,,61293,Koutiala,12.383,-5.467,367,SK,ML,9,['METAR']
GAKT,GAKT,,,61270,Kita,13.07,-9.462,348,KY,ML,9,['METAR']
GAKY,GAKY,KYS,,,Kayes Dag Dag Arpt,14.479,-11.406,50,KY,ML,2,['METAR']
GAMB,GAMB,MZI,,61265,Mopti Arpt,14.512,-4.084,271,MP,ML,1,['METAR']
GAMK,GAMK,,,,Menaka,15.916,2.398,316,GA,ML,9,['METAR']
GANK,GANK,NRM,,61233,Nara,15.167,-7.283,265,BK,ML,9,['METAR']
GANR,GANR,NIX,,61230,Nioro Du Sahel Arpt,15.237,-9.577,237,KY,ML,4,['METAR']
GASG,GASG,,,61272,Segou,13.4,-6.15,290,SG,ML,9,['METAR']
GASN,GASN,,,61277,San,13.307,-4.883,280,SG,ML,9,['METAR']
GATB,GATB,TOM,,61223,Tombouctou Arpt,16.73,-3.008,268,GA,ML,3,['METAR']
GATS,GATS,,,,Tessalit,20.252,0.984,490,GA,ML,9,['METAR']
GBIF1,,,,,CMAN,-99.99,-99.99,9999,,,8,[]
GBLW3,,,,,Green Bay Entrance,44.655,-87.902,176,WI,US,8,[]
GBTF1,,,,,CMAN,-99.99,-99.99,9999,,,8,[]
GBWW3,,,,,CMAN,-99.99,-99.99,9999,,,8,[]
GBXA2,,,,,CMAN,-99.99,-99.99,9999,,,8,[]
GBYD,GBYD,BJL,,61701,Banjul Intl,13.341,-16.653,29,ME,GM,1,"['METAR', 'TAF']"
GCFV,GCFV,FUE,,60035,Fuerteventura Arpt,28.445,-13.863,11,CR,ES,5,"['METAR', 'TAF']"
GCGM,GCGM,GMZ,,,Alajero/La Gomera Arpt,28.032,-17.211,217,CR,ES,5,"['METAR', 'TAF']"
GCHI,GCHI,VDE,,60001,Valverde/Hierro Arpt,27.819,-17.889,21,CR,ES,3,"['METAR', 'TAF']"
GCLA,GCLA,SPC,,60005,La Palma Arpt,28.633,-17.755,20,CR,ES,4,"['METAR', 'TAF']"
GCLP,GCLP,LPA,,60030,Grand Canaria Arpt,27.923,-15.389,16,CR,ES,3,"['METAR', 'TAF']"
GCRR,GCRR,ACE,,60040,Arrecife/Lanzarote Arpt,28.952,-13.6,9,CR,ES,3,"['METAR', 'TAF']"
GCTF1,,,,,CMAN,-99.99,-99.99,9999,,,8,[]
GCTS,GCTS,TFS,,60025,Tenerife/South Arpt,28.047,-16.561,59,CR,ES,1,"['METAR', 'TAF']"
GCVF1,,,,,CMAN,-99.99,-99.99,9999,,,8,[]
GCXO,GCXO,TFN,,60015,Tenerife/North Arpt,28.483,-16.342,623,CR,ES,5,"['METAR', 'TAF']"
GDIL1,,,,,Grand Isle,29.267,-89.957,2,LA,US,9,[]
GDMM5,,,,,Grand Marais,47.748,-90.342,186,MN,US,8,[]
GDXM6,,,,,Grand Bay Reserve,30.359,-88.42,0,MS,US,8,[]
GECE,GECE,,,60320,Ceuta Heliport,35.893,-5.306,2,CU,ES,5,"['METAR', 'TAF']"
GELO1,,,,,CMAN,-99.99,-99.99,9999,,,8,[]
GEML,GEML,MLN,,60338,Melilla Arpt,35.278,-2.956,48,ML,ES,4,"['METAR', 'TAF']"
GEXA2,,,,,CMAN,-99.99,-99.99,9999,,,8,[]
GFLL,GFLL,FNA,,61856,Freetown/Lungi Intl,8.616,-13.195,28,N,SL,3,"['METAR', 'TAF']"
GGBF,GGBF,,,61781,Bafatá,12.176,-14.658,44,BA,GW,9,['METAR']
GGOV,GGOV,OXB,,61766,Bissau/Vierra Intl,11.895,-15.654,31,BS,GW,1,"['METAR', 'TAF']"
GISL1,,,,,Grand Isle,29.263,-89.957,6,LA,US,8,[]
GIXA2,,,,,CMAN,-99.99,-99.99,9999,,,8,[]
GKYF1,,,,,CMAN,-99.99,-99.99,9999,,,8,[]
GLLN6,,,,99432,Galloo Island,43.88,-76.43,76,NY,US,5,[]
GLRB,GLRB,ROB,,65660,Monrovia/Roberts Intl,6.234,-10.362,12,MG,LR,0,"['METAR', 'TAF']"
GMAA,GMAA,,,60250,Agadir,30.383,-9.567,22,SM,MA,9,['METAR']
GMAD,GMAD,AGA,,60252,Agadir/Al Massira Arpt,30.325,-9.413,66,SM,MA,3,"['METAR', 'TAF']"
GMAG,GMAG,,,60280,Guelmim Arpt,29.031,-10.051,333,GU,MA,3,"['METAR', 'TAF']"
GMAT,GMAT,TTA,,60285,Tan-Tan/Blanche Arpt,28.446,-11.158,192,GU,MA,3,['METAR']
GMAZ,GMAZ,OZG,,60275,Zagora Arpt,30.266,-5.854,729,SO,MA,3,['METAR']
GMFB,GMFB,UAR,,60200,Bouarfa Intl,32.514,-1.978,1106,FI,MA,4,['METAR']
GMFF,GMFF,FEZ,,60141,Fes/Saïss Arpt,33.929,-4.976,575,FE,MA,3,"['METAR', 'TAF']"
GMFI,GMFI,,,,Ifrane,33.505,-5.153,1658,MK,MA,9,['METAR']
GMFK,GMFK,ERH,,60210,Errachidia/Cherif Arpt,31.946,-4.399,1033,MK,MA,3,"['METAR', 'TAF']"
GMFM,GMFM,MEK,,60150,Meknes/Bassatine Arpt,33.875,-5.52,569,MK,MA,5,"['METAR', 'TAF']"
GMFN,GMFN,,,,Nador Arpt,34.991,-3.026,177,TA,MA,9,['METAR']
GMFO,GMFO,OUD,,60115,Oujda/Angads Arpt,34.787,-1.924,452,RA,MA,2,"['METAR', 'TAF']"
GMFZ,GMFZ,,,60127,Taza Arpt,34.232,-3.947,561,ER,MA,9,['METAR']
GMMB,GMMB,GMD,,,Ben Slimane Arpt,33.655,-7.221,191,SO,MA,5,['METAR']
GMMC,GMMC,CAS,,60155,Casablanca/Anfa Arpt,33.557,-7.66,62,CB,MA,6,['METAR']
GMMD,GMMD,BEM,,60191,Beni-Mellal Arpt,32.403,-6.316,515,DA,MA,3,['METAR']
GMME,GMME,RBA,,60135,Rabat-Salé Arpt,34.051,-6.752,84,RS,MA,3,"['METAR', 'TAF']"
GMMF,GMMF,SII,,60060,Sidi Ifni,29.369,-10.18,66,SM,MA,9,['METAR']
GMMH,GMMH,VIL,,60034,Dakhla Intl,23.718,-15.932,11,DA,EH,1,"['METAR', 'TAF']"
GMMI,GMMI,ESU,,60220,Essaouira/Mogador Arpt,31.406,-9.687,102,MR,MA,4,"['METAR', 'TAF']"
GMML,GMML,EUN,,60033,Laâyoune/Hassan Arpt,27.141,-13.23,63,LA,EH,2,"['METAR', 'TAF']"
GMMN,GMMN,CMN,,60156,Casablanca Intl,33.367,-7.59,196,ME,MA,0,"['METAR', 'TAF']"
GMMP,GMMP,,,60120,Kenitra,34.3,-6.595,4,RS,MA,5,['METAR']
GMMS,GMMS,,,60185,Safi,32.283,-9.233,52,ME,MA,9,['METAR']
GMMW,GMMW,NDR,,60340,Nador/Aroui Intl,34.993,-3.025,174,TA,MA,5,"['METAR', 'TAF']"
GMMX,GMMX,RAK,,60230,Marrakesh/Menara Intl,31.607,-8.036,465,ME,MA,2,"['METAR', 'TAF']"
GMMY,GMMY,NNA,,,Kenitra,34.299,-6.596,6,OR,MA,9,['METAR']
GMMZ,GMMZ,OZZ,,60265,Ouarzazate Arpt,30.939,-6.909,1139,SO,MA,3,"['METAR', 'TAF']"
GMTA,GMTA,AHU,,60107,Al Hoceima/Idrissi Arpt,35.177,-3.84,14,TA,MA,3,"['METAR', 'TAF']"
GMTN,GMTN,,,60318,Tetouan/Sania Ramel Arpt,35.594,-5.32,10,TA,MA,5,"['METAR', 'TAF']"
GMTT,GMTT,TNG,,60101,Tangier/Batouta Arpt,35.727,-5.917,19,TA,MA,4,"['METAR', 'TAF']"
GNJT2,,,,,Galveston Bay,29.357,-94.723,9,TX,US,8,[]
GOBD,GOBD,DSS,,,Dakar/Diagne Intl,14.671,-17.067,90,TH,SN,4,"['METAR', 'TAF']"
GOGG,GOGG,ZIG,,61695,Ziguinchor Arpt,12.556,-16.282,24,ZG,SN,5,['METAR']
GOGK,GOGK,KDA,,61698,Kolda Arpt,12.898,-14.967,37,KD,SN,4,['METAR']
GOGS,GOGS,CSK,,61697,Cap Skirring Arpt,12.389,-16.742,13,ZG,SN,4,"['METAR', 'TAF']"
GOOD,GOOD,,,61666,Diourbel,14.65,-16.23,9,DB,SN,5,['METAR']
GOOG,GOOG,,,61627,Linguère Arpt,15.4,-15.084,38,KG,SN,3,['METAR']
GOOK,GOOK,KLC,,61679,Kaolack Arpt,14.147,-16.052,8,KA,SN,4,['METAR']
GOOY,GOOY,DKR,,61641,Dakar/Yoff-Senghor Intl,14.741,-17.49,21,DK,SN,2,"['METAR', 'TAF']"
GOSM,GOSM,MAX,,61630,Matam/Ouro Sogui Arpt,15.597,-13.326,28,SL,SN,3,['METAR']
GOSP,GOSP,POD,,61612,Podor Arpt,16.677,-14.964,10,SL,SN,3,['METAR']
GOSS,GOSS,XLS,,61600,Saint Louis Arpt,16.051,-16.461,3,SL,SN,3,"['METAR', 'TAF']"
GOTK,GOTK,KGG,,61699,Kédougou Arpt,12.572,-12.22,165,TC,SN,3,['METAR']
GOTT,GOTT,TUD,,61687,Tambacounda Arpt,13.733,-13.657,53,TC,SN,3,['METAR']
GPOM6,,,,,Gulfport Outer Range,30.23,-88.982,13,MS,US,8,[]
GPXA2,,,,,CMAN,-99.99,-99.99,9999,,,8,[]
GQNA,GQNA,AEO,,61499,Aioun El Atrous Arpt,16.715,-9.637,292,HG,MR,9,['METAR']
GQNB,GQNB,OTL,,61461,Boutilimit,17.538,-14.688,48,TR,MR,9,['METAR']
GQND,GQND,TIY,,61450,Tidjikja,18.57,-11.424,413,TA,MR,9,['METAR']
GQNF,GQNF,KFA,,61498,Kiffa Arpt,16.593,-11.4,132,AS,MR,9,['METAR']
GQNI,GQNI,EMN,,61497,Néma,16.607,-7.282,248,HC,MR,2,['METAR']
GQNJ,GQNJ,AJJ,,61437,Akjoujt,19.728,-14.378,122,IN,MR,9,['METAR']
GQNK,GQNK,KED,,,Kaédi,16.156,-13.51,18,GO,MR,9,['METAR']
GQNN,GQNN,,,61442,Nouakchott Intl,18.098,-15.948,9,TR,MR,9,['TAF']
GQNO,GQNO,NKC,,,Nouakchott/Oumtounsy Arpt,18.31,-15.97,1,TR,MR,0,"['METAR', 'TAF']"
GQNR,GQNR,,,61489,Rosso,16.5,-15.817,4,SL,MR,9,['METAR']
GQPA,GQPA,ATR,,61421,Atar Arpt,20.507,-13.043,228,AD,MR,2,['METAR']
GQPP,GQPP,NDB,,61415,Nouadhibou Arpt,20.929,-17.031,5,DN,MR,2,"['METAR', 'TAF']"
GQPT,GQPT,,,61401,Bir Moghrein,25.233,-11.588,365,TZ,MR,9,['METAR']
GQPZ,GQPZ,OUZ,,,Zouerat/Tazadit Arpt,22.757,-12.484,344,TZ,MR,2,['METAR']
GRIM4,,,,,CMAN,-99.99,-99.99,9999,,,8,[]
GRMM4,,,,,Grand Marais,46.68,-85.97,186,MI,US,8,[]
GRRT2,,,,,CMAN,-99.99,-99.99,9999,,,8,[]
GSLM4,,,,,Gravelly Shoals Ligh,44.018,-83.537,179,MI,US,8,[]
GSVO,GSVO,,,60096,Dakhla Arpt,23.711,-15.931,9,,EH,9,['METAR']
GTLM4,,,,,Grand Traverse Light,45.211,-85.55,176,MI,US,8,[]
GTOT2,,,,,Galveston Pier 21,29.31,-94.793,4,TX,US,8,[]
GTRM4,,,,,Superior Grand Trave,47.179,-88.242,189,MI,US,8,[]
GTXF1,,,,,Guana Tolomato Matan,29.658,-81.22,1,FL,US,8,[]
GUCY,GUCY,CKY,,61832,Conakry Intl,9.577,-13.612,10,CN,GN,2,"['METAR', 'TAF']"
GUFH,GUFH,FAA,,61833,Faranah Arpt,10.037,-10.761,461,FR,GN,9,['METAR']
GUID,GUID,,,61818,Kindia,10.05,-12.867,458,KN,GN,9,['METAR']
GUKU,GUKU,KSI,,,Kissidougou,9.161,-10.124,533,KS,GN,9,['METAR']
GULB,GULB,LEK,,61809,Labe,11.326,-12.287,1037,LA,GN,9,['METAR']
GUMA,GUMA,MCA,,61847,Macenta,8.546,-9.47,545,MC,GN,9,['METAR']
GUNZ,GUNZ,NZE,,61849,Nzérékoré Arpt,7.816,-8.703,500,NZ,GN,3,['METAR']
GUOK,GUOK,BKJ,,61816,Boke Arpt,10.966,-14.281,41,BO,GN,9,['METAR']
GUSI,GUSI,GII,,61811,Siguiri,11.399,-9.187,385,SI,GN,9,['METAR']
GUXA2,,,,,CMAN,-99.99,-99.99,9999,,,8,[]
GUXD,GUXD,,,61829,Kankan,10.394,-9.304,386,KN,GN,9,['METAR']
GVAC,GVAC,SID,,08594,Sal/Amílcar Cabral,16.742,-22.949,54,B,CV,1,"['METAR', 'TAF']"
GVBA,GVBA,BVC,,,Rabil Arpt,16.137,-22.889,23,B,CV,5,"['METAR', 'TAF']"
GVNP,GVNP,RAI,,,Praia Intl,14.947,-23.484,70,S,CV,3,"['METAR', 'TAF']"
GVSV,GVSV,VXE,,,São Pedro Arpt,16.833,-25.055,16,B,CV,3,"['METAR', 'TAF']"
GWPM6,,,,,Gulfport/West Pier,30.348,-89.087,6,MS,US,8,[]
HAAB,HAAB,ADD,,63450,Addis Ababa/Bole Intl,8.978,38.799,2319,AA,ET,0,"['METAR', 'TAF']"
HAAG,HAAG,,,,Agordat,15.55,37.88,626,,ET,9,['METAR']
HAAM,HAAM,AMH,,63500,Arba Minch Arpt,6.039,37.589,1192,SN,ET,9,['METAR']
HAAW,HAAW,,,,Awash,8.994,40.167,921,AF,ET,9,['METAR']
HAAX,HAAX,AXU,,,Axum Arpt,14.144,38.774,2121,TI,ET,9,"['METAR', 'TAF']"
HABC,HABC,BCO,,,Bako,5.78,36.56,1311,,ET,9,['METAR']
HABD,HABD,BJR,,63332,Bahar Dar Arpt,11.603,37.322,1828,AM,ET,3,"['METAR', 'TAF']"
HADC,HADC,DSE,,63333,Combolcha Arpt,11.111,39.725,1867,AM,ET,9,"['METAR', 'TAF']"
HADM,HADM,DBM,,63334,Debre Marcos,10.319,37.743,2446,AM,ET,9,['METAR']
HADR,HADR,DIR,,63471,Dire Dawa/Yilma Arpt,9.612,41.857,1164,DD,ET,3,"['METAR', 'TAF']"
HAGH,HAGH,GNN,,,Ghinnir Arpt,7.13,40.71,1844,,ET,9,['METAR']
HAGN,HAGN,GDQ,,63331,Gondar Arpt,12.52,37.434,1969,AM,ET,9,"['METAR', 'TAF']"
HAGO,HAGO,GDE,,63478,Gode/Iddole Arpt,5.935,43.579,285,SO,ET,9,['METAR']
HAGR,HAGR,GOR,,63403,Gore,8.15,35.533,2044,OR,ET,9,['METAR']
HAHM,HAHM,,,63451,Harar Meda Arpt,8.713,39.007,1882,OR,ET,9,['METAR']
HAJJ,HAJJ,JIJ,,63473,Jijiga/Wilwal Arpt,9.331,42.911,1809,SO,ET,3,"['METAR', 'TAF']"
HAJM,HAJM,JIM,,63402,Jimma/Aba Segud Arpt,7.666,36.817,1716,OR,ET,9,['METAR']
HAKD,HAKD,ABK,,,Kabre Dare Arpt,6.733,44.24,550,SO,ET,9,['METAR']
HALA,HALA,AWA,,63460,Hawassa Intl,7.097,38.395,1724,SN,ET,9,"['METAR', 'TAF']"
HAMK,HAMK,MQX,,63330,Makale/Aba Nega Arpt,13.471,39.532,2257,TI,ET,3,"['METAR', 'TAF']"
HAML,HAML,MZX,,,Masslo,6.37,39.83,2274,,ET,9,['METAR']
HAMS,HAMS,,,,Massawa,15.62,39.45,10,,ET,9,['METAR']
HANG,HANG,EGL,,63533,Negele,5.284,39.698,1580,OR,ET,9,['METAR']
HASO,HASO,ASO,,,Assosa Arpt,10.021,34.581,1550,BG,ET,9,['METAR']
HATS,HATS,,,,Tessenei,15.11,36.68,615,,ET,9,['METAR']
HAXA2,,,,,CMAN,-99.99,-99.99,9999,,,8,[]
HBBA,HBBA,BJM,,64390,Bujumbura Intl,-3.324,29.319,777,BJ,BI,3,"['METAR', 'TAF']"
HBXC1,,,,,CMAN,-99.99,-99.99,9999,,,8,[]
HBYC1,,,,,North Spit,40.767,-124.217,3,CA,US,8,[]
HCEF1,,,,,CMAN,-99.99,-99.99,9999,,,8,[]
HCGN7,,,,,Hatteras,35.208,-75.703,2,NC,US,8,[]
HCMF,HCMF,BSA,,63210,Bosaso Arpt,11.277,49.141,8,BR,SO,1,['METAR']
HCMH,HCMH,HGA,,63170,Hargeisa Intl,9.517,44.086,1325,WG,SO,2,['METAR']
HCMI,HCMI,BBO,,63160,Berbera Arpt,10.391,44.943,9,WG,SO,7,['METAR']
HCMM,HCMM,MGQ,,63260,Mogadishu/Adde Intl,2.015,45.305,6,BN,SO,1,"['METAR', 'TAF']"
HCMN,HCMN,,,,Belet Uen,4.7,45.217,177,HI,SO,9,['METAR']
HCMV,HCMV,BUO,,,Burao Arpt,9.523,45.551,1039,TO,SO,4,['METAR']
HDAM,HDAM,JIB,,,Djibouti/Ambouli Intl,11.547,43.16,6,J,DJ,3,"['METAR', 'TAF']"
HEAL,HEAL,,,,El Alamein Intl,30.924,28.461,44,MT,EG,4,"['METAR', 'TAF']"
HEAR,HEAR,AAC,,62337,El Arish Intl,31.041,33.817,36,SH,EG,3,"['METAR', 'TAF']"
HEAT,HEAT,ATZ,,62393,Assiut Arpt,27.049,31.014,229,WJ,EG,2,"['METAR', 'TAF']"
HEAX,HEAX,HBE,,,Alexandria Intl,30.918,29.696,41,ID,EG,3,"['METAR', 'TAF']"
HEBL,HEBL,ABS,,62419,Abu Simbel Arpt,22.376,31.612,184,AS,EG,2,"['METAR', 'TAF']"
HECA,HECA,CAI,,62366,Cairo Intl,30.133,31.405,142,QH,EG,0,"['METAR', 'TAF']"
HECP,HECP,,,,Cairo/Capital Intl,30.072,31.838,240,QH,EG,5,['METAR']
HEGN,HEGN,HRG,,62463,Hurguada Arpt,27.179,33.801,14,BA,EG,4,"['METAR', 'TAF']"
HEIS,HEIS,,,62440,Ismailia Arpt,30.592,32.247,14,IM,EG,4,['METAR']
HELX,HELX,LXR,,62405,Luxor Intl,25.671,32.706,86,QI,EG,3,"['METAR', 'TAF']"
HEMA,HEMA,RMF,,,Marsa Alam Intl,25.557,34.584,77,BA,EG,3,"['METAR', 'TAF']"
HEMM,HEMM,MUH,,62306,Mersa Matruh Intl,31.325,27.222,26,MA,EG,2,"['METAR', 'TAF']"
HEOC,HEOC,,,,October Arpt,29.812,30.823,246,GZ,EG,5,['METAR']
HEOW,HEOW,GSQ,,62425,Oweinat Arpt,22.583,28.716,259,WA,EG,3,"['METAR', 'TAF']"
HEPS,HEPS,PSD,,,Port Said Arpt,31.279,32.238,2,BS,EG,3,"['METAR', 'TAF']"
HERT,HERT,,,,UNK,-99.99,-99.99,9999,,EG,9,['METAR']
HESC,HESC,SKV,,,St Catherine Intl,28.685,34.062,1332,JN,EG,4,"['METAR', 'TAF']"
HESG,HESG,,,62398,Sohag Intl,26.343,31.743,70,WA,EG,4,"['METAR', 'TAF']"
HESH,HESH,SSH,,,Sharm El Sheikh Intl,27.977,34.395,50,JN,EG,3,"['METAR', 'TAF']"
HESN,HESN,ASW,,62414,Aswan Intl,23.964,32.82,197,AS,EG,1,"['METAR', 'TAF']"
HESW,HESW,,,62416,Siwa Oasis Arpt,29.346,25.507,101,,EG,2,['METAR']
HESX,HESX,SPX,,,Cairo/Sphinx Intl,30.108,30.896,168,GZ,EG,5,"['METAR', 'TAF']"
HETB,HETB,TCP,,,Taba Intl,29.588,34.778,738,SH,EG,6,"['METAR', 'TAF']"
HETR,HETR,ELT,,62459,El Tor/Sanai Arpt,28.209,33.646,35,JN,EG,5,"['METAR', 'TAF']"
HHAS,HHAS,ASM,,63021,Asmara Intl,15.292,38.911,2356,MA,ER,9,"['METAR', 'TAF']"
HHLO1,,,,,Huron Light,41.401,-82.545,177,OH,US,8,[]
HHSB,HHSB,ASA,,,Assab Arpt,13.072,42.645,14,DK,ER,9,[]
HIST2,,,,,CMAN,-99.99,-99.99,9999,,,8,[]
HIVT2,,,,,CMAN,-99.99,-99.99,9999,,,8,[]
HJJJ,HJJJ,JUB,,62941,Juba Intl,4.872,31.601,461,EC,SS,2,"['METAR', 'TAF']"
HJMK,HJMK,MAK,,62840,Malakal Arpt,9.559,31.652,401,NU,SS,3,"['METAR', 'TAF']"
HKEL,HKEL,EDL,,,Eldoret Intl,0.404,35.239,2116,UA,KE,3,"['METAR', 'TAF']"
HKEM,HKEM,,,63720,Embu Arpt,-0.573,37.497,1265,EM,KE,3,['METAR']
HKGA,HKGA,GAS,,63723,Garissa Arpt,-0.464,39.649,147,GA,KE,2,['METAR']
HKGO,HKGO,,,,UNK,-99.999,-99.999,9999,,KE,9,[]
HKIS,HKIS,,,,Isiolo,0.35,37.58,1067,,KE,9,['METAR']
HKJK,HKJK,NBO,,63740,Nairobi/Kenyatta Intl,-1.319,36.928,1615,NA,KE,0,"['METAR', 'TAF']"
HKKG,HKKG,GGM,,63687,Kakamega Arpt,0.271,34.787,1537,KA,KE,5,['METAR']
HKKI,HKKI,KIS,,63708,Kisumu Arpt,-0.086,34.734,1152,KS,KE,4,"['METAR', 'TAF']"
HKKR,HKKR,KEY,,63710,Kericho Arpt,-0.394,35.24,1966,KE,KE,5,['METAR']
HKKS,HKKS,,,63709,Kisii,-0.683,34.788,1768,KI,KE,3,['METAR']
HKKT,HKKT,KTL,,63661,Kitale Arpt,0.973,34.959,1829,TR,KE,4,['METAR']
HKLO,HKLO,LOK,,63612,Lodwar Arpt,3.122,35.609,503,TU,KE,3,['METAR']
HKLU,HKLU,LAU,,63772,Manda Isl/Lamu Arpt,-2.252,40.913,6,LA,KE,5,['METAR']
HKMA,HKMA,NDE,,63624,Mandera Arpt,3.933,41.843,218,MA,KE,3,['METAR']
HKMB,HKMB,RBT,,63641,Marsabit,2.346,37.997,1339,MA,KE,3,['METAR']
HKME,HKME,,,63695,Meru,0.052,37.651,1609,ME,KE,4,['METAR']
HKMK,HKMK,JJM,,,Meru/Mulika Arpt,0.231,38.171,680,ME,KE,3,['METAR']
HKML,HKML,MYD,,63799,Malindi Arpt,-3.229,40.102,20,KI,KE,3,"['METAR', 'TAF']"
HKMO,HKMO,MBA,,63820,Mombasa/Moi Intl,-4.015,39.606,55,MO,KE,2,"['METAR', 'TAF']"
HKMS,HKMS,,,,Mara Serena Arpt,-1.404,35.009,1612,NA,KE,4,['METAR']
HKMU,HKMU,,,63766,Makindu Arpt,-2.29,37.825,1010,MA,KE,3,['METAR']
HKMY,HKMY,OYL,,63619,Moyale Arpt,3.47,39.102,776,MA,KE,1,['METAR']
HKNC,HKNC,,,63741,Nairobi/Dagoretti,-1.304,36.76,1793,NA,KE,6,['METAR']
HKNI,HKNI,NYE,,63717,Nyeri Arpt,-0.343,36.915,1769,NY,KE,5,['METAR']
HKNK,HKNK,NUU,,63714,Nakuru Arpt,-0.298,36.159,1900,NA,KE,3,['METAR']
HKNO,HKNO,,,63737,Narok,-1.133,35.833,1875,NA,KE,4,['METAR']
HKNW,HKNW,WIL,,63742,Nairobi/Wilson Arpt,-1.322,36.815,1666,NA,KE,6,"['METAR', 'TAF']"
HKNY,HKNY,NYK,,,Nanyuki Arpt,-0.062,37.041,1904,NA,KE,4,['METAR']
HKRE,HKRE,,,63739,Nairobi/Moi,-1.277,36.862,1623,MO,KE,6,['METAR']
HKVO,HKVO,,,63793,Voi Arpt,-3.371,38.532,612,TA,KE,3,['METAR']
HKWJ,HKWJ,WJR,,63671,Wajir Arpt,1.74,40.087,254,WA,KE,3,['METAR']
HLGD,HLGD,SRX,,,Sirte/Ghardabiya Intl,31.064,16.595,81,SU,LY,3,['TAF']
HLGT,HLGT,GHT,,62212,Ghat,25.146,10.143,701,GT,LY,9,"['METAR', 'TAF']"
HLKF,HLKF,AKF,,62271,Kufra,24.217,23.3,381,KF,LY,9,"['METAR', 'TAF']"
HLLB,HLLB,BEN,,62053,Benghazi/Benina Intl,32.097,20.27,122,BA,LY,1,"['METAR', 'TAF']"
HLLM,HLLM,MJI,,,Tripoli/Mitiga Intl,32.894,13.276,8,TB,LY,6,"['METAR', 'TAF']"
HLLQ,HLLQ,LAQ,,,El Beida/Labraq Arpt,32.789,21.964,657,DE,LY,3,['TAF']
HLLS,HLLS,SEB,,62124,Sebha Arpt,26.994,14.464,431,SB,LY,2,"['METAR', 'TAF']"
HLLT,HLLT,TIP,,62010,Tripoli Intl,32.663,13.159,79,TB,LY,0,"['METAR', 'TAF']"
HLMS,HLMS,,,,Misrata Intl,32.324,15.062,7,MI,LY,3,['TAF']
HLNM4,,,,,Holland,42.768,-86.201,178,MI,US,8,[]
HLON,HLON,HUQ,,,Hon Arpt,29.11,15.966,280,AJ,LY,3,['TAF']
HLTD,HLTD,LTD,,62103,Ghadames,30.132,9.513,330,NL,LY,9,"['METAR', 'TAF']"
HLTQ,HLTQ,,,,Tobruk Intl,31.875,23.905,189,BU,LY,3,['TAF']
HLUB,HLUB,QUB,,62200,Ubari Arpt,26.567,12.824,468,WD,LY,3,['TAF']
HMDO3,,,,,Hammond NMFS Pier,46.204,-123.951,4,OR,US,8,[]
HMRA2,,,,,Kachenak Bay Reserve,59.601,-151.416,15,AK,US,8,[]
HMSA2,,,,,Homer Split,59.602,-151.417,4,AK,US,8,[]
HRBM4,,,,,Harbor Beach,43.847,-82.643,179,MI,US,8,[]
HREF1,,,,,CMAN,-99.99,-99.99,9999,,,8,[]
HRVC1,,,,,CMAN,-99.99,-99.99,9999,,,8,[]
HRYG,HRYG,GYI,,64381,Gisenyi,-1.677,29.259,1545,W,RW,9,['METAR']
HRYR,HRYR,KGL,,64387,Kigali Intl,-1.969,30.14,1493,KI,RW,1,"['METAR', 'TAF']"
HRZA,HRZA,KME,,64380,Kemembe Arpt,-2.462,28.908,1591,W,RW,4,"['METAR', 'TAF']"
HSAT,HSAT,ATB,,,Atbara,17.65,33.991,351,NR,SD,9,['METAR']
HSDN,HSDN,DOG,,62650,Dongola,19.151,30.431,235,NO,SD,3,['METAR']
HSDZ,HSDZ,RSS,,,Damazine,11.786,34.337,486,NB,SD,9,['METAR']
HSFS,HSFS,ELF,,62760,El Fasher,13.615,25.325,734,DN,SD,3,['METAR']
HSGF,HSGF,GSU,,,Gedaref,14.033,35.4,610,GD,SD,9,['METAR']
HSGN,HSGN,EGN,,62770,Geneina,13.483,22.45,792,DW,SD,9,['METAR']
HSKA,HSKA,KSL,,,Kassala,15.467,36.4,509,KA,SD,9,"['METAR', 'TAF']"
HSKI,HSKI,KST,,,Kosti,13.167,32.667,390,NW,SD,9,['METAR']
HSLI,HSLI,KDX,,,Kadugli,11,29.717,509,KS,SD,9,['METAR']
HSNL,HSNL,,,,Nyala,12.05,24.83,643,,SD,8,['METAR']
HSNN,HSNN,UYL,,62790,Nyala Arpt,12.053,24.956,640,DS,SD,1,['METAR']
HSNR,HSNR,,,,Sennar,13.55,33.617,420,SI,SD,9,['METAR']
HSOB,HSOB,EBD,,62771,El Obeid,13.153,30.233,574,KN,SD,2,"['METAR', 'TAF']"
HSPN,HSPN,PZU,,,Port Sudan Intl,19.434,37.234,43,RS,SD,2,"['METAR', 'TAF']"
HSRN,HSRN,,,62801,Renk,11.9,32.8,282,NU,SS,9,['METAR']
HSSJ,HSSJ,,,,Juba Intl,4.872,31.601,461,EC,SS,2,['TAF']
HSSK,HSSK,KRT,,62721,Khartoum Intl,15.589,32.553,380,KH,SD,0,"['METAR', 'TAF']"
HSSM,HSSM,,,,Malakal Arpt,9.559,31.652,401,NU,SS,9,['TAF']
HSSP,HSSP,,,,Port Sudan,19.576,37.216,8,RS,SD,9,['METAR']
HSSS,HSSS,,,,Khartoum Intl,15.589,32.553,387,KH,SD,0,"['METAR', 'TAF']"
HSSW,HSSW,WHF,,,Wadi Halfa,21.797,31.362,181,NO,SD,9,['METAR']
HTAR,HTAR,ARK,,63789,Arusha Arpt,-3.368,36.626,1386,AR,TZ,5,"['METAR', 'TAF']"
HTBU,HTBU,BKZ,,63729,Bukoba Arpt,-1.332,31.821,1144,KA,TZ,3,"['METAR', 'TAF']"
HTDA,HTDA,DAR,,63894,Dar Es Salaam Arpt,-6.881,39.201,53,DS,TZ,1,"['METAR', 'TAF']"
HTDO,HTDO,DOD,,63862,Dodoma Arpt,-6.169,35.751,1119,DO,TZ,3,"['METAR', 'TAF']"
HTGW,HTGW,,,,Songwe Arpt,-8.92,33.274,1345,SO,TZ,3,['METAR']
HTIB,HTIB,,,,UNK,-99.99,-99.99,9999,,,8,['METAR']
HTIR,HTIR,IRI,,63887,Iringa Arpt,-7.676,35.753,1432,IR,TZ,3,['METAR']
HTJN,HTJN,,,,UNK,-99.99,-99.99,9999,,TZ,8,['METAR']
HTKA,HTKA,TKQ,,63801,Kigoma Arpt,-4.887,29.669,819,KI,TZ,3,"['METAR', 'TAF']"
HTKI,HTKI,KIY,,,Kilwa Masoko,-8.911,39.509,18,LN,TZ,9,['METAR']
HTKJ,HTKJ,JRO,,63791,Kilimanjaro Intl,-3.427,37.058,893,AR,TZ,2,"['METAR', 'TAF']"
HTMB,HTMB,MBI,,63932,Mbeya Arpt,-8.92,33.464,1735,MB,TZ,1,['METAR']
HTMG,HTMG,,,63866,Morogoro Arpt,-6.797,37.652,512,MO,TZ,3,['METAR']
HTMO,HTMO,,,63818,Mombo,-4.889,38.291,434,TN,TZ,9,['METAR']
HTMP,HTMP,NPY,,,Mpanda Arpt,-6.355,31.084,1073,RK,TZ,3,['METAR']
HTMS,HTMS,,,63790,Moshi,-3.363,37.327,832,KJ,TZ,9,['METAR']
HTMT,HTMT,MYW,,63971,Mtwara Arpt,-10.335,40.184,114,MT,TZ,2,"['METAR', 'TAF']"
HTMU,HTMU,MUZ,,63733,Musoma Arpt,-1.503,33.802,1154,MR,TZ,3,['METAR']
HTMW,HTMW,MWZ,,63756,Mwanza Arpt,-2.442,32.925,1144,MW,TZ,3,"['METAR', 'TAF']"
HTNA,HTNA,NCH,,,Nachingwea,-10.355,38.777,447,LN,TZ,9,['METAR']
HTPE,HTPE,PMA,,63845,Pemba/Karume Arpt,-5.258,39.814,15,PS,TZ,9,"['METAR', 'TAF']"
HTSE,HTSE,,,63816,Same,-4.069,37.706,874,KJ,TZ,9,['METAR']
HTSO,HTSO,SGX,,63962,Songea Arpt,-10.682,35.584,1058,RV,TZ,3,"['METAR', 'TAF']"
HTSU,HTSU,SUT,,63881,Sumbawanga Arpt,-7.949,31.609,1820,RK,TZ,2,['METAR']
HTSY,HTSY,SHY,,,Shinyanga Arpt,-3.608,33.503,1175,SH,TZ,3,"['METAR', 'TAF']"
HTTB,HTTB,TBO,,63832,Tabora Arpt,-5.074,32.833,1185,TB,TZ,2,"['METAR', 'TAF']"
HTTG,HTTG,TGT,,63844,Tanga Arpt,-5.092,39.071,38,TN,TZ,3,['METAR']
HTZA,HTZA,ZNZ,,63870,Zanzibar/Karume Intl,-6.222,39.225,19,ZU,TZ,4,"['METAR', 'TAF']"
HUAR,HUAR,RUA,,63602,Arua,3.049,30.913,1198,N,UG,9,"['METAR', 'TAF']"
HUEN,HUEN,EBB,,63705,Entebbe Intl,0.036,32.437,1147,C,UG,2,"['METAR', 'TAF']"
HUFP,HUFP,,,,Fort Portal,0.67,30.28,1533,,UG,9,['METAR']
HUGU,HUGU,ULU,,63630,Gulu Arpt,2.798,32.275,1052,N,UG,9,"['METAR', 'TAF']"
HUJI,HUJI,JIN,,63682,Jinja Arpt,0.451,33.195,1178,C,UG,4,"['METAR', 'TAF']"
HUKB,HUKB,,,63726,Kabale,-1.225,29.962,1812,W,UG,9,['METAR']
HUKS,HUKS,KSE,,63674,Kasese Arpt,0.183,30.1,962,W,UG,3,"['METAR', 'TAF']"
HULI,HULI,,,,Lira Arpt,2.248,32.91,1091,N,UG,4,['METAR']
HUMA,HUMA,MBQ,,63702,Mbarara Arpt,-0.555,30.6,1404,W,UG,9,['METAR']
HUMI,HUMI,KCU,,63654,Masindi Arpt,1.755,31.737,1151,W,UG,3,['METAR']
HUMO,HUMO,,,,Moroto,2.508,34.591,1265,N,UG,9,['METAR']
HUSO,HUSO,SRT,,63658,Soroti Arpt,1.725,33.622,1126,E,UG,3,"['METAR', 'TAF']"
HUTO,HUTO,TRY,,63684,Tororo,0.681,34.168,1178,E,UG,9,['METAR']
ICAC1,,,,,Santa Monica Pier,34.008,-118.5,0,CA,US,8,[]
ICYA2,,,,,Ice Bay,-99.99,-99.99,9999,AK,US,8,[]
IIWC1,,,,,USS Midway Navy Pier,32.714,-117.175,37,CA,US,8,[]
ILOH1,,,,,Hilo,19.73,-155.055,0,HI,US,8,[]
IMGP4,,,,,CMAN,-99.99,-99.99,9999,,,8,[]
IOSN3,,,,99427,Isle Of Shoals,42.967,-70.623,13,NH,US,5,[]
IRDT2,,,,,CMAN,-99.99,-99.99,9999,,,8,[]
ITKA2,,,,,Sitka,57.052,-135.342,4,AK,US,8,[]
JBYF1,,,,,CMAN,-99.99,-99.99,9999,,,8,[]
JCRN4,,,,,Cousteau Reserve,39.535,-74.464,1,NJ,US,8,[]
JKYF1,,,,,CMAN,-99.99,-99.99,9999,,,8,[]
JLXA2,,,,,CMAN,-99.99,-99.99,9999,,,8,[]
JMLA2,,,,,Juneau AML Dock,58.286,-134.39,4,AK,US,8,[]
JMPN7,,,,,Wrightsville Beach,34.21,-77.795,4,NC,US,8,[]
JNEA2,,,,,Juneau,58.298,-134.412,0,AK,US,8,[]
JNGA2,,,,,CMAN,-99.99,-99.99,9999,,,8,[]
JOXP4,,,,,Jobos Bay Reserve,17.956,-66.239,10,,PR,8,[]
JXUF1,,,,,CMAN,-99.99,-99.99,9999,,,8,[]
K00U,K00U,,00U,,Hardin/Big Horn Cnty,45.74529,-107.66064,922,MT,US,4,['METAR']
K01G,K01G,,01G,,Perry,42.741453,-78.052646,1559,NY,US,,[]
K01M,K01M,,,,Tishomingo Cnty,34.494,-88.203,175,MS,US,4,['METAR']
K01R,K01R,,,,Alexandria/Clai,31.13,-92.57,67,LA,US,9,[]
K01T,K01T,,,,High Island,28.13,-94.4,30,LA,US,9,[]
K03Y,K03Y,,,,Hallock,48.78,-96.95,250,MN,US,9,[]
K04V,K04V,,04V,,Saguache Muni,38.099,-106.17,2389,CO,US,5,['METAR']
K04W,K04W,,04W,,Hinckley/Field of Dreams Arpt,46.02436,-92.89906,310,MN,US,6,['METAR']
K05U,K05U,,05U,,Eureka Arpt,39.60151,-116.0056,1813,NV,US,3,['METAR']
K06C,K06C,,06C,,Schaumburg Rgnl,41.99236,-88.1091,243,IL,US,6,['METAR']
K06D,K06D,,06D,,Rolla Muni,48.88206,-99.62169,554,ND,US,4,['METAR']
K06U,K06U,KPT,06U,,Jackpot,41.97600173949999,-114.657997131,5213,NV,US,,[]
K07F,K07F,,07F,,Key Largo,32.528801,-94.971702,296,TX,US,,[]
K08D,K08D,,08D,,Stanley Muni,48.30184,-102.40422,683,ND,US,5,['METAR']
K0A0,K0A0,,0A0,,Spaceport America,32.99,-106.9674,1401,NM,US,5,['METAR']
K0A9,K0A9,,0A9,,Elizabethton Muni,36.37111,-82.17681,479,TN,US,5,['METAR']
K0B1,K0B1,,0B1,,Bethel,44.425201,-70.809896,654,ME,US,,[]
K0CO,K0CO,,0CO,,Berthoud Pass,39.794,-105.764,3804,CO,US,4,['METAR']
K0D8,K0D8,,0D8,,Gettysburg Muni,44.989,-99.954,628,SD,US,4,[]
K0E0,K0E0,,0E0,,Moriarty Muni,34.98372,-105.99577,1887,NM,US,5,['METAR']
K0E4,K0E4,,,,Payson,34.23,-111.33,1498,AZ,US,9,[]
K0F2,K0F2,,0F2,,Bowie Muni,33.6011,-97.77354,330,TX,US,5,['METAR']
K0G7,K0G7,,0G7,,Seneca Fal,42.883598,-76.782246,492,NY,US,,[]
K0J4,K0J4,,0J4,,Florala Muni,31.04473,-86.31193,96,AL,US,5,['METAR']
K0J6,K0J6,,,,Headland Muni,31.36512,-85.3112,109,AL,US,6,['METAR']
K0R0,K0R0,,0R0,,Columbia/Marion Cnty,31.29695,-89.81595,76,MS,US,5,['METAR']
K0R4,K0R4,,0R4,,Vidalia/Concordia Arpt,31.56375,-91.50982,16,LA,US,6,['METAR']
K0S9,K0S9,,0S9,,Port Townsend/Jefferson Cnty,48.05537,-122.8115,33,WA,US,5,['METAR']
K0V1,K0V1,,,,Custer ,43.73,-103.62,1707,SD,US,9,[]
K0V4,K0V4,,0V4,,Brookneal/Campbell Cnty,37.13991,-79.01711,186,VA,US,6,['METAR']
K0V7,K0V7,,0V7,,Kayenta Arpt,36.71451,-110.22967,1743,AZ,US,8,[]
K0VG,K0VG,,0VG,,Jonesville/Lee Cnty,36.65764,-83.21467,426,VA,US,5,['METAR']
K0W3,K0W3,,0W3,,Churchville/Hartford Cnty,39.566,-76.202,125,MD,US,5,['METAR']
K0W8,K0W8,,,,Chincoteague,37.93,-75.38,2,VA,US,9,[]
K0Y2,K0Y2,,,,Sturgeon Bay,44.78,-87.32,176,WI,US,9,[]
K0Y7,K0Y7,,,,Lamoni Muni,40.63,-93.9,345,IA,US,9,[]
K10G,K10G,,10G,,Millersburg/Holmes Cnty,40.5357,-81.95307,371,OH,US,5,['METAR']
K10U,K10U,,10U,,Owyhee Arpt,41.953,-116.182,1638,NV,US,3,['METAR']
K11A,K11A,,11A,,Clayton Muni,31.88145,-85.48037,132,AL,US,8,[]
K11R,K11R,,11R,,Brenham Muni,30.22316,-96.37342,87,TX,US,4,['METAR']
K12J,K12J,,12J,,Brewton,31.0506,-87.065598,99,AL,US,,[]
K12N,K12N,,12N,,Andover/Aeroflex Arpt,41.0093,-74.73627,178,NJ,US,4,['METAR']
K13A,K13A,,,,Nogales ,31.42,-110.85,1198,AZ,US,9,[]
K13G,K13G,,,,Niagara ,43.27,-79.06,82,NY,US,9,[]
K13K,K13K,,13K,,Eureka Muni,37.85191,-96.29293,367,KS,US,5,['METAR']
K14Y,K14Y,,14Y,,Long Prairie Muni,45.9017,-94.87274,404,MN,US,5,['METAR']
K15J,K15J,,15J,,Adel,31.1378,-83.4533,236,GA,US,,[]
K15M,K15M,,15M,,Iuka Arpt,34.77454,-88.16761,192,MS,US,5,['METAR']
K16G,K16G,,16G,,Tiffin,41.094101,-83.212502,786,OH,US,,[]
K16J,K16J,,16J,,Dawson Muni,31.7435,-84.417,333,GA,US,5,['METAR']
K17G,K17G,,17G,,Bucyrus,40.781803,-82.974408,1003,OH,US,,[]
K17J,K17J,,17J,,Donaldsonville Muni,31.0038,-84.87942,42,GA,US,6,['METAR']
K18A,K18A,,18A,,Canon/Franklin Cnty,34.34183,-83.13162,260,GA,US,5,['METAR']
K18C,K18C,,18C,,San Francisco,37.765,-122.3903,47,CA,US,9,[]
K18H,K18H,,18H,,Lucius,26.1283,-92.0333,30,LA,US,3,['METAR']
K19A,K19A,,,,Jefferson/Jackson Cnty,34.174,-83.561,290,GA,US,9,['METAR']
K19D,K19D,,,,Mora Muni ,45.88,-93.27,309,MN,US,9,[]
K19S,K19S,,19S,,Sublette Muni,37.496,-100.834,886,KS,US,5,['METAR']
K1A5,K1A5,,1A5,,Franklin/Macon Cnty,35.22276,-83.41496,611,NC,US,5,['METAR']
K1A6,K1A6,,1A6,,Middlesboro/Bell Cnty,36.6087,-83.73688,348,KY,US,4,['METAR']
K1A9,K1A9,,1A9,,Prattville Arpt,32.43738,-86.5098,65,AL,US,6,['METAR']
K1AM,K1AM,,,,Alpha,47.281,-110.801,1228,MT,US,5,['METAR']
K1AN,K1AN,,,,Alpha,47.97,-100.58,483,ND,US,6,['METAR']
K1AW,K1AW,,,,Alpha,41.329,-104.265,1670,WY,US,6,['METAR']
K1B1,K1B1,HCC,1B1,,Hudson,42.291302,-73.710297,198,NY,US,,[]
K1B7,K1B7,,,,Boothville/PHI Heliport,29.354,-89.436,1,LA,US,7,['METAR']
K1B9,K1B9,,1B9,,Mansfield Muni,42,-71.197,37,MA,US,7,['METAR']
K1BM,K1BM,,,,Bravo,47.285,-110.359,1234,MT,US,5,['METAR']
K1BN,K1BN,,,,Bravo,47.91,-100.93,589,ND,US,5,['METAR']
K1BW,K1BW,,,,Bravo,41.511,-103.995,1606,NE,US,5,['METAR']
K1CM,K1CM,,,,Charlie,47.096,-110.164,1338,MT,US,5,['METAR']
K1CN,K1CN,,,,Charlie,47.71,-101.01,599,ND,US,6,['METAR']
K1CW,K1CW,,,,Charlie,41.581,-103.573,1370,NE,US,6,['METAR']
K1D1,K1D1,,1D1,,Milbank Muni,45.231,-96.566,340,SD,US,7,['METAR']
K1D8,K1D8,,1D8,,Redfield Muni,44.86,-98.529,398,SD,US,4,['METAR']
K1DM,K1DM,,,,Delta,47.376,-109.814,1093,MT,US,5,['METAR']
K1DN,K1DN,,,,Delta,47.8,-101.3,632,ND,US,7,['METAR']
K1DW,K1DW,,,,Delta,41.361,-103.794,1539,NE,US,6,['METAR']
K1EM,K1EM,,,,Echo,47.454,-109.416,1118,MT,US,5,['METAR']
K1EN,K1EN,,,,Echo,47.75,-101.67,641,ND,US,7,['METAR']
K1EW,K1EW,,,,Echo,41.103,-103.983,1609,NE,US,6,['METAR']
K1F0,K1F0,,1F0,,Ardmore/Downtown Exec,34.15076,-97.1242,256,OK,US,3,['METAR']
K1FM,K1FM,,,,Foxtrot,47.605,-112.311,1344,MT,US,6,['METAR']
K1FN,K1FN,,,,Foxtrot,47.9,-101.67,619,ND,US,5,['METAR']
K1FW,K1FW,,,,Foxtrot,41.364,-103.489,1451,NE,US,6,['METAR']
K1G0,K1G0,,1G0,,Bowling Gr,41.390999,-83.630096,673,OH,US,,[]
K1G3,K1G3,,1G3,,Kent,41.151402,-81.4151,1134,OH,US,,[]
K1G4,K1G4,GCW,1G4,,Peach Spri,35.985787,-113.817072,4825,AZ,US,,[]
K1G7,K1G7,,,,Mississippi Can,28.78,-89.05,18,LA,US,9,[]
K1GM,K1GM,,,,Golf,47.325,-112.093,1317,MT,US,5,['METAR']
K1GN,K1GN,,,,Golf,48.12,-101.96,644,ND,US,7,['METAR']
K1GW,K1GW,,,,Golf,41.208,-103.097,1335,NE,US,6,['METAR']
K1H2,K1H2,,1H2,,Effingham Cnty,39.07117,-88.52928,174,IL,US,5,['METAR']
K1HM,K1HM,,,,Hotel,47.698,-111.943,1181,MT,US,6,['METAR']
K1HN,K1HN,,,,Hotel,47.97,-102.22,578,ND,US,5,['METAR']
K1HW,K1HW,,,,Hotel,41.325,-102.83,1265,NE,US,6,['METAR']
K1II,K1II,,,,Himsel AAF,39.341,-86.03,214,IN,US,4,['METAR']
K1IM,K1IM,,,,India,47.312,-111.473,1110,MT,US,6,['METAR']
K1IN,K1IN,,,,India,48.34,-102.3,678,ND,US,7,['METAR']
K1IW,K1IW,,,,India,41.046,-102.865,1294,NE,US,6,['METAR']
K1J0,K1J0,,,,Tri Cnty Arpt,30.848,-85.602,26,FL,US,5,['METAR']
K1JM,K1JM,,,,Julie,47.751,-111.547,1154,MT,US,5,['METAR']
K1JN,K1JN,,,,Juliet,48.41,-101.89,670,ND,US,5,['METAR']
K1JW,K1JW,,,,Juliet,40.961,-103.199,1382,CO,US,6,['METAR']
K1K1,K1K1,,1K1,,Benton/Stearman Fld,37.774,-97.114,411,KS,US,7,['METAR']
K1K5,K1K5,,,,Elkhart ,37,-101.88,1102,KS,US,9,[]
K1K8,K1K8,,1K8,,Ketchum/S Grand Lake Arpt,36.543,-95.012,234,OK,US,6,['METAR']
K1KM,K1KM,,,,Kilo,46.444,-109.801,1332,MT,US,5,['METAR']
K1KN,K1KN,,,,Kilo,48.55,-102.12,693,ND,US,6,['METAR']
K1KW,K1KW,,,,Kilo,41.137,-103.488,1443,NE,US,6,['METAR']
K1L0,K1L0,,,,Reserve/Port of South Louisiana Exec,30.087,-90.583,2,LA,US,5,['METAR']
K1LM,K1LM,,,,Lima,46.694,-109.74,1417,MT,US,5,['METAR']
K1LN,K1LN,,,,Lima,48.79,-102.27,601,ND,US,5,['METAR']
K1LW,K1LW,,,,Lima,40.921,-103.691,1514,CO,US,6,['METAR']
K1M4,K1M4,,1M4,,Haleyville/Posey Fld,34.28317,-87.59863,283,AL,US,5,['METAR']
K1M5,K1M5,,1M5,,Portland Muni,36.59556,-86.47801,239,TN,US,5,['METAR']
K1MM,K1MM,,,,Mike,47.014,-109.63,1256,MT,US,6,['METAR']
K1MN,K1MN,,,,Mike,48.67,-101.88,569,ND,US,6,['METAR']
K1MW,K1MW,,,,Mike,40.704,-103.477,1338,CO,US,6,['METAR']
K1NM,K1NM,,,,November,47.059,-109.031,1169,MT,US,5,['METAR']
K1NN,K1NN,,,,November,48.76,-101.59,516,ND,US,5,['METAR']
K1NW,K1NW,,,,November,40.632,-103.836,1461,CO,US,6,['METAR']
K1O2,K1O2,CKE,1O2,,Lakeport,38.9906005859,-122.901000977,1379,CA,US,,[]
K1O5,K1O5,,,,Montague,41.728,-122.543,768,CA,US,6,[]
K1OM,K1OM,,,,Oscar,47.328,-108.927,1088,MT,US,6,['METAR']
K1ON,K1ON,,,,Oscar,48.82,-101.28,466,ND,US,6,['METAR']
K1OW,K1OW,,,,Oscar,40.885,-103.999,1650,CO,US,6,['METAR']
K1P1,K1P1,,1P1,,Plymouth Muni,43.77713,-71.75597,155,NH,US,5,['METAR']
K1QW,K1QW,,,,Yakima Training Rngl,46.797,-120.165,895,WA,US,5,['METAR']
K1R7,K1R7,,1R7,,Brookhaven/Lincoln Cnty Arpt,31.6057,-90.40717,142,MS,US,4,['METAR']
K1R8,K1R8,,1R8,,Bay Minette Muni,30.86907,-87.8184,76,AL,US,5,['METAR']
K1S3,K1S3,,1S3,,Forsyth/Tillitt Fld,46.26949,-106.6196,831,MT,US,5,['METAR']
K1S5,K1S5,,1S5,,Sunnyside Muni,46.32876,-119.97353,228,WA,US,5,['METAR']
K1U7,K1U7,,1U7,,Paris/Bear Lake Cnty Arpt,42.252,-111.337,1808,ID,US,4,['METAR']
K1V1,K1V1,,,,Rifle ,39.53,-107.8,1622,CO,US,9,[]
K1V4,K1V4,,,72614,St Johnsbury,44.42,-72.019,213,VT,US,5,['METAR']
K1V6,K1V6,,1V6,,Canon City/Fremont Cnty Arpt,38.42559,-105.10477,1658,CO,US,5,['METAR']
K1Y7,K1Y7,,,,Yuma Prvg Grounds,33.016,-114.245,301,AZ,US,9,[]
K1YT,K1YT,,,,Yagabond,46.668,-120.457,423,WA,US,6,['METAR']
K20G,K20G,,,,Ashtabula ,41.92,-80.8,178,OH,US,9,[]
K20U,K20U,,20U,,Beach Arpt,46.92509,-103.98516,839,ND,US,5,['METAR']
K20V,K20V,,20V,,Kremmling/McElroy Fld,40.05631,-106.37438,2259,CO,US,5,['METAR']
K21D,K21D,,21D,,Lake Elmo Arpt,45.00019,-92.8549,281,MN,US,6,['METAR']
K22G,K22G,,,,Elyria/Lorain C,41.35,-82.18,242,OH,US,9,[]
K22N,K22N,,22N,,Lehighton/Arner Mem,40.81155,-75.76475,159,PA,US,5,['METAR']
K24A,K24A,,24A,,Sylva/Jackson Cnty,35.31562,-83.20714,864,NC,US,6,['METAR']
K24J,K24J,,24J,,Live Oak/Suwannee Cnty,30.29896,-83.02255,30,FL,US,4,['METAR']
K26N,K26N,,26N,,Ocean City,39.2635,-74.607498,5,NJ,US,,[]
K27K,K27K,,27K,,Georgetown/Scott Cnty,38.23903,-84.43364,283,KY,US,5,['METAR']
K27U,K27U,,,,Salmon,45.18,-113.9,1210,ID,US,9,[]
K28J,K28J,,28J,,Palatka Muni,29.66019,-81.69176,9,FL,US,5,['METAR']
K28K,K28K,,,,Grncyn Blk52,27.88,-91.5,1,LA,US,9,['METAR']
K29G,K29G,,,,Ravenna/Portage,41.22,-81.25,365,OH,US,9,[]
K2A0,K2A0,,2A0,,Dayton/Anton Arpt,35.48172,-84.9322,219,TN,US,5,['METAR']
K2C2,K2C2,,,,White Sands Tes,32.38,-106.48,1244,NM,US,9,['METAR']
K2C8,K2C8,,2C8,,Cavalier Muni,48.78379,-97.62966,271,ND,US,4,['METAR']
K2CB,K2CB,,,,Camp Blanding,29.95,-81.98,60,FL,US,9,[]
K2D5,K2D5,,2D5,,Oakes Muni,46.17391,-98.08298,407,ND,US,5,['METAR']
K2DP,K2DP,,,,Stumpy Point Gnry Rngl,35.672,-75.892,1,NC,US,5,['METAR']
K2F5,K2F5,,,,Lamesa Muni,32.757,-101.918,914,TX,US,9,['METAR']
K2G2,K2G2,,2G2,,Steubenville/Jefferson Cnty,40.359,-80.7,365,OH,US,6,['METAR']
K2G4,K2G4,,2G4,,Oakland/Garrett Cnty,39.58274,-79.34184,908,MD,US,5,['METAR']
K2G9,K2G9,,2G9,,Somerset Cnty Arpt,40.04014,-79.01578,677,PA,US,5,['METAR']
K2I0,K2I0,,2I0,,Madisonville Muni,37.35815,-87.39768,127,KY,US,5,['METAR']
K2IS,K2IS,,2IS,,Clewistown/Airglades Arpt,26.73905,-81.05279,20,FL,US,5,['METAR']
K2J3,K2J3,,2J3,,Louisville Muni,32.98602,-82.38273,97,GA,US,5,['METAR']
K2J5,K2J5,,2J5,,Millen Arpt,32.89135,-81.96638,72,GA,US,5,['METAR']
K2J9,K2J9,,2J9,,Quincy Muni,30.59875,-84.55499,62,FL,US,5,['METAR']
K2LS,K2LS,,2L5,,Galliano,29.413,-90.298,0,LA,US,7,['METAR']
K2M2,K2M2,,2M2,,Lawrenceburg/Lawrence Cnty,35.23719,-87.26114,286,TN,US,6,['METAR']
K2M8,K2M8,,2M8,,Millington/Baker Arpt,35.276,-89.931,75,TN,US,6,['METAR']
K2O1,K2O1,GNF,2O1,,Quincy,39.943902,-120.945,3415,CA,US,,[]
K2P2,K2P2,,2P2,,Washington Island,45.388,-86.924,182,WI,US,5,['METAR']
K2R2,K2R2,,2R2,,Indianapolis/Hendrick Cnty,39.75109,-86.47318,273,IN,US,6,['METAR']
K2R9,K2R9,,2R9,,Kenedy/Karnes Cnty,28.82673,-97.86757,88,TX,US,5,['METAR']
K2S8,K2S8,,2S8,,Wilbur,47.75419998168945,-118.74299621582031,2182,WA,US,,[]
K2V5,K2V5,,2V5,,Wray Muni,40.1,-102.241,1117,CO,US,4,['METAR']
K2V6,K2V6,,2V6,,Yuma Muni,40.10468,-102.71278,1257,CO,US,4,['METAR']
K2W6,K2W6,,2W6,,Leonardtown/St Marys,38.315,-76.55,40,MD,US,6,['METAR']
K2WX,K2WX,,,,Buffalo/Harding Cnty,45.60427,-103.54698,925,SD,US,3,['METAR']
K32S,K32S,,32S,,Stevensvil,46.525101,-114.053001,3610,MT,US,,[]
K32Y,K32Y,,,,Portage ,47.23,-88.63,190,MI,US,9,[]
K33N,K33N,,33N,,Dover/Cheswold Arpk,39.218,-75.597,17,DE,US,6,['METAR']
K33V,K33V,,33V,,Walden/Jackson Cnty,40.74542,-106.27538,2486,CO,US,4,['METAR']
K35A,K35A,,35A,,Union/Union Cnty,34.68494,-81.6421,186,SC,US,5,['METAR']
K36K,K36K,,36K,,Lakin/Kearney Cnty,37.97069,-101.25541,938,KS,US,5,['METAR']
K36U,K36U,,,,Heber/McDonald Fld,40.483,-111.427,1718,UT,US,9,"['METAR', 'TAF']"
K37W,K37W,,,,Erwin-Harnett C,35.38,-78.73,60,NC,US,9,[]
K38S,K38S,,38S,,Deer Lodge Cnty,46.38897,-112.76935,1430,MT,US,4,['METAR']
K3A1,K3A1,,,,Cullman/Folsom Fld,34.268,-86.858,294,AL,US,9,['METAR']
K3A6,K3A6,,,,Newhall,34.36,-118.57,427,CA,US,6,[]
K3AU,K3AU,,3AU,,Augusta Muni,37.67292,-97.07922,403,KS,US,6,['METAR']
K3B1,K3B1,,3B1,,Greenville ,45.46,-69.55,427,ME,US,9,[]
K3B2,K3B2,,,,Marshfield Airp,42.1,-70.68,3,MA,US,9,[]
K3D2,K3D2,,3D2,,Ephraim/Fish Creek,45.13483,-87.18809,233,WI,US,5,['METAR']
K3DU,K3DU,,,,Drummond,46.67,-113.15,1202,MT,US,4,[]
K3F3,K3F3,,3F3,,Mansfield/Williams Arpt,32.07181,-93.76405,96,LA,US,5,['METAR']
K3HT,K3HT,,,,Harlowton,46.43,-109.83,1268,MT,US,9,['METAR']
K3I2,K3I2,,3I2,,Point Pleasant/Mason,38.914,-82.103,195,WV,US,5,['METAR']
K3J1,K3J1,,3J1,,Ridgeland Arpt,32.4969,-80.9947,79,SC,US,6,['METAR']
K3J7,K3J7,,,,Greensboro/Greene Cnty,33.598,-83.14,207,GA,US,5,['METAR']
K3K3,K3K3,,3K3,,Syracuse/Hamilton Cnty,37.99878,-101.7502,1010,KS,US,4,['METAR']
K3K7,K3K7,,3K7,,Leoti/Hoard Mem,38.4566,-101.3527,1005,KS,US,5,['METAR']
K3K8,K3K8,,3K8,,Coldwater/Comanche Cnty,37.22254,-99.32977,640,KS,US,4,['METAR']
K3KM,K3KM,,,,Wichita/Col. Ja,37.75,-97.22,433,KS,US,9,[]
K3L4,K3L4,,3L4,,Grand Chenier/Pecan Isl Arpt,29.8,-92.804,1,LA,US,5,['METAR']
K3LF,K3LF,,3LF,,Litchfield Muni,39.16052,-89.67423,207,IL,US,5,['METAR']
K3MW,K3MW,,,,Mount Werner,40.449,-106.749,3241,CO,US,7,['METAR']
K3N8,K3N8,,3N8,,Mahnomen Cnty,47.26,-95.928,379,MN,US,5,['METAR']
K3NO,K3NO,,3NO,,North Omaha,41.37,-96.02,406,NE,US,9,['METAR']
K3OI,K3OI,,,,Lamoni,40.62,-93.95,342,IA,US,9,[]
K3R5,K3R5,,,,New Braunfels-N,29.7,-98.04,195,TX,US,9,[]
K3R7,K3R7,,3R7,,Jennings Arpt,30.24265,-92.67593,5,LA,US,4,['METAR']
K3S2,K3S2,,,,Aurora State Arpt,45.25,-122.77,60,OR,US,9,[]
K3S8,K3S8,,3S8,,Grants Pass Arpt,42.51,-123.388,339,OR,US,4,['METAR']
K3SE,K3SE,,,,Spencer,43.17,-95.15,408,IA,US,9,[]
K3SZ,K3SZ,,,,St Charles/Smartt,38.93,-90.43,133,MO,US,9,[]
K3T5,K3T5,,3T5,,LaGrange/Fayette Rgnl,29.90637,-96.94778,96,TX,US,4,['METAR']
K3TH,K3TH,,,,Thompson Falls,47.6,-115.37,725,MT,US,9,['METAR']
K3U3,K3U3,,3U3,,Anaconda/Bowman Fld,46.15163,-112.86831,1534,MT,US,5,['METAR']
K3W7,K3W7,,3W7,,Electric City/Grand Coulee Arpt,47.9219,-119.0771,492,WA,US,4,['METAR']
K40B,K40B,,,,Clayton Lake,46.616,-69.533,344,ME,US,3,[]
K40J,K40J,,,,Perry-Foley Arpt,30.072,-83.573,12,FL,US,9,[]
K40U,K40U,,40U,,Manila Arpt,40.986,-109.678,1882,UT,US,4,['METAR']
K41G,K41G,,,,Bath,42.85,-84.48,261,MI,US,9,[]
K41I,K41I,,,,Eugene Island B,28.47,-91.78,30,LA,US,9,[]
K41U,K41U,,41U,,Manti-Ephraim Arpt,39.33232,-111.61405,1676,UT,US,4,['METAR']
K42A,K42A,,42A,,Melbourne Muni,36.07128,-91.82867,224,AR,US,5,['METAR']
K42J,K42J,,42J,,Keystone Airpark,29.844,-82.05,57,FL,US,5,['METAR']
K43F,K43F,,,,Litchfield Muni,45.1,-94.5,347,MN,US,9,[]
K43M,K43M,,,,Fort Ritchie/Si,39.72,-77.43,275,MD,US,9,[]
K46D,K46D,,46D,,Carrington Muni,47.45092,-99.14795,488,ND,US,5,['METAR']
K46U,K46U,,46U,,Alpine Arpt,43.181,-111.037,1718,WY,US,5,['METAR']
K48A,K48A,,48A,,Cochran Arpt,32.39935,-83.27855,115,GA,US,6,['METAR']
K48I,K48I,,48I,,Sutton/Braxton Cnty,38.684,-80.649,386,WV,US,4,['METAR']
K48K,K48K,,48K,,Ness City,38.473324,-99.909324,2308,KS,US,,[]
K49A,K49A,,49A,,Ellijay/Gilmer Cnty,34.63009,-84.52713,449,GA,US,4,['METAR']
K49B,K49B,,49B,,Sturgis Muni,44.4284,-103.3799,986,SD,US,5,['METAR']
K49T,K49T,,49T,,Dallas,32.7717,-96.8021,480,TX,US,,[]
K4A6,K4A6,,4A6,,Scottsboro Muni,34.688,-86.006,191,AL,US,5,['METAR']
K4A7,K4A7,,,,Hampton/Atlanta Speedway Arpt,33.389,-84.332,266,GA,US,6,[]
K4A9,K4A9,,4A9,,Fort Payne/Isbell Fld,34.4759,-85.71697,273,AL,US,5,['METAR']
K4B8,K4B8,,4B8,,Plainville/Robertson Fld,41.69,-72.865,61,CT,US,6,['METAR']
K4BK,K4BK,,,,Brookings,42.05,-124.28,24,OR,US,9,[]
K4BL,K4BL,,,,Blanding,37.62,-109.47,1840,UT,US,9,['METAR']
K4BM,K4BM,,4BM,,Wilkerson Pass,39.05,-105.514,3432,CO,US,5,['METAR']
K4BQ,K4BQ,,,,Broadus,45.43,-105.4,922,MT,US,9,[]
K4CR,K4CR,,,,Corona/Lincoln,34.1,-105.68,1981,NM,US,9,['METAR']
K4DG,K4DG,,,,Douglas,42.75,-105.38,1477,WY,US,9,[]
K4F2,K4F2,,4F2,,Carthage/Panola Cnty,32.18001,-94.29764,76,TX,US,5,['METAR']
K4HV,K4HV,,,,Hanksville,38.416,-110.717,1314,UT,US,9,['METAR']
K4I3,K4I3,,4I3,,Mount Vernon/Knox Cnty,40.32681,-82.52012,361,OH,US,5,['METAR']
K4I7,K4I7,,,,Greencastle/Putnam Cnty,39.635,-86.816,254,IN,US,9,['METAR']
K4I9,K4I9,,4I9,,Mount Gile,40.524502,-82.850098,1085,OH,US,,[]
K4KA,K4KA,TNK,4KA,,Tununak,60.569638,-165.246649,14,AK,US,,[]
K4LJ,K4LJ,,,,Lamar,38.08,-102.62,1103,CO,US,9,[]
K4LW,K4LW,,,,Lakeview,42.22,-120.35,1455,OR,US,9,[]
K4M3,K4M3,,4M3,,Carlisle Muni,34.804,-91.707,73,AR,US,6,['METAR']
K4M9,K4M9,,4M9,,Corning Muni,36.404,-90.647,86,AR,US,7,['METAR']
K4MR,K4MR,,4MR,74638,Melrose Gnry Range,34.29,-103.791,1339,NM,US,5,['METAR']
K4MY,K4MY,,,,Moriarty,34.97,-106.05,1890,NM,US,9,['METAR']
K4O4,K4O4,,4O4,,Idabel/McCurtain Rgnl,33.91335,-94.8546,148,OK,US,5,['METAR']
K4R5,K4R5,,4R5,,La Pointe/Madeline Isl Arpt,46.78873,-90.75592,195,WI,US,6,['METAR']
K4S1,K4S1,,4S1,,Gold Beach Muni,42.41613,-124.42577,7,OR,US,4,['METAR']
K4S2,K4S2,,4S2,,Hood River/Jernstedt Arfld,45.67458,-121.53496,183,OR,US,5,['METAR']
K4SL,K4SL,,,,Torreon,35.799,-107.181,2106,NM,US,4,[]
K4SU,K4SU,,,,Superior Valley/Gnry,35.33,-117.1,962,CA,US,9,[]
K4U6,K4U6,,4U6,,Circle/Town Cnty,47.419,-105.562,739,MT,US,4,['METAR']
K4V0,K4V0,,4V0,,Rangely Arpt,40.09559,-108.76194,1602,CO,US,4,['METAR']
K4V1,K4V1,,4V1,,Walsenburg/Spanish Peaks Arfld,37.69414,-104.78807,1847,CO,US,4,['METAR']
K4V5,K4V5,,,,Durango ,37.28,-107.87,2012,CO,US,9,[]
K4V9,K4V9,,4V9,,Neligh/Antelope Cnty,42.11091,-98.04096,1774,NE,US,5,['METAR']
K53D,K53D,,,,Glenwood,45.65,-95.38,423,MN,US,9,[]
K54A,K54A,,54A,,Placida/Coal Creek Arpt,26.86011,-82.2468,2,FL,US,5,['METAR']
K54J,K54J,,54J,,DeFuniak Springs Muni,30.73117,-86.15421,87,FL,US,5,['METAR']
K57C,K57C,,57C,,East Troy Muni,42.79715,-88.36553,454,WI,US,6,['METAR']
K58Y,K58Y,,,,Silver Bay,47.2,-91.4,331,MN,US,9,[]
K59B,K59B,,59B,,Jackman,45.632801,-70.248802,1178,ME,US,,[]
K5A6,K5A6,,5A6,,Winona/Montgomery Cnty,33.469,-89.727,109,MS,US,5,['METAR']
K5A9,K5A9,,5A9,,Warm Springs/Roosevelt Muni,32.93621,-84.69718,268,GA,US,6,['METAR']
K5B2,K5B2,,5B2,,Saratoga S,43.0513,-73.861198,434,NY,US,,[]
K5C1,K5C1,,5C1,,Boerne/Stage Fld,29.72675,-98.69642,422,TX,US,5,['METAR']
K5H4,K5H4,,5H4,,Harvey Muni,47.79061,-99.93464,490,ND,US,4,['METAR']
K5I3,K5I3,,,,Pikeville ,37.47,-82.52,446,KY,US,9,[]
K5J0,K5J0,,,,John Day State,44.4,-118.97,1127,OR,US,9,[]
K5K2,K5K2,,5K2,,Tribune,38.450901,-101.750135,3620,KS,US,,[]
K5LA,K5LA,,,,Marathon-Venice,29.286,-89.364,0,LA,US,7,['METAR']
K5M9,K5M9,,,,Marion/Crittenden Cnty,37.339,-88.106,199,KY,US,4,[]
K5R0,K5R0,,,,East Addition B,28.22,-93.75,26,TX,US,9,[]
K5R8,K5R8,,5R8,,DeQuincey Ind Arpk,30.43678,-93.46964,26,LA,US,5,['METAR']
K5SM,K5SM,,5SM,,Sunlight Peak,39.426,-107.38,3229,CO,US,5,['METAR']
K5T5,K5T5,,,,Hillsboro,32.08,-97.1,209,TX,US,5,[]
K5T6,K5T6,,,,Dona Ana County Intl,31.88,-106.7,1253,NM,US,6,[]
K5T9,K5T9,,5T9,,Maverick County Arpt,28.85675,-100.51587,269,TX,US,4,['METAR']
K5W8,K5W8,,,,Siler City Muni,35.704,-79.504,188,NC,US,9,['METAR']
K60R,K60R,,60R,,Navasota Muni,30.368,-96.113,70,TX,US,5,['METAR']
K62Y,K62Y,,,,Two Harbors,47.1,-91.75,328,MN,US,9,[]
K63S,K63S,,63S,,Colville Muni,48.544,-117.884,571,WA,US,4,['METAR']
K65S,K65S,,65S,,Bonners Ferry/Boundary Cnty,48.72552,-116.29302,708,ID,US,5,['METAR']
K66R,K66R,,66R,,Columbus/Well Arpt,29.63823,-96.51375,70,TX,US,5,['METAR']
K67L,K67L,MFH,67L,,Mesquite,36.833105,-114.055928,1978,NV,US,,[]
K6A1,K6A1,,6A1,,Butler Muni,32.57326,-84.24701,198,GA,US,5,['METAR']
K6A2,K6A2,,6A2,,Griffin/Spalding Cnty,33.227,-84.275,290,GA,US,5,['METAR']
K6A3,K6A3,,,,Andrews,35.2,-83.87,518,NC,US,9,[]
K6A4,K6A4,,6A4,,Mountain C,36.41780090332031,-81.82510375976562,2240,TN,US,,[]
K6B0,K6B0,,6B0,,Middlebury/State Arpt,43.98877,-73.09516,149,VT,US,5,['METAR']
K6B9,K6B9,,6B9,,Skaneateles Arpt,42.91411,-76.44284,306,NY,US,5,['METAR']
K6E5,K6E5,,6E5,,De Smet/Wilder Arpt,44.43241,-97.55978,525,SD,US,5,['METAR']
K6I2,K6I2,,6I2,,Lebanon-Springfield/Hoerter Fld,37.63517,-85.24181,258,KY,US,5,['METAR']
K6K4,K6K4,,6K4,,Fairview,36.2901,-98.4758,1272,OK,US,,[]
K6L4,K6L4,,6L4,,Logan Cnty,37.85525,-81.91497,504,WV,US,4,['METAR']
K6L9,K6L9,,,,Huntington Beach,33.653,-118.006,22,CA,US,9,[]
K6P9,K6P9,,6P9,,Ranger Arpt,32.42935,-98.59594,451,TX,US,5,['METAR']
K6R3,K6R3,,6R3,,Cleveland Muni,30.35798,-95.00697,44,TX,US,4,['METAR']
K6R6,K6R6,,,,Dryden/Terrell Cnty,30.04816,-102.21266,702,TX,US,3,['METAR']
K6S0,K6S0,,6S0,,Big Timber Arpt,45.80628,-109.97357,1364,MT,US,5,['METAR']
K6S2,K6S2,,6S2,,Florence Muni,43.98385,-124.10996,16,OR,US,4,['METAR']
K6S5,K6S5,,,,Hamilton/Ravalli Cnty,46.245,-114.127,1112,MT,US,4,[]
K6S8,K6S8,,6S8,,Laurel Muni,45.703,-108.761,1072,MT,US,6,['METAR']
K74V,K74V,,74V,,Roosevelt Muni,40.27992,-110.04975,1567,UT,US,4,['METAR']
K75S,K75S,,,,Burlington/Mt V,48.47,-122.42,43,WA,US,9,[]
K76S,K76S,,,,Oak Harbor Airp,48.25,-122.67,58,WA,US,9,[]
K77M,K77M,,,,Malta,42.32,-113.33,1375,ID,US,9,['METAR']
K77S,K77S,,77S,,Creswell/Hobby Fld,43.93238,-123.00592,161,OR,US,6,['METAR']
K79J,K79J,,79J,,Andalusia/Benton Fld,31.30614,-86.39018,93,AL,US,4,['METAR']
K79S,K79S,,79S,,Fort Benton Arpt,47.845,-110.636,874,MT,US,4,['METAR']
K7B5,K7B5,,,,West Cameron 560,28.28,-93.18,0,LA,US,9,[]
K7BM,K7BM,,78M,,Bald Mountain,38.799,-106.219,2996,CO,US,7,['METAR']
K7L2,K7L2,,7L2,,Linton Muni,46.21903,-100.24488,541,ND,US,4,['METAR']
K7LI,K7LI,,,,Monroe,38.65,-112.2,1829,UT,US,9,[]
K7N0,K7N0,,,,New Orleans/Superdome,29.953,-90.083,0,LA,US,6,['METAR']
K7R1,K7R1,,,,Golden Tri ,29.3,-89.4,2,LA,US,9,[]
K7R3,K7R3,,,,Amelia/Lake Palourd,29.693,-91.099,2,LA,US,6,['METAR']
K7R4,K7R4,,,,Intracoastal City,29.78,-92.13,5,LA,US,9,['METAR']
K7R5,K7R5,,,,Cameron Heliport,29.78,-93.3,1,LA,US,9,['METAR']
K7R8,K7R8,,,,South Marsh Isl,28.3,-91.98,23,LA,US,9,['METAR']
K7S0,K7S0,,7S0,,Ronan Arpt,47.56763,-114.09986,941,MT,US,4,['METAR']
K7S1,K7S1,,,,Twin Bridges Arpt,45.534,-112.303,1456,MT,US,5,['METAR']
K7S6,K7S6,,7S6,,White Sulphur Spring,46.497,-110.91,1543,MT,US,4,['METAR']
K7W4,K7W4,,7W4,,Bumpass/Lake Anna,37.9667,-77.74534,115,VA,US,6,['METAR']
K7W6,K7W6,,7W6,,Engelhard/Hyde Cnty,35.55939,-75.95503,1,NC,US,6,['METAR']
K81R,K81R,,81R,,San Saba Muni,31.23212,-98.7154,381,TX,US,5,['METAR']
K82C,K82C,,82C,,Mauston/New Lisbon Arpt,43.83853,-90.13448,273,WI,US,6,['METAR']
K82V,K82V,,82V,,Pine Bluffs Muni,41.15096,-104.12876,1563,WY,US,5,['METAR']
K87D,K87D,,,,Dodge Center-Do,44.02,-92.83,396,MN,US,9,[]
K87Q,K87Q,,,,Pt Piedras ,35.67,-121.28,21,CA,US,9,[]
K88M,K88M,,88M,,Eureka,48.968332,-115.07947,2668,MT,US,,[]
K8A0,K8A0,,8A0,,Albertville Muni,34.23158,-86.24814,313,AL,US,5,['METAR']
K8A1,K8A1,,8A1,,Guntersville Muni,34.39963,-86.26823,615,AL,US,6,['METAR']
K8A3,K8A3,,8A3,,Livingston Muni,36.41643,-85.3061,413,TN,US,5,['METAR']
K8A4,K8A4,,8A4,,Indianapol,39.765899658203,-86.148902893066,732,IN,US,,[]
K8B0,K8B0,,8B0,,Rangeley/Bean Muni,44.99,-70.66235,552,ME,US,5,['METAR']
K8D3,K8D3,,8D3,,Sisseton Muni,45.669,-96.99182,535,SD,US,4,['METAR']
K8D4,K8D4,,8D4,,Sparta/Miller Arpt,43.12949,-85.67792,775,MI,US,6,['METAR']
K8GK,K8GK,,8GK,,Sparta,38.679499,-84.928898,830,KY,US,,[]
K8S0,K8S0,,,,Browning/Star Arstrp,48.601,-113.115,1419,MT,US,4,[]
K8T6,K8T6,,8T6,,George West/Live Oak Cnty,28.36559,-98.11741,39,TX,US,5,['METAR']
K8V7,K8V7,,8V7,,Springfield Muni,37.45472,-102.61923,1338,CO,US,4,['METAR']
K8W2,K8W2,,8W2,,New Market Arpt,38.65545,-78.70826,295,VA,US,6,['METAR']
K8Y8,K8Y8,,,,Crane Lake,48.27,-92.48,350,MN,US,9,[]
K90J,K90J,,,,Astor ,29.12,-81.56,33,FL,US,9,[]
K92S,K92S,,,,Cape Blanco ,42.83,-124.57,33,OR,US,9,['METAR']
K96D,K96D,,96D,,Walhalla Muni,48.94017,-97.90527,290,ND,US,6,['METAR']
K97Q,K97Q,,,,Point Reyes ,38,-123.02,87,CA,US,9,[]
K98D,K98D,,98D,,Onida,44.700802,-100.100998,1874,SD,US,,[]
K99Q,K99Q,,,,Port Chicago,38.03,-122.03,12,CA,US,9,[]
K9A1,K9A1,,,,Covington Muni,33.632,-83.848,242,GA,US,9,['METAR']
K9A4,K9A4,,9A4,,Courtland,34.66,-87.349,176,AL,US,5,['METAR']
K9A5,K9A5,,9A5,,Lafayette/Barwick Arpt,34.68463,-85.28988,234,GA,US,5,['METAR']
K9B2,K9B2,,,,Newport,44.93,-72.2,233,VT,US,9,[]
K9BB,K9BB,,,,Wells,41.12,-114.97,1722,NV,US,9,['METAR']
K9D4,K9D4,,9D4,,Myerstown,40.351799,-76.329597,523,PA,US,,[]
K9D7,K9D7,,9D7,,Cando Muni,48.4816,-99.23464,451,ND,US,5,['METAR']
K9F2,K9F2,,,,Fourchon,29.104,-90.19,2,LA,US,7,['METAR']
K9K7,K9K7,,9K7,,Ellsworth Muni,38.75024,-98.23164,1615,KS,US,5,['METAR']
K9K8,K9K8,,9K8,,Kingman,37.66899872,-98.12390137,1607,KS,US,,[]
K9L0,K9L0,,,,Dana Point,33.46,-117.71,15,CA,US,9,[]
K9L2,K9L2,,,,Edwards AF Aux North,34.996,-117.857,697,CA,US,6,['METAR']
K9MN,K9MN,,9MN,,Rochester/Mayo-St Marys,44.01984,-92.48292,308,MN,US,7,['METAR']
K9S2,K9S2,,9S2,,Scobey Arpt,48.808,-105.436,741,MT,US,6,['METAR']
K9S5,K9S5,,9S5,,Three Forks Arpt,45.88267,-111.56185,1246,MT,US,6,['METAR']
K9S9,K9S9,,9S9,,Lexington Arpt,45.45511,-119.68591,498,OR,US,6,['METAR']
K9V6,K9V6,,9V6,,Martin,43.165625,-101.71273,3293,SD,US,,[]
K9V9,K9V9,,9V9,72653,Chamberlain Muni,43.76534,-99.31626,511,SD,US,4,['METAR']
K9Y1,K9Y1,,9Y1,,Killdeer/Dunn Cnty,47.3941,-102.7731,695,ND,US,4,['METAR']
KA08,KA08,,A08,,Marion/Vaiden Fld,32.51673,-87.38526,64,AL,US,5,['METAR']
KA39,KA39,,A39,,Ak-Chin Rgnl,32.98753,-111.92165,391,AZ,US,6,['METAR']
KAAA,KAAA,,AAA,,Lincoln/Logan Cnty,40.15841,-89.33895,179,IL,US,5,['METAR']
KAAF,KAAF,AAF,AAF,72220,Apalachicola Muni,29.72681,-85.02481,5,FL,US,4,['METAR']
KAAI,KAAI,,,,UNK,-99.99,-99.99,9999,,US,8,[]
KAAO,KAAO,,AAO,,Wichita/Jabara Arpt,37.74965,-97.21908,429,KS,US,7,['METAR']
KAAP,KAAP,,,,Houston-Andrau,29.72,-95.59,9999,TX,US,9,[]
KAAS,KAAS,,AAS,,Campbellsville/Taylor Cnty,37.35694,-85.31515,270,KY,US,5,['METAR']
KAAT,KAAT,,AAT,,Alturas Muni,41.48362,-120.56149,1336,CA,US,4,['METAR']
KABE,KABE,ABE,ABE,72517,Allentown/Lehigh Valley Intl,40.65796,-75.43472,117,PA,US,3,"['METAR', 'TAF']"
KABH,KABH,,,,AFA/Bullseye Astrp,38.75865,-104.2991,1838,CO,US,5,['METAR']
KABI,KABI,ABI,ABI,72266,Abilene Rgnl,32.41062,-99.68208,543,TX,US,2,"['METAR', 'TAF']"
KABQ,KABQ,ABQ,ABQ,72365,Albuquerque Intl,35.04189,-106.61544,1620,NM,US,1,"['METAR', 'TAF']"
KABR,KABR,ABR,ABR,72659,Aberdeen Rgnl,45.44358,-98.41384,397,SD,US,3,"['METAR', 'TAF']"
KABX,KABX,,,,Albuquerque/NEXRAD,35.149,-106.824,1791,NM,US,9,[]
KABY,KABY,ABY,ABY,72216,Albany/SW Georgia Rgnl,31.53642,-84.1958,60,GA,US,3,"['METAR', 'TAF']"
KACB,KACB,ACB,ACB,,Bellaire/Antrim Cnty,44.98671,-85.20223,189,MI,US,6,['METAR']
KACJ,KACJ,,ACJ,,Americus/Carter Rgnl,32.11061,-84.18412,140,GA,US,5,['METAR']
KACK,KACK,ACK,ACK,72506,Nantucket Mem Arpt,41.25407,-70.05892,12,MA,US,3,"['METAR', 'TAF']"
KACP,KACP,,ACP,,Oakdale/Parish Arpt,30.74694,-92.68696,31,LA,US,4,['METAR']
KACQ,KACQ,,ACQ,,Waseca Muni,44.07022,-93.55346,339,MN,US,6,['METAR']
KACT,KACT,ACT,ACT,72256,Waco Rgnl,31.61797,-97.22829,150,TX,US,3,"['METAR', 'TAF']"
KACV,KACV,ACV,ACV,,Arcata Arpt,40.97844,-124.10478,63,CA,US,1,"['METAR', 'TAF']"
KACY,KACY,ACY,ACY,72407,Atlantic City Intl,39.45204,-74.567,18,NJ,US,3,"['METAR', 'TAF']"
KACZ,KACZ,,ACZ,,Wallace/Henderson Fld,34.718,-78.005,30,NC,US,4,[]
KADC,KADC,,ADC,,Wadena Muni,46.45021,-95.21354,416,MN,US,4,['METAR']
KADF,KADF,,ADF,,Arkadelphia/Florence Fld,34.09532,-93.06899,54,AR,US,5,"['METAR', 'TAF']"
KADG,KADG,ADG,ADG,,Adrian/Lenawee Cnty,41.86783,-84.07944,244,MI,US,5,['METAR']
KADH,KADH,ADT,ADH,,Ada Muni,34.80205,-96.67007,301,OK,US,5,['METAR']
KADM,KADM,ADM,ADM,,Ardmore Muni,34.30074,-97.00888,223,OK,US,6,['METAR']
KADS,KADS,ADS,ADS,,Dallas/Addison Arpt,32.96341,-96.83542,198,TX,US,6,['METAR']
KADT,KADT,,ADT,,Atwood/Rollins Cnty,39.84013,-101.04484,899,KS,US,5,['METAR']
KADU,KADU,,ADU,,Audubon Cnty Arpt,41.69935,-94.92042,391,IA,US,5,['METAR']
KADW,KADW,ADW,ADW,74594,Andrews AFB,38.82148,-76.8654,87,MD,US,6,"['METAR', 'TAF']"
KAEG,KAEG,,AEG,,Albuquerque/Double Eagle Arpt,35.15001,-106.79289,1771,NM,US,6,"['METAR', 'TAF']"
KAEJ,KAEJ,,AEJ,,Buena Vista/Central Colorado Rgnl,38.81163,-106.12134,2420,CO,US,5,['METAR']
KAEL,KAEL,AEL,AEL,,Albert Lea Muni,43.68226,-93.37216,382,MN,US,4,['METAR']
KAEX,KAEX,AEX,AEX,74754,Alexandria Intl,31.33464,-92.55849,25,LA,US,6,"['METAR', 'TAF']"
KAFF,KAFF,AFF,AFF,74531,Air Force Academy Arfld,38.971,-104.816,2003,CO,US,6,"['METAR', 'TAF']"
KAFJ,KAFJ,WSG,AFJ,,Washington Cnty Arpt,40.13625,-80.28512,360,PA,US,5,['METAR']
KAFK,KAFK,,AFK,,Nebraska City Muni,40.60651,-95.86354,353,NE,US,4,['METAR']
KAFN,KAFN,AFN,AFN,,Jaffrey Muni,42.80667,-72.00126,308,NH,US,6,['METAR']
KAFO,KAFO,AFO,AFO,,Afton Muni,42.71392,-110.94429,1881,WY,US,5,['METAR']
KAFP,KAFP,,AFP,,Wadesboro/Anson Cnty,35.01943,-80.07837,91,NC,US,5,['METAR']
KAFW,KAFW,AFW,AFW,,Fort Worth/Alliance Arpt,32.99,-97.32,208,TX,US,6,"['METAR', 'TAF']"
KAGC,KAGC,AGC,AGC,,Pittsburgh/Allegheny Cnty,40.3551,-79.92147,380,PA,US,5,"['METAR', 'TAF']"
KAGI,KAGI,,AGI,,Garden Banks 426,27.5461,-92.4434,41,LA,US,3,['METAR']
KAGO,KAGO,AGO,AGO,,Magnolia Muni,33.22662,-93.2154,91,AR,US,5,['METAR']
KAGR,KAGR,,AGR,74796,Avon Park Gnry,27.65,-81.33,20,FL,US,9,[]
KAGS,KAGS,AGS,AGS,72218,Augusta Rgnl,33.36517,-81.96352,40,GA,US,3,"['METAR', 'TAF']"
KAGZ,KAGZ,,AGZ,,Wagner Muni,43.064,-98.295,446,SD,US,9,['METAR']
KAHC,KAHC,AHC,AHC,,Herlong,40.26620102,-120.1529999,4012,CA,US,,[]
KAHH,KAHH,AHH,AHH,,Amery Muni,45.283,-92.374,323,WI,US,9,[]
KAHN,KAHN,AHN,AHN,72311,Athens/Epps Arpt,33.94773,-83.32736,241,GA,US,3,"['METAR', 'TAF']"
KAHQ,KAHQ,,AHQ,,Wahoo Muni,41.241,-96.594,372,NE,US,5,['METAR']
KAIA,KAIA,AIA,AIA,,Alliance Muni,42.05732,-102.80168,1198,NE,US,4,"['METAR', 'TAF']"
KAIB,KAIB,,AIB,,Nucla/Hopkins Fld,38.23899,-108.56684,1811,CO,US,4,['METAR']
KAID,KAID,AID,AID,,Anderson Muni,40.1061,-85.60975,277,IN,US,5,['METAR']
KAIG,KAIG,,AIG,,Antigo/Langlade Cnty,45.15655,-89.11147,462,WI,US,5,['METAR']
KAIK,KAIK,AIK,AIK,,Aiken Muni,33.65095,-81.68208,155,GA,US,4,['METAR']
KAIO,KAIO,AIO,AIO,,Atlantic Muni,41.40587,-95.04649,349,IA,US,4,['METAR']
KAIT,KAIT,,AIT,,Aitkin Muni,46.5483,-93.67544,367,MN,US,5,['METAR']
KAIV,KAIV,AIV,AIV,,Aliceville/Downer Arpt,33.108,-88.192,46,AL,US,9,[]
KAIY,KAIY,,,,Atlantic City/Bader,39.36,-74.456,5,NJ,US,9,[]
KAIZ,KAIZ,AIZ,AIZ,,Kaiser/Lee Fine Mem,38.10049,-92.54747,263,MO,US,4,['METAR']
KAJG,KAJG,,AJG,72033,Mount Carmel Muni,38.60931,-87.72513,130,IL,US,4,['METAR']
KAJL,KAJL,,,,Lava Mountain,43.674,-110.031,3161,WY,US,5,['METAR']
KAJO,KAJO,,AJO,,Corona Muni,33.89556,-117.59613,161,CA,US,5,['METAR']
KAJR,KAJR,,AJR,,Cornelia/Habersham Cnty,34.50061,-83.55188,441,GA,US,5,['METAR']
KAJZ,KAJZ,,AJZ,,Delta/Blake Fld,38.78688,-108.06585,1583,CO,US,5,['METAR']
KAKH,KAKH,,AKH,,Gastonia Muni,35.19682,-81.15552,242,NC,US,6,['METAR']
KAKO,KAKO,AKO,AKO,,Akron/Plains Rgnl,40.17429,-103.21459,1431,CO,US,3,['METAR']
KAKQ,KAKQ,,AKQ,,Norfolk Muni,36.98271,-77.00138,34,VA,US,4,['METAR']
KAKR,KAKR,AKC,AKR,,Akron/Fulton Intl,41.03733,-81.46341,319,OH,US,6,['METAR']
KALB,KALB,ALB,ALB,72518,Albany Intl,42.74732,-73.79913,82,NY,US,2,"['METAR', 'TAF']"
KALI,KALI,ALI,ALI,,Alice Intl,27.74131,-98.02506,52,TX,US,4,"['METAR', 'TAF']"
KALK,KALK,,,,Pioneer Airfld,31.606,-110.428,1451,AZ,US,7,['METAR']
KALM,KALM,ALM,ALM,,Alamogordo/White Sands Rgnl,32.83511,-105.99409,1267,NM,US,3,['METAR']
KALN,KALN,ALN,ALN,,Alton/St Louis Rgnl,38.88968,-90.03163,159,IL,US,5,['METAR']
KALO,KALO,ALO,ALO,72548,Waterloo Rgnl,42.55438,-92.40129,264,IA,US,3,"['METAR', 'TAF']"
KALS,KALS,ALS,ALS,72462,Alamosa/Bergman Fld,37.43932,-105.8618,2299,CO,US,3,"['METAR', 'TAF']"
KALW,KALW,ALW,ALW,,Walla Walla Rgnl,46.09457,-118.28572,355,WA,US,4,"['METAR', 'TAF']"
KALX,KALX,ALX,ALX,,Alexander City/Russell Fld,32.916,-85.964,198,AL,US,4,['METAR']
KALY,KALY,,,,Albany,42.69,-73.83,89,NY,US,9,[]
KAMA,KAMA,AMA,AMA,72363,Amarillo Intl Arpt,35.22028,-101.71733,1102,TX,US,2,"['METAR', 'TAF']"
KAMG,KAMG,,AMG,72316,Alma/Bacon Cnty,31.54006,-82.50736,61,GA,US,3,['METAR']
KAMN,KAMN,AMN,AMN,,Alma/Gratiot Communi,43.32093,-84.68712,228,MI,US,4,['METAR']
KAMT,KAMT,,AMT,,West Union/Salamon Arpt,38.854,-83.562,273,OH,US,9,[]
KAMW,KAMW,AMW,AMW,,Ames Muni,41.99045,-93.61852,282,IA,US,4,['METAR']
KAMX,KAMX,,,,Miami,25.611,-80.413,3,FL,US,9,[]
KANB,KANB,ANB,ANB,,Anniston Metro,33.59043,-85.84788,187,AL,US,4,"['METAR', 'TAF']"
KAND,KAND,AND,AND,72319,Anderson Rgnl,34.49801,-82.70923,233,SC,US,3,"['METAR', 'TAF']"
KANE,KANE,,ANE,,Blaine/Anoka Cnty,45.1426,-93.21273,276,MN,US,6,"['METAR', 'TAF']"
KANJ,KANJ,,ANJ,72734,Sault Ste Marie Muni,46.47998,-84.3581,220,MI,US,1,['METAR']
KANK,KANK,SLT,ANK,,Salida/Alexander Fld,38.538,-106.049,2293,CO,US,4,['METAR']
KANP,KANP,ANP,ANP,,Annapolis/Lee Arpt,38.943,-76.566,10,MD,US,9,[]
KANQ,KANQ,ANQ,ANQ,,Angola/Tri-State Arpt,41.64045,-85.08516,299,IN,US,4,['METAR']
KANR,KANR,,ANR,,Green Canyon Blk 763,27.2264,-91.19,92,LA,US,4,['METAR']
KANW,KANW,ANW,ANW,,Ainsworth Muni,42.5748,-99.99844,788,NE,US,5,['METAR']
KANY,KANY,ANY,ANY,,Anthony Muni,37.154,-98.078,408,KS,US,9,[]
KAOC,KAOC,,AOC,,Arco/Butte Cnty,43.606,-113.327,1626,ID,US,9,[]
KAOH,KAOH,AOH,AOH,,Lima/Allen Cnty,40.70807,-84.02141,294,OH,US,4,['METAR']
KAOO,KAOO,AOO,AOO,,Altoona/Blair Cnty,40.29991,-78.31679,450,PA,US,4,"['METAR', 'TAF']"
KAOV,KAOV,,AOV,,Ava/Martin Mem,36.972,-92.681,400,MO,US,9,[]
KAPA,KAPA,APA,APA,,Denver/Centennial Arpt,39.55989,-104.84843,1791,CO,US,5,"['METAR', 'TAF']"
KAPC,KAPC,APC,APC,,Napa Cnty Arpt,38.2075,-122.28041,5,CA,US,5,"['METAR', 'TAF']"
KAPF,KAPF,APF,APF,,Naples Muni,26.15498,-81.77513,2,FL,US,4,"['METAR', 'TAF']"
KAPG,KAPG,APG,APG,,Phillips,39.474,-76.166,18,MD,US,6,['METAR']
KAPN,KAPN,APN,APN,72639,Alpena Cnty Rgnl,45.07161,-83.56453,208,MI,US,2,"['METAR', 'TAF']"
KAPS,KAPS,,APS,,Reserve/Port of South Louisiana Exec,30.086,-90.584,1,LA,US,5,['METAR']
KAPT,KAPT,APT,APT,,Jasper/Marion Cnty,35.06,-85.586,195,TN,US,9,[]
KAPV,KAPV,APV,APV,,Apple Valley Cnty,34.569,-117.191,902,CA,US,9,['METAR']
KAPY,KAPY,,APY,,Zapata Cnty,26.969,-99.249,129,TX,US,4,['METAR']
KAQO,KAQO,,AQO,72011,Llano Muni,30.78729,-98.66077,334,TX,US,5,['METAR']
KAQP,KAQP,,AQP,,Appleton Muni,45.22488,-96.00412,312,MN,US,4,['METAR']
KAQQ,KAQQ,,,,Apalachicola,29.73,-85.03,6,FL,US,9,[]
KAQR,KAQR,,AQR,,Atoka Muni,34.40034,-96.14599,178,OK,US,4,['METAR']
KAQV,KAQV,,,72282,Ft Polk/Peason Ridge,31.396,-93.297,123,LA,US,5,['METAR']
KAQW,KAQW,,AQW,,North Adams/Harriman West Arpt,42.6973,-73.16963,196,MA,US,5,['METAR']
KAQX,KAQX,,AQX,,Allendale Cnty Arpt,32.99408,-81.27101,48,SC,US,5,['METAR']
KARA,KARA,ARA,ARA,,New Iberia/Acadiana Rgnl,30.02915,-91.88454,5,LA,US,5,"['METAR', 'TAF']"
KARB,KARB,ARB,ARB,,Ann Arbor Muni,42.22393,-83.73983,251,MI,US,5,['METAR']
KARG,KARG,ARG,ARG,,Walnut Ridge Rgnl,36.12556,-90.92156,82,AR,US,4,['METAR']
KARL,KARL,,,,Arlington,41.6,-106.21,2376,WY,US,9,['METAR']
KARM,KARM,WHT,ARM,,Wharton Rgnl,29.25147,-96.1508,29,TX,US,5,['METAR']
KARR,KARR,AUZ,ARR,,Aurora Muni,41.77133,-88.48146,213,IL,US,5,['METAR']
KART,KART,ART,ART,,Watertown Intl,43.98885,-76.02609,100,NY,US,3,"['METAR', 'TAF']"
KARV,KARV,ARV,ARV,,Woodruff/Lakeland Arpt,45.92638,-89.73068,494,WI,US,5,['METAR']
KARW,KARW,BFT,ARW,,Beaufort Cnty,32.41038,-80.63352,2,GA,US,6,['METAR']
KARX,KARX,,,,La Crosse/NEXRAD,43.869,-91.25,201,WI,US,9,[]
KASD,KASD,,ASD,72233,Slidell Arpt,30.34356,-89.82237,8,LA,US,4,"['METAR', 'TAF']"
KASE,KASE,ASE,ASE,,Aspen/Pitkin Cnty,39.22993,-106.87053,2384,CO,US,4,"['METAR', 'TAF']"
KASG,KASG,SPZ,ASG,,Springdale Muni,36.1802,-94.11756,410,AR,US,6,['METAR']
KASH,KASH,ASH,ASH,,Nashua/Boire Fld,42.77979,-71.51411,56,NH,US,4,['METAR']
KASJ,KASJ,,ASJ,,Ahoskie/Tri Cnty,36.29414,-77.17242,20,NC,US,5,['METAR']
KASL,KASL,ASL,ASL,,Marshall/Harrison Cnty,32.52075,-94.30661,104,TX,US,5,['METAR']
KASN,KASN,ASN,ASN,,Talladega Muni,33.569,-86.0519,159,AL,US,6,"['METAR', 'TAF']"
KAST,KAST,AST,AST,72791,Astoria Rgnl,46.15695,-123.88326,3,OR,US,3,"['METAR', 'TAF']"
KASW,KASW,,ASW,,Warsaw Muni,41.274,-85.842,253,IN,US,5,['METAR']
KASX,KASX,ASX,ASX,,Ashland/Kennedy Mem Arpt,46.54676,-90.91843,249,WI,US,4,['METAR']
KASY,KASY,ASY,ASY,,Ashley Muni,46.027,-99.356,619,ND,US,9,[]
KATA,KATA,,ATA,,Atlanta Muni,33.10173,-94.19366,85,TX,US,5,['METAR']
KATA1,,,,,Katrina Cut,30.258,-88.213,4,AL,US,8,[]
KATL,KATL,ATL,ATL,72219,Atlanta/Hartsfield-Jackson Intl,33.62972,-84.44223,309,GA,US,0,"['METAR', 'TAF']"
KATP,KATP,,ATP,,Green Canyon 787,27.1956,-90.0269,50,LA,US,3,['METAR']
KATS,KATS,ATS,ATS,,Artesia Muni,32.85237,-104.46445,1073,NM,US,5,['METAR']
KATT,KATT,,,,Austin/Camp Mabry,30.32077,-97.76043,203,TX,US,6,['METAR']
KATW,KATW,ATW,ATW,,Appleton/Outagamie Cnty,44.25194,-88.52603,266,WI,US,5,"['METAR', 'TAF']"
KATX,KATX,,,,Seattle/NEXRAD,48.195,-122.496,151,WA,US,9,[]
KATY,KATY,ATY,ATY,,Watertown Rgnl,44.90453,-97.14956,531,SD,US,4,"['METAR', 'TAF']"
KAUD,KAUD,,,,Audubon Park,29.93,-90.13,2,LA,US,7,['METAR']
KAUG,KAUG,AUG,AUG,,Augusta/State Arpt,44.3161,-69.79701,107,ME,US,3,"['METAR', 'TAF']"
KAUH,KAUH,,AUH,,Aurora/Potter Fld,40.8966,-97.99735,549,NE,US,6,['METAR']
KAUM,KAUM,AUM,AUM,,Austin Muni,43.66883,-92.93209,376,MN,US,5,['METAR']
KAUN,KAUN,AUN,AUN,,Auburn Muni,38.95527,-121.0865,453,CA,US,5,['METAR']
KAUO,KAUO,AUO,AUO,,Auburn Univ Arpt,32.61702,-85.43416,231,AL,US,4,"['METAR', 'TAF']"
KAUS,KAUS,AUS,AUS,72254,Austin/Bergstrom Intl,30.1831,-97.68063,148,TX,US,3,"['METAR', 'TAF']"
KAUW,KAUW,AUW,AUW,,Wausau Downtown,44.92647,-89.62481,367,WI,US,3,"['METAR', 'TAF']"
KAVC,KAVC,,AVC,,Mecklenburg/Brunswick Rgnl,36.68538,-78.05226,119,VA,US,3,['METAR']
KAVK,KAVK,,AVK,,Alva Muni,36.77649,-98.67239,450,OK,US,4,['METAR']
KAVL,KAVL,AVL,AVL,72315,Asheville Muni,35.43179,-82.53788,646,NC,US,3,"['METAR', 'TAF']"
KAVO,KAVO,AVO,AVO,,Avon Park Exec,27.591,-81.534,47,FL,US,9,[]
KAVP,KAVP,AVP,AVP,72513,Wilkes-Barre Scranton Intl,41.33349,-75.72272,290,PA,US,3,"['METAR', 'TAF']"
KAVQ,KAVQ,AVW,AVQ,,Tucson/Marana Rgnl,32.41116,-111.21596,618,AZ,US,5,['METAR']
KAVX,KAVX,AVX,AVX,72292,Avalon/Catalina Arpt,33.40421,-118.41458,482,CA,US,5,['METAR']
KAWG,KAWG,,AWG,,Washington Muni,41.27495,-91.67455,229,IA,US,4,['METAR']
KAWH,KAWH,,,,Wildhorse Res/E,41.67,-115.78,1902,NV,US,9,['METAR']
KAWM,KAWM,AWM,AWM,,West Memphis Muni,35.14013,-90.2359,64,AR,US,6,['METAR']
KAWO,KAWO,,AWO,,Arlington Muni,48.15839,-122.15914,38,WA,US,5,['METAR']
KAXA,KAXA,AXG,AXA,,Algona Muni,43.07964,-94.27235,371,IA,US,5,['METAR']
KAXH,KAXH,,AXH,,Houston/SW Arpt,29.50501,-95.47596,18,TX,US,6,['METAR']
KAXN,KAXN,AXN,AXN,,Alexandria/Chandler Fld,45.86803,-95.39399,433,MN,US,3,"['METAR', 'TAF']"
KAXO,KAXO,,,,Grand Isle,29.25,-89.97,2,LA,US,5,['METAR']
KAXQ,KAXQ,,AXQ,,Clarion Cnty,41.226,-79.438,444,PA,US,9,[]
KAXS,KAXS,AXS,AXS,,Altus/Quartz Mtn Rgnl,34.69633,-99.34023,433,OK,US,4,['METAR']
KAXV,KAXV,AXV,AXV,,Wapakoneta/Armstrong Arpt,40.49594,-84.29293,278,OH,US,5,['METAR']
KAXX,KAXX,AXX,AXX,,Angel Fire Arpt,36.422,-105.29,2543,NM,US,6,['METAR']
KAYE,KAYE,,,,Fort Devens/Aye,42.57,-71.6,82,MA,US,9,[]
KAYS,KAYS,AYS,AYS,72213,Waycross/Ware Cnty,31.24659,-82.40138,42,GA,US,5,['METAR']
KAZC,KAZC,,AZC,,Colorado City Muni,36.959,-113.013,1476,AZ,US,5,['METAR']
KAZE,KAZE,,AZE,,Hazlehurst Arpt,31.87923,-82.64543,78,GA,US,5,['METAR']
KAZO,KAZO,AZO,AZO,,Kalamazoo Intl,42.22827,-85.546,264,MI,US,4,"['METAR', 'TAF']"
KB21,KB21,,B21,,Carrabasse,45.085339,-70.216394,885,ME,US,,[]
KB23,KB23,,,,Battle Mountain+ Arpt,40.605,-116.872,1381,NV,US,9,['METAR']
KBAB,KBAB,BAB,BAB,,Beale AFB,39.145,-121.436,31,CA,US,4,"['METAR', 'TAF']"
KBAC,KBAC,,BAC,,Barnes Cnty Muni,46.9419,-98.01794,423,ND,US,5,['METAR']
KBAD,KBAD,BAD,BAD,,Barksdale AFB,32.488,-93.658,49,LA,US,6,"['METAR', 'TAF']"
KBAF,KBAF,BAF,BAF,,Westfield/Barnes Muni,42.16005,-72.71244,80,MA,US,6,"['METAR', 'TAF']"
KBAK,KBAK,CLU,BAK,,Columbus Muni,39.26645,-85.89259,199,IN,US,4,['METAR']
KBAM,KBAM,BAM,BAM,,Battle Mountain Arpt,40.60476,-116.87194,1381,NV,US,4,['METAR']
KBAN,KBAN,,,,Bridgeport,38.355,-119.522,2067,CA,US,4,"['METAR', 'TAF']"
KBAX,KBAX,,BAX,,Bad Axe/Huron Cnty,43.7774,-82.98276,229,MI,US,4,['METAR']
KBAZ,KBAZ,,BAZ,,New Braunfels Muni,29.70888,-98.04585,199,TX,US,5,['METAR']
KBBB,KBBB,BBB,BBB,,Benson Muni,45.33099,-95.64692,315,MN,US,5,['METAR']
KBBD,KBBD,BBD,BBD,,Brady/Curtis Fld,31.1766,-99.32292,554,TX,US,4,"['METAR', 'TAF']"
KBBF,KBBF,,BBF,,Brazos 133,27.835,-96.0131,26,TX,US,6,['METAR']
KBBG,KBBG,BKG,BBG,,Branson Arpt,36.52586,-93.19691,403,MO,US,5,"['METAR', 'TAF']"
KBBP,KBBP,BTN,BBP,,Bennettsville/Marlboro Jetport,34.6228,-79.7354,44,SC,US,5,['METAR']
KBBW,KBBW,BBW,BBW,,Broken Bow Muni,41.43653,-99.63851,771,NE,US,3,['METAR']
KBCB,KBCB,BCB,BCB,,Blacksburg/VA Tech Montgomery Exec,37.20801,-80.41269,642,VA,US,5,"['METAR', 'TAF']"
KBCE,KBCE,BCE,BCE,,Bryce Canyon Arpt,37.70128,-112.14897,2311,UT,US,4,"['METAR', 'TAF']"
KBCG,KBCG,,,,Butte La Rose,30.12,-91.55,10,LA,US,9,[]
KBCK,KBCK,,BCK,,Black River Falls Arpt,44.24988,-90.85004,256,WI,US,5,['METAR']
KBCR,KBCR,,BCR,,Bonifay/Tri Cnty Arpt,30.84316,-85.60431,26,FL,US,5,['METAR']
KBCT,KBCT,BCT,BCT,,Boca Raton Arpt,26.379,-80.106,3,FL,US,5,['METAR']
KBDE,KBDE,BDE,BDE,,Baudette Intl,48.72606,-94.61216,330,MN,US,4,['METAR']
KBDG,KBDG,BDG,BDG,,Blanding Muni,37.587,-109.481,1778,UT,US,3,['METAR']
KBDH,KBDH,ILL,BDH,,Willmar Muni,45.11112,-95.12584,341,MN,US,4,['METAR']
KBDJ,KBDJ,,BDJ,,Boulder Junction Arpt,46.137,-89.646,508,WI,US,9,[]
KBDL,KBDL,BDL,BDL,72508,Hartford/Bradley Intl,41.93741,-72.68203,52,CT,US,3,"['METAR', 'TAF']"
KBDN,KBDN,,BDN,,Bend Muni,44.10056,-121.19837,1044,OR,US,6,"['METAR', 'TAF']"
KBDQ,KBDQ,,BDQ,,Morrilton Muni,35.136,-92.713,98,AR,US,9,[]
KBDR,KBDR,BDR,BDR,72504,Bridgeport/Sikorsky Mem,41.16424,-73.12662,5,CT,US,4,"['METAR', 'TAF']"
KBDU,KBDU,WBU,BDU,,Boulder Muni,40.03771,-105.22737,1614,CO,US,6,['METAR']
KBDX,KBDX,,,,Broadus-Broadus,45.43,-105.42,922,MT,US,9,[]
KBEA,KBEA,,BEA,,Beeville Muni,28.36919,-97.79535,83,TX,US,4,['METAR']
KBEC,KBEC,BEC,BEC,,Wichita/Beech Factory Arpt,37.694,-97.215,421,KS,US,7,['METAR']
KBED,KBED,BED,BED,,Bedford/Hanscom Fld,42.46812,-71.29463,39,MA,US,6,"['METAR', 'TAF']"
KBEH,KBEH,BEH,BEH,,Benton Harbor/SW Michigan Rgnl,42.12897,-86.41516,196,MI,US,4,['METAR']
KBFA,KBFA,,BFA,,Boyne Falls Arpt,45.166,-84.924,219,MI,US,6,['METAR']
KBFD,KBFD,BFD,BFD,,Bradford Rgnl,41.79836,-78.63544,642,PA,US,3,"['METAR', 'TAF']"
KBFF,KBFF,BFF,BFF,72566,Scottsbluff/Western Nebraska Rgnl,41.87467,-103.60113,1204,NE,US,3,"['METAR', 'TAF']"
KBFI,KBFI,BFI,BFI,,Seattle/Boeing Fld,47.54554,-122.31475,7,WA,US,6,"['METAR', 'TAF']"
KBFL,KBFL,BFL,BFL,72384,Bakersfield/Meadows Arpt,35.43424,-119.05523,146,CA,US,2,"['METAR', 'TAF']"
KBFM,KBFM,BFM,BFM,,Mobile/Downtown Arpt,30.61465,-88.06303,7,AL,US,6,"['METAR', 'TAF']"
KBFR,KBFR,BFR,BFR,,Bedford/Grissom Arpt,38.83835,-86.44599,223,IN,US,5,[]
KBFU,KBFU,,,,Belle Fourche,43.93,-105.44,1432,WY,US,9,['METAR']
KBFW,KBFW,,BFW,,Silver Bay Muni,47.25207,-91.40982,335,MN,US,5,['METAR']
KBFZ,KBFZ,,BFZ,,Albertville Muni,34.23159,-86.24814,1032,AL,US,5,['METAR']
KBGD,KBGD,BGD,BGD,,Borger/Hutchinson Cnty,35.69502,-101.39551,928,TX,US,4,['METAR']
KBGE,KBGE,BGE,BGE,,Bainbridge/Decatur Cnty,30.97086,-84.63438,40,GA,US,4,['METAR']
KBGF,KBGF,,BGF,,Winchester Muni,35.17405,-86.06783,295,TN,US,5,['METAR']
KBGM,KBGM,BGM,BGM,72515,Binghamton Arpt,42.20677,-75.97991,485,NY,US,3,"['METAR', 'TAF']"
KBGR,KBGR,BGR,BGR,72607,Bangor Intl Arpt,44.7979,-68.8195,45,ME,US,2,"['METAR', 'TAF']"
KBHB,KBHB,BHB,BHB,,Bar Harbor/Hancock Cnty,44.45491,-68.36171,21,ME,US,4,"['METAR', 'TAF']"
KBHC,KBHC,,BHC,,Baxley Muni,31.71204,-82.39017,61,GA,US,5,['METAR']
KBHK,KBHK,,BHK,,Baker Muni,46.35205,-104.26135,904,MT,US,4,['METAR']
KBHM,KBHM,BHM,BHM,72228,Birmingham Intl,33.56546,-86.74491,191,AL,US,2,"['METAR', 'TAF']"
KBHX,KBHX,,,,Eureka,40.499,-124.292,732,CA,US,9,[]
KBID,KBID,BID,BID,,Block Island Arpt,41.16682,-71.57569,32,RI,US,5,['METAR']
KBIE,KBIE,BIE,BIE,,Beatrice Muni,40.30048,-96.75169,398,NE,US,4,['METAR']
KBIF,KBIF,BIF,BIF,,Biggs,31.861,-106.369,1201,TX,US,6,"['METAR', 'TAF']"
KBIH,KBIH,BIH,BIH,72480,Bishop Rgnl,37.37114,-118.35885,1252,CA,US,3,"['METAR', 'TAF']"
KBIJ,KBIJ,,BIJ,,Blakely/Early Cnty,31.40001,-84.89387,63,GA,US,5,['METAR']
KBIL,KBIL,BIL,BIL,72677,Billings/Logan Intl,45.80722,-108.54617,1089,MT,US,2,"['METAR', 'TAF']"
KBIS,KBIS,BIS,BIS,72764,Bismarck Arpt,46.78231,-100.7575,506,ND,US,1,"['METAR', 'TAF']"
KBIT,KBIT,,,,Bitter Creek,41.64,-108.58,2176,WY,US,9,['METAR']
KBIV,KBIV,,BIV,,Holland/Tulip City Arpt,42.74634,-86.09678,207,MI,US,4,['METAR']
KBIX,KBIX,BIX,BIX,,Biloxi/Keesler AFB,30.415,-88.922,4,MS,US,3,"['METAR', 'TAF']"
KBJC,KBJC,BJC,BJC,,Rocky Mtn Metro,39.90085,-105.1042,1694,CO,US,5,"['METAR', 'TAF']"
KBJI,KBJI,BJI,BJI,72755,Bemidji Municip,47.50764,-94.92787,422,MN,US,3,"['METAR', 'TAF']"
KBJJ,KBJJ,BJJ,BJJ,,Wooster/Wayne Cnty,40.87324,-81.88863,338,OH,US,4,['METAR']
KBJN,KBJN,,,,Tonopah Range#74,37.614,-116.264,1813,NV,US,4,['METAR']
KBKB,KBKB,,,,Ft Polk/Fullerton St,31.022,-92.911,74,LA,US,5,['METAR']
KBKD,KBKD,BKD,BKD,,Breckenridge/Stephens Cnty,32.72061,-98.89311,383,TX,US,4,['METAR']
KBKE,KBKE,BKE,BKE,,Baker Muni,44.84301,-117.80986,1025,OR,US,3,"['METAR', 'TAF']"
KBKF,KBKF,BFK,BKF,,Buckley SFB,39.713,-104.758,1703,CO,US,6,"['METAR', 'TAF']"
KBKL,KBKL,BKL,BKL,,Cleveland/Burke Lakefront Arpt,41.51732,-81.68318,177,OH,US,6,['METAR']
KBKN,KBKN,BWL,BKN,,Blackwell/Tonkawa Muni,36.74307,-97.34786,208,OK,US,6,['METAR']
KBKS,KBKS,,BKS,,Falfurrias/Brooks Cnty,27.20643,-98.12161,34,TX,US,5,['METAR']
KBKT,KBKT,BKT,BKT,,Blackstone/Perkinson,37.082,-77.953,134,VA,US,6,['METAR']
KBKV,KBKV,,BKV,,Brooksville-Tampa Bay Rgnl,28.47387,-82.45373,21,FL,US,4,['METAR']
KBKW,KBKW,BKW,BKW,72412,Beckley/Raleigh Cnty,37.78359,-81.12282,762,WV,US,3,"['METAR', 'TAF']"
KBKX,KBKX,BKX,BKX,,Brookings Rgnl,44.30755,-96.81834,494,SD,US,4,['METAR']
KBLF,KBLF,BLF,BLF,,Bluefield/Mercer Cnty,37.2978,-81.20359,871,WV,US,4,"['METAR', 'TAF']"
KBLH,KBLH,BLH,BLH,,Blythe Arpt,33.61876,-114.7145,119,CA,US,2,"['METAR', 'TAF']"
KBLI,KBLI,BLI,BLI,,Bellingham Intl,48.7991,-122.5407,46,WA,US,3,"['METAR', 'TAF']"
KBLM,KBLM,BLM,BLM,,Farmingdale/Monmouth Exec,40.18218,-74.12071,45,NJ,US,4,['METAR']
KBLU,KBLU,BLU,BLU,,Blue Canyon/Nyack Arpt,39.27619,-120.70926,1605,CA,US,4,['METAR']
KBLV,KBLV,BLV,BLV,,Belleville/Scott AFB,38.54,-89.845,134,IL,US,5,"['METAR', 'TAF']"
KBLX,KBLX,,,,Billing/NEXRAD,45.854,-108.607,1120,MT,US,9,[]
KBMC,KBMC,BMC,BMC,,Brigham City Arpt,41.54633,-112.06003,1289,UT,US,5,['METAR']
KBMG,KBMG,BMG,BMG,,Bloomington/Monroe Cnty,39.14315,-86.6168,254,IN,US,4,"['METAR', 'TAF']"
KBMG1,,,,,CMAN,-99.99,-99.99,9999,,,8,[]
KBMI,KBMI,BMI,BMI,,Bloomington Rgnl,40.47771,-88.91436,262,IL,US,4,"['METAR', 'TAF']"
KBML,KBML,BML,BML,72616,Berlin Muni,44.57604,-71.17821,344,NH,US,3,['METAR']
KBMQ,KBMQ,,BMQ,,Burnet Muni,30.74068,-98.23541,387,TX,US,5,['METAR']
KBMT,KBMT,BMT,BMT,,Beaumont Muni,30.06856,-94.21548,8,TX,US,6,['METAR']
KBMX,KBMX,,,,Birmingham/NEXRAD,33.18,-86.783,182,AL,US,9,[]
KBNA,KBNA,BNA,BNA,72327,Nashville Intl,36.11053,-86.68815,168,TN,US,1,"['METAR', 'TAF']"
KBNG,KBNG,BNG,BNG,,Banning Muni,33.923,-116.851,677,CA,US,9,[]
KBNL,KBNL,BNL,BNL,,Barnwell Cnty,33.26006,-81.38699,76,SC,US,5,['METAR']
KBNO,KBNO,BNO,BNO,72683,Burns Muni,43.59486,-118.9579,1263,OR,US,2,"['METAR', 'TAF']"
KBNW,KBNW,BNW,BNW,,Boone Muni,42.04857,-93.8486,350,IA,US,6,['METAR']
KBNY,KBNY,,,,Burney,40.88,-121.67,957,CA,US,9,['METAR']
KBOI,KBOI,BOI,BOI,72681,Boise Arpt,43.56704,-116.24061,860,ID,US,1,"['METAR', 'TAF']"
KBOK,KBOK,BOK,BOK,,Brookings/State Arpt,42.07535,-124.29023,140,OR,US,5,['METAR']
KBOS,KBOS,BOS,BOS,72509,Boston/Logan Intl,42.36057,-71.00974,4,MA,US,2,"['METAR', 'TAF']"
KBOU,KBOU,,,,Boulder/Denver-WFO,39.991,-105.261,1625,CO,US,9,[]
KBOW,KBOW,BOW,BOW,,Bartow Muni,27.94715,-81.78111,38,FL,US,6,['METAR']
KBOX,KBOX,,,,Boston/NEXRAD,41.956,-71.137,34,MA,US,9,[]
KBPC,KBPC,,BPC,,Pampa/Mesa Vista Ranch Arpt,35.8913,-101.0275,844,TX,US,5,['METAR']
KBPG,KBPG,HCA,BPG,,Big Springs/McMahon ,32.20974,-101.52472,782,TX,US,4,['METAR']
KBPI,KBPI,BPI,BPI,72671,Big Piney Arpt,42.57803,-110.10976,2120,WY,US,3,"['METAR', 'TAF']"
KBPK,KBPK,WMH,BPK,,Mountain Home/Baxter Cnty,36.37055,-92.47194,279,AR,US,4,"['METAR', 'TAF']"
KBPT,KBPT,BPT,BPT,72241,Beaumont/SE Texas Rgnl,29.95206,-94.02616,6,TX,US,3,"['METAR', 'TAF']"
KBQK,KBQK,BQK,BQK,,Brunswick/Golden Isles Arpt,31.25673,-81.47536,7,GA,US,6,['METAR']
KBQP,KBQP,,BQP,,Morehouse Mem Arpt,32.75826,-91.87929,50,LA,US,5,['METAR']
KBQX,KBQX,,BQX,,Brazos 538,28.314,-95.62,34,TX,US,4,['METAR']
KBRD,KBRD,BRD,BRD,,Brainerd/Lakes Rgnl,46.40206,-94.12733,372,MN,US,3,"['METAR', 'TAF']"
KBRG,KBRG,,BRG,,Belen Rgnl,34.64774,-106.83307,1585,NM,US,5,['METAR']
KBRL,KBRL,BRL,BRL,72542,Burlington/SE Iowa Rgnl,40.77293,-91.1255,208,IA,US,4,"['METAR', 'TAF']"
KBRO,KBRO,BRO,BRO,72250,Brownsville Intl,25.91459,-97.42314,6,TX,US,1,"['METAR', 'TAF']"
KBRX,KBRX,,,,Bordeaux,41.93,-104.94,1524,WY,US,9,['METAR']
KBRY,KBRY,BRY,BRY,,Bardstown/Samuel Fld,37.80794,-85.50105,192,KY,US,5,['METAR']
KBST,KBST,,BST,,Belfast Muni,44.409,-69.012,60,ME,US,9,[]
KBTA,KBTA,,BTA,,Blair Muni,41.415,-96.109,400,NE,US,6,['METAR']
KBTF,KBTF,BTF,BTF,,Bountiful/Skypath Arpt,40.868,-111.927,1291,UT,US,9,[]
KBTL,KBTL,BTL,BTL,,Battle Creek/Kellogg Fld Arpt,42.31192,-85.24147,282,MI,US,6,"['METAR', 'TAF']"
KBTM,KBTM,BTM,BTM,72774,Butte/Mooney Arpt,45.96435,-112.50146,1680,MT,US,4,"['METAR', 'TAF']"
KBTN,KBTN,TTO,BTN,,Britton Muni,45.81865,-97.74568,400,SD,US,4,['METAR']
KBTP,KBTP,BTP,BTP,,Pittsburgh/Butler Rgnl,40.7765,-79.9568,375,PA,US,5,['METAR']
KBTR,KBTR,BTR,BTR,72232,Baton Rouge/Ryan Fld,30.53783,-91.14679,20,LA,US,3,"['METAR', 'TAF']"
KBTV,KBTV,BTV,BTV,72617,Burlington Intl,44.46825,-73.14989,101,VT,US,2,"['METAR', 'TAF']"
KBTY,KBTY,BTY,BTY,,Beatty Arpt,36.861,-116.786,966,NV,US,9,[]
KBUB,KBUB,BUB,BUB,,Burwell/Cram Fld,41.777,-99.15,664,NE,US,9,[]
KBUF,KBUF,BUF,BUF,72528,Buffalo-Niagara Intl,42.93998,-78.73606,217,NY,US,1,"['METAR', 'TAF']"
KBUM,KBUM,BUM,BUM,,Butler Mem Arpt,38.288,-94.34,272,MO,US,9,[]
KBUO,KBUO,,,,Beaumont,33.93,-116.97,692,CA,US,5,[]
KBUR,KBUR,BUR,BUR,72288,Burbank/Bob Hope Arpt,34.19964,-118.36545,221,CA,US,5,"['METAR', 'TAF']"
KBUU,KBUU,,BUU,,Burlington Muni,42.69085,-88.30803,238,WI,US,5,['METAR']
KBUY,KBUY,,BUY,,Burlington/Alamance Rgnl,36.04751,-79.47374,185,NC,US,5,['METAR']
KBVE,KBVE,,,,Boothville,29.333,-89.407,0,LA,US,3,"['METAR', 'TAF']"
KBVI,KBVI,BFP,BVI,,Beaver Falls Arpt,40.77349,-80.38252,387,PA,US,5,"['METAR', 'TAF']"
KBVN,KBVN,,BVN,,Albion Muni,41.73015,-98.05456,547,NE,US,4,['METAR']
KBVO,KBVO,BVO,BVO,,Bartlesville Muni,36.7664,-96.01295,210,OK,US,4,"['METAR', 'TAF']"
KBVR,KBVR,,,,Beaver Rim,42.59,-108.29,2042,WY,US,9,['METAR']
KBVS,KBVS,MVW,BVS,,Burlington/Skagit Rgnl,48.46958,-122.41892,31,WA,US,6,['METAR']
KBVU,KBVU,,BVU,,Boulder City Muni,35.94892,-114.86328,654,NV,US,5,['METAR']
KBVX,KBVX,BVX,BVX,,Batesville Rgnl,35.72586,-91.65175,137,AR,US,3,['METAR']
KBVY,KBVY,BVY,BVY,,Beverly Muni,42.5841,-70.9153,28,MA,US,5,['METAR']
KBWC,KBWC,BWC,BWC,,Brawley Muni,32.993,-115.517,-39,CA,US,9,[]
KBWD,KBWD,BWD,BWD,,Brownwood Muni,31.78984,-98.95218,420,TX,US,3,['METAR']
KBWG,KBWG,BWG,BWG,,Bowling Green/Warren Cnty,36.96467,-86.4238,159,KY,US,3,"['METAR', 'TAF']"
KBWI,KBWI,BWI,BWI,72406,Baltimore-Washington Intl,39.17329,-76.68402,42,MD,US,3,"['METAR', 'TAF']"
KBWP,KBWP,WAH,BWP,,Breckenridge-Wahpeton/Stern Arpt,46.2444,-96.6046,294,ND,US,5,['METAR']
KBWW,KBWW,,BWW,,Bowman Rgnl,46.1656,-103.29641,911,ND,US,4,['METAR']
KBXA,KBXA,BXA,BXA,,Bogalusa/Carr Arfld,30.81043,-89.86275,35,LA,US,4,['METAR']
KBXG,KBXG,,BXG,,Waynesboro/Burke Cnty,33.041,-82.003,94,GA,US,9,[]
KBXK,KBXK,BXK,BXK,,Buckeye Muni,33.41777,-112.68842,303,AZ,US,6,['METAR']
KBXM,KBXM,,BXM,,Brunswick Exec,43.88479,-69.93538,16,ME,US,4,['METAR']
KBYG,KBYG,BYG,BYG,,Buffalo/Johnson Cnty,44.3812,-106.7195,1503,WY,US,5,['METAR']
KBYH,KBYH,BYH,BYH,,Blytheville/Arkansas Intl,35.965,-89.946,77,AR,US,7,['METAR']
KBYI,KBYI,BYI,BYI,,Burley Muni,42.54525,-113.76861,1263,ID,US,4,"['METAR', 'TAF']"
KBYL,KBYL,,BYL,,Williamsburg/Whitley Cnty,36.79541,-84.20127,355,KY,US,5,['METAR']
KBYS,KBYS,BYS,BYS,74611,Bicycle Lake ,35.271,-116.634,717,CA,US,4,"['METAR', 'TAF']"
KBYY,KBYY,BBC,BYY,,Bay City Muni,28.97172,-95.85837,12,TX,US,5,['METAR']
KBZN,KBZN,BZN,BZN,,Bozeman/Gallatin Fld,45.7876,-111.16152,1349,MT,US,3,"['METAR', 'TAF']"
KC04,KC04,,C04,,Hart/Shelb,43.641701,-86.329201,910,MI,US,,[]
KC07,KC07,,C07,,Walton Peak,40.35444,-106.69929,3224,CO,US,5,['METAR']
KC08,KC08,,C08,,Westcliffe/Silver West Arpt,38.01381,-105.3731,2527,CO,US,4,[]
KC09,KC09,,C09,,Morris Muni,41.43166,-88.41519,179,IL,US,5,['METAR']
KC24,KC24,,C24,,Creede/Mineral Cnty,37.822017,-106.930289,8680,CO,US,4,['METAR']
KC29,KC29,,C29,,Middleton Muni,43.11527,-89.53115,282,WI,US,7,['METAR']
KC35,KC35,,C35,,Reedsburg Muni,43.52609,-89.98085,272,WI,US,6,['METAR']
KC56,KC56,,C56,,Monee,41.377602,-87.681396,790,IL,US,,[]
KC62,KC62,,C62,,Kendallville Muni,41.47393,-85.25408,304,IN,US,5,['METAR']
KC65,KC65,,C65,,Plymouth Muni,41.36364,-86.29981,241,IN,US,5,['METAR']
KC73,KC73,,C73,,Dixon,41.833875,-89.443967,785,IL,US,,[]
KC75,KC75,,C75,,Lacon/Marshall Cnty,41.02308,-89.38858,166,IL,US,5,['METAR']
KC80,KC80,CLG,C80,,Coalinga,36.163101,-120.293999,622,CA,US,,[]
KC83,KC83,,C83,,Byron Arpt,37.82759,-121.6244,16,CA,US,5,['METAR']
KC96,KC96,,,,Winter Park,39.88,-105.77,2771,CO,US,9,[]
KC99,KC99,,C99,,Dakota Hill,39.869,-105.5534,3334,CO,US,6,['METAR']
KCAD,KCAD,CAD,CAD,,Cadillac/Wexford Cnty,44.27846,-85.42074,397,MI,US,4,['METAR']
KCAE,KCAE,CAE,CAE,72310,Columbia Metro,33.94224,-81.118,69,SC,US,2,"['METAR', 'TAF']"
KCAG,KCAG,CIG,CAG,72570,Craig-Moffat Arpt,40.49297,-107.52398,1888,CO,US,3,['METAR']
KCAK,KCAK,CAK,CAK,72521,Akron/Canton Rgnl,40.91811,-81.44342,369,OH,US,3,"['METAR', 'TAF']"
KCAO,KCAO,CAO,CAO,72360,Clayton Muni,36.44834,-103.15366,1517,NM,US,3,['METAR']
KCAR,KCAR,CAR,CAR,72712,Caribou Muni,46.87048,-68.01723,189,ME,US,1,"['METAR', 'TAF']"
KCAV,KCAV,,CAV,,Clarion Muni,42.74305,-93.75924,352,IA,US,5,['METAR']
KCBE,KCBE,CBE,CBE,,Cumberland Arpt,39.61819,-78.75981,226,MD,US,4,['METAR']
KCBF,KCBF,CBF,CBF,,Council Bluffs Muni,41.26114,-95.76042,379,IA,US,7,['METAR']
KCBG,KCBG,,CBG,,Cambridge Muni,45.557,-93.264,285,MN,US,6,['METAR']
KCBK,KCBK,CBK,CBK,,Colby/Shaltz Fld,39.43006,-101.05119,970,KS,US,4,['METAR']
KCBM,KCBM,CBM,CBM,,Columbus AFB,33.65191,-88.45669,59,MS,US,4,"['METAR', 'TAF']"
KCCA,KCCA,,CCA,,Clinton Muni,35.59461,-92.44553,152,AR,US,5,['METAR']
KCCB,KCCB,CCB,CCB,,Upland/Cable Arpt,34.11182,-117.68474,440,CA,US,6,['METAR']
KCCO,KCCO,,CCO,,Newnan/Coweta Cnty,33.3107,-84.77132,290,GA,US,6,['METAR']
KCCR,KCCR,CCR,CCR,72495,Concord/Buchanan Fld,37.99165,-122.05269,6,CA,US,5,['METAR']
KCCU,KCCU,,CCU,,Copper Mtn/Red Cliff,39.475,-106.152,3672,CO,US,5,['METAR']
KCCX,KCCX,,,,Stata College/NEXRAD,40.923,-78.004,733,PA,US,9,[]
KCCY,KCCY,CCY,CCY,,Charles City/NE Iowa Rgnl,43.07299,-92.61319,340,IA,US,4,['METAR']
KCDA,KCDA,LLX,CDA,,Lyndonville/Caledonia Cnty,44.56774,-72.01911,357,VT,US,6,['METAR']
KCDC,KCDC,CDC,CDC,,Cedar City Muni,37.70672,-113.09697,1703,UT,US,1,"['METAR', 'TAF']"
KCDD,KCDD,,CDD,,Crane Lake Seaplane,48.26014,-92.47482,344,MN,US,4,['METAR']
KCDH,KCDH,CDH,CDH,,Camden/Harrell Fld,33.619,-92.765,38,AR,US,5,['METAR']
KCDI,KCDI,,CDI,,Cambridg Muni,39.976,-81.577,241,OH,US,6,['METAR']
KCDJ,KCDJ,,,,Chillicothe Agri-Sci,39.81982,-93.57696,234,MO,US,4,['METAR']
KCDK,KCDK,CDK,CDK,,Cedar Key/Lewis Arpt,29.134,-83.05,3,FL,US,9,[]
KCDN,KCDN,CDN,CDN,,Camden/Woodward Fld,34.2815,-80.56361,90,SC,US,5,['METAR']
KCDR,KCDR,CDR,CDR,,Chadron Muni,42.83736,-103.09805,1002,NE,US,3,"['METAR', 'TAF']"
KCDS,KCDS,CDS,CDS,72366,Childress Muni,34.42746,-100.28391,595,TX,US,3,"['METAR', 'TAF']"
KCDW,KCDW,CDW,CDW,,Caldwell/Essex Cnty,40.87645,-74.28285,52,NJ,US,5,['METAR']
KCEA,KCEA,CEA,CEA,,Wichita-Cessna,37.648,-97.251,420,KS,US,9,[]
KCEC,KCEC,CEC,CEC,,Crescent City/McNama,41.78361,-124.23796,17,CA,US,3,"['METAR', 'TAF']"
KCEF,KCEF,CEF,CEF,74491,Chicopee/Westover AFB,42.201,-72.525,72,MA,US,5,"['METAR', 'TAF']"
KCEK,KCEK,,CEK,,Crete Muni,40.618,-96.926,457,NE,US,9,[]
KCEU,KCEU,CEU,CEU,,Clemson/Oconee Cnty,34.67221,-82.88142,270,SC,US,5,['METAR']
KCEV,KCEV,CEV,CEV,,Connersville/Mettel ,39.70464,-85.12927,263,IN,US,6,['METAR']
KCEW,KCEW,CEW,CEW,,Crestview/Sikes Arpt,30.77715,-86.51938,47,FL,US,3,['METAR']
KCEY,KCEY,CEY,CEY,,Murray/Oakley Fld,36.664,-88.372,172,KY,US,5,['METAR']
KCEZ,KCEZ,CEZ,CEZ,,Cortez/Montezuma Cnt,37.30707,-108.62645,1801,CO,US,4,['METAR']
KCFD,KCFD,CFD,CFD,,Bryan/Coulter Fld,30.71705,-96.33475,106,TX,US,6,['METAR']
KCFE,KCFE,,CFE,,Buffalo Muni,45.1601,-93.84605,292,MN,US,6,['METAR']
KCFJ,KCFJ,,CFJ,,Crawfordsville Muni,39.97674,-86.91484,243,IN,US,5,['METAR']
KCFO,KCFO,,CFO,,Denver/Colorado Air and Space Port,39.79476,-104.54048,1672,CO,US,7,['METAR']
KCFS,KCFS,TZC,CFS,,Tuscola Area Arpt,43.46243,-83.44276,214,MI,US,5,['METAR']
KCFT,KCFT,CFT,CFT,,Clifton-Morenci/Greenlee Cnty,32.95819,-109.21288,1144,AZ,US,9,[]
KCFV,KCFV,CFV,CFV,,Coffeyville Muni,37.09119,-95.5726,228,KS,US,4,['METAR']
KCGC,KCGC,,CGC,,Crystal River Arpt,28.86602,-82.57413,3,FL,US,5,['METAR']
KCGE,KCGE,CGE,CGE,,Cambridge/Dorchester Rgnl,38.53715,-76.03092,5,MD,US,4,['METAR']
KCGF,KCGF,CGF,CGF,,Cleveland/Cuyahoga Cnty,41.56599,-81.48267,265,OH,US,5,['METAR']
KCGI,KCGI,CGI,CGI,72329,Cape Girardeau Rgnl,37.22543,-89.57854,103,MO,US,2,"['METAR', 'TAF']"
KCGS,KCGS,CGS,CGS,,College Park Arpt,38.98057,-76.92514,15,MD,US,6,['METAR']
KCGX,KCGX,,,,Chicago/Meigs Fld,41.861,-87.607,181,IL,US,9,[]
KCGZ,KCGZ,CGZ,CGZ,,Casa Granda Muni,32.9531,-111.77254,444,AZ,US,4,['METAR']
KCHA,KCHA,CHA,CHA,72324,Chattanooga Metro,35.03363,-85.20039,203,TN,US,3,"['METAR', 'TAF']"
KCHD,KCHD,,CHD,,Chandler Muni,33.26688,-111.8086,378,AZ,US,6,['METAR']
KCHJ,KCHJ,,,,Chief Joseph,44.75,-109.37,2529,WY,US,9,[]
KCHK,KCHK,CHK,CHK,,Chickasha Muni,35.09272,-97.97092,346,OK,US,5,['METAR']
KCHN,KCHN,,CHN,,Wauchula,27.5149,-81.880501,106,FL,US,,[]
KCHO,KCHO,CHO,CHO,,Charlottesville/Albemarle Arpt,38.13737,-78.45514,193,VA,US,3,"['METAR', 'TAF']"
KCHQ,KCHQ,,CHQ,,Charleston/Mississip,36.842,-89.36,95,MO,US,9,[]
KCHS,KCHS,CHS,CHS,72208,Charleston Intl,32.89945,-80.0407,12,SC,US,1,"['METAR', 'TAF']"
KCHT,KCHT,,CHT,,Chillicothe Muni,39.78275,-93.49863,238,MO,US,9,[]
KCHU,KCHU,,CHU,,Caledonia/Houston Cnty,43.596,-91.504,359,MN,US,9,[]
KCIC,KCIC,CIC,CIC,,Chico Muni,39.79875,-121.85797,72,CA,US,5,['METAR']
KCID,KCID,CID,CID,72545,Cedar Rapids/E Iowa Arpt,41.8829,-91.72459,257,IA,US,3,"['METAR', 'TAF']"
KCII,KCII,,CII,,Choteau Arpt,47.82617,-112.17027,1202,MT,US,4,['METAR']
KCIN,KCIN,CIN,CIN,,Carroll/Neu Arpt,42.04436,-94.78884,365,IA,US,4,['METAR']
KCIR,KCIR,CIR,CIR,,Cairo Rgnl,37.06389,-89.22321,96,IL,US,5,['METAR']
KCIU,KCIU,CIU,CIU,,Chippewa Cnty Intl,46.2531,-84.47727,242,MI,US,5,"['METAR', 'TAF']"
KCJJ,KCJJ,,CJJ,,Cresco/Church Fld,43.365,-92.133,389,IA,US,9,[]
KCJR,KCJR,,CJR,,Culpeper Rgnl,38.52607,-77.85739,90,VA,US,4,['METAR']
KCJX,KCJX,CKD,CJX,,Crooked Cr,61.870315,-158.137636,178,AK,US,,[]
KCKB,KCKB,CKB,CKB,,Clarksburg/NC West Virginia Arpt,39.30217,-80.22391,368,WV,US,4,"['METAR', 'TAF']"
KCKC,KCKC,GRM,CKC,,Grand Marais Muni,47.83664,-90.38644,544,MN,US,5,['METAR']
KCKF,KCKF,,CKF,,Cordele/Crisp Cnty,31.98894,-83.77392,92,GA,US,4,['METAR']
KCKI,KCKI,,CKI,,Kingstree/Williamsburg Rgnl,33.71865,-79.8567,19,SC,US,4,['METAR']
KCKL,KCKL,,,,Centreville/Bib,32.9,-87.25,140,AL,US,9,[]
KCKM,KCKM,CKM,CKM,,Clarksdale/Fletcher Fld,34.29449,-90.5146,52,MS,US,4,['METAR']
KCKN,KCKN,CKN,CKN,,Crookston Muni,47.84042,-96.62013,272,MN,US,5,['METAR']
KCKP,KCKP,,CKP,,Cherokee Cnty,42.73044,-95.55379,369,IA,US,5,['METAR']
KCKV,KCKV,CKV,CKV,72328,Clarksville/Outlaw Fld,36.61688,-87.41175,166,TN,US,6,"['METAR', 'TAF']"
KCKZ,KCKZ,,CKZ,,Perkasie/Pennridge Arpt,40.38641,-75.29527,160,PA,US,6,"['METAR', 'TAF']"
KCLE,KCLE,CLE,CLE,72524,Cleveland/Hopkins Intl,41.40568,-81.85192,237,OH,US,2,"['METAR', 'TAF']"
KCLI,KCLI,CLI,CLI,,Clintonville Muni,44.61522,-88.73133,248,WI,US,4,['METAR']
KCLK,KCLK,CLK,CLK,,Clinton Rgnl,35.53812,-98.93358,489,OK,US,5,['METAR']
KCLL,KCLL,CLL,CLL,74746,College Station/Easterwood Arpt,30.59119,-96.36308,96,TX,US,3,"['METAR', 'TAF']"
KCLM,KCLM,CLM,CLM,,Port Angeles Intl,48.12193,-123.50657,81,WA,US,4,"['METAR', 'TAF']"
KCLR,KCLR,CLR,CLR,,Calipatria/Hatfield,33.131,-115.521,-55,CA,US,9,[]
KCLS,KCLS,CLS,CLS,,Chehalis-Centralia Arpt,46.67745,-122.98571,52,WA,US,5,['METAR']
KCLT,KCLT,CLT,CLT,72314,Charlotte/Douglas Intl,35.22254,-80.95432,223,NC,US,3,"['METAR', 'TAF']"
KCLW,KCLW,CLW,CLW,,Clearwater Air Park,27.97408,-82.75635,21,FL,US,7,['METAR']
KCMA,KCMA,,CMA,,Camarillo Arpt,34.21143,-119.08762,20,CA,US,4,"['METAR', 'TAF']"
KCMB,KCMB,,,,East Cameron 47,29.441,-92.979,29,LA,US,4,['METAR']
KCMD,KCMD,,CMD,,Culman Rgnl,34.27222,-86.85832,294,AL,US,5,['METAR']
KCMH,KCMH,CMH,CMH,72428,Columbus/Glenn Intl,39.99068,-82.87705,257,OH,US,2,"['METAR', 'TAF']"
KCMI,KCMI,CMI,CMI,,Champaign/Willard Arpt,40.0324,-88.27547,227,IL,US,3,"['METAR', 'TAF']"
KCMR,KCMR,,CMR,,Williams/Clark Fld,35.30156,-112.19697,2039,AZ,US,5,['METAR']
KCMS,KCMS,,,,Cemetery Separa,41.53,-109.46,1962,WY,US,9,['METAR']
KCMX,KCMX,CMX,CMX,72744,Houghton Cnty Mem,47.17046,-88.48538,326,MI,US,3,"['METAR', 'TAF']"
KCMY,KCMY,CMY,CMY,,Sparta/Ft McCoy Arpt,43.9581,-90.73976,253,WI,US,5,['METAR']
KCNB,KCNB,,CNB,,Canby Muni,44.72966,-96.26227,363,MN,US,5,['METAR']
KCNC,KCNC,,CNC,,Chariton Muni,41.01846,-93.36078,319,IA,US,4,['METAR']
KCNH,KCNH,CNH,CNH,,Claremont Muni,43.371,-72.368,166,NH,US,9,[]
KCNI,KCNI,,CNI,,Canton/Cherokee Cnty,34.31,-84.424,371,GA,US,5,['METAR']
KCNK,KCNK,CNK,CNK,72458,Concordia/Blosser Muni,39.55129,-97.65077,445,KS,US,2,['METAR']
KCNM,KCNM,CNM,CNM,,Carlsbad/Cavern City Air Term,32.33355,-104.25845,993,NM,US,4,"['METAR', 'TAF']"
KCNO,KCNO,CNO,CNO,,Chino Arpt,33.97563,-117.62486,191,CA,US,6,['METAR']
KCNP,KCNP,,CNP,,Chappell/Ray Fld,41.077,-102.464,1122,NE,US,9,[]
KCNU,KCNU,CNU,CNU,,Chanute/Johnson Arpt,37.67049,-95.48461,301,KS,US,3,"['METAR', 'TAF']"
KCNW,KCNW,CNW,CNW,,Waco/Texas State Tech Arpt,31.637,-97.071,139,TX,US,6,['METAR']
KCNY,KCNY,CNY,CNY,,Moab/Canyonland Fld,38.75007,-109.76266,1392,UT,US,4,"['METAR', 'TAF']"
KCOD,KCOD,COD,COD,72670,Cody/Yellowstone Rgnl,44.51999,-109.02678,1550,WY,US,3,"['METAR', 'TAF']"
KCOE,KCOE,COE,COE,,Coeur DAlene Arpt,47.77187,-116.83324,693,ID,US,5,"['METAR', 'TAF']"
KCOF,KCOF,COF,COF,74795,Cocoa Beach/Patrick,28.242,-80.608,1,FL,US,5,"['METAR', 'TAF']"
KCOI,KCOI,COI,COI,,Cocoa/Merritt Isl Arpt,28.34219,-80.68405,1,FL,US,9,['METAR']
KCOM,KCOM,COM,COM,,Coleman Muni,31.84148,-99.40578,516,TX,US,5,['METAR']
KCON,KCON,CON,CON,72605,Concord Muni,43.20488,-71.50257,102,NH,US,3,"['METAR', 'TAF']"
KCOQ,KCOQ,,COQ,,Cloquet/Carlton Cnty,46.69862,-92.50344,390,MN,US,6,['METAR']
KCOS,KCOS,COS,COS,72466,Colorado Spring Arpt,38.80948,-104.68874,1886,CO,US,3,"['METAR', 'TAF']"
KCOT,KCOT,COT,COT,,Cotulla/LaSalle Cnty,28.45851,-99.22276,144,TX,US,3,"['METAR', 'TAF']"
KCOU,KCOU,COU,COU,72445,Columbia Rgnl,38.81705,-92.21477,272,MO,US,3,"['METAR', 'TAF']"
KCPC,KCPC,,CPC,,Whiteville/Columbus Cnty,34.27528,-78.71464,27,NC,US,4,['METAR']
KCPF,KCPF,,CPF,,Hazard/Ford Arpt,37.3869,-83.2593,382,KY,US,6,['METAR']
KCPK,KCPK,,CPK,,Chesapeake Rgnl,36.6631,-76.32643,4,VA,US,5,['METAR']
KCPM,KCPM,CPM,CPM,,Compton/Woodley Arpt,33.89081,-118.24578,25,CA,US,9,[]
KCPP,KCPP,,CPP,,Greensboro/Greene Cnty,33.59906,-83.14014,207,GA,US,5,['METAR']
KCPR,KCPR,CPR,CPR,72569,Casper/Natrona Cnty,42.89778,-106.47364,1623,WY,US,1,"['METAR', 'TAF']"
KCPS,KCPS,CPS,CPS,,St Louis/Downtown Arpt,38.57,-90.156,125,IL,US,5,"['METAR', 'TAF']"
KCPT,KCPT,,CPT,72032,Cleburne Muni,32.35261,-97.43497,260,TX,US,5,['METAR']
KCPU,KCPU,,CPU,,San Andreas/Calaveras Cnty,38.14449,-120.64537,400,CA,US,5,['METAR']
KCPW,KCPW,,CPW,,Wolf Creek Pass,37.464,-106.804,3570,CO,US,5,['METAR']
KCQA,KCQA,,CQA,,Celina/Lakefield Arpt,40.483,-84.564,272,OH,US,9,[]
KCQB,KCQB,,CQB,,Chandler Muni,35.72233,-96.81872,298,OK,US,4,['METAR']
KCQC,KCQC,,CQC,,Clines Corners,35.00301,-105.66275,2163,NM,US,4,['METAR']
KCQF,KCQF,,CQF,,Fairhope/Callahan Arpt,30.46179,-87.874911,21,AL,US,5,['METAR']
KCQM,KCQM,,CQM,,Cook Muni,47.81993,-92.68167,406,MN,US,5,['METAR']
KCQN,KCQN,,,,Chattanooga / D,35.15,-85.15,225,TN,US,9,[]
KCQT,KCQT,,,,Los Angeles/USC Campus,34.024,-118.291,51,CA,US,6,[]
KCQV,KCQV,,,,Colville Muni,48.554,-117.884,573,WA,US,4,[]
KCQW,KCQW,HCW,CQW,,Cheraw Muni,34.71277,-79.96223,67,SC,US,5,['METAR']
KCQX,KCQX,,CQX,,Chatham Muni,41.68777,-69.99318,17,MA,US,4,['METAR']
KCRE,KCRE,CRE,CRE,,North Myrtle Beach/Grand Strand Arpt,33.81618,-78.72042,9,SC,US,5,"['METAR', 'TAF']"
KCRG,KCRG,CRG,CRG,74782,Jacksonville/Executive at Craig Arpt,30.33708,-81.51276,12,FL,US,6,"['METAR', 'TAF']"
KCRH,KCRH,,,,West Cameron,28.909,-93.302,34,TX,US,3,['METAR']
KCRO,KCRO,CRO,,,Corcoran-Corcor,36.1,-119.59,9999,CA,US,9,[]
KCRP,KCRP,CRP,CRP,72251,Corpus Christi Intl,27.77335,-97.51298,11,TX,US,2,"['METAR', 'TAF']"
KCRQ,KCRQ,CLD,CRQ,,Carlsbad/Palomar Arpt,33.12993,-117.27651,96,CA,US,5,"['METAR', 'TAF']"
KCRS,KCRS,CRS,CRS,,Corsicana Muni,32.03156,-96.39938,136,TX,US,4,['METAR']
KCRT,KCRT,CRT,CRT,,Crossett/Stell Fld,33.178,-91.88,56,AR,US,9,[]
KCRW,KCRW,CRW,CRW,72414,Charleston/Yeager Arpt,38.37951,-81.59113,278,WV,US,2,"['METAR', 'TAF']"
KCRX,KCRX,CRX,CRX,,Corinth/Turner Fld,34.92087,-88.60708,128,MS,US,5,['METAR']
KCRZ,KCRZ,,CRZ,,Corning Muni,40.994,-94.755,388,IA,US,9,[]
KCSB,KCSB,,CSB,,Cambridge Muni,40.307,-100.162,736,NE,US,9,['METAR']
KCSG,KCSG,CSG,CSG,,Columbus Arpt,32.51626,-84.94223,120,GA,US,2,"['METAR', 'TAF']"
KCSL,KCSL,,CSL,,Camp San Luis,35.333,-120.734,76,CA,US,9,[]
KCSM,KCSM,CSM,CSM,,Clinton/Sherman Arpt,35.35676,-99.2041,586,OK,US,4,"['METAR', 'TAF']"
KCSQ,KCSQ,CSQ,CSQ,,Creston Muni,41.01885,-94.36104,394,IA,US,5,['METAR']
KCSV,KCSV,CSV,CSV,72325,Crossville/Whitson Fld,35.95099,-85.08142,569,TN,US,3,"['METAR', 'TAF']"
KCTB,KCTB,CTB,CTB,72769,Cut Bank Muni,48.60356,-112.37663,1172,MT,US,3,"['METAR', 'TAF']"
KCTD,KCTD,,,,Continental Div,41.72,-107.78,2145,WY,US,9,['METAR']
KCTJ,KCTJ,,CTJ,,Carrollton/W Georgia Rgnl,33.63126,-85.15382,351,GA,US,5,['METAR']
KCTK,KCTK,,CTK,,Canton/Ingersoll Arpt,40.56826,-90.07636,205,IL,US,9,[]
KCTO,KCTO,,,,Calverton Exec Aprk,40.915,-72.792,23,NY,US,9,[]
KCTY,KCTY,CTY,CTY,72212,Cross City Arpt,29.63345,-83.10553,12,FL,US,4,['METAR']
KCTZ,KCTZ,CTZ,CTZ,,Clinton/Sampson Cnty,34.97523,-78.36275,43,NC,US,5,['METAR']
KCUB,KCUB,CUB,CUB,,Columbia/Downtown Arpt,33.97197,-80.99385,55,SC,US,6,"['METAR', 'TAF']"
KCUH,KCUH,CUH,CUH,,Cushing Muni,35.949,-96.768,274,OK,US,5,['METAR']
KCUL,KCUL,,CUL,,Carmi Muni,38.08873,-88.12122,116,IL,US,5,['METAR']
KCUT,KCUT,,CUT,,Custer Cnty Arpt,43.7331,-103.61511,1700,SD,US,5,['METAR']
KCVB,KCVB,,CVB,,Castroville Muni,29.34304,-98.84969,234,TX,US,6,['METAR']
KCVC,KCVC,,CVC,,Covington Muni,33.63122,-83.8482,240,GA,US,5,['METAR']
KCVG,KCVG,CVG,CVG,72421,Cincinnati Intl,39.04444,-84.67242,264,KY,US,1,"['METAR', 'TAF']"
KCVH,KCVH,HLI,CVH,,Hollister Muni,36.89195,-121.41049,68,CA,US,5,['METAR']
KCVK,KCVK,CKK,CVK,,Ash Flat/Sharp Cnty,36.265,-91.563,218,AR,US,9,[]
KCVN,KCVN,CVN,CVN,,Clovis Muni,34.42272,-103.08025,1278,NM,US,6,['METAR']
KCVO,KCVO,CVO,CVO,,Corvallis Muni,44.50126,-123.29304,75,OR,US,5,['METAR']
KCVS,KCVS,CVS,CVS,,Clovis/Cannon AFB,34.381,-103.322,1305,NM,US,3,"['METAR', 'TAF']"
KCVW,KCVW,,,,Cameron,29.778,-93.302,2,LA,US,9,['METAR']
KCVX,KCVX,,CVX,,Charlevoix Muni,45.30395,-85.26892,196,MI,US,5,['METAR']
KCWA,KCWA,CWA,CWA,,Mosinee/C Wisconsin Arpt,44.77947,-89.67102,387,WI,US,6,"['METAR', 'TAF']"
KCWC,KCWC,KIP,CWC,,Wichita Falls/Kickapoo Arpt,33.86295,-98.49144,304,TX,US,6,['METAR']
KCWF,KCWF,CWF,CWF,,Chenault Intl,30.22163,-93.1467,4,LA,US,6,['METAR']
KCWI,KCWI,CWI,CWI,,Clinton Muni,41.8295,-90.3328,212,IA,US,5,['METAR']
KCWN,KCWN,,,,Cheyenne Mountain,38.748,-104.847,2040,CO,US,6,['METAR']
KCWV,KCWV,,CWV,,Claxton/Evans Cnty,32.193,-81.873,32,GA,US,5,['METAR']
KCXA2,,,,,CMAN,-99.99,-99.99,9999,,,8,[]
KCXE,KCXE,,CXE,,Chase City Muni,36.79226,-78.50272,154,VA,US,6,['METAR']
KCXL,KCXL,CXL,CXL,,Calexico Intl,32.667,-115.517,1,CA,US,9,['METAR']
KCXO,KCXO,CXO,CXO,,Conroe/Executive Arpt,30.36108,-95.41758,69,TX,US,5,"['METAR', 'TAF']"
KCXP,KCXP,CSN,CXP,,Carson City Arpt,39.19054,-119.73186,1431,NV,US,5,"['METAR', 'TAF']"
KCXU,KCXU,,CXU,,Camilla/Mitchell Cnty,31.21415,-84.23585,48,GA,US,5,['METAR']
KCXW,KCXW,,CXW,,Conway/Cantrell Fld,35.02173,-92.55059,84,AR,US,5,['METAR']
KCXY,KCXY,HAR,CXY,,Harrisburg/Capital City Arpt,40.21844,-76.8552,102,PA,US,7,['METAR']
KCYD,KCYD,,CYD,,Mississippi Canyon Blk 807,28.1694,-89.2228,30,LA,US,3,['METAR']
KCYO,KCYO,,CYO,,Circleville/Pickaway Cnty,39.516,-82.982,209,OH,US,7,['METAR']
KCYS,KCYS,CYS,CYS,72564,Cheyenne Rgnl,41.15788,-104.80813,1868,WY,US,2,"['METAR', 'TAF']"
KCYW,KCYW,,CYW,,Clay Center Muni,39.387,-97.157,368,KS,US,9,[]
KCZD,KCZD,,CZD,,Cozad Muni,40.869,-100.005,800,NE,US,9,[]
KCZG,KCZG,,CZG,,Endicott,42.078499,-76.096296,833,NY,US,,[]
KCZK,KCZK,CZK,CZK,,Cascade Locks State Arpt,45.676,-121.879,46,OR,US,4,['METAR']
KCZL,KCZL,,CZL,,Calhoun/Tom David Fld,34.45,-84.936,197,GA,US,5,['METAR']
KCZT,KCZT,CZT,CZT,,Carrizo Springs Arpt,28.52044,-99.81918,176,TX,US,4,['METAR']
KCZZ,KCZZ,,,,Campo,32.626,-116.468,805,CA,US,4,['METAR']
KD04,KD04,,,,Bowman,46.18,-103.43,902,ND,US,9,[]
KD07,KD07,,,,Faith Muni,45.03256,-102.02003,786,SD,US,4,['METAR']
KD09,KD09,,D09,,Bottineau Muni,48.83,-100.417,512,ND,US,5,['METAR']
KD25,KD25,,D25,,Manitowish Waters Arpt,46.12035,-89.88003,490,WI,US,6,['METAR']
KD33,KD33,,,,Longville Muni,46.993,-94.208,407,MN,US,9,[]
KD39,KD39,,D39,,Sauk Center Muni,45.70565,-94.93085,378,MN,US,5,['METAR']
KD50,KD50,,D50,,Crosby Muni,48.92476,-103.29581,591,ND,US,5,['METAR']
KD55,KD55,,D55,,Langdon/Roberts Fld,48.75186,-98.39711,488,ND,US,5,['METAR']
KD57,KD57,,D57,,Glen Ullin Rgnl,46.814,-101.864,636,ND,US,4,['METAR']
KD60,KD60,,D60,,Tioga Muni,48.38338,-102.89847,682,ND,US,5,['METAR']
KD73,KD73,,D73,,Monroe/Walton Cnty,33.78258,-83.69482,254,GA,US,6,['METAR']
KD95,KD95,,D95,,Lapeer/Dumont Arpt,43.06754,-83.27023,253,MI,US,5,['METAR']
KDAA,KDAA,DAA,DAA,,Fort Belvoir/Davison,38.714,-77.178,17,VA,US,6,"['METAR', 'TAF']"
KDAA2,,,,,Kodiak Island,57.73,-152.514,5,AK,US,8,[]
KDAB,KDAB,DAB,DAB,74787,Daytona Beach Intl,29.17351,-81.07186,8,FL,US,3,"['METAR', 'TAF']"
KDAF,KDAF,,DAF,,Necedah Arpt,44.033,-90.08,280,WI,US,9,[]
KDAG,KDAG,DAG,DAG,,Barstow/Daggett Cnty,34.85371,-116.787,584,CA,US,3,"['METAR', 'TAF']"
KDAL,KDAL,DAL,DAL,72258,Dallas/Love Fld,32.83836,-96.83584,148,TX,US,6,"['METAR', 'TAF']"
KDAN,KDAN,DAN,DAN,,Danville Rgnl,36.57286,-79.33499,170,VA,US,3,"['METAR', 'TAF']"
KDAW,KDAW,,DAW,,Rochester/Skyhaven Arpt,43.27937,-70.92426,100,NH,US,6,['METAR']
KDAX,KDAX,,,,Sacramento,38.501,-121.678,9,CA,US,9,[]
KDAY,KDAY,DAY,DAY,72429,Dayton/Cox Intl,39.90637,-84.21853,303,OH,US,3,"['METAR', 'TAF']"
KDBN,KDBN,DBN,DBN,,Dublin/Barron Arpt,32.56322,-82.98554,90,GA,US,4,['METAR']
KDBQ,KDBQ,DBQ,DBQ,72547,Dubuque Rgnl,42.39836,-90.70915,317,IA,US,3,"['METAR', 'TAF']"
KDCA,KDCA,DCA,DCA,72405,Washington/Reagan-National Arpt,38.8472,-77.03453,4,VA,US,5,"['METAR', 'TAF']"
KDCM,KDCM,,DCM,,Chester Muni,34.79076,-81.1987,191,SC,US,5,['METAR']
KDCU,KDCU,DCU,DCU,,Decatur/Pryor Fld,34.65799,-86.94343,180,AL,US,6,['METAR']
KDCY,KDCY,,DCY,,Washington/Daviess Cnty,38.69532,-87.13142,143,IN,US,4,['METAR']
KDDC,KDDC,DDC,DDC,72451,Dodge City Arpt,37.77106,-99.96917,786,KS,US,1,"['METAR', 'TAF']"
KDDH,KDDH,,DDH,,Bennington/Morse State Arpt,42.89351,-73.24876,241,VT,US,5,['METAR']
KDEC,KDEC,DEC,DEC,,Decatur Arpt,39.83079,-88.87194,205,IL,US,4,"['METAR', 'TAF']"
KDED,KDED,,DED,,Deland Muni,29.075,-81.286,21,FL,US,6,['METAR']
KDEH,KDEH,DEH,DEH,,Decorah Muni,43.27549,-91.74332,348,IA,US,4,['METAR']
KDEN,KDEN,DEN,DEN,72565,Denver Intl,39.84657,-104.65623,1656,CO,US,0,"['METAR', 'TAF']"
KDEQ,KDEQ,,DEQ,,De Queen/Helms Arpt,34.04799,-94.40156,107,AR,US,4,['METAR']
KDET,KDET,DET,DET,,Detroit/C Young Arpt,42.40725,-83.00898,190,MI,US,5,"['METAR', 'TAF']"
KDEW,KDEW,,DEW,72787,Deer Park Arpt,47.97416,-117.42921,672,WA,US,5,['METAR']
KDFI,KDFI,DFI,DFI,,Defiance Mem Arpt,41.33571,-84.42849,215,OH,US,4,['METAR']
KDFW,KDFW,DFW,DFW,72259,Dallas-Ft Worth Intl,32.89744,-97.02195,168,TX,US,0,"['METAR', 'TAF']"
KDGW,KDGW,DGW,DGW,,Douglas/Converse Cnty,42.79599,-105.38004,1503,WY,US,4,['METAR']
KDHN,KDHN,DHN,DHN,,Dothan Rgnl,31.31768,-85.44323,113,AL,US,3,"['METAR', 'TAF']"
KDHS,KDHS,,,,Dead Horse,44.22,-106.1,1249,WY,US,9,['METAR']
KDHT,KDHT,DHT,DHT,74736,Dalhart Muni,36.02516,-102.54875,1217,TX,US,4,"['METAR', 'TAF']"
KDIJ,KDIJ,,DIJ,,Driggs/Reed Mem,43.74499,-111.09127,1896,ID,US,5,"['METAR', 'TAF']"
KDIK,KDIK,DIK,DIK,72763,Dickinson/Roosevelt ,46.79968,-102.79714,788,ND,US,3,"['METAR', 'TAF']"
KDIX,KDIX,,,,Philadelphia/NEXRAD,39.947,-74.411,45,NJ,US,9,[]
KDKB,KDKB,,DKB,,DeKalb/Taylor Muni,41.93385,-88.70658,277,IL,US,5,['METAR']
KDKK,KDKK,DKK,DKK,,Dunkirk/Chautauqua Cnty,42.4932,-79.27623,205,NY,US,4,['METAR']
KDKR,KDKR,,DKR,,Crockett/Houston Cnty,31.3097,-95.40391,105,TX,US,5,['METAR']
KDKX,KDKX,,DKX,,Knoxville/Downtown Arpt,35.96576,-83.8717,253,TN,US,6,['METAR']
KDLC,KDLC,DLL,DLC,,Dillon Cnty,34.449,-79.368,40,SC,US,9,[]
KDLF,KDLF,DLF,DLF,,Laughlin AFB,29.36656,-100.78467,328,TX,US,6,"['METAR', 'TAF']"
KDLH,KDLH,DLH,DLH,72745,Duluth Intl Arpt,46.84346,-92.1866,434,MN,US,2,"['METAR', 'TAF']"
KDLL,KDLL,,DLL,,Baraboo-Dells Arpt,43.52364,-89.77364,297,WI,US,5,['METAR']
KDLN,KDLN,DLN,DLN,72770,Dillon Arpt,45.2584,-112.55455,1586,MT,US,3,['METAR']
KDLO,KDLO,,DLO,,Delano Muni,35.74491,-119.23871,97,CA,US,6,['METAR']
KDLP,KDLP,,DLP,,West Delta 27A,29.1214,-89.5472,31,MS,US,5,['METAR']
KDLS,KDLS,DLS,DLS,,The Dalles Muni,45.61901,-121.16571,71,OR,US,3,"['METAR', 'TAF']"
KDLZ,KDLZ,,DLZ,,Delaware Muni,40.281,-83.114,287,OH,US,6,['METAR']
KDMA,KDMA,DMA,DMA,,Tucson/Davis AFB,32.165,-110.887,804,AZ,US,6,"['METAR', 'TAF']"
KDMH,KDMH,,,,Baltimore/Downtown,39.281,-76.611,4,MD,US,6,['METAR']
KDMN,KDMN,DMN,DMN,,Deming Muni,32.25924,-107.72055,1310,NM,US,3,"['METAR', 'TAF']"
KDMO,KDMO,DMO,DMO,,Sedalia Mem,38.71198,-93.17468,271,MO,US,5,['METAR']
KDMW,KDMW,,DMW,,Westminster/Carroll Cnty Rgnl,39.61,-77.007,239,MD,US,5,['METAR']
KDMX,KDMX,,,,Des Moines/NEXRAD,41.731,-93.723,299,IA,US,9,[]
KDNA,KDNA,,DNA,72364,Santa Teresa/Dona Cnty,31.87496,-106.69383,1254,NM,US,6,['METAR']
KDNK,KDNK,,,,Ft Polk Airstrip,31.116,-93.154,114,LA,US,7,['METAR']
KDNL,KDNL,DNL,DNL,,Augusta/Daniel Fld,33.4668,-82.03847,126,GA,US,7,"['METAR', 'TAF']"
KDNN,KDNN,DNN,DNN,,Dalton Muni,34.72699,-84.87331,216,GA,US,5,['METAR']
KDNS,KDNS,DNS,DNS,,Denison Muni,41.98423,-95.38003,382,IA,US,5,['METAR']
KDNV,KDNV,DNV,DNV,,Danville/Vermillion Rgnl,40.20316,-87.58972,208,IL,US,4,['METAR']
KDOV,KDOV,DOV,DOV,,Dover AFB,39.13,-75.465,6,DE,US,3,"['METAR', 'TAF']"
KDPA,KDPA,DPA,DPA,,Dupage Cnty Arpt,41.89641,-88.25119,228,IL,US,6,"['METAR', 'TAF']"
KDPG,KDPG,DPG,DPG,74003,Dugway Prvg Grounds,40.187,-112.934,1324,UT,US,4,['METAR']
KDPL,KDPL,,DPL,,Kenansville/Duplin Arpt,34.99941,-77.97994,39,NC,US,5,['METAR']
KDQH,KDQH,,DQH,,Douglas Muni,31.47385,-82.86091,76,GA,US,5,['METAR']
KDRA,KDRA,DRA,,72387,Mercury/Desert Rock,36.621,-116.029,988,NV,US,3,"['METAR', 'TAF']"
KDRC,KDRC,,,,Deer Creek,42.83,-105.86,1554,WY,US,9,['METAR']
KDRI,KDRI,DRI,DRI,,Deridder/Beauregard Rgnl,30.83443,-93.33585,59,LA,US,5,['METAR']
KDRM,KDRM,DRE,DRM,,Drummond Island Arpt,46.009,-83.743,201,MI,US,5,['METAR']
KDRO,KDRO,DRO,DRO,,Durango/La Plata Cnty,37.14311,-107.76025,2021,CO,US,4,"['METAR', 'TAF']"
KDRP,KDRP,,DRP,,Colt/Delta Rgnl,35.1213,-90.82458,73,AR,US,4,['METAR']
KDRT,KDRT,DRT,DRT,72261,Del Rio Intl,29.37839,-100.92703,303,TX,US,2,"['METAR', 'TAF']"
KDRU,KDRU,,,,Drummond Arpt,46.621,-113.205,1294,MT,US,9,[]
KDSF,KDSF,,DSF,,Mississippi Canyon 650,28.3426,-88.2649,40,LA,US,6,['METAR']
KDSM,KDSM,DSM,DSM,72546,Des Moines Intl,41.53395,-93.65312,286,IA,US,1,"['METAR', 'TAF']"
KDSV,KDSV,DSV,DSV,,Dansville Muni,42.56985,-77.71425,195,NY,US,4,['METAR']
KDTA,KDTA,DTA,DTA,,Delta Muni,39.38787,-112.50409,1452,UT,US,3,['METAR']
KDTG,KDTG,,DTG,,Dwight Arpt,41.133,-88.438,193,IL,US,9,[]
KDTL,KDTL,DTL,DTL,,Detroit Lakes Arpt,46.82862,-95.88573,425,MN,US,5,['METAR']
KDTN,KDTN,DTN,DTN,,Shreveport/Downtown Arpt,32.54293,-93.74498,53,LA,US,7,"['METAR', 'TAF']"
KDTO,KDTO,,DTO,,Denton Muni,33.20884,-97.19923,199,TX,US,5,['METAR']
KDTS,KDTS,DSI,DTS,,Destin Arpt,30.39333,-86.46739,5,FL,US,4,['METAR']
KDTW,KDTW,DTW,DTW,72537,Detroit/Metro Wayne Cnty,42.23112,-83.33122,192,MI,US,1,"['METAR', 'TAF']"
KDTX,KDTX,,,,Detroit/NEXRAD,42.7,-83.472,326,MI,US,9,[]
KDUA,KDUA,DUA,DUA,,Durant/Eaker Fld,33.94273,-96.39671,209,OK,US,4,"['METAR', 'TAF']"
KDUB,KDUB,,DUB,,Dubois Muni,43.54854,-109.68387,2205,WY,US,4,['METAR']
KDUC,KDUC,DUC,DUC,,Duncan/Halliburton Fld,34.47779,-97.96163,339,OK,US,5,['METAR']
KDUG,KDUG,DUG,DUG,72272,Douglas/Bisbee Intl,31.47254,-109.60223,1260,AZ,US,3,"['METAR', 'TAF']"
KDUH,KDUH,,DUH,,Toledo/Suburban Arpt,41.73751,-83.64934,203,MI,US,6,['METAR']
KDUJ,KDUJ,DUJ,DUJ,,Du Bois Rgnl,41.17947,-78.89326,552,PA,US,4,"['METAR', 'TAF']"
KDUX,KDUX,,DUX,,Dumas/Moore Cnty,35.8608,-102.00948,1129,TX,US,5,['METAR']
KDVK,KDVK,,DVK,,Danville/Powell Fld,37.57641,-84.76406,309,KY,US,4,['METAR']
KDVL,KDVL,DVL,DVL,,Devils Lake Rgnl,48.11358,-98.90338,439,ND,US,3,"['METAR', 'TAF']"
KDVN,KDVN,DVN,DVN,74455,Davenport Muni,41.61333,-90.59483,227,IA,US,5,['METAR']
KDVO,KDVO,NOT,DVO,,Novato/Gnoss Fld,38.14174,-122.55467,1,CA,US,5,['METAR']
KDVP,KDVP,NSL,DVP,,Slayton Muni,43.99055,-95.78102,493,MN,US,5,['METAR']
KDVT,KDVT,DVT,DVT,,Phoenix/Deer Valley Arpt,33.69022,-112.06618,454,AZ,US,6,"['METAR', 'TAF']"
KDWA,KDWA,,DWA,,Davis/Yolo Cnty,38.5803,-121.85429,28,CA,US,7,['METAR']
KDWH,KDWH,DWH,DWH,,Houston/Hooks Mem,30.068,-95.55627,46,TX,US,6,"['METAR', 'TAF']"
KDWU,KDWU,,DWU,,Ashland Rgnl,38.55602,-82.73751,165,KY,US,5,"['METAR', 'TAF']"
KDWX,KDWX,,DWX,,Dixon Arpt,41.03701,-107.49982,1974,WY,US,4,['METAR']
KDXE,KDXE,,DXE,,Dexter Muni,36.775,-89.941,93,MO,US,9,[]
KDXR,KDXR,DXR,DXR,,Danbury Muni,41.37215,-73.48337,138,CT,US,5,['METAR']
KDXX,KDXX,,DXX,,Madison/Lac Qui Parle Cnty,44.98386,-96.1789,327,MN,US,5,['METAR']
KDXY,KDXY,,,,St George Muni,37.04,-113.51,879,UT,US,9,[]
KDYA,KDYA,,DYA,,Demopolis Muni,32.46413,-87.95043,33,AL,US,4,['METAR']
KDYB,KDYB,,DYB,,Summerville Arpt,33.062,-80.28,15,SC,US,5,['METAR']
KDYL,KDYL,DYL,DYL,,Doylestown Arpt,40.33016,-75.12285,121,PA,US,5,['METAR']
KDYR,KDYR,,DYR,,Dyersburg Rgnl,35.99568,-89.40574,98,TN,US,3,['METAR']
KDYS,KDYS,DYS,DYS,,Abilene/Dyess AFB,32.406,-99.85,544,TX,US,6,"['METAR', 'TAF']"
KDYT,KDYT,,DYT,,Duluth/Sky Harbor Arpt,46.72307,-92.04382,185,MN,US,6,['METAR']
KDZB,KDZB,,DZB,,Marble Falls/Horseshoe Bay Arpt,30.52098,-98.3574,329,TX,US,4,['METAR']
KDZJ,KDZJ,,DZJ,,Blairsville Arpt,34.85518,-84.00143,578,GA,US,5,['METAR']
KE01,KE01,,E01,,Monahans/Hurd Mem,31.5804,-102.9081,796,TX,US,5,['METAR']
KE11,KE11,,E11,,Andrews Cnty,32.32807,-102.52831,966,TX,US,5,['METAR']
KE16,KE16,,E16,,San Martin Arpt,37.07969,-121.59801,84,CA,US,5,['METAR']
KE25,KE25,,E25,,Wickenburg,33.970172,-112.796043,2377,AZ,US,,[]
KE28,KE28,,,,Northrup Lndg S,32.9,-106.4,1193,NM,US,9,[]
KE33,KE33,,,,Chama,36.9,-106.58,2393,NM,US,9,['METAR']
KE38,KE38,,E38,,Alpine/Casparis Muni,30.38513,-103.68034,1372,TX,US,5,['METAR']
KE41,KE41,,E41,,Big Lake/Reagan Cnty,31.19448,-101.47324,825,TX,US,4,['METAR']
KE42,KE42,,E42,,Spearman Muni,36.21934,-101.19398,942,TX,US,5,['METAR']
KE57,KE57,,E57,,Denver City Arpt,32.976,-102.843,1090,TX,US,5,['METAR']
KE77,KE77,,E77,,San Manuel Arpt,32.63404,-110.64673,989,AZ,US,4,['METAR']
KE80,KE80,,,,Belen/Alexander Muni,34.648,-106.833,1580,NM,US,9,['METAR']
KE95,KE95,,E95,,Benson,31.999396,-110.358224,3829,AZ,US,,[]
KEAG,KEAG,,EAG,,Eagle Grove Muni,42.71,-93.916,345,IA,US,9,[]
KEAN,KEAN,EAN,EAN,,Wheatland/Phifer Fld,42.05627,-104.93858,1452,WY,US,5,['METAR']
KEAR,KEAR,EAR,EAR,,Kearney Rgnl,40.71927,-99.00862,649,NE,US,4,"['METAR', 'TAF']"
KEAT,KEAT,EAT,EAT,,Wenatchee/Pangborn Mem,47.39748,-120.20126,375,WA,US,3,"['METAR', 'TAF']"
KEAU,KEAU,EAU,EAU,,Eau Claire/Chippewa Valley Rgnl,44.86653,-91.48809,271,WI,US,3,"['METAR', 'TAF']"
KEAX,KEAX,,,,Kansas City/NEXRAD,38.81,-94.264,305,MO,US,9,[]
KEBA,KEBA,,EBA,,Elberton/Patz Fld,34.09574,-82.81209,180,GA,US,4,['METAR']
KEBG,KEBG,,EBG,,Edinburg/S Texas Intl,26.44332,-98.12549,21,TX,US,5,['METAR']
KEBS,KEBS,EBS,EBS,,Webster City Muni,42.43716,-93.87249,340,IA,US,5,['METAR']
KECA2,,,,,Ketchikan,55.333,-131.625,0,AK,US,8,[]
KECG,KECG,ECG,ECG,72307,Elizabeth City Rgnl,36.25715,-76.17161,2,NC,US,4,"['METAR', 'TAF']"
KECP,KECP,ECP,ECP,,Panama City/NW Florida Beaches Intl,30.34869,-85.78835,17,FL,US,3,"['METAR', 'TAF']"
KECS,KECS,ECS,ECS,,Newcastle/Mondell Arpt,43.88451,-104.31203,1273,WY,US,3,['METAR']
KECU,KECU,,ECU,,Rocksprings/Edwards Cnty,29.94801,-100.17356,725,TX,US,4,['METAR']
KEDC,KEDC,,EDC,,Austin/Executive Arpt,30.39263,-97.56215,184,TX,US,5,['METAR']
KEDE,KEDE,EDE,EDE,,Edenton/Northeast Rgnl,36.02859,-76.56679,4,NC,US,4,['METAR']
KEDJ,KEDJ,,EDJ,,Bellefontaine Rgnl,40.37136,-83.81418,341,OH,US,5,['METAR']
KEDN,KEDN,ETS,EDN,,Enterprise Muni,31.299,-85.9,103,AL,US,6,['METAR']
KEDU,KEDU,,EDU,,Davis/University Arpt,38.53005,-121.78826,20,CA,US,5,['METAR']
KEDW,KEDW,EDW,EDW,72381,Edwards AFB,34.908,-117.874,698,CA,US,4,"['METAR', 'TAF']"
KEED,KEED,EED,EED,,Needles Arpt,34.76784,-114.61845,271,CA,US,4,"['METAR', 'TAF']"
KEEN,KEEN,EEN,EEN,,Keene/Hopkins Arpt,42.89802,-72.26951,143,NH,US,4,['METAR']
KEEO,KEEO,,EEO,,Meeker Arpt,40.04437,-107.88836,1957,CO,US,4,['METAR']
KEET,KEET,,EET,72230,Alabaster/Shelby Cnty,33.17835,-86.78177,172,AL,US,5,"['METAR', 'TAF']"
KEEW,KEEW,,,,Neenah,44.22,-88.55,275,WI,US,9,[]
KEFC,KEFC,,EFC,,Belle Fourche Muni,44.734,-103.861,968,SD,US,9,['METAR']
KEFD,KEFD,EFD,EFD,,Houston/Ellington Arpt,29.606,-95.16,9,TX,US,7,"['METAR', 'TAF']"
KEFK,KEFK,EFK,EFK,,Newport/Northeast Kingdom Intl,44.8886,-72.22956,282,VT,US,4,"['METAR', 'TAF']"
KEFT,KEFT,,EFT,,Monroe Muni,42.61959,-89.59311,332,WI,US,4,['METAR']
KEFW,KEFW,EFW,EFW,,Jefferson Muni,42.01,-94.342,318,IA,US,9,[]
KEGE,KEGE,EGE,EGE,,Eagle Cnty Rgnl,39.64482,-106.91759,1993,CO,US,3,"['METAR', 'TAF']"
KEGI,KEGI,EGI,EGI,,Eglin AFB/Duke Fld,30.653,-86.525,59,FL,US,6,"['METAR', 'TAF']"
KEGP,KEGP,,,,Eagle Pass-Eagl,28.7,-100.48,9999,TX,US,9,[]
KEGQ,KEGQ,,EGQ,,Emmetsburg Muni,43.102,-94.705,367,IA,US,9,[]
KEGT,KEGT,,EGT,,Wellington Muni,37.32513,-97.39008,387,KS,US,5,['METAR']
KEGV,KEGV,EGV,EGV,,Eagle River/Union Arpt,45.93091,-89.267,499,WI,US,4,['METAR']
KEHA,KEHA,,EHA,,Elkhart/Morton Cnty,37.00115,-101.88019,1103,KS,US,3,['METAR']
KEHC,KEHC,,,,East Cameron,28.429,-92.878,31,LA,US,9,['METAR']
KEHO,KEHO,,EHO,,Shelby/Cleveland Cnty,35.25565,-81.59859,261,NC,US,5,['METAR']
KEHR,KEHR,,EHR,,Henderson City Arpt,37.80656,-87.6824,117,KY,US,5,['METAR']
KEHY,KEHY,,EHY,,Elk Mountain,41.725,-106.459,2239,WY,US,5,['METAR']
KEIK,KEIK,,EIK,,Erie Muni,40.01168,-105.05034,1551,CO,US,7,['METAR']
KEIR,KEIR,,,,Eugene Isl 215,28.634,-91.489,28,LA,US,6,['METAR']
KEIW,KEIW,,EIW,,New Madrid/County Mem,36.535,-89.6,90,MO,US,9,[]
KEKA,KEKA,EKA,EKA,72594,Eureka/Murray Fld,40.803,-124.113,13,CA,US,6,['METAR']
KEKE,KEKE,,EKE,,Eugene Island 251A,28.4971,-91.5702,31,LA,US,4,['METAR']
KEKM,KEKM,EKI,EKM,,Elkhart Muni,41.72218,-86.00004,236,IN,US,5,['METAR']
KEKN,KEKN,EKN,EKN,72417,Elkins Arpt,38.8899,-79.85544,596,WV,US,3,"['METAR', 'TAF']"
KEKO,KEKO,EKO,EKO,,Elko Rgnl,40.82402,-115.78634,1541,NV,US,1,"['METAR', 'TAF']"
KEKQ,KEKQ,,EKQ,,Monticello/Wayne Cnty,36.85764,-84.85624,291,KY,US,4,['METAR']
KEKS,KEKS,,EKS,,Ennis/Big Sky Arpt,45.276,-111.65,1636,MT,US,4,"['METAR', 'TAF']"
KEKX,KEKX,EKX,EKX,,Elizabethtown/Addington Fld,37.6924,-85.92041,234,KY,US,4,['METAR']
KEKY,KEKY,,EKY,,Bessemer Arpt,33.314,-86.925,213,AL,US,6,['METAR']
KELA,KELA,ELA,ELA,,Eagle Lake Arpt,29.60197,-96.3239,56,TX,US,6,['METAR']
KELD,KELD,ELD,ELD,,El Dorado/S Arkansas Rgnl,33.22072,-92.81405,76,AR,US,3,"['METAR', 'TAF']"
KELK,KELK,ELK,ELK,,Elk City Rgnl,35.42613,-99.39263,603,OK,US,6,['METAR']
KELM,KELM,ELM,ELM,,Elmira-Corning Rgnl,42.16009,-76.88996,287,NY,US,4,"['METAR', 'TAF']"
KELN,KELN,ELN,ELN,,Ellensburg/Bowers Fld,47.03376,-120.53135,532,WA,US,5,['METAR']
KELO,KELO,LYU,ELO,,Ely Muni,47.82871,-91.83711,438,MN,US,4,['METAR']
KELP,KELP,ELP,ELP,72270,El Paso Intl,31.81233,-106.37737,1205,TX,US,2,"['METAR', 'TAF']"
KELY,KELY,ELY,ELY,72486,Ely/Yelland Fld,39.29538,-114.84661,1906,NV,US,2,"['METAR', 'TAF']"
KELZ,KELZ,ELZ,ELZ,,Wellsville/Tarantine Fld,42.10774,-77.98423,639,NY,US,4,['METAR']
KEMK,KEMK,,EMK,,East Breaks 165,27.8186,-94.3228,20,TX,US,4,['METAR']
KEMM,KEMM,EMM,EMM,,Kemmerer Muni,41.82236,-110.55546,2219,WY,US,4,['METAR']
KEMP,KEMP,EMP,EMP,,Emporia Muni,38.32907,-96.19452,366,KS,US,4,['METAR']
KEMT,KEMT,EMT,EMT,,El Monte Arpt,34.08825,-118.03424,84,CA,US,5,['METAR']
KEMV,KEMV,,EMV,,Emporia Muni,36.68582,-77.48497,35,VA,US,5,['METAR']
KEND,KEND,END,END,,Enid/Vance AFB,36.338,-97.919,392,OK,US,4,"['METAR', 'TAF']"
KENL,KENL,ENL,ENL,,Centralia Muni,38.50953,-89.08996,161,IL,US,6,['METAR']
KENV,KENV,ENV,ENV,72581,Wendover Arpt,40.72112,-114.03119,1291,UT,US,3,"['METAR', 'TAF']"
KENW,KENW,ENW,ENW,,Kenosha Rgnl,42.59529,-87.93833,222,WI,US,4,"['METAR', 'TAF']"
KENX,KENX,,,,Albany,42.587,-74.064,559,NY,US,9,[]
KEOD,KEOD,,EOD,,Fort Campbell Arpt(AAF),36.568199,-87.480797,593,TN,US,6,['METAR']
KEOE,KEOE,,EOE,,Newberry Muni,34.30617,-81.64134,166,SC,US,5,['METAR']
KEOK,KEOK,EOK,EOK,,Keokuk Muni,40.46148,-91.42744,206,IA,US,5,['METAR']
KEOP,KEOP,,EOP,,Waverly,39.166901,-82.9282,660,OH,US,,[]
KEOS,KEOS,EOS,EOS,,Neosho/Robinson Arpt,36.808,-94.394,380,MO,US,9,['METAR']
KEPG,KEPG,,,,Weeping Water/Browns,40.867,-96.11,361,NE,US,9,[]
KEPH,KEPH,EPH,EPH,72790,Ephrata Muni,47.30777,-119.5155,382,WA,US,4,"['METAR', 'TAF']"
KEPM,KEPM,,EPM,,Eastport Muni,44.91138,-67.01337,13,ME,US,9,['METAR']
KEPO,KEPO,,,,Eastport,44.92,-67,23,ME,US,9,[]
KEPZ,KEPZ,,,,Santa Teresa,31.873,-106.698,1254,NM,US,9,[]
KEQA,KEQA,EDK,EQA,,El Dorado/Thomas Mem,37.77534,-96.81451,422,KS,US,5,['METAR']
KEQY,KEQY,,EQY,,Charlotte-Monroe Exec,35.01469,-80.62415,205,NC,US,5,['METAR']
KERI,KERI,ERI,ERI,72526,Erie Intl,42.08026,-80.18237,222,PA,US,3,"['METAR', 'TAF']"
KERR,KERR,ERR,ERR,,Errol Arpt,44.791,-71.163,380,NH,US,9,[]
KERV,KERV,ERV,ERV,,Kerrville Muni,29.97794,-99.08725,483,TX,US,4,['METAR']
KERY,KERY,,ERY,,Newberry/Luce Cnty,46.3151,-85.45682,261,MI,US,3,['METAR']
KESC,KESC,ESC,ESC,72648,Escanaba/Delta Cnty,45.72245,-87.08931,180,MI,US,3,['METAR']
KESF,KESF,ESF,ESF,,Alexandria/Esler Rgnl,31.3963,-92.28278,27,LA,US,3,"['METAR', 'TAF']"
KESN,KESN,ESN,ESN,,Easton Muni,38.804,-76.069,14,MD,US,5,['METAR']
KEST,KEST,EST,EST,,Estherville Muni,43.40085,-94.74764,401,IA,US,5,['METAR']
KESW,KESW,ESW,ESW,,Easton State Arpt,47.254,-121.185,678,WA,US,9,[]
KESX,KESX,,,,Las Vegas/NEXRAD,35.701,-114.892,1482,NV,US,9,[]
KETB,KETB,ETB,ETB,,West Bend Muni,43.42253,-88.13263,269,WI,US,4,['METAR']
KETC,KETC,,ETC,,Tarboro/Edgecombe Arpt,35.93629,-77.54161,15,NC,US,5,['METAR']
KETH,KETH,,ETH,,Wheaton Muni,45.78283,-96.54607,309,MN,US,5,['METAR']
KETN,KETN,ETN,ETN,,Eastland Muni,32.41642,-98.81129,445,TX,US,6,['METAR']
KETO,KETO,,ETO,,Mississippi Canyon Blk 941,28.0336,-89.1008,42,LA,US,6,['METAR']
KEUF,KEUF,EUF,EUF,,Eufaula/Weedon Fld,31.95162,-85.13123,87,AL,US,4,['METAR']
KEUG,KEUG,EUG,EUG,72693,Eugene/Mahlon Sweet Fld,44.13313,-123.21562,109,OR,US,1,"['METAR', 'TAF']"
KEUL,KEUL,,EUL,,Caldwell Ind Arpt,43.64049,-116.63018,741,ID,US,5,"['METAR', 'TAF']"
KEVB,KEVB,,EVB,,New Smyrna Beach Muni,29.05684,-80.94908,2,FL,US,6,['METAR']
KEVM,KEVM,EVM,EVM,,Eveleth Muni,47.42741,-92.49721,419,MN,US,5,['METAR']
KEVU,KEVU,,EVU,,Maryville/NW Missouri Rgnl,40.35243,-94.91373,351,MO,US,5,['METAR']
KEVV,KEVV,EVV,EVV,72432,Evansville Rgnl,38.05016,-87.51466,123,IN,US,2,"['METAR', 'TAF']"
KEVW,KEVW,EVW,EVW,,Evanston/Uinta Cnty,41.27268,-111.03054,2178,WY,US,4,"['METAR', 'TAF']"
KEVY,KEVY,,EVY,,Middletown/Summit Arpt,39.52,-75.718,20,DE,US,9,[]
KEWB,KEWB,EWB,EWB,,New Bedford Rgnl,41.67909,-70.95911,22,MA,US,4,['METAR']
KEWK,KEWK,EWK,EWK,,Newton City Arpt,38.06206,-97.27496,468,KS,US,5,['METAR']
KEWN,KEWN,EWN,EWN,,New Bern/Coastal Carolina Rgnl,35.06838,-77.04782,3,NC,US,3,"['METAR', 'TAF']"
KEWR,KEWR,EWR,EWR,72502,Newark Intl,40.68277,-74.16924,2,NJ,US,5,"['METAR', 'TAF']"
KEWX,KEWX,,,,San Antonio/NEXRAD,29.704,-98.029,194,TX,US,9,[]
KEXA2,,,,,CMAN,-99.99,-99.99,9999,,,8,[]
KEXX,KEXX,,EXX,,Lexington/Davidson Cnty,35.78045,-80.30839,221,NC,US,5,['METAR']
KEYE,KEYE,,EYE,,Indianapolis/Eagle Creek Arpt,39.82484,-86.29583,248,IN,US,6,['METAR']
KEYF,KEYF,,EYF,,Elizabethtown/Brown Fld,34.60419,-78.579,39,NC,US,5,['METAR']
KEYQ,KEYQ,,,,Houston/Weiser Aprk,29.936,-95.639,42,TX,US,9,[]
KEYW,KEYW,EYW,EYW,72201,Key West Intl,24.55706,-81.75538,1,FL,US,2,"['METAR', 'TAF']"
KEZF,KEZF,,EZF,,Fredericksburg/Shannon Arpt,38.26852,-77.44803,26,VA,US,5,['METAR']
KEZI,KEZI,,EZI,,Kewanee Muni,41.205,-89.964,261,IL,US,9,[]
KEZM,KEZM,,EZM,,Eastman/Heart Of Georgia Arpt,32.21363,-83.13215,86,GA,US,5,['METAR']
KEZP,KEZP,,EZP,,E Cameron 321A,28.2198,-92.7944,30,LA,US,3,['METAR']
KEZS,KEZS,,EZS,,Shawano Muni,44.78705,-88.56395,247,WI,US,6,['METAR']
KEZZ,KEZZ,,EZZ,,Cameron Arpt,39.72896,-94.27848,317,MO,US,5,['METAR']
KF00,KF00,,F00,,Bonham/Jones Fld,33.61581,-96.18092,189,TX,US,5,['METAR']
KF05,KF05,,F05,,Vernon/Wilbarger Cnty,34.22834,-99.28337,384,TX,US,5,['METAR']
KF10,KF10,,,,Henryetta Muni,35.408,-96.015,255,OK,US,9,[]
KF17,KF17,,F17,,Center Muni,31.8277,-94.15402,93,TX,US,4,['METAR']
KF35,KF35,,,,Graford/Possum Kingd,32.923,-98.437,307,TX,US,9,[]
KF39,KF39,,,,Sherman/N Texas Rgnl,33.714,-96.674,228,TX,US,9,[]
KF44,KF44,,F44,,Athens Muni,32.165,-95.829,137,TX,US,5,['METAR']
KF45,KF45,,F45,,North Palm Beach Cnty,26.84187,-80.22396,6,FL,US,6,['METAR']
KF46,KF46,,F46,,Rockwall Muni,32.93218,-96.43486,175,TX,US,5,['METAR']
KF54,KF54,,,,Arlington Muni,32.66,-97.09,192,TX,US,9,[]
KF70,KF70,,F70,,Murrieta/French Valley Arpt,33.577,-117.126,406,CA,US,4,['METAR']
KF95,KF95,,F95,,Blountstown/Calhoun Cnty,30.4881,-85.1148,45,FL,US,5,['METAR']
KFAF,KFAF,FAF,FAF,,Fort Eustis/Felker AAF,37.134,-76.61,3,VA,US,6,"['METAR', 'TAF']"
KFAM,KFAM,FAM,FAM,,Farmington Rgnl,37.76306,-90.42917,276,MO,US,4,['METAR']
KFAQ,KFAQ,,,,Fitiuta Village,-14.22,-169.42,34,,AS,9,[]
KFAR,KFAR,FAR,FAR,72753,Fargo/Hector Intl,46.92424,-96.81188,276,ND,US,2,"['METAR', 'TAF']"
KFAT,KFAT,FAT,FAT,72389,Fresno/Yosemite Intl,36.77998,-119.72019,102,CA,US,2,"['METAR', 'TAF']"
KFAY,KFAY,FAY,FAY,,Fayetteville Rgnl,34.98953,-78.88005,57,NC,US,3,"['METAR', 'TAF']"
KFBG,KFBG,FBG,FBG,74693,Fort Bragg/Simmons AAF,35.131,-78.932,69,NC,US,6,"['METAR', 'TAF']"
KFBL,KFBL,FBL,FBL,,Faribault Muni,44.32984,-93.31188,318,MN,US,5,['METAR']
KFBR,KFBR,FBR,FBR,,Fort Bridger Arpt,41.39409,-110.40596,2140,WY,US,3,['METAR']
KFBY,KFBY,FBY,FBY,,Fairbury Muni,40.182,-97.168,451,NE,US,9,[]
KFCA,KFCA,,,,Kalispell/Glacier Park Intl,48.3,-114.27,906,MT,US,9,['TAF']
KFCH,KFCH,FCH,FCH,,Fresno/Chandler Exec,36.73385,-119.82036,85,CA,US,7,['METAR']
KFCI,KFCI,,FCI,,Richmond/Chesterfield Cnty,37.407,-77.522,63,VA,US,6,['METAR']
KFCL,KFCL,,,,Fort Collins,40.58,-105.08,1525,CO,US,9,[]
KFCM,KFCM,FCM,FCM,,Eden Prairie/Flying,44.83215,-93.47049,276,MN,US,6,"['METAR', 'TAF']"
KFCS,KFCS,FCS,FCS,72468,Fort Carson/Butts AAF,38.67563,-104.75102,1789,CO,US,6,"['METAR', 'TAF']"
KFCT,KFCT,,FCT,,Yakima,46.669421,-120.455984,1378,WA,US,,[]
KFCX,KFCX,,,,Roanoke/NEXRAD,37.024,-80.274,877,VA,US,9,[]
KFCY,KFCY,FCY,FCY,,Forrest City/Hutfly Arpt,34.942,-90.775,76,AR,US,9,[]
KFDK,KFDK,FDK,FDK,,Frederick Muni,39.41766,-77.36956,82,MD,US,4,['METAR']
KFDR,KFDR,FDR,FDR,,Frederick Rgnl,34.35307,-98.98763,378,OK,US,5,['METAR']
KFDW,KFDW,,FDW,,Winnsboro/Fairfield Cnty,34.31511,-81.1119,174,SC,US,5,['METAR']
KFDY,KFDY,FDY,FDY,,Findlay Arpt,41.01368,-83.66812,247,OH,US,4,"['METAR', 'TAF']"
KFEP,KFEP,FEP,FEP,,Freeport/Albertus Arpt,42.24751,-89.58104,255,IL,US,5,['METAR']
KFES,KFES,,FES,,Festus Mem,38.195,-90.385,132,MO,US,9,[]
KFET,KFET,FET,FET,,Fremont Muni,41.44892,-96.52367,366,NE,US,4,['METAR']
KFEW,KFEW,,FEW,,Warren AFB,41.141,-104.869,1877,WY,US,7,['METAR']
KFFA,KFFA,FFA,FFA,,First Flight Airport,36.01651,-75.67393,2,NC,US,4,['METAR']
KFFC,KFFC,,FFC,,Peachtree City/Falcon Fld,33.35428,-84.56892,242,GA,US,5,['METAR']
KFFL,KFFL,FFL,FFL,,Fairfield Muni,41.05208,-91.98342,240,IA,US,5,['METAR']
KFFM,KFFM,FFM,FFM,,Fergus Falls/Mickelson Fld,46.28654,-96.15342,362,MN,US,4,['METAR']
KFFO,KFFO,FFO,FFO,74570,Wright Patterson AFB,39.837,-84.035,250,OH,US,6,"['METAR', 'TAF']"
KFFT,KFFT,FFT,FFT,,Frankfort/Capital City Arpt,38.18463,-84.90391,235,KY,US,5,['METAR']
KFFX,KFFX,,FFX,,Fremont Muni,43.44171,-85.99361,234,MI,US,5,['METAR']
KFFZ,KFFZ,MSC,FFZ,,Mesa/Falcon Fld,33.46587,-111.72123,420,AZ,US,6,['METAR']
KFGN,KFGN,,FGN,,Flag Island,49.318,-94.902,327,MN,US,4,['METAR']
KFGU,KFGU,,FGU,,Collegedal,35.044315,-85.020146,860,TN,US,,[]
KFGX,KFGX,,FGX,,Flemingsburg Arpt,38.53831,-83.74667,279,KY,US,4,['METAR']
KFGZ,KFGZ,,,,Flagstaff,35.231,-111.82,2181,AZ,US,9,[]
KFHB,KFHB,,FHB,,Fernandina Beach Muni,30.61306,-81.46233,4,FL,US,5,['METAR']
KFHM,KFHM,,,,Los Angeles Downtown,34.0677,-118.2417,126,CA,US,6,['METAR']
KFHR,KFHR,FRD,FHR,,Friday Harbor Arpt,48.51997,-123.02642,34,WA,US,5,['METAR']
KFHU,KFHU,FHU,FHU,72273,Fort Huachuca/Libby AAF,31.586,-110.348,1424,AZ,US,5,"['METAR', 'TAF']"
KFIG,KFIG,,FIG,,Clearfield/Lawrence Arpt,41.04647,-78.41118,461,PA,US,5,['METAR']
KFIN,KFIN,,FIN,,Palm Coast/Flagler Exec,29.467,-81.207,10,FL,US,5,['METAR']
KFIR,KFIR,,,,First Divide,41.29,-110.77,2310,WY,US,9,['METAR']
KFIT,KFIT,,FIT,,Fitchburg Muni,42.55494,-71.75699,102,MA,US,5,['METAR']
KFKA,KFKA,,FKA,,Preston/Fillmore Cnty,43.677,-92.174,388,MN,US,5,['METAR']
KFKL,KFKL,FKL,FKL,,Franklin/Lamberton Fld,41.38055,-79.86029,468,PA,US,4,"['METAR', 'TAF']"
KFKN,KFKN,FKN,FKN,,Franklin/Rose Arpt,36.69837,-76.90316,9,VA,US,4,['METAR']
KFKR,KFKR,,FKR,,Frankfort Muni,40.27479,-86.56438,260,IN,US,5,['METAR']
KFKS,KFKS,,FKS,72034,Frankfort/Dow Mem,44.62464,-86.19847,189,MI,US,5,['METAR']
KFLD,KFLD,FLD,FLD,,Fond Du Lac Cnty Arpt,43.7695,-88.49074,242,WI,US,5,['METAR']
KFLG,KFLG,FLG,FLG,72375,Flagstaff/Pulliam Arpt,35.14428,-111.66636,2134,AZ,US,4,"['METAR', 'TAF']"
KFLL,KFLL,FLL,FLL,74783,Ft Lauderdale-Hollywood Intl,26.07872,-80.16223,1,FL,US,5,"['METAR', 'TAF']"
KFLO,KFLO,FLO,FLO,,Florence Rgnl,34.18772,-79.73078,43,SC,US,3,"['METAR', 'TAF']"
KFLP,KFLP,FLP,FLP,,Flippin/Marion Cnty,36.29247,-92.5851,215,AR,US,6,['METAR']
KFLU,KFLU,,,,New York/Flushing,40.78,-73.83,9999,NY,US,9,[]
KFLV,KFLV,FLV,FLV,,Ft Leavenworth/Sherman AAF,39.369,-94.913,234,KS,US,9,['METAR']
KFLX,KFLX,FLX,FLX,,Fallon Muni,39.49966,-118.74612,1209,NV,US,9,[]
KFLY,KFLY,,FLY,,Meadow Lake Arpt,38.94392,-104.5684,2096,CO,US,7,['METAR']
KFME,KFME,FME,FME,,Fort Meade/Tipton Fld,39.086,-76.757,43,MD,US,6,['METAR']
KFMH,KFMH,FMH,FMH,,Otis ANGB,41.66082,-70.52207,35,MA,US,5,"['METAR', 'TAF']"
KFMM,KFMM,,FMM,,Fort Morgan Muni,40.33148,-103.80702,1376,CO,US,4,['METAR']
KFMN,KFMN,FMN,FMN,,Farmington/Four Corners Rgnl,36.74355,-108.22931,1677,NM,US,2,"['METAR', 'TAF']"
KFMY,KFMY,FMY,FMY,,Fort Myers/Page Fld,26.58396,-81.86146,4,FL,US,3,"['METAR', 'TAF']"
KFMZ,KFMZ,,FMZ,,Fairmont State Afld,40.586,-97.573,498,NE,US,9,[]
KFNB,KFNB,,FNB,,Falls City/Brenner Fld,40.07912,-95.58929,301,NE,US,3,['METAR']
KFNL,KFNL,FNL,FNL,,Fort Collins/N Colorado Rgnl,40.44272,-105.00972,1529,CO,US,3,['METAR']
KFNT,KFNT,FNT,FNT,72637,Flint/Bishop Intl,42.96685,-83.74996,235,MI,US,4,"['METAR', 'TAF']"
KFOA,KFOA,,FOA,,Flora Muni,38.66726,-88.45269,141,IL,US,6,['METAR']
KFOD,KFOD,FOD,FOD,72549,Fort Dodge Rgnl,42.549,-94.182,347,IA,US,4,"['METAR', 'TAF']"
KFOE,KFOE,FOE,FOE,,Topeka/Forbes Fld,38.9414,-95.65125,315,KS,US,7,"['METAR', 'TAF']"
KFOK,KFOK,FOK,FOK,,Westhampton/Gabreski Arpt,40.85055,-72.61929,13,NY,US,4,['METAR']
KFOM,KFOM,,FOM,,Fillmore Muni,38.96181,-112.35997,1519,UT,US,5,['METAR']
KFOQ,KFOQ,,,,Freeport Supple,29,-95.32,2,TX,US,9,[]
KFOT,KFOT,,FOT,,Fortuna/Rohnerville Arpt,40.5529,-124.13365,118,CA,US,5,['METAR']
KFOZ,KFOZ,,FOZ,,Bigfork Muni,47.78317,-93.6533,412,MN,US,4,['METAR']
KFPK,KFPK,,FPK,,Charotte/Beach Fld,42.57644,-84.81246,269,MI,US,6,['METAR']
KFPR,KFPR,FPR,FPR,,Ft Pierce/Treasure Coast Intl,27.49815,-80.37629,7,FL,US,5,"['METAR', 'TAF']"
KFPY,KFPY,,FPY,,Perry-Foley Arpt,30.07188,-83.57311,12,FL,US,4,['METAR']
KFQD,KFQD,,FQD,,Rutherfordton/Marchman Fld,35.43,-81.936,325,NC,US,4,['METAR']
KFRG,KFRG,FRG,FRG,,Farmingdale/Republic Arpt,40.73442,-73.41637,23,NY,US,5,['METAR']
KFRH,KFRH,FRH,FRH,,French Lick Muni,38.5034,-86.64416,241,IN,US,5,['METAR']
KFRI,KFRI,FRI,FRI,72455,Ft Riley/Marshall Fld,39.05682,-96.76169,232,KS,US,7,"['METAR', 'TAF']"
KFRM,KFRM,FRM,FRM,,Fairmont Muni,43.64552,-94.41685,353,MN,US,4,['METAR']
KFRR,KFRR,FRR,FRR,,Front Royal/Warren Cnty,38.9169,-78.24874,213,VA,US,5,['METAR']
KFSD,KFSD,FSD,FSD,72651,Sioux Falls/Foss Fld,43.57751,-96.75387,433,SD,US,3,"['METAR', 'TAF']"
KFSE,KFSE,,FSE,,Fosston Muni,47.589,-95.773,389,MN,US,6,['METAR']
KFSI,KFSI,FSI,FSI,72355,Fort Sill/Post AAF,34.64574,-98.40398,360,OK,US,6,"['METAR', 'TAF']"
KFSK,KFSK,FSK,FSK,,Fort Scott Muni,37.79598,-94.76763,276,KS,US,5,['METAR']
KFSM,KFSM,FSM,FSM,72344,Fort Smith Rgnl,35.33347,-94.36526,136,AR,US,3,"['METAR', 'TAF']"
KFSO,KFSO,,FSO,,Highgate/Franklin Cnty,44.94112,-73.09968,70,VT,US,4,['METAR']
KFST,KFST,FST,FST,,Fort Stockton/Pecos Cnty,30.91193,-102.91714,917,TX,US,3,"['METAR', 'TAF']"
KFSU,KFSU,FSU,FSU,,Fort Sumner Muni,34.488,-104.217,1269,NM,US,9,[]
KFSW,KFSW,FMS,FSW,,Fort Madison Muni,40.66151,-91.32674,219,IA,US,6,['METAR']
KFTG,KFTG,,,,Denver/Front Range Arpt,39.795,-104.54,1672,CO,US,7,['METAR']
KFTK,KFTK,FTK,FTK,72424,Fort Knox/Godman AAF,37.907,-85.973,225,KY,US,5,"['METAR', 'TAF']"
KFTN,KFTN,,FTN,,Faith Ranch Arpt,28.21113,-100.0236,236,TX,US,5,['METAR']
KFTT,KFTT,,FTT,,Fulton/Hensley Mem,38.838,-92.003,270,MO,US,9,[]
KFTW,KFTW,FTW,FTW,74739,Fort Worth/Meacham Intl,32.82478,-97.36403,213,TX,US,5,"['METAR', 'TAF']"
KFTY,KFTY,FTY,FTY,,Atlanta/Fulton Cnty,33.77759,-84.52465,245,GA,US,6,"['METAR', 'TAF']"
KFUL,KFUL,FUL,FUL,,Fullerton Muni,33.87154,-117.98561,23,CA,US,6,['METAR']
KFVE,KFVE,WFK,FVE,,Frenchville/N Aroostook Rgnl,47.2852,-68.30716,299,ME,US,4,"['METAR', 'TAF']"
KFVX,KFVX,,FVX,,Farmville Muni,37.36299,-78.43721,129,VA,US,4,['METAR']
KFWA,KFWA,FWA,FWA,72533,Fort Wayne Intl,40.97247,-85.20635,243,IN,US,2,"['METAR', 'TAF']"
KFWB,KFWB,,FWB,,Branson/West Muni,36.69326,-93.40491,392,MO,US,4,['METAR']
KFWC,KFWC,,FWC,,Fairfield Muni,38.37959,-88.41349,131,IL,US,5,['METAR']
KFWD,KFWD,,,,Ft Worth,32.835,-97.299,198,TX,US,9,[]
KFWH,KFWH,,,,Carswell AFB,32.769,-97.441,198,TX,US,9,[]
KFWN,KFWN,,FWN,,Sussex Arpt,41.19926,-74.62591,129,NJ,US,5,['METAR']
KFWQ,KFWQ,,FWQ,,Monongahela/Rostraver Arpt,40.211,-79.835,372,PA,US,9,[]
KFWS,KFWS,,FWS,,Fort Worth/Spinks Arpt,32.558,-97.308,211,TX,US,5,['METAR']
KFWZ,KFWZ,,FWZ,,South Pass,42.512,-108.776,2605,WY,US,5,['METAR']
KFXE,KFXE,FXE,FXE,,Ft Lauderdale Exec,26.19904,-80.17763,3,FL,US,6,"['METAR', 'TAF']"
KFXY,KFXY,FXY,FXY,,Forest City Muni,43.23232,-93.62369,366,IA,US,6,['METAR']
KFYE,KFYE,,FYE,,Somerville/Fayette Cnty,35.20611,-89.39289,133,TN,US,6,['METAR']
KFYG,KFYG,,FYG,,Washington Rgnl,38.58774,-90.99151,147,MO,US,5,['METAR']
KFYJ,KFYJ,,FYJ,,West Point/Middle Peninsula Arpt,37.52239,-76.76629,3,VA,US,5,['METAR']
KFYM,KFYM,FYM,FYM,,Fayetteville Muni,35.06029,-86.56558,297,TN,US,5,['METAR']
KFYV,KFYV,FYV,FYV,,Fayetteville/Drake Fld,36.01026,-94.1624,377,AR,US,4,"['METAR', 'TAF']"
KFZG,KFZG,,FZG,,Fitzgerald Muni,31.68401,-83.27116,105,GA,US,5,['METAR']
KFZI,KFZI,,FZI,,Fostoria Arpt,41.18933,-83.39466,228,OH,US,9,[]
KFZY,KFZY,,FZY,,Fulton/Oswego Cnty,43.35037,-76.38315,143,NY,US,5,['METAR']
KG01,KG01,,,,Green Canyon 184,27.53,-91.3,1,LA,US,9,[]
KGAB,KGAB,GAB,GAB,,Gabbs Arpt,38.922,-117.958,1432,NV,US,9,[]
KGAD,KGAD,GAD,GAD,,Gadsden/NE Alabama Rgnl,33.96862,-86.09171,169,AL,US,4,['METAR']
KGAF,KGAF,,GAF,,Grafton/Hutson Fld,48.40813,-97.36939,250,ND,US,5,['METAR']
KGAG,KGAG,GAG,GAG,74641,Gage Arpt,36.29659,-99.76865,670,OK,US,3,"['METAR', 'TAF']"
KGAI,KGAI,GAI,GAI,,Gaithersburg/Montgomery Cnty,39.16956,-77.1653,151,MD,US,5,['METAR']
KGAO,KGAO,,GAO,,Galliano/Miller Arpt,29.43519,-90.2599,0,LA,US,4,['METAR']
KGAS,KGAS,,GAS,,Gallipolis/Meigs Rgnl,38.834,-82.163,172,OH,US,9,[]
KGBD,KGBD,GBD,GBD,,Great Bend Muni,38.3405,-98.85915,573,KS,US,4,"['METAR', 'TAF']"
KGBG,KGBG,GBG,GBG,,Galesburg Muni,40.9329,-90.43339,230,IL,US,5,['METAR']
KGBK,KGBK,,GBK,,Garden Banks 783,27.2039,-92.2025,20,LA,US,4,['METAR']
KGBN,KGBN,,,74724,Gila Bend,32.885,-112.719,262,AZ,US,9,[]
KGBR,KGBR,GBR,GBR,,Great Barrington Arpt,42.184,-73.403,225,MA,US,9,[]
KGCA2,,,,,King Cove,55.062,-162.327,10,AK,US,8,[]
KGCC,KGCC,GCC,GCC,72665,Gillette/Campbell Cnty,44.33983,-105.54159,1328,WY,US,3,"['METAR', 'TAF']"
KGCD,KGCD,JDA,GCD,,John Day/Grant Cnty,44.40289,-118.96717,1122,OR,US,3,['METAR']
KGCK,KGCK,GCK,GCK,,Garden City Rgnl,37.92208,-100.723,877,KS,US,3,"['METAR', 'TAF']"
KGCM,KGCM,,GCM,,Claremore Rgnl,36.29182,-95.48251,215,OK,US,5,['METAR']
KGCN,KGCN,GCN,GCN,,Grand Canyon Park Arpt,35.94583,-112.15539,1993,AZ,US,3,"['METAR', 'TAF']"
KGCT,KGCT,,GCT,,Guthrie Center Rgnl,41.687,-94.435,372,IA,US,9,[]
KGCY,KGCY,GCY,GCY,,Greeneville/Greene Cnty,36.19237,-82.81345,488,TN,US,5,['METAR']
KGDA,KGDA,,GDA,,Marion/Crittenden Cnty,37.33437,-88.10954,199,KY,US,4,['METAR']
KGDB,KGDB,,GDB,,Granite Falls Muni,44.7521,-95.5591,316,MN,US,7,['METAR']
KGDJ,KGDJ,,GDJ,,Granbury Muni,32.44688,-97.81705,235,TX,US,5,['METAR']
KGDK,KGDK,,GDK,,Xenia/Jackson Rgnl,39.69352,-83.98958,284,OH,US,5,['METAR']
KGDM,KGDM,GDM,GDM,,Gardner Muni,42.55,-72.016,290,MA,US,9,[]
KGDP,KGDP,,,72262,Guadalupe Pass,31.83274,-104.80899,1664,TX,US,3,['METAR']
KGDV,KGDV,GDV,GDV,,Glendive/Dawson Arpt,47.14005,-104.81272,749,MT,US,3,"['METAR', 'TAF']"
KGDW,KGDW,GDW,GDW,,Gladwin/Zettel Mem,43.97,-84.475,234,MI,US,9,[]
KGDY,KGDY,,,,Grundy Muni,37.232,-82.125,702,VA,US,9,[]
KGED,KGED,GED,GED,,Georgetown/Sussex Cnty,38.68976,-75.36247,15,DE,US,4,['METAR']
KGEG,KGEG,GEG,GEG,72785,Spokane Intl,47.62169,-117.52796,718,WA,US,1,"['METAR', 'TAF']"
KGEO,KGEO,,GEO,,Georgetown/Brown Cnty,38.882,-83.883,292,OH,US,9,[]
KGEU,KGEU,,GEU,,Glendale Muni,33.528,-112.293,319,AZ,US,7,['METAR']
KGEV,KGEV,,GEV,,Jefferson/Ashe Cnty,36.43124,-81.42056,961,NC,US,4,['METAR']
KGEY,KGEY,GEY,GEY,,Greybull/South Big Horn Arpt,44.51735,-108.0752,1191,WY,US,4,['METAR']
KGEZ,KGEZ,,GEZ,,Shelbyville Muni,39.58545,-85.7998,245,IN,US,5,['METAR']
KGFA,KGFA,,GFA,,Malmstrom AFB,47.505,-111.187,1058,MT,US,6,"['METAR', 'TAF']"
KGFD,KGFD,GFD,GFD,,Greenfield/Pope Fld,39.79,-85.736,273,IN,US,9,[]
KGFK,KGFK,GFK,GFK,72757,Grand Forks Intl,47.94282,-97.18293,256,ND,US,3,"['METAR', 'TAF']"
KGFL,KGFL,GFL,GFL,72522,Glens Falls/Warren Cnty,43.33849,-73.61023,99,NY,US,4,"['METAR', 'TAF']"
KGFZ,KGFZ,,GFZ,,Greenfield Muni,41.327,-94.445,415,IA,US,9,[]
KGGB,KGGB,,,,Golden Gate Bridge,37.818,-122.478,81,CA,US,9,[]
KGGE,KGGE,GGE,GGE,,Georgetown Cnty,33.31376,-79.31871,9,SC,US,4,['METAR']
KGGF,KGGF,,GGF,,Grant Muni,40.871,-101.734,1044,NE,US,6,['METAR']
KGGG,KGGG,GGG,GGG,,Longview/Gregg Cnty,32.39094,-94.71396,107,TX,US,3,"['METAR', 'TAF']"
KGGI,KGGI,,GGI,,Grinnell Rgnl,41.70974,-92.73321,305,IA,US,5,['METAR']
KGGP,KGGP,,GGP,,Logansport/Cass Cnty,40.71271,-86.36735,224,IN,US,5,['METAR']
KGGW,KGGW,GGW,GGW,72768,Glasgow Intl Arpt,48.21416,-106.62139,698,MT,US,1,"['METAR', 'TAF']"
KGHB,KGHB,,GHB,,Garden Banks 172,27.8403,-91.9878,30,LA,US,4,['METAR']
KGHG,KGHG,,GHG,,Marshfield Muni,42.09607,-70.67692,3,MA,US,5,['METAR']
KGHM,KGHM,GHM,GHM,,Centerville Muni,35.837,-87.445,233,TN,US,9,[]
KGHW,KGHW,,GHW,,Glenwood Muni,45.64563,-95.31875,423,MN,US,6,['METAR']
KGIC,KGIC,IDH,GIC,,Grangeville/Idaho Cnty,45.9411,-116.13256,1002,ID,US,5,['METAR']
KGIF,KGIF,GIF,GIF,,Winter Haven Rgnl,28.06137,-81.75684,44,FL,US,4,['METAR']
KGJT,KGJT,GJT,GJT,72476,Grand Junction Rgnl,39.13437,-108.5408,1475,CO,US,2,"['METAR', 'TAF']"
KGKJ,KGKJ,MEJ,GKJ,,Meadville Arpt,41.62584,-80.21231,428,PA,US,4,['METAR']
KGKT,KGKT,GKT,GKT,,Gatlinburg-Pigeon Forge Arpt,35.85679,-83.53333,305,TN,US,5,['METAR']
KGKY,KGKY,,GKY,,Arlington Muni,32.65829,-97.0951,189,TX,US,6,"['METAR', 'TAF']"
KGLD,KGLD,GLD,GLD,72465,Goodland/Renner Fld,39.36729,-101.69322,1111,KS,US,2,"['METAR', 'TAF']"
KGLE,KGLE,GLE,GLE,,Gainesville Muni,33.65253,-97.19805,250,TX,US,4,['METAR']
KGLH,KGLH,GLH,GLH,74768,Greenville/Mid Delta Arpt,33.47723,-90.98467,40,MS,US,4,"['METAR', 'TAF']"
KGLR,KGLR,GLR,GLR,,Gaylord Rgnl,45.01656,-84.68943,403,MI,US,5,['METAR']
KGLS,KGLS,GLS,GLS,72242,Galveston/Scholes Intl,29.27037,-94.86422,2,TX,US,4,"['METAR', 'TAF']"
KGLW,KGLW,GLW,GLW,,Glasgow Muni,37.03368,-85.95235,216,KY,US,5,['METAR']
KGLX,KGLX,,GLX,,Mississippi Canyon 724,28.2347,-88.9843,32,LA,US,3,['METAR']
KGLY,KGLY,,GLY,,Clinton Mem,38.35719,-93.67741,247,MO,US,5,['METAR']
KGMJ,KGMJ,,GMJ,,Grove Muni,36.60698,-94.73688,251,OK,US,4,['METAR']
KGMU,KGMU,GMU,GMU,,Greenville/Downtown Arpt,34.84872,-82.35005,309,SC,US,6,"['METAR', 'TAF']"
KGNA,KGNA,,,,Grand Marais Bay,47.745,-90.346,186,MN,US,6,['METAR']
KGNB,KGNB,,GNB,,Granby/Grand Cnty,40.09038,-105.91132,2500,CO,US,5,['METAR']
KGNC,KGNC,,GNC,,Seminole/Gaines Cnty,32.678,-102.65,1002,TX,US,4,['METAR']
KGNF,KGNF,,GNF,,Grenada Muni,33.83791,-89.80747,59,MS,US,4,['METAR']
KGNG,KGNG,GNG,GNG,,Gooding Muni,42.91551,-114.76546,1128,ID,US,4,['METAR']
KGNR,KGNR,,,72619,Greenville Muni,45.46486,-69.55425,426,ME,US,4,['METAR']
KGNT,KGNT,GNT,GNT,,Grants-Milan Muni,35.16529,-107.90213,1988,NM,US,4,['METAR']
KGNV,KGNV,GNV,GNV,74756,Gainesville Rgnl,29.6917,-82.27602,41,FL,US,3,"['METAR', 'TAF']"
KGOK,KGOK,GOK,GOK,,Guthrie-Edmond Rgnl,35.85167,-97.41422,326,OK,US,5,['METAR']
KGON,KGON,GON,GON,,Groton-New London Arpt,41.32791,-72.04892,2,CT,US,5,"['METAR', 'TAF']"
KGOO,KGOO,,GOO,,Grass Valley/Nevada Cnty,39.224,-121.003,950,CA,US,5,['METAR']
KGOP,KGOP,,GOP,,Gatesville Muni,31.42077,-97.79512,272,TX,US,5,['METAR']
KGOV,KGOV,,GOV,,Grayling,44.681,-84.727,350,MI,US,5,['METAR']
KGPC,KGPC,,GPC,,Greencastle/Putnam Cnty,39.635,-86.816,254,IN,US,4,['METAR']
KGPH,KGPH,,GPH,,Mosby/Midwest Air Center,39.32478,-94.30819,233,MO,US,5,['METAR']
KGPI,KGPI,FCA,GPI,72779,Kalispell/Glacier Park Intl,48.30407,-114.26425,903,MT,US,3,"['METAR', 'TAF']"
KGPM,KGPM,,GPM,,Grand Prairie Muni,32.69279,-97.04846,178,TX,US,7,['METAR']
KGPT,KGPT,GPT,GPT,74757,Gulfport-Biloxi Intl,30.41209,-89.08093,5,MS,US,6,"['METAR', 'TAF']"
KGPZ,KGPZ,GPZ,GPZ,,Grand Rapids/Itasca Cnty,47.20294,-93.50706,410,MN,US,5,['METAR']
KGQQ,KGQQ,GQQ,GQQ,,Galion Muni,40.753,-82.724,373,OH,US,9,[]
KGRB,KGRB,GRB,GRB,72645,Green Bay/Straubel Intl,44.47959,-88.13704,209,WI,US,2,"['METAR', 'TAF']"
KGRD,KGRD,GRD,GRD,,Greenwood Cnty,34.25395,-82.15264,188,SC,US,4,['METAR']
KGRE,KGRE,GRE,GRE,,Greenville Arpt,38.832,-89.374,162,IL,US,9,['METAR']
KGRF,KGRF,GRF,GRF,,Fort Lewis/Gray AAF,47.079,-122.58,91,WA,US,6,"['METAR', 'TAF']"
KGRI,KGRI,GRI,GRI,72552,Grand Island Rgnl,40.96146,-98.31303,562,NE,US,2,"['METAR', 'TAF']"
KGRK,KGRK,GRK,GRK,,Killeen-Ft Hood Rgnl,31.07789,-97.83228,311,TX,US,3,"['METAR', 'TAF']"
KGRM,KGRM,,,,Grand Marais/Cook Cnty,47.838,-90.385,505,MN,US,9,['METAR']
KGRN,KGRN,GRN,GRN,,Gordon Muni,42.80393,-102.18102,1080,NE,US,5,['METAR']
KGRR,KGRR,GRR,GRR,72635,Grand Rapids Intl,42.8821,-85.52298,239,MI,US,2,"['METAR', 'TAF']"
KGRY,KGRY,,GRY,,Green Canyon 338,27.6247,-90.4411,58,LA,US,4,['METAR']
KGSB,KGSB,GSB,GSB,,Goldsboro/Johnson AFB,35.34455,-77.94583,33,NC,US,4,"['METAR', 'TAF']"
KGSH,KGSH,GSH,GSH,,Goshen Muni,41.52652,-85.78717,252,IN,US,4,['METAR']
KGSO,KGSO,GSO,GSO,72317,Greensboro Intl,36.0969,-79.94316,275,NC,US,1,"['METAR', 'TAF']"
KGSP,KGSP,GSP,GSP,72312,Greenville-Spartanburg Intl,34.88423,-82.22093,285,SC,US,4,"['METAR', 'TAF']"
KGTB,KGTB,,GTB,74370,Ft Drum/Wheeler AAF,44.06175,-75.72182,206,NY,US,5,"['METAR', 'TAF']"
KGTE,KGTE,,GTE,,Gothenburg Muni,40.925,-100.146,780,NE,US,9,[]
KGTF,KGTF,GTF,GTF,72775,Great Falls Intl,47.47327,-111.3828,1117,MT,US,3,"['METAR', 'TAF']"
KGTG,KGTG,GTG,GTG,,Grantsburg Muni,45.797,-92.665,284,WI,US,9,[]
KGTR,KGTR,GTR,GTR,,Golden Triangle Arpt,33.456,-88.593,80,MS,US,6,"['METAR', 'TAF']"
KGTU,KGTU,,GTU,,Georgetown Muni,30.68088,-97.67667,232,TX,US,4,['METAR']
KGUC,KGUC,GUC,GUC,,Gunnison Arpt,38.53225,-106.94185,2337,CO,US,3,"['METAR', 'TAF']"
KGUL,KGUL,,GUL,,Gurden Banks 668,27.3039,-93.5383,20,TX,US,3,['METAR']
KGUN,KGUN,,,,Gunbarrel,41.44,-104.35,1706,WY,US,9,['METAR']
KGUP,KGUP,GUP,GUP,,Gallup Muni,35.50856,-108.79317,1972,NM,US,3,"['METAR', 'TAF']"
KGUR,KGUR,,GUR,,Guernsey Arpt,42.261,-104.732,1341,WY,US,5,"['METAR', 'TAF']"
KGUS,KGUS,GUS,GUS,,Peru/Grissom ARB,40.6375,-86.1631,245,IN,US,6,"['METAR', 'TAF']"
KGUY,KGUY,GUY,GUY,,Guymon Muni,36.68186,-101.50515,950,OK,US,5,"['METAR', 'TAF']"
KGVE,KGVE,GVE,GVE,,Gordonsville Muni,38.15693,-78.16561,138,VA,US,6,['METAR']
KGVL,KGVL,GVL,GVL,,Gainesville/Gilmer Mem,34.27209,-83.83045,387,GA,US,4,['METAR']
KGVQ,KGVQ,,GVQ,,Batavia/Genesee Cnty,43.02981,-78.16651,279,NY,US,5,['METAR']
KGVT,KGVT,GVT,GVT,,Greenville/Majors Arpt,33.06688,-96.06143,165,TX,US,4,['METAR']
KGVW,KGVW,,GVW,,Galveston 209B,29.1303,-94.5466,37,TX,US,3,['METAR']
KGVX,KGVX,,,,Galveston 424,28.577,-94.976,20,TX,US,9,['METAR']
KGWB,KGWB,,GWB,,Auburn/De Kalb Cnty,41.30611,-85.05855,268,IN,US,5,['METAR']
KGWO,KGWO,GWO,GWO,74758,Greenwood/Leflore Arpt,33.49611,-90.08945,42,MS,US,3,"['METAR', 'TAF']"
KGWR,KGWR,,GWR,,Gwinner Muni,46.21846,-97.6396,381,ND,US,4,['METAR']
KGWS,KGWS,GWS,GWS,,Glenwood Springs Muni,39.506,-107.309,1803,CO,US,9,[]
KGWW,KGWW,,GWW,74694,Goldsboro/Wayne Muni,35.46373,-77.96035,40,NC,US,6,['METAR']
KGXA,KGXA,,GXA,,Gray Butte Fld,34.565,-117.669,927,CA,US,5,['METAR']
KGXA2,,,,,CMAN,-99.99,-99.99,9999,,,8,[]
KGXF,KGXF,,GXF,,Gila Bend,32.885,-112.721,261,AZ,US,3,['METAR']
KGXY,KGXY,GXY,GXY,,Greeley/Weld Cnty Arpt,40.43447,-104.62964,1420,CO,US,5,['METAR']
KGYB,KGYB,,GYB,,Giddings/Lee Cnty,30.17144,-96.97847,140,TX,US,5,['METAR']
KGYF,KGYF,,GYF,,Alaminos Canyon Blk 857,26.1292,-94.8981,65,TX,US,4,['METAR']
KGYH,KGYH,GDC,GYH,,Greenville/Donaldson Fld,34.763,-82.375,283,SC,US,5,['METAR']
KGYI,KGYI,PNX,GYI,,Dennison/N Texas Rgnl,33.72307,-96.67144,227,TX,US,5,['METAR']
KGYL,KGYL,,GYL,,Glencoe Muni,44.75881,-94.09053,304,MN,US,5,['METAR']
KGYR,KGYR,GYR,GYR,,Phoenix/Goodyear Muni,33.428,-112.368,292,AZ,US,6,['METAR']
KGYX,KGYX,,,,Gray,43.894,-70.257,118,ME,US,9,[]
KGYY,KGYY,,GYY,,Gary Intl,41.61209,-87.4091,179,IN,US,6,"['METAR', 'TAF']"
KGZH,KGZH,,GZH,,Evergreen/Middleton Fld,31.41912,-87.04843,77,AL,US,4,['METAR']
KGZL,KGZL,,GZL,,Stigler Rgnl,35.29134,-95.09556,176,OK,US,6,['METAR']
KGZN,KGZN,,GZN,,Cisco/Simmons Mem,32.36816,-99.02596,522,TX,US,5,['METAR']
KGZS,KGZS,,GZS,,Pulaski/Abernathy Fld,35.15325,-87.05431,198,TN,US,5,['METAR']
KH21,KH21,,,,Camdenton Mem,37.974,-92.692,324,MO,US,9,[]
KH39,KH39,,,,High Island A57,27.95,-93.98,30,LA,US,9,[]
KH71,KH71,,H71,,Pryor/Mid-America Indu,36.225,-95.33,190,OK,US,7,['METAR']
KH78,KH78,,,,Mississippi Cany,28.183,-88.483,43,LA,US,5,['METAR']
KHAB,KHAB,HAB,HAB,,Hamilton/Marion Cnty,34.117,-87.998,126,AL,US,9,[]
KHAD,KHAD,,HAD,,Casper/Harford Fld,42.924,-106.309,1637,WY,US,9,[]
KHAE,KHAE,,HAE,,Hannibal Rgnl,39.72624,-91.44252,230,MO,US,5,['METAR']
KHAF,KHAF,HAF,HAF,,Half Moon Bay Arpt,37.51359,-122.49959,11,CA,US,5,"['METAR', 'TAF']"
KHAI,KHAI,HAI,HAI,,Three Rivers Muni,41.95911,-85.59327,250,MI,US,6,['METAR']
KHAO,KHAO,HAO,HAO,,Hamilton/Butler Cnty,39.3612,-84.52061,185,OH,US,5,['METAR']
KHAT,KHAT,,,,Cape Hatteras,35.27,-75.55,3,NC,US,9,[]
KHAX,KHAX,,,,Muskogee-Hatbox,35.75,-95.41,9999,OK,US,9,[]
KHBB,KHBB,,,,Hobbs/Indust Arpk,32.765,-103.212,1130,NM,US,6,['METAR']
KHBC,KHBC,,HBC,,Mohall Muni,48.768,-101.537,503,ND,US,9,[]
KHBE,KHBE,,HBE,,Atterbury/Himsel Fld,39.33674,-86.02788,215,IN,US,6,['METAR']
KHBG,KHBG,HBG,HBG,74759,Hattiesburg/Chain Muni,31.2648,-89.25608,45,MS,US,5,"['METAR', 'TAF']"
KHBI,KHBI,,HBI,,Asheboro Muni,35.65271,-79.8942,199,NC,US,5,['METAR']
KHBR,KHBR,HBR,HBR,,Hobart Muni,34.98908,-99.05281,475,OK,US,3,"['METAR', 'TAF']"
KHBV,KHBV,,HBV,,Hebbronville/Hogg Cnty,27.35159,-98.74154,200,TX,US,4,['METAR']
KHBW,KHBW,,,,Hillsboro-Joshu,43.66,-90.33,9999,WI,US,9,[]
KHBZ,KHBZ,,HBZ,,Heber Springs Muni,35.512,-92.013,192,AR,US,9,[]
KHCD,KHCD,,HCD,,Hutchinson/Butler Fld,44.85967,-94.38554,320,MN,US,6,['METAR']
KHCO,KHCO,,HCO,,Hallock Muni,48.75243,-96.93759,250,MN,US,5,['METAR']
KHCR,KHCR,,HCR,,Heber City Muni,40.47743,-111.43293,1708,UT,US,5,"['METAR', 'TAF']"
KHDC,KHDC,,HDC,,Hammond/Northshore Rgnl,30.52368,-90.41765,12,LA,US,5,"['METAR', 'TAF']"
KHDE,KHDE,HDE,HDE,,Holdrege/Brewster Fld,40.44962,-99.33626,703,NE,US,5,['METAR']
KHDI,KHDI,,,,Cleveland-Hardw,35.22,-84.83,9999,TN,US,9,[]
KHDL,KHDL,,HDL,,Headland Muni,31.36414,-85.3112,109,AL,US,6,['METAR']
KHDN,KHDN,HDN,HDN,72571,Hayden/Yampa Valley Arpt,40.48419,-107.22961,2012,CO,US,6,"['METAR', 'TAF']"
KHDO,KHDO,,HDO,,Hondo Muni,29.36014,-99.17422,280,TX,US,4,['METAR']
KHEE,KHEE,HEE,HEE,,West Helena/Thompson-Robbins Arpt,34.576,-90.676,74,AR,US,9,[]
KHEF,KHEF,MNZ,HEF,,Manassas Rgnl,38.72403,-77.51746,53,VA,US,5,['METAR']
KHEG,KHEG,,HEG,,Jacksonville/Herlong Arpt,30.27706,-81.80873,25,FL,US,7,['METAR']
KHEI,KHEI,,HEI,,Hettinger Muni,46.0108,-102.65179,824,ND,US,4,['METAR']
KHEQ,KHEQ,,HEQ,,Holyoke Arpt,40.57155,-102.27676,1136,CO,US,4,['METAR']
KHEY,KHEY,,HEY,,Hanchey,31.348,-85.655,95,AL,US,6,['METAR']
KHEZ,KHEZ,HEZ,HEZ,,Natchez/Adams Cnty,31.61589,-91.29726,82,MS,US,4,"['METAR', 'TAF']"
KHFD,KHFD,HFD,HFD,,Hartford/Brainard Arpt,41.7352,-72.65115,3,CT,US,5,['METAR']
KHFF,KHFF,HFF,HFF,,Mackall,35.04238,-79.4973,100,NC,US,5,['METAR']
KHFJ,KHFJ,,HFJ,,Monett Muni,36.91046,-94.0099,398,MO,US,5,['METAR']
KHFY,KHFY,,HFY,,Greenwood Muni,39.628,-86.088,250,IN,US,6,['METAR']
KHGR,KHGR,HGR,HGR,,Hagerstown Rgnl,39.70619,-77.73041,206,MD,US,5,['METAR']
KHGT,KHGT,,HGT,,Hunter-Ligget/Tusi,35.994,-121.237,310,CA,US,9,['METAR']
KHGX,KHGX,,,,Houston/NEXRAD,29.472,-95.079,3,TX,US,9,[]
KHHF,KHHF,,HHF,,Canadian/Hemphill Cnty,35.89292,-100.40462,729,TX,US,4,['METAR']
KHHG,KHHG,,HHG,,Huntington Muni,40.85428,-85.45433,247,IN,US,6,['METAR']
KHHR,KHHR,HHR,HHR,,Hawthorne Muni,33.92352,-118.33291,21,CA,US,6,['METAR']
KHHV,KHHV,,HHV,,Alaminos Canyon 25,26.9392,-94.6886,25,TX,US,3,['METAR']
KHHW,KHHW,HUJ,HHW,,Hugo/Stamper Muni,34.03082,-95.54012,178,OK,US,4,['METAR']
KHIB,KHIB,HIB,HIB,,Hibbing/Chisholm Arpt,47.3804,-92.83248,409,MN,US,4,"['METAR', 'TAF']"
KHIE,KHIE,HIE,HIE,,Mt Washington Rgnl,44.36594,-71.55217,321,NH,US,6,"['METAR', 'TAF']"
KHIF,KHIF,HIF,HIF,,Ogden/Hill AFB,41.111,-111.962,1461,UT,US,7,"['METAR', 'TAF']"
KHIG,KHIG,,HIG,,Higginsville Muni,39.072,-93.677,256,MO,US,9,[]
KHII,KHII,HII,HII,,Lake Havasu City Arpt,34.56591,-114.35222,241,AZ,US,5,['METAR']
KHIO,KHIO,HIO,HIO,,Portland/Hillsboro Arpt,45.54761,-122.95572,62,OR,US,6,"['METAR', 'TAF']"
KHJH,KHJH,,HJH,,Hebron Muni,40.14934,-97.5872,449,NE,US,4,['METAR']
KHJO,KHJO,,HJO,,Hanford Muni,36.31142,-119.62318,73,CA,US,6,['METAR']
KHKA,KHKA,HKA,HKA,,Blytheville Muni,35.93778,-89.83318,78,AR,US,5,['METAR']
KHKS,KHKS,HKS,HKS,,Jackson/Hawkins Fld,32.33755,-90.22142,103,MS,US,6,"['METAR', 'TAF']"
KHKY,KHKY,HKY,HKY,72301,Hickory Rgnl,35.74203,-81.38223,357,NC,US,4,"['METAR', 'TAF']"
KHLB,KHLB,HLB,HLB,,Batesville Arpt,39.34629,-85.2602,297,IN,US,4,['METAR']
KHLC,KHLC,HLC,HLC,,Hill City Muni,39.37412,-99.82987,667,KS,US,3,['METAR']
KHLD,KHLD,,,,Hiland,43.09,-107.32,1859,WY,US,9,['METAR']
KHLG,KHLG,HLG,HLG,,Wheeling/Ohio Cnty,40.16994,-80.64406,365,WV,US,4,"['METAR', 'TAF']"
KHLM,KHLM,HLM,,,Holland/Park Arpt,42.796,-86.161,184,MI,US,9,[]
KHLN,KHLN,HLN,HLN,72772,Helena Rgnl,46.60446,-111.98918,1178,MT,US,1,"['METAR', 'TAF']"
KHLR,KHLR,HLR,HLR,72257,Killeen/Ft Hood AAF,31.13611,-97.71492,271,TX,US,6,['METAR']
KHLX,KHLX,,HLX,,Hillsville/Twin Cnty,36.76374,-80.82113,819,VA,US,4,['METAR']
KHME,KHME,,,,MIL,-99.99,-99.99,9999,,US,9,['METAR']
KHMM,KHMM,,,,Hamilton/Ravall,46.25,-114.15,1110,MT,US,9,[]
KHMN,KHMN,HMN,HMN,74732,Holloman AFB,32.852,-106.108,1240,NM,US,7,"['METAR', 'TAF']"
KHMP,KHMP,,HMP,,Hampton/Henry Cnty,33.39158,-84.33123,263,GA,US,6,['METAR']
KHMS,KHMS,,,72784,Hanford,46.57,-119.6,223,WA,US,4,['METAR']
KHMT,KHMT,HMT,HMT,,Hemet/Ryan Arpt,33.73032,-117.02722,462,CA,US,5,['METAR']
KHMZ,KHMZ,,HMZ,,Bedford Arpt,40.08633,-78.51674,351,PA,US,5,['METAR']
KHNB,KHNB,HNB,HNB,,Huntingburg Arpt,38.25048,-86.94726,159,IN,US,5,"['METAR', 'TAF']"
KHND,KHND,HSH,HND,,Henderson Exec,35.96575,-115.13433,740,NV,US,6,"['METAR', 'TAF']"
KHNR,KHNR,,HNR,,Harlan Muni,41.58415,-95.3358,364,IA,US,5,['METAR']
KHNZ,KHNZ,,HNZ,,Oxford-Henderson Arpt,36.36352,-78.52889,158,NC,US,5,['METAR']
KHOB,KHOB,HOB,HOB,,Hobbs Arpt,32.67971,-103.22223,1112,NM,US,3,"['METAR', 'TAF']"
KHOC,KHOC,,HOC,,Hillsboro Cnty,39.189,-83.54,291,OH,US,9,[]
KHOE,KHOE,,HOE,,Homerville Arpt,31.05613,-82.77263,56,GA,US,4,['METAR']
KHON,KHON,HON,HON,72654,Huron Rgnl,44.37917,-98.22274,391,SD,US,1,"['METAR', 'TAF']"
KHOP,KHOP,HOP,HOP,74671,Fort Campbell,36.672,-87.495,170,KY,US,4,"['METAR', 'TAF']"
KHOT,KHOT,HOT,HOT,,Hot Springs Mem,34.47549,-93.10412,153,AR,US,4,"['METAR', 'TAF']"
KHOU,KHOU,HOU,HOU,72244,Houston/Hobby Arpt,29.64582,-95.28214,13,TX,US,5,"['METAR', 'TAF']"
KHPN,KHPN,HPN,HPN,,White Plains/Westchester Cnty,41.06236,-73.70455,113,NY,US,5,"['METAR', 'TAF']"
KHPT,KHPT,HPT,HPT,,Hampton Muni,42.71754,-93.22441,354,IA,US,5,['METAR']
KHPY,KHPY,HPY,HPY,,Baytown Arpt,29.786,-94.953,10,TX,US,9,[]
KHQG,KHQG,,HQG,,Hugoton Muni,37.16469,-101.3714,956,KS,US,5,['METAR']
KHQI,KHQI,,HQI,,High Island 376,27.9619,-93.6708,25,TX,US,4,['METAR']
KHQM,KHQM,HQM,HQM,,Hoquiam/Bowerman Arpt,46.97288,-123.93079,4,WA,US,3,"['METAR', 'TAF']"
KHQU,KHQU,,HQU,,Thomson/McDuffie Cnty,33.52786,-82.518,141,GA,US,4,['METAR']
KHQZ,KHQZ,,HQZ,,Mesquite Metro,32.75138,-96.52906,136,TX,US,6,['METAR']
KHRF,KHRF,,HRF,,Hamilton/Ravalli Cnty,46.25755,-114.12743,1112,MT,US,4,"['METAR', 'TAF']"
KHRI,KHRI,HES,HRI,,Hermiston Muni,45.82589,-119.26121,194,OR,US,5,['METAR']
KHRJ,KHRJ,,HRJ,,Erwin/Harnett Rgnl,35.37941,-78.73564,55,NC,US,4,['METAR']
KHRL,KHRL,HRL,HRL,,Harlingen/Valley Intl,26.2303,-97.65565,9,TX,US,5,"['METAR', 'TAF']"
KHRO,KHRO,HRO,HRO,72345,Harrison/Boone Cnty,36.26728,-93.15658,417,AR,US,3,"['METAR', 'TAF']"
KHRT,KHRT,,HRT,74777,Ft Walton Beach/Hurlburt Fld,30.428,-86.69,10,FL,US,6,"['METAR', 'TAF']"
KHRU,KHRU,,HRU,,Herington Rgnl,38.695,-96.808,451,KS,US,9,[]
KHRX,KHRX,,HRX,,Hereford Muni,34.86277,-102.31998,1153,TX,US,4,['METAR']
KHSA,KHSA,,HSA,,Bay St Louis/Stennis Intl,30.3765,-89.45538,6,MS,US,5,"['METAR', 'TAF']"
KHSB,KHSB,HSB,HSB,,Harrisburg/Raleigh Arpt,37.8128,-88.54486,118,IL,US,5,['METAR']
KHSD,KHSD,,HSD,,Oklahoma City/Sundance Arpt,35.60184,-97.7093,358,OK,US,6,['METAR']
KHSE,KHSE,HNC,HSE,,Hatteras/Mitchell Fld,35.23238,-75.6223,4,NC,US,1,['METAR']
KHSG,KHSG,,HSG,,Thermopolis/Hot Springs Cnty,43.71778,-108.38507,1497,WY,US,5,['METAR']
KHSI,KHSI,HSI,HSI,,Hastings Muni,40.60022,-98.42638,592,NE,US,5,['METAR']
KHSP,KHSP,HSP,HSP,,Hot Springs/Ingalls Fld,37.95306,-79.8285,1148,VA,US,4,['METAR']
KHSR,KHSR,,HSR,,Hot Springs Muni,43.368,-103.388,957,SD,US,9,['METAR']
KHSS,KHSS,,,,Hot Springs Avi,35.9,-82.82,451,NC,US,9,[]
KHST,KHST,HST,HST,,Homestead AFB,25.49,-80.379,1,FL,US,4,"['METAR', 'TAF']"
KHSV,KHSV,HSV,HSV,72323,Huntsville Intl,34.64407,-86.78615,190,AL,US,3,"['METAR', 'TAF']"
KHTF,KHTF,,HTF,,Hornell,42.382139,-77.68211,1219,NY,US,,[]
KHTH,KHTH,HTH,HTH,,Hawthorne Muni,38.54482,-118.63136,1281,NV,US,3,['METAR']
KHTL,KHTL,HTL,HTL,72638,Houghton Lake/Blodgett Mem,44.35904,-84.6739,350,MI,US,4,['METAR']
KHTO,KHTO,HTO,,,East Hampton Arpt,40.96,-72.251,10,NY,US,5,['METAR']
KHTS,KHTS,HTS,HTS,72425,Huntington/Ferguson Fld,38.36531,-82.55479,252,WV,US,3,"['METAR', 'TAF']"
KHTW,KHTW,HTW,HTW,,Chesapeake/Lawrence,38.419,-82.495,173,OH,US,9,[]
KHUA,KHUA,HUA,HUA,,Huntsville/Redstone AAF,34.67597,-86.68545,200,AL,US,7,"['METAR', 'TAF']"
KHUF,KHUF,HUF,HUF,,Terre Haute/Hulman Fld,39.4429,-87.32206,174,IN,US,3,"['METAR', 'TAF']"
KHUL,KHUL,HUL,HUL,,Houlton Intl,46.11846,-67.79289,148,ME,US,4,"['METAR', 'TAF']"
KHUM,KHUM,HUM,HUM,,Houma/Terrebonne Arpt,29.56338,-90.66286,1,LA,US,5,"['METAR', 'TAF']"
KHUT,KHUT,HUT,HUT,,Hutchinson Muni,38.06825,-97.86075,464,KS,US,4,"['METAR', 'TAF']"
KHVC,KHVC,,HVC,,Hopkinsville/Christian Cnty,36.86026,-87.44783,171,KY,US,6,[]
KHVE,KHVE,HVE,HVE,,Hanksville Arpt,38.41798,-110.70408,1351,UT,US,3,['METAR']
KHVN,KHVN,HVN,HVN,,New Haven/Tweed Arpt,41.259,-72.88912,4,CT,US,6,['METAR']
KHVR,KHVR,HVR,HVR,72777,Havre/City Arpt,48.54254,-109.76438,789,MT,US,2,"['METAR', 'TAF']"
KHVS,KHVS,HVS,HVS,,Hartsville Rgnl,34.40654,-80.11979,110,SC,US,5,['METAR']
KHWD,KHWD,HWD,HWD,72585,Hayward Exec,37.65886,-122.12116,9,CA,US,6,['METAR']
KHWO,KHWO,HWO,HWO,,Hollywood/North Perry Arpt,25.99956,-80.24119,2,FL,US,6,['METAR']
KHWQ,KHWQ,,HWQ,,Harlowton/Wheatland,46.448,-109.852,1314,MT,US,9,[]
KHWV,KHWV,WSH,HWV,,Brookhaven Arpt,40.82122,-72.86741,20,NY,US,6,['METAR']
KHWY,KHWY,,HWY,,Warrenton/Fauquier Arpt,38.58764,-77.71503,93,VA,US,6,['METAR']
KHXD,KHXD,HHH,HXD,72012,Hilton Head Arpt,32.22626,-80.69488,5,SC,US,5,['METAR']
KHXF,KHXF,,HXF,,Hartford Muni,43.349,-88.391,326,WI,US,9,[]
KHYA,KHYA,HYA,HYA,,Hyannis/Barnstable Muni,41.6719,-70.26974,11,MA,US,6,"['METAR', 'TAF']"
KHYI,KHYI,,HYI,,San Marcos Muni,29.89584,-97.86644,180,TX,US,4,"['METAR', 'TAF']"
KHYR,KHYR,HYR,HYR,,Hayward Muni,46.03027,-91.44265,369,WI,US,4,"['METAR', 'TAF']"
KHYS,KHYS,HYS,HYS,,Hays Rgnl,38.8392,-99.27424,607,KS,US,5,"['METAR', 'TAF']"
KHYW,KHYW,,HYW,,Conway/Horry Cnty,33.82555,-79.12587,10,SC,US,5,['METAR']
KHYX,KHYX,,HYX,,Saginaw Cnty Arpt,43.43187,-83.86481,181,MI,US,6,['METAR']
KHZD,KHZD,,HZD,,Huntingdon/Carroll Cnty,36.08895,-88.4654,147,TN,US,5,['METAR']
KHZE,KHZE,,HZE,,Hazen/Mercer Cnty,47.28799,-101.57705,542,ND,US,5,['METAR']
KHZL,KHZL,HZL,HZL,,Hazleton Muni,40.98446,-75.99006,481,PA,US,5,['METAR']
KHZR,KHZR,,HZR,,New Roads/False River Rgnl,30.718,-91.48,11,LA,US,5,['METAR']
KHZX,KHZX,,HZX,,McGregor/Iverson Arpt,46.61893,-93.31281,374,MN,US,6,['METAR']
KHZY,KHZY,JFN,HZY,,Ashtabula/NE Ohio Rgnl,41.77941,-80.69683,279,OH,US,4,['METAR']
KI16,KI16,,I16,,Pineville/Kee Fld,37.59977,-81.55894,528,WV,US,5,['METAR']
KI18,KI18,,I18,,Ravenswood,38.929798,-81.819504,758,WV,US,,[]
KI19,KI19,,I19,,Xenia/Greene Cnty,39.69352,-83.98958,285,OH,US,5,['METAR']
KI23,KI23,,I23,,Washington Court House/Fayette Cnty,39.56972,-83.42392,298,OH,US,5,['METAR']
KI35,KI35,,I35,,Harlan/Guthrie Mem,36.85769,-83.35856,467,KY,US,5,['METAR']
KI39,KI39,,,,Richmond/Madison Arpt,37.63,-84.33,305,KY,US,9,['METAR']
KI40,KI40,,I40,,Coshocton/Downing Arpt,40.3101,-81.8544,303,OH,US,5,['METAR']
KI43,KI43,,,,Jackson/Rhodes Arpt,38.981,-82.578,221,OH,US,5,['METAR']
KI63,KI63,,I63,,Mt Sterling Muni,39.98825,-90.80226,221,IL,US,5,['METAR']
KI66,KI66,,I66,,Wilmington/Clinton Cnty,39.50305,-83.86535,317,OH,US,9,[]
KI67,KI67,,I67,,Harrison/West Arpt,39.25653,-84.77528,177,OH,US,6,['METAR']
KI68,KI68,,I68,,Lebanon/Warren Cnty,39.46638,-84.25324,274,OH,US,6,['METAR']
KI69,KI69,,I69,,Batavia/Clermont Cnty,39.078,-84.21,238,OH,US,5,['METAR']
KI74,KI74,,I74,,Urbana/Grimes Fld,40.13144,-83.75697,322,OH,US,6,['METAR']
KI75,KI75,,I75,,Osceola Muni,41.04719,-93.68761,336,IA,US,5,['METAR']
KI93,KI93,,I93,,Hardinsburg/Breckinridge Cnty,37.78358,-86.44298,735,KY,US,5,['METAR']
KI95,KI95,,I95,,Kenton/Hardin Cnty,40.61421,-83.63744,312,OH,US,6,['METAR']
KIAB,KIAB,IAB,IAB,,McConnell AFB,37.622,-97.268,413,KS,US,7,"['METAR', 'TAF']"
KIAD,KIAD,IAD,IAD,72403,Washington/Dulles Intl,38.93485,-77.44728,90,VA,US,1,"['METAR', 'TAF']"
KIAG,KIAG,IAG,IAG,,Niagara Falls Intl,43.1083,-78.93818,179,NY,US,5,"['METAR', 'TAF']"
KIAH,KIAH,IAH,IAH,72243,Houston/Bush Intl,29.98438,-95.36072,27,TX,US,2,"['METAR', 'TAF']"
KIBM,KIBM,,IBM,,Kimball Muni,41.18937,-103.67084,1494,NE,US,5,['METAR']
KICL,KICL,ICL,ICL,,Clarinda/Schenck Fld,40.72418,-95.02225,299,IA,US,4,['METAR']
KICR,KICR,,ICR,,Winner/Wiley Fld,43.39096,-99.84623,618,SD,US,4,['METAR']
KICT,KICT,ICT,ICT,72450,Wichita/Eisenhower Arpt,37.64752,-97.43,428,KS,US,2,"['METAR', 'TAF']"
KIDA,KIDA,IDA,IDA,,Idaho Falls Rgnl,43.52042,-112.06755,1444,ID,US,4,"['METAR', 'TAF']"
KIDG,KIDG,IDG,IDG,,Ida Grove Muni,42.332,-95.444,379,IA,US,9,[]
KIDI,KIDI,IDI,IDI,,Indiana/Stewart Arpt,40.63373,-79.10358,425,PA,US,4,['METAR']
KIDL,KIDL,,IDL,,Indianola Muni,33.486,-90.679,39,MS,US,9,['METAR']
KIDP,KIDP,IDP,IDP,,Independence Muni,37.15662,-95.77919,252,KS,US,6,['METAR']
KIDV,KIDV,,,,I-25 Divide,43.94,-106.64,1542,WY,US,9,['METAR']
KIEN,KIEN,XPR,IEN,,Pine Ridge Strip,43.02615,-102.52004,1002,SD,US,4,['METAR']
KIER,KIER,,IER,,Natchitoches Rgnl,31.73605,-93.10027,35,LA,US,4,['METAR']
KIFA,KIFA,IFA,IFA,,Iowa Falls Muni,42.46913,-93.26511,344,IA,US,5,['METAR']
KIFP,KIFP,IFP,IFP,,Bullhead City Intl,35.14871,-114.561067,210,AZ,US,5,"['METAR', 'TAF']"
KIGC,KIGC,,,,Charleston AFB,32.9,-80.05,14,SC,US,9,['TAF']
KIGM,KIGM,IGM,IGM,72370,Kingman Arpt,35.25746,-113.93406,1045,AZ,US,3,['METAR']
KIGQ,KIGQ,,IGQ,,Chicago/Lansing Muni,41.54125,-87.52823,187,IL,US,5,['METAR']
KIGX,KIGX,,,,Chapel Hill/Williams Arpt,35.934,-79.064,152,NC,US,5,[]
KIIB,KIIB,,IIB,,Independence Muni,42.45443,-91.95039,294,IA,US,6,['METAR']
KIIY,KIIY,,IIY,,Washington/Wilkes Cnty,33.77969,-82.81351,192,GA,US,5,['METAR']
KIJD,KIJD,,IJD,,Willimantic/Windham Arpt,41.74248,-72.18246,73,CT,US,5,['METAR']
KIJX,KIJX,IJX,IJX,,Jacksonville Muni,39.77401,-90.24186,187,IL,US,5,['METAR']
KIKA,KIKA,,,,Inyan Kara,44.29,-104.62,1328,WY,US,9,['METAR']
KIKG,KIKG,,IKG,,Kingsville/Kleberg Cnty,27.5464,-98.02924,37,TX,US,6,['METAR']
KIKK,KIKK,IKK,IKK,,Kankakee Arpt,41.0687,-87.85371,188,IL,US,4,['METAR']
KIKR,KIKR,,,,Kirtland AFB/Aux Fld,34.95,-106.57,1612,NM,US,9,['TAF']
KIKT,KIKT,,IKT,,Mississippi Canyon 474,28.5208,-88.2889,36,MS,US,4,['METAR']
KIKV,KIKV,,IKV,,Ankeny Rgnl,41.68783,-93.56951,270,IA,US,5,['METAR']
KIKW,KIKW,,IKW,,Midland/Barstow Fld,43.66429,-84.26127,190,MI,US,6,['METAR']
KILE,KILE,ILE,ILE,,Killeen/Skylark Fld,31.08396,-97.68854,256,TX,US,6,['METAR']
KILG,KILG,ILG,ILG,72418,Wilmington/New Castle Arpt,39.67443,-75.60566,22,DE,US,5,"['METAR', 'TAF']"
KILL,KILL,,,,Willmar/Rice,45.12,-95.08,344,MN,US,9,[]
KILM,KILM,ILM,ILM,72302,Wilmington Intl,34.26678,-77.89986,9,NC,US,2,"['METAR', 'TAF']"
KILN,KILN,ILN,ILN,,Wilmington Arpt,39.43084,-83.777,325,OH,US,4,"['METAR', 'TAF']"
KIML,KIML,IML,IML,,Imperial Muni,40.51063,-101.62432,997,NE,US,3,['METAR']
KIMM,KIMM,IMM,IMM,,Immokalee Rgnl,26.43208,-81.40726,11,FL,US,5,['METAR']
KIMS,KIMS,MDN,IMS,,Madison Muni,38.75151,-85.46893,244,IN,US,4,['METAR']
KIMT,KIMT,IMT,IMT,,Iron Mountain/Ford Arpt,45.8134,-88.11292,343,MI,US,4,['METAR']
KIND,KIND,IND,IND,72438,Indianapolis Intl,39.72516,-86.28161,242,IN,US,2,"['METAR', 'TAF']"
KINF,KINF,,INF,,Inverness Arpt,28.80625,-82.31896,14,FL,US,5,['METAR']
KINJ,KINJ,,INJ,,Hillsboro Muni,32.08435,-97.09586,208,TX,US,5,['METAR']
KINK,KINK,INK,INK,,Wink/Winkler Cnty,31.7801,-103.20172,857,TX,US,4,"['METAR', 'TAF']"
KINL,KINL,INL,INL,72747,International Falls/Einarson Fld,48.55943,-93.39554,353,MN,US,1,"['METAR', 'TAF']"
KINS,KINS,INS,INS,,Indian Springs/Creech AFB,36.586,-115.69,954,NV,US,6,"['METAR', 'TAF']"
KINT,KINT,INT,INT,,Winston-Salem/Reynolds Arpt,36.13347,-80.22441,292,NC,US,6,"['METAR', 'TAF']"
KINW,KINW,INW,INW,72374,Winslow/Lindberg Rgnl,35.02795,-110.72206,1492,AZ,US,2,"['METAR', 'TAF']"
KINX,KINX,,,,Tulsa,36.175,-95.564,204,OK,US,9,[]
KIOB,KIOB,,IOB,,Mount Sterling/Montgomery Cnty,38.05745,-83.9829,301,KY,US,4,"['METAR', 'TAF']"
KIOW,KIOW,IOW,IOW,,Iowa City Muni,41.6394,-91.54455,199,IA,US,5,['METAR']
KIPJ,KIPJ,,IPJ,,Lincolnton/Lincoln Cnty,35.48607,-81.15638,266,NC,US,5,['METAR']
KIPL,KIPL,IPL,IPL,,Imperial Cnty Arpt,32.83464,-115.57658,-16,CA,US,3,"['METAR', 'TAF']"
KIPN,KIPN,,,,Independence Hu,28.085,-87.986,40,LA,US,2,['METAR']
KIPT,KIPT,IPT,IPT,72514,Williamsport Rgnl,41.24296,-76.92173,160,PA,US,2,"['METAR', 'TAF']"
KIRK,KIRK,IRK,IRK,,Kirksville Rgnl,40.09661,-92.54694,292,MO,US,3,['METAR']
KIRS,KIRS,IRS,IRS,,Sturgis/Kirsh Muni,41.81536,-85.43762,282,MI,US,5,['METAR']
KISB,KISB,,ISB,,Sibley Muni,43.369,-95.76,469,IA,US,9,[]
KISM,KISM,ISM,ISM,,Kissimmee Muni,28.29237,-81.43712,25,FL,US,5,"['METAR', 'TAF']"
KISN,KISN,ISN,,72767,Williston/Sloulin Fld,48.174,-103.637,582,ND,US,6,['TAF']
KISO,KISO,ISO,ISO,,Kinston Rgnl,35.32397,-77.61867,27,NC,US,5,"['METAR', 'TAF']"
KISP,KISP,ISP,ISP,72505,Islip/Macarthur Arpt,40.79389,-73.10183,25,NY,US,5,"['METAR', 'TAF']"
KISQ,KISQ,ISQ,ISQ,,Manistique/Schoolcraft Cnty,45.97288,-86.17281,206,MI,US,4,['METAR']
KISW,KISW,ISW,ISW,,Wisconsin Rapids/S Wood Cnty,44.35905,-89.83695,311,WI,US,5,['METAR']
KISZ,KISZ,,,,Cincinnati-Cinc,39.25,-84.39,261,OH,US,9,[]
KITH,KITH,ITH,ITH,,Ithaca/Tompkins Rgnl,42.49306,-76.45693,338,NY,US,5,"['METAR', 'TAF']"
KITR,KITR,,ITR,,Burlington/Kit Carson Cnty,39.24149,-102.28191,1285,CO,US,4,['METAR']
KIUA,KIUA,,IUA,,Canandaigua Arpt,42.90579,-77.32269,248,NY,US,5,['METAR']
KIWA,KIWA,AZA,IWA,,Phoenix/Mesa Gateway Arpt,33.30082,-111.64372,420,AZ,US,5,"['METAR', 'TAF']"
KIWD,KIWD,IWD,IWD,,Ironwood/Iron Cnty,46.53214,-90.12603,373,MI,US,3,"['METAR', 'TAF']"
KIWH,KIWH,,IWH,,Wabash Muni,40.762,-85.798,243,IN,US,9,[]
KIWI,KIWI,ISS,IWI,,Wiscasset Arpt,43.96387,-69.71139,16,ME,US,6,['METAR']
KIWS,KIWS,IWS,IWS,,Houston/West Houston Arpt,29.818,-95.672,33,TX,US,9,['METAR']
KIXA,KIXA,,IXA,,Halifax/Northampton Rgnl,36.33098,-77.63328,43,NC,US,4,['METAR']
KIXD,KIXD,JCI,IXD,,Olathe/New Century Arpt,38.82213,-94.89024,322,KS,US,5,"['METAR', 'TAF']"
KIYA,KIYA,,IYA,,Abbeville/Crusta Mem,29.97604,-92.08263,4,LA,US,6,['METAR']
KIYK,KIYK,IYK,IYK,,Inyokern Cnty,35.659,-117.83,746,CA,US,6,['METAR']
KIZA,KIZA,SQA,IZA,,Santa Ynez Arpt,34.60595,-120.07612,200,CA,US,5,['METAR']
KIZG,KIZG,FRY,IZG,,Fryeburg/Eastern Slopes Rgnl,43.98992,-70.95005,138,ME,US,4,['METAR']
KJAC,KJAC,JAC,JAC,,Jackson Hole Arpt,43.61294,-110.73663,1967,WY,US,3,"['METAR', 'TAF']"
KJAN,KJAN,JAN,JAN,72235,Jackson/Evers Intl,32.31981,-90.07777,92,MS,US,2,"['METAR', 'TAF']"
KJAQ,KJAQ,,JAQ,,Jackson/Westover Fld,38.37424,-120.79432,518,CA,US,5,['METAR']
KJAS,KJAS,JAS,JAS,,Jasper/Bell Fld,30.89039,-94.03318,60,TX,US,4,['METAR']
KJAU,KJAU,,JAU,,Jacksboro/Campbell Cnty,36.33513,-84.16351,350,TN,US,5,['METAR']
KJAX,KJAX,JAX,JAX,72206,Jacksonville Intl,30.49529,-81.69373,8,FL,US,1,"['METAR', 'TAF']"
KJBR,KJBR,JBR,JBR,,Jonesboro Muni,35.83567,-90.64422,79,AR,US,5,"['METAR', 'TAF']"
KJCA,KJCA,,JCA,,Jefferson/Jackson Cnty,34.1739,-83.5583,287,GA,US,5,['METAR']
KJCT,KJCT,JCT,JCT,74740,Junction/Kimble Cnty,30.51046,-99.7665,522,TX,US,3,"['METAR', 'TAF']"
KJDD,KJDD,,JDD,,Mineola/Wood Cnty,32.7403,-95.49446,127,TX,US,5,['METAR']
KJDN,KJDN,JDN,JDN,,Jordan Arpt,47.32591,-106.94877,802,MT,US,3,['METAR']
KJEF,KJEF,JEF,JEF,,Jefferson City Mem,38.59453,-92.15671,167,MO,US,5,"['METAR', 'TAF']"
KJER,KJER,,JER,,Jerome Cnty Arpt,42.72736,-114.45469,1226,ID,US,5,"['METAR', 'TAF']"
KJES,KJES,,JES,,Jesup/Wayne Cnty,31.55211,-81.88962,26,GA,US,5,['METAR']
KJFK,KJFK,JFK,JFK,74486,New York/JF Kennedy Intl,40.63916,-73.76394,3,NY,US,0,"['METAR', 'TAF']"
KJFX,KJFX,,JFX,,Jasper/Walker Cnty,33.90076,-87.30922,144,AL,US,5,['METAR']
KJFZ,KJFZ,,JFZ,,Tazewell Cnty,37.06344,-81.79687,809,VA,US,5,['METAR']
KJGG,KJGG,,JGG,,Williamsburg-Jamestown Arpt,37.24,-76.718,13,VA,US,6,['METAR']
KJHN,KJHN,,JHN,,Johnson City/Stanton Cnty,37.57823,-101.73046,1013,KS,US,5,['METAR']
KJHW,KJHW,JHW,JHW,,Jamestown/Chautauqua Cnty,42.15344,-79.25415,520,NY,US,4,"['METAR', 'TAF']"
KJKA,KJKA,GUF,JKA,,Gulf Shores/Edwards Arpt,30.291,-87.661,5,AL,US,5,"['METAR', 'TAF']"
KJKJ,KJKJ,,JKJ,,Moorhead Muni,46.84038,-96.65448,280,MN,US,6,['METAR']
KJKL,KJKL,,JKL,72419,Jackson/Carroll Arpt,37.59133,-83.3137,414,KY,US,3,"['METAR', 'TAF']"
KJLN,KJLN,JLN,JLN,,Joplin Rgnl,37.15222,-94.49525,297,MO,US,3,"['METAR', 'TAF']"
KJMR,KJMR,,JMR,,Mora Muni,45.88854,-93.269,301,MN,US,4,['METAR']
KJMS,KJMS,JMS,JMS,,Jamestown Rgnl,46.92587,-98.6704,455,ND,US,3,"['METAR', 'TAF']"
KJNW,KJNW,,,,Newport,44.58,-124.07,48,OR,US,9,['METAR']
KJNX,KJNX,,JNX,,Smithfield/Johnston Rgnl,35.5369,-78.3934,41,NC,US,5,['METAR']
KJOT,KJOT,JOT,JOT,,Joliet Rgnl,41.51755,-88.17904,175,IL,US,6,['METAR']
KJPD,KJPD,,,,Ten Sleep,44.15,-107.17,2739,WY,US,5,['METAR']
KJPX,KJPX,,JPX,,East Hampton Arpt,40.96053,-72.25107,10,NY,US,5,['METAR']
KJQD,KJQD,,JQD,,Hartford,37.458302,-86.849998,535,KY,US,,[]
KJQF,KJQF,USA,JQF,,Concord Rgnl,35.38961,-80.70736,204,NC,US,5,['METAR']
KJRA,KJRA,,JRA,,New York/30th,40.754,-74.007,2,NY,US,9,[]
KJRB,KJRB,,JRB,,New York/Downtown,40.701,-74.009,2,NY,US,7,['METAR']
KJRO,KJRO,,JRO,,Jackson/Rhodes Arpt,38.98609,-82.57556,224,OH,US,5,['METAR']
KJSL,KJSL,,JSL,,Gulf of Mexino,26.2367,-91.2567,45,LA,US,4,['METAR']
KJSO,KJSO,JKV,JSO,,Jacksonvil0e/Cherokee Cnty,31.86896,-95.21453,204,TX,US,5,['METAR']
KJST,KJST,JST,JST,,Johnstown/Murtha Arpt,40.3149,-78.83075,695,PA,US,3,"['METAR', 'TAF']"
KJSV,KJSV,,JSV,,Sallisaw Muni,35.4381,-94.8012,158,OK,US,5,['METAR']
KJSY,KJSY,,JSY,,Joseph/State Arpt,45.35561,-117.25408,1256,OR,US,4,['METAR']
KJTC,KJTC,,JTC,,Springerville Muni,34.12918,-109.30904,2148,AZ,US,5,['METAR']
KJVL,KJVL,JVL,JVL,,Janesville/S Wisconsin Rgnl,42.62134,-89.04187,244,WI,US,4,"['METAR', 'TAF']"
KJVW,KJVW,,JVW,,Raymond/Williams Arpt,32.30695,-90.41196,73,MS,US,5,['METAR']
KJVY,KJVY,,JVY,,Jeffersonville/Clark Rgnl,38.36922,-85.73661,141,IN,US,6,['METAR']
KJWG,KJWG,,JWG,,Watonga Rgnl,35.863,-98.423,469,OK,US,5,['METAR']
KJWN,KJWN,,JWN,,Nashville/Tune Arpt,36.18519,-86.88333,149,TN,US,6,['METAR']
KJWX,KJWX,,,,Fort Ritchie,39.734,-77.43,277,PA,US,9,['METAR']
KJWY,KJWY,,JWY,,Midlothian/Mid-Way Rgnl,32.456,-96.914,211,TX,US,5,['METAR']
KJXI,KJXI,,JXI,,Gilmer/Stephens Fld,32.70364,-94.94709,130,TX,US,5,['METAR']
KJXN,KJXN,JXN,JXN,,Jackson Cnty,42.25896,-84.4589,303,MI,US,3,"['METAR', 'TAF']"
KJYG,KJYG,,JYG,,St James Muni,43.98551,-94.5527,323,MN,US,5,['METAR']
KJYL,KJYL,,JYL,,Sylvania/Plantation Arpk,32.6459,-81.58942,54,GA,US,5,['METAR']
KJYM,KJYM,,JYM,,Hillsdale Muni,41.9197,-84.5853,357,MI,US,5,['METAR']
KJYO,KJYO,,JYO,,Leesburg Exec,39.08264,-77.56055,112,VA,US,6,['METAR']
KJYR,KJYR,,JYR,,York Muni,40.89417,-97.6258,508,NE,US,5,['METAR']
KJZI,KJZI,,JZI,,Charleston Exec,32.70246,-80.00582,5,SC,US,5,"['METAR', 'TAF']"
KJZP,KJZP,,JZP,,Jasper/Pickens Cnty,34.45415,-84.45972,462,GA,US,5,['METAR']
KK02,KK02,,,,Perryville Muni,37.869,-89.862,113,MO,US,9,['METAR']
KK22,KK22,,,,Prestonburg/Big Sandy Rgnl,37.751,-82.637,372,KY,US,7,[]
KK24,KK24,,K24,,Jamestown,37.009701,-85.102699,1011,KY,US,,[]
KK27,KK27,,,,Fort Madison,40.67,-91.33,221,IA,US,9,[]
KK59,KK59,,K59,,Atchison,39.570499,-95.180298,1073,KS,US,,[]
KK61,KK61,,K61,,Beloit,39.471199,-98.128799,1416,KS,US,,[]
KK62,KK62,,K62,,Falmouth/Snyder Arpt,38.70177,-84.39636,274,KY,US,5,['METAR']
KK68,KK68,,K68,,Garnett,38.27717,-95.215287,989,KS,US,,[]
KK70,KK70,,K70,,Key Largo/Ocean Reef Arpt,25.322,-80.277,20,FL,US,5,['METAR']
KK75,KK75,,K75,,Osborne,39.433558,-98.679521,1565,KS,US,,[]
KK78,KK78,,K78,,Abilene,38.904099,-97.235901,1152,KS,US,,[]
KK82,KK82,,K82,,Smith Center Arpt,39.7606,-98.79566,548,KS,US,4,['METAR']
KK83,KK83,,K83,,Sabetha Muni,39.90527,-95.77468,405,KS,US,5,['METAR']
KK88,KK88,,K88,,Iola/Allen Cnty,37.86921,-95.38396,308,KS,US,5,['METAR']
KKIC,KKIC,KIC,09C,,King City/Mesa Del Ray Arpt,36.228,-121.121,114,CA,US,9,[]
KKLS,KKLS,KLS,KLS,,Kelso/Longview Arpt,46.118,-122.898,4,WA,US,5,['METAR']
KKNB,KKNB,KNB,KNB,,Kanab Muni,37.00783,-112.5303,1476,UT,US,4,['METAR']
KKQA,KKQA,,KQA,,Akutan,54.13377,-165.778896,,AK,US,,[]
KKY8,KKY8,,KY8,,Lewisport/Hancock Cnty,37.95303,-86.85919,124,KY,US,5,['METAR']
KL08,KL08,,L08,,Borrego Springs Arpt,33.2604,-116.32272,156,CA,US,5,['METAR']
KL10,KL10,,,,San Clemente,33.42,-117.62,5,CA,US,9,[]
KL11,KL11,,L11,,Avalon,33.336686,-118.311455,10,CA,US,,[]
KL18,KL18,,L18,,Fallbrook Arpk,33.35513,-117.24899,215,CA,US,6,['METAR']
KL35,KL35,,L35,,Big Bear City Arpt,34.26259,-116.85507,2062,CA,US,4,['METAR']
KL38,KL38,,,,Gonzales/Louisiana Rgnl,30.173,-90.941,5,LA,US,9,['METAR']
KL52,KL52,,L52,,San Luis Obispo/Oceano Cnty,35.101,-120.623,3,CA,US,6,['METAR']
KL63,KL63,,,,Ind Sprng Range,36.53,-115.57,972,NV,US,9,['METAR']
KL71,KL71,,L71,,California,35.15119934082031,-118.01699829101562,2454,CA,US,,[]
KL98,KL98,,,,El Capitan Beach,33.45,-120.03,27,CA,US,9,[]
KLAA,KLAA,LAA,LAA,,Lamar Muni,38.07177,-102.68747,1129,CO,US,4,['METAR']
KLAF,KLAF,LAF,LAF,,Lafayette/Purdue Univ Arpt,40.41236,-86.94737,182,IN,US,3,"['METAR', 'TAF']"
KLAL,KLAL,LAL,LAL,,Lakeland/Linder Intl,27.9866,-82.01928,39,FL,US,6,"['METAR', 'TAF']"
KLAM,KLAM,LAM,LAM,,Los Alamos Arpt,35.87892,-106.26206,2166,NM,US,5,['METAR']
KLAN,KLAN,LAN,LAN,72539,Lansing/Capital City Arpt,42.77611,-84.59973,261,MI,US,4,"['METAR', 'TAF']"
KLAR,KLAR,LAR,LAR,,Laramie Rgnl,41.31651,-105.67288,2217,WY,US,4,"['METAR', 'TAF']"
KLAS,KLAS,LAS,LAS,72386,Las Vegas/Reid Intl,36.07188,-115.16343,662,NV,US,1,"['METAR', 'TAF']"
KLAW,KLAW,LAW,LAW,,Lawton-Fort Sill Rgnl,34.55771,-98.41721,328,OK,US,4,"['METAR', 'TAF']"
KLAX,KLAX,LAX,LAX,72295,Los Angeles Intl,33.93817,-118.3866,30,CA,US,0,"['METAR', 'TAF']"
KLBB,KLBB,LBB,LBB,72267,Lubbock Intl Arpt,33.66578,-101.8233,996,TX,US,2,"['METAR', 'TAF']"
KLBE,KLBE,LBE,LBE,,Latrobe/Palmer Rgnl,40.27674,-79.40392,345,PA,US,4,"['METAR', 'TAF']"
KLBF,KLBF,LBF,LBF,72562,N Platte/Lee Bird Fld,41.122,-100.66895,843,NE,US,1,"['METAR', 'TAF']"
KLBL,KLBL,LBL,LBL,,Liberal/Mid America Rgnl,37.03746,-100.95745,877,KS,US,4,['METAR']
KLBO,KLBO,,LBO,,Lebanon/Jones Arpt,37.64494,-92.65436,399,MO,US,5,['METAR']
KLBR,KLBR,,LBR,,Clarksville/Trissell Fld,33.59533,-95.06534,132,TX,US,5,['METAR']
KLBT,KLBT,LBT,LBT,,Lumberton Muni,34.60817,-79.05899,37,NC,US,4,"['METAR', 'TAF']"
KLBX,KLBX,LJN,LBX,,Angleton/Texas Gulf Coast Rgnl,29.11537,-95.46324,4,TX,US,4,"['METAR', 'TAF']"
KLCG,KLCG,,LCG,,Wayne Muni,42.24229,-96.98302,434,NE,US,5,['METAR']
KLCH,KLCH,LCH,LCH,72240,Lake Charles Rgnl,30.12551,-93.2277,2,LA,US,1,"['METAR', 'TAF']"
KLCI,KLCI,LCI,LCI,,Laconia Muni,43.57183,-71.42536,166,NH,US,5,['METAR']
KLCK,KLCK,LCK,LCK,,Columbus/Rickenbacker Intl,39.83,-82.919,225,OH,US,6,"['METAR', 'TAF']"
KLCQ,KLCQ,LCQ,LCQ,,Lake City/Gateway Arpt,30.18384,-82.56839,59,FL,US,4,['METAR']
KLDJ,KLDJ,LDJ,LDJ,,Linden Arpt,40.61622,-74.24507,6,NJ,US,7,['METAR']
KLDM,KLDM,LDM,LDM,,Ludington/Mason Cnty,43.96143,-86.41069,194,MI,US,5,['METAR']
KLDS,KLDS,,,,Leeds,48.55,-109.68,775,MT,US,9,[]
KLEB,KLEB,LEB,LEB,,Lebanon Muni,43.62707,-72.30537,169,NH,US,3,"['METAR', 'TAF']"
KLEE,KLEE,LEE,LEE,,Leesburg Muni,28.82142,-81.80064,21,FL,US,4,"['METAR', 'TAF']"
KLEM,KLEM,LEM,LEM,,Lemmon Muni,45.92,-102.104,785,SD,US,9,['METAR']
KLEW,KLEW,LEW,LEW,,Auburn-Lewiston Muni,44.04445,-70.28527,81,ME,US,5,['METAR']
KLEX,KLEX,LEX,LEX,72422,Lexington/Blue Grass Arpt,38.03391,-84.61138,294,KY,US,3,"['METAR', 'TAF']"
KLFI,KLFI,LFI,LFI,74598,Langley AFB,37.088,-76.349,2,VA,US,6,"['METAR', 'TAF']"
KLFK,KLFK,LFK,LFK,,Lufkin/Angelina Cnty,31.2359,-94.75465,87,TX,US,3,"['METAR', 'TAF']"
KLFT,KLFT,LFT,LFT,,Lafayette Rgnl,30.19859,-91.98957,9,LA,US,3,"['METAR', 'TAF']"
KLGA,KLGA,LGA,LGA,72503,New York/La Guardia Arpt,40.77945,-73.88027,9,NY,US,6,"['METAR', 'TAF']"
KLGB,KLGB,LGB,LGB,72297,Long Beach Arpt,33.81177,-118.14717,10,CA,US,5,"['METAR', 'TAF']"
KLGC,KLGC,LGC,LGC,,La Grange/Callaway Arpt,33.0093,-85.07173,209,GA,US,4,['METAR']
KLGD,KLGD,LGD,LGD,,La Grande/Union Cnty,45.29063,-118.00884,827,OR,US,4,['METAR']
KLGF,KLGF,LGF,LGF,,Laguna,32.868,-114.393,118,AZ,US,5,['METAR']
KLGU,KLGU,LGU,LGU,,Logan/Cache Arpt,41.7865,-111.85188,1359,UT,US,3,"['METAR', 'TAF']"
KLHB,KLHB,,LHB,,Hearne Muni,30.8693,-96.62071,83,TX,US,5,['METAR']
KLHC,KLHC,,,,Arlington-Arlin,35.28,-89.67,9999,TN,US,9,[]
KLHM,KLHM,,LHM,,Lincoln Rgnl,38.91485,-121.35159,36,CA,US,5,['METAR']
KLHQ,KLHQ,,LHQ,,Lancaster/Fairfield Cnty,39.75725,-82.66332,259,OH,US,5,['METAR']
KLHU,KLHU,,,,Lake Havasu,34.47,-114.36,147,AZ,US,9,[]
KLHV,KLHV,LHV,LHV,,Lock Haven/Piper Arpt,41.136,-77.421,170,PA,US,9,['METAR']
KLHW,KLHW,LIY,LHW,72209,Ft Stewart/Mid Coast Rgnl,31.88721,-81.56246,14,GA,US,5,['METAR']
KLHX,KLHX,,LHX,,La Junta Muni,38.04949,-103.51336,1289,CO,US,3,['METAR']
KLHZ,KLHZ,LFN,LHZ,,Louisburg/Franklin Cnty,36.02289,-78.33408,104,NC,US,5,['METAR']
KLIC,KLIC,LIC,LIC,,Limon Muni,39.27331,-103.66736,1635,CO,US,3,['METAR']
KLIH1,,,,,Kahului Bay,20.898,-156.472,4,HI,US,8,[]
KLIT,KLIT,LIT,LIT,,Little Rock/Clinton Natl,34.72726,-92.23582,77,AR,US,1,"['METAR', 'TAF']"
KLIX,KLIX,,,,Slidell/WFO,30.337,-89.826,7,LA,US,9,[]
KLIZ,KLIZ,,,,Loring AFB,46.95,-67.88,227,ME,US,6,[]
KLJF,KLJF,,LJF,,Litchfield Muni,45.09485,-94.50836,347,MN,US,5,['METAR']
KLKP,KLKP,LKP,LKP,,Lake Placid Arpt,44.265,-73.963,533,NY,US,9,[]
KLKR,KLKR,,LKR,,Lancaster Cnty,34.72659,-80.85316,166,SC,US,4,['METAR']
KLKU,KLKU,LOW,LKU,,Louisa/Freeman Fld,38.00851,-77.9681,146,VA,US,5,['METAR']
KLKV,KLKV,LKV,LKV,,Lakeview/Lake Cnty,42.15379,-120.40273,1440,OR,US,3,['METAR']
KLLJ,KLLJ,CHL,LLJ,,Challis Arpt,44.523,-114.21611,1535,ID,US,3,['METAR']
KLLN,KLLN,,LLN,,Levelland Muni,33.55601,-102.37514,1071,TX,US,4,['METAR']
KLLQ,KLLQ,,LLQ,,Monticello/Ellis Fld,33.63602,-91.7555,86,AR,US,4,"['METAR', 'TAF']"
KLLR,KLLR,,LLR,,Little River Arpt,39.2621,-123.7525,572,CA,US,4,['METAR']
KLLU,KLLU,,LLU,,Lamar Muni,37.49,-94.312,308,MO,US,9,[]
KLMO,KLMO,,LMO,,Longmont/Brand Arpt,40.16117,-105.16046,1535,CO,US,5,['METAR']
KLMS,KLMS,LMS,LMS,,Louisville/Winston Cnty,33.15,-89.063,169,MS,US,4,[]
KLMT,KLMT,LMT,LMT,,Klamath Falls Intl,42.14702,-121.72553,1246,OR,US,4,"['METAR', 'TAF']"
KLMW1,,,,,CMAN,-99.99,-99.99,9999,,,8,[]
KLNA,KLNA,LNA,LNA,,Lantana/Palm Beach Cnty,26.5925,-80.08484,3,FL,US,6,"['METAR', 'TAF']"
KLNC,KLNC,,LNC,,Lancaster Arpt,32.58323,-96.72093,152,TX,US,6,['METAR']
KLND,KLND,LND,LND,72576,Lander/Hunt Fld,42.81536,-108.72603,1700,WY,US,2,"['METAR', 'TAF']"
KLNK,KLNK,LNK,LNK,72551,Lincoln Arpt,40.84781,-96.76468,357,NE,US,3,"['METAR', 'TAF']"
KLNL,KLNL,,LNL,,Land OLakes Arpt,46.15145,-89.2108,517,WI,US,5,['METAR']
KLNN,KLNN,LNN,LNN,,Willoughby/Lake Cnty Exec,41.68392,-81.38962,190,OH,US,6,['METAR']
KLNP,KLNP,LNP,LNP,,Wise/Lonesome Pine Arpt,36.98842,-82.52404,817,VA,US,4,['METAR']
KLNQ,KLNQ,,LNQ,,Boothville/Petr,29.353,-89.439,1,LA,US,3,['METAR']
KLNR,KLNR,LNR,LNR,,Lone Rock/Tri Cnty Rgnl,43.21106,-90.18739,218,WI,US,4,['METAR']
KLNS,KLNS,LNS,LNS,,Lancaster Arpt,40.12059,-76.29445,122,PA,US,5,"['METAR', 'TAF']"
KLOL,KLOL,LOL,LOL,,Lovelock/Derby Fld,40.06845,-118.57017,1191,NV,US,3,"['METAR', 'TAF']"
KLOM,KLOM,BBX,LOM,,Philadelphia/Wings Field Arpt,40.13757,-75.26843,87,PA,US,6,['METAR']
KLOR,KLOR,,LOR,,Ft Rucker/Lowe,31.36,-85.749,92,AL,US,7,['METAR']
KLOT,KLOT,LOT,LOT,,Romeoville/Lewis Univ Arpt,41.60308,-88.10167,205,IL,US,5,['METAR']
KLOU,KLOU,LOU,LOU,,Louisville/Bowman Fld,38.23021,-85.66294,165,KY,US,6,['METAR']
KLOX,KLOX,,,,Oxnard,34.2,-119.133,16,CA,US,9,[]
KLOZ,KLOZ,LOZ,LOZ,,London-Corbin Arpt,37.08958,-84.06881,361,KY,US,3,"['METAR', 'TAF']"
KLPC,KLPC,LPC,LPC,,Lompoc Arpt,34.66465,-120.46423,26,CA,US,4,['METAR']
KLPR,KLPR,,LPR,,Elyria/Lorain Cnty,41.34628,-82.17885,241,OH,US,5,['METAR']
KLQK,KLQK,LQK,LQK,,Pickens Cnty,34.80686,-82.70469,291,SC,US,5,['METAR']
KLQR,KLQR,,LQR,,Larned/Pawnee Cnty,38.20838,-99.08684,612,KS,US,7,['METAR']
KLRD,KLRD,LRD,LRD,72252,Laredo Intl,27.55103,-99.46143,150,TX,US,3,"['METAR', 'TAF']"
KLRF,KLRF,LRF,LRF,,Little Rock AFB,34.92,-92.131,85,AR,US,5,"['METAR', 'TAF']"
KLRG,KLRG,,LRG,,Lincoln Rgnl,45.362,-68.535,63,ME,US,9,[]
KLRJ,KLRJ,LRJ,LRJ,,Le Mars Muni,42.77714,-96.19497,363,IA,US,5,['METAR']
KLRO,KLRO,,LRO,,Mt Pleasant Rgnl,32.8982,-79.77958,3,SC,US,6,['METAR']
KLRU,KLRU,LRU,LRU,,Las Cruces Intl,32.28842,-106.91312,1355,NM,US,5,"['METAR', 'TAF']"
KLRX,KLRX,,,,Elko/NEXRAD,40.74,-116.803,2056,NV,US,9,[]
KLRY,KLRY,,LRY,,Harrisonville/Smith,38.60739,-94.34527,272,MO,US,5,['METAR']
KLSB,KLSB,LSB,LSB,,Lordsburg Muni,32.33403,-108.69554,1308,NM,US,4,['METAR']
KLSD,KLSD,,,,Lexington/Creec,38.03,-84.62,299,KY,US,9,[]
KLSE,KLSE,LSE,LSE,72643,La Crosse Muni,43.87922,-91.25301,198,WI,US,3,"['METAR', 'TAF']"
KLSF,KLSF,LSF,LSF,72225,Fort Benning/Lawson AAF,32.3239,-84.98264,68,GA,US,5,"['METAR', 'TAF']"
KLSK,KLSK,LSK,LSK,,Lusk Muni,42.75443,-104.40933,1514,WY,US,5,['METAR']
KLSN,KLSN,LSN,LSN,,Los Banos Muni,37.06232,-120.86687,37,CA,US,9,[]
KLSV,KLSV,LSV,LSV,74614,Nellis AFB,36.236,-115.034,563,NV,US,6,"['METAR', 'TAF']"
KLTS,KLTS,LTS,LTS,72352,Altus AFB,34.666,-99.27,416,OK,US,7,"['METAR', 'TAF']"
KLTX,KLTX,,,,Wilmington/NEXRAD,33.989,-78.429,23,NC,US,9,[]
KLUA,KLUA,,LUA,,Luray Caverns Arpt,38.667,-78.501,273,VA,US,5,['METAR']
KLUD,KLUD,,LUD,,Decatur Muni,33.25684,-97.58256,319,TX,US,5,['METAR']
KLUF,KLUF,LUF,LUF,,Phoenix/Luke AFB,33.538,-112.38,333,AZ,US,5,"['METAR', 'TAF']"
KLUG,KLUG,,LUG,,Lewisburg/Ellington Arpt,35.50821,-86.80549,218,TN,US,5,['METAR']
KLUK,KLUK,LUK,LUK,,Cincinnati/Lunken Fld,39.10601,-84.41608,144,OH,US,6,"['METAR', 'TAF']"
KLUL,KLUL,LUL,LUL,,Laurel/Hesler-Noble Fld,31.66819,-89.17051,74,MS,US,5,['METAR']
KLUM,KLUM,,LUM,,Menomenie Muni,44.89362,-91.86655,271,WI,US,5,['METAR']
KLUV,KLUV,,LUV,,Lamesa Muni,32.74813,-101.91274,910,TX,US,4,['METAR']
KLUX,KLUX,,LUX,,Laurens Cnty,34.508,-81.949,213,SC,US,5,['METAR']
KLVJ,KLVJ,,LVJ,,Houston/Pearland Rgnl,29.51924,-95.2423,11,TX,US,6,['METAR']
KLVK,KLVK,LVK,LVK,,Livermore Muni,37.69309,-121.81489,120,CA,US,5,"['METAR', 'TAF']"
KLVL,KLVL,LVL,LVL,,Lawrenceville Muni,36.77234,-77.79251,98,VA,US,6,['METAR']
KLVM,KLVM,LVM,LVM,,Livingston/Mission Fld,45.69837,-110.44154,1418,MT,US,4,"['METAR', 'TAF']"
KLVN,KLVN,,LVN,,Lakeville/Airlake Arpt,44.6252,-93.22728,292,MN,US,5,"['METAR', 'TAF']"
KLVS,KLVS,LVS,LVS,,Las Vegas Muni,35.65582,-105.13853,2095,NM,US,4,"['METAR', 'TAF']"
KLVX,KLVX,,,,Louisville/NEXRAD,37.975,-85.944,221,KY,US,9,[]
KLWA,KLWA,,LWA,,South Haven Rgnl,42.34762,-86.2578,199,MI,US,5,['METAR']
KLWB,KLWB,LWB,LWB,,Lewisburg/Greenbrier Valley Arpt,37.8633,-80.3923,702,WV,US,4,"['METAR', 'TAF']"
KLWC,KLWC,LWC,LWC,,Lawrence Muni,39.00778,-95.2115,252,KS,US,5,['METAR']
KLWD,KLWD,,LWD,,Lamoni Muni,40.63064,-93.9005,345,IA,US,3,['METAR']
KLWL,KLWL,LWL,LWL,,Wells Muni,41.116,-114.924,1748,NV,US,9,[]
KLWM,KLWM,LWM,LWM,,Lawrence Muni,42.71248,-71.12559,42,MA,US,6,['METAR']
KLWS,KLWS,LWS,LWS,72783,Lewiston/Nez Perce Cnty,46.37458,-117.01531,435,ID,US,3,"['METAR', 'TAF']"
KLWT,KLWT,LWT,LWT,,Lewistown Muni,47.05443,-109.45655,1254,MT,US,3,"['METAR', 'TAF']"
KLWV,KLWV,LWV,LWV,,Lawrenceville-Vincennes Intl,38.76045,-87.59903,128,IL,US,5,['METAR']
KLWX,KLWX,,,,Washington/NEXRAD,38.976,-77.487,88,VA,US,9,[]
KLXL,KLXL,,LXL,,Little Falls/Morrison Cnty,45.95094,-94.34407,335,MN,US,5,['METAR']
KLXN,KLXN,LXN,LXN,,Lexington/Kelly Fld,40.79146,-99.77503,734,NE,US,5,['METAR']
KLXT,KLXT,,LXT,,Lee's Summit Muni,38.95766,-94.37117,306,MO,US,5,['METAR']
KLXV,KLXV,LXV,LXV,,Leadville/Lake Cnty,39.22803,-106.31625,3027,CO,US,5,['METAR']
KLXY,KLXY,,LXY,,Mexia/Limestone Cnty,31.64462,-96.51218,164,TX,US,5,['METAR']
KLYH,KLYH,LYH,LYH,72410,Lynchburg/Glenn Fld,37.32126,-79.20649,282,VA,US,4,"['METAR', 'TAF']"
KLYO,KLYO,LYO,LYO,,Lyons/Rice Cnty,38.34299,-98.2266,515,KS,US,5,['METAR']
KLYV,KLYV,,LYV,,Luverne Muni,43.62166,-96.21395,435,MN,US,5,['METAR']
KLZD,KLZD,,LZD,,Danielson,41.819698333740234,-71.9010009765625,238,CT,US,,[]
KLZK,KLZK,,,72340,Little Rock/NEXRAD,34.837,-92.262,173,AR,US,9,[]
KLZU,KLZU,LZU,LZU,,Lawrenceville/Gwinnett Cnty,33.9828,-83.95851,316,GA,US,5,['METAR']
KLZZ,KLZZ,,LZZ,,Lampasas Arpt,31.10591,-98.19748,356,TX,US,5,['METAR']
KM01,KM01,,M01,,Memphis/Spain Arpt,35.20036,-90.05477,68,TN,US,6,['METAR']
KM02,KM02,,M02,,Dickson Muni,36.1289,-87.42831,268,TN,US,4,['METAR']
KM04,KM04,,M04,,Covington Muni,35.58186,-89.58584,83,TN,US,5,['METAR']
KM08,KM08,,M08,,Bolivar/Whitehurst Fld,35.21546,-89.04491,149,TN,US,4,['METAR']
KM19,KM19,,M19,,Newport Muni,35.64298,-91.17349,72,AR,US,5,['METAR']
KM21,KM21,,M21,,Greenville/Muhlenberg Cnty,37.22909,-87.15424,127,KY,US,5,['METAR']
KM25,KM25,,M25,,Mayfield/Grave Cnty,36.76401,-88.5829,157,KY,US,6,['METAR']
KM30,KM30,,M30,72017,Metropolis Muni,37.18243,-88.74872,116,IL,US,6,['METAR']
KM33,KM33,,,,Gallatin/Sumner Cnty,36.375,-86.41,168,TN,US,9,['METAR']
KM39,KM39,,,,Mena Intermountain Muni,34.541,-94.192,320,AR,US,9,[]
KM40,KM40,,M40,,Aberdeen/Monroe Cnty,33.87555,-88.48719,68,MS,US,5,['METAR']
KM46,KM46,,M46,,Colstrip Arpt,45.8524,-106.70606,1030,MT,US,4,['METAR']
KM54,KM54,,M54,,Lebanon Muni,36.19317,-86.31395,168,TN,US,5,['METAR']
KM63,KM63,,,,McGregor Range,32.077,-106.153,1256,NM,US,5,['METAR']
KM75,KM75,,M75,,Malta Arpt,48.36858,-107.91878,687,MT,US,4,['METAR']
KM89,KM89,,,,Arkadelphia/Florence Fld,34.101,-93.065,56,AR,US,5,[]
KM91,KM91,,M91,,Springfield/Robertson Cnty,36.53632,-86.91896,214,TN,US,4,['METAR']
KMAC,KMAC,MAC,MAC,,Macon/Downtown Arpt,32.822,-83.562,133,GA,US,9,[]
KMAE,KMAE,MAE,MAE,,Madera Muni,36.98506,-120.11067,77,CA,US,5,['METAR']
KMAF,KMAF,MAF,MAF,72265,Midland Intl,31.94754,-102.20858,874,TX,US,1,"['METAR', 'TAF']"
KMAI,KMAI,,MAI,74776,Marianna Muni,30.83696,-85.18351,33,FL,US,4,['METAR']
KMAL,KMAL,,MAL,,Malone/Dufort Arpt,44.854,-74.329,235,NY,US,9,[]
KMAN,KMAN,,MAN,,Nampa Muni,43.58198,-116.52106,773,ID,US,6,['METAR']
KMAO,KMAO,,MAO,,Marion Cnty Arpt,34.18515,-79.3341,27,SC,US,5,['METAR']
KMAW,KMAW,MAW,MAW,,Malden Rgnl,36.5945,-89.98654,88,MO,US,5,['METAR']
KMAX,KMAX,,,,Medford/NEXRAD,42.081,-122.717,2278,OR,US,9,[]
KMBG,KMBG,MBG,MBG,,Mobridge Muni,45.543,-100.404,515,SD,US,3,"['METAR', 'TAF']"
KMBL,KMBL,MBL,MBL,,Manistee/Blacker Arpt,44.27139,-86.23775,187,MI,US,4,"['METAR', 'TAF']"
KMBO,KMBO,DXE,MBO,,Madison/Campbell Fld,32.43846,-90.10144,98,MS,US,6,['METAR']
KMBS,KMBS,MBS,MBS,,Saginaw Intl,43.5281,-84.08132,201,MI,US,3,"['METAR', 'TAF']"
KMBT,KMBT,,MBT,,Murfreesboro Muni,35.87668,-86.37926,187,TN,US,5,['METAR']
KMBY,KMBY,MBY,MBY,,Moberly/Bradley Arpt,39.46397,-92.42438,263,MO,US,4,['METAR']
KMCB,KMCB,MCB,MCB,,McComb/Lewis Fld,31.18227,-90.47207,124,MS,US,3,"['METAR', 'TAF']"
KMCC,KMCC,MCC,MCC,,McClellan AFB,38.678,-121.403,21,CA,US,6,"['METAR', 'TAF']"
KMCD,KMCD,MCD,MCD,,Mackinac Isl Arpt,45.866,-84.634,228,MI,US,5,['METAR']
KMCE,KMCE,MCE,MCE,,Merced/Macready Fld,37.28597,-120.5179,49,CA,US,4,"['METAR', 'TAF']"
KMCF,KMCF,MCF,MCF,74788,Tampa/MacDill AFB,27.85976,-82.51325,3,FL,US,6,"['METAR', 'TAF']"
KMCI,KMCI,MCI,MCI,72446,Kansas City Intl,39.29747,-94.73087,308,MO,US,1,"['METAR', 'TAF']"
KMCJ,KMCJ,,MCJ,,Houston/Rice Mem Hospital,29.7139,-95.3967,70,TX,US,7,['METAR']
KMCK,KMCK,MCK,MCK,,McCook Muni,40.204,-100.59038,780,NE,US,4,"['METAR', 'TAF']"
KMCN,KMCN,MCN,MCN,72217,Macon/Middle Georgia Rgnl,32.68887,-83.65294,104,GA,US,3,"['METAR', 'TAF']"
KMCO,KMCO,MCO,MCO,72205,Orlando Intl,28.41822,-81.32413,27,FL,US,3,"['METAR', 'TAF']"
KMCW,KMCW,MCW,MCW,,Mason City Muni,43.15426,-93.3262,363,IA,US,3,"['METAR', 'TAF']"
KMCX,KMCX,,MCX,,Monticello/White Cnty,40.7127,-86.7649,205,IN,US,5,['METAR']
KMCZ,KMCZ,,MCZ,,Williamston/Martin Cnty,35.862,-77.178,23,NC,US,5,[]
KMDD,KMDD,MDD,MDD,,Midland Airpark,32.03587,-102.09951,853,TX,US,6,['METAR']
KMDH,KMDH,MDH,MDH,,Murphysboro/S Illinois Arpt,37.7833,-89.24532,122,IL,US,4,['METAR']
KMDJ,KMDJ,,,,Mississippi Can,28.643,-89.794,20,LA,US,5,['METAR']
KMDQ,KMDQ,,MDQ,,Huntsville/Sharp Fld,34.866,-86.559,221,AL,US,5,['METAR']
KMDS,KMDS,XMD,MDS,,Madison Muni,44.01406,-97.08167,524,SD,US,5,['METAR']
KMDT,KMDT,MDT,MDT,72399,Harrisburg Intl,40.1962,-76.7725,91,PA,US,3,"['METAR', 'TAF']"
KMDW,KMDW,MDW,MDW,72534,Chicago/Midway Intl,41.78412,-87.75515,186,IL,US,5,"['METAR', 'TAF']"
KMDZ,KMDZ,MDF,MDZ,,Medford/Taylor Cnty,45.10131,-90.30638,446,WI,US,4,['METAR']
KME2,KME2,,ME2,,Farmington,44.679901,-67.264397,55,ME,US,,[]
KMEB,KMEB,MXE,MEB,,Laurinberg/Maxton Arpt,34.79132,-79.36829,65,NC,US,5,['METAR']
KMEG,KMEG,,,,Memphis WFO,35.056,-89.986,87,TN,US,7,['METAR']
KMEH,KMEH,,,,Meacham ,45.512,-118.425,1138,OR,US,5,['METAR']
KMEI,KMEI,MEI,MEI,72234,Meridian/Key Fld,32.33482,-88.75071,90,MS,US,3,"['METAR', 'TAF']"
KMEJ,KMEJ,,MEJ,,Meade Muni,37.284,-100.357,768,KS,US,9,[]
KMEM,KMEM,MEM,MEM,72334,Memphis Intl,35.05639,-89.98641,78,TN,US,2,"['METAR', 'TAF']"
KMER,KMER,MER,MER,72481,Castle AFB,37.392,-120.577,58,CA,US,6,"['METAR', 'TAF']"
KMEV,KMEV,MEV,MEV,,Minden-Tahoe Arpt,38.99627,-119.75002,1437,NV,US,6,"['METAR', 'TAF']"
KMEY,KMEY,,MEY,,Mapleton/Whiting Mem,42.178,-95.793,340,IA,US,9,[]
KMEZ,KMEZ,UMZ,MEZ,,Mena Intermountain Muni,34.54137,-94.19183,320,AR,US,5,['METAR']
KMFD,KMFD,MFD,MFD,72420,Mansfield/Lahm Rgnl,40.8204,-82.51767,394,OH,US,4,"['METAR', 'TAF']"
KMFE,KMFE,MFE,MFE,,McAllen/Miller Intl,26.17911,-98.2445,29,TX,US,4,"['METAR', 'TAF']"
KMFI,KMFI,MFI,MFI,,Marshfield Muni,44.63792,-90.18754,383,WI,US,5,['METAR']
KMFR,KMFR,MFR,MFR,72597,Medford/Rogue Valley Intl,42.37503,-122.87702,397,OR,US,2,"['METAR', 'TAF']"
KMFV,KMFV,MFV,MFV,,Melfa/Accomack Cnty,37.646,-75.763,13,VA,US,4,['METAR']
KMGC,KMGC,MGC,MGC,,Michigan City Muni,41.70478,-86.81833,199,IN,US,5,['METAR']
KMGE,KMGE,MGE,MGE,72227,Marietta/Dobbins AFB,33.91892,-84.52665,309,GA,US,5,"['METAR', 'TAF']"
KMGG,KMGG,,MGG,,Maple Lake Muni,45.23539,-93.9896,310,MN,US,6,['METAR']
KMGJ,KMGJ,MGJ,MGJ,,Montgomery/Orange Cnty,41.50905,-74.26455,106,NY,US,5,['METAR']
KMGM,KMGM,MGM,MGM,72226,Montgomery Rgnl,32.2997,-86.40743,64,AL,US,3,"['METAR', 'TAF']"
KMGN,KMGN,,MGN,,Harbor Springs Arpt,45.42412,-84.91299,205,MI,US,6,['METAR']
KMGR,KMGR,MGR,MGR,,Moultrie Muni,31.08351,-83.8035,86,GA,US,4,['METAR']
KMGW,KMGW,MGW,MGW,,Morgantown Muni,39.6498,-79.92064,375,WV,US,3,"['METAR', 'TAF']"
KMGY,KMGY,MGY,MGY,,Dayton/Wright Brothers Arpt,39.59179,-84.22628,290,OH,US,5,['METAR']
KMHE,KMHE,MHE,MHE,,Mitchell Muni,43.77425,-98.03839,397,SD,US,4,['METAR']
KMHK,KMHK,MHK,MHK,,Manhattan Rgnl,39.13463,-96.67889,320,KS,US,4,"['METAR', 'TAF']"
KMHL,KMHL,MHL,MHL,,Marshall Muni,39.09301,-93.20238,236,MO,US,5,['METAR']
KMHN,KMHN,MHN,,,Mullen/Hooker Cnty,42.05,-101.07,994,NE,US,9,[]
KMHP,KMHP,,MHP,,Metter Muni,32.374,-82.079,60,GA,US,5,['METAR']
KMHR,KMHR,MHR,MHR,,Sacramento/Mather Fld,38.55995,-121.28401,30,CA,US,6,"['METAR', 'TAF']"
KMHS,KMHS,,MHS,,Mount Shasta,41.31493,-122.31711,1080,CA,US,3,['METAR']
KMHT,KMHT,MHT,MHT,,Manchester Rgnl,42.92454,-71.43765,68,NH,US,5,"['METAR', 'TAF']"
KMHV,KMHV,MHV,MHV,,Mojave Arpt,35.06264,-118.15723,841,CA,US,5,['METAR']
KMHX,KMHX,,,,Newport/NEXRAD,34.776,-76.877,9,NC,US,9,[]
KMIA,KMIA,MIA,MIA,72202,Miami Intl,25.78806,-80.31692,1,FL,US,0,"['METAR', 'TAF']"
KMIB,KMIB,MIB,MIB,,Minot AFB,48.40623,-101.3413,505,ND,US,6,"['METAR', 'TAF']"
KMIC,KMIC,MIC,MIC,,Minneapolis/Crystal Arpt,45.0623,-93.35108,263,MN,US,5,['METAR']
KMIE,KMIE,MIE,MIE,,Muncie/Johnson Fld,40.23451,-85.39356,286,IN,US,3,['METAR']
KMIO,KMIO,MIO,MIO,,Miami Muni,36.91284,-94.88932,245,OK,US,5,['METAR']
KMIS,KMIS,,,,Main Pass 140B,29.296,-88.842,24,MS,US,5,['METAR']
KMIT,KMIT,MIT,MIT,,Shafter/Minter Fld,35.50637,-119.19154,127,CA,US,9,[]
KMIU,KMIU,,,,Mustang Island,27.29,-96.74,0,TX,US,4,['METAR']
KMIV,KMIV,MIV,MIV,,Millville Muni,39.36623,-75.07778,18,NJ,US,4,"['METAR', 'TAF']"
KMIW,KMIW,MIW,MIW,,Marshalltown Muni,42.11061,-92.91634,296,IA,US,4,['METAR']
KMJD,KMJD,,MJD,,Picayune Muni,30.49402,-89.65348,17,MS,US,6,['METAR']
KMJQ,KMJQ,MJQ,MJQ,,Jackson Muni,43.64958,-94.98846,439,MN,US,5,['METAR']
KMJX,KMJX,MJX,MJX,,Toms River/Miller Arpt,39.92348,-74.29703,22,NJ,US,5,['METAR']
KMKA,KMKA,,MKA,,Miller Muni,44.52367,-98.95538,477,SD,US,9,['METAR']
KMKC,KMKC,MKC,MKC,,Kansas City/Wheeler Downtown Arpt,39.12791,-94.58919,228,MO,US,6,"['METAR', 'TAF']"
KMKE,KMKE,MKE,MKE,72640,Milwaukee/Mitchell Intl,42.95489,-87.9045,203,WI,US,3,"['METAR', 'TAF']"
KMKG,KMKG,MKG,MKG,72636,Muskegon Cnty Arpt,43.17107,-86.23685,190,MI,US,4,"['METAR', 'TAF']"
KMKJ,KMKJ,,MKJ,,Marion/Mountain Empire Arpt,36.89443,-81.34486,777,VA,US,4,['METAR']
KMKL,KMKL,MKL,MKL,,Jackson/McKellar Rgnl,35.59332,-88.91697,130,TN,US,4,"['METAR', 'TAF']"
KMKN,KMKN,,MKN,,Comanche Cnty,31.92403,-98.59776,428,TX,US,5,['METAR']
KMKO,KMKO,MKO,MKO,,Muskogee/Davis Fld,35.65765,-95.36584,184,OK,US,4,['METAR']
KMKQ,KMKQ,,MKQ,,Green Canyon 433,27.5197,-90.0981,40,LA,US,5,['METAR']
KMKS,KMKS,,MKS,,Moncks Corner/Berkeley Cnty,33.18739,-80.03626,22,SC,US,5,['METAR']
KMKT,KMKT,MKT,MKT,,Mankato Rgnl,44.21845,-93.91786,309,MN,US,4,"['METAR', 'TAF']"
KMKV,KMKV,,MKV,,Marksville Muni,31.09349,-92.07231,79,LA,US,5,['METAR']
KMKX,KMKX,,,,Milwaukee/NEXRAD,42.968,-88.55,293,WI,US,9,[]
KMKY,KMKY,MRK,MKY,,Marco Island Arpt,25.999,-81.674,2,FL,US,6,['METAR']
KMLB,KMLB,MLB,MLB,72204,Melbourne Intl,28.09969,-80.63559,7,FL,US,4,"['METAR', 'TAF']"
KMLC,KMLC,MLC,MLC,,McAlester Rgnl,34.88237,-95.78154,231,OK,US,3,"['METAR', 'TAF']"
KMLD,KMLD,MLD,MLD,,Malad City Arpt,42.17,-112.289,1373,ID,US,9,['METAR']
KMLE,KMLE,MIQ,MLE,,Omaha/Millard Arpt,41.1981,-96.11305,318,NE,US,6,['METAR']
KMLF,KMLF,MLF,MLF,72475,Milford Muni,38.42251,-113.01089,1537,UT,US,4,['METAR']
KMLI,KMLI,MLI,MLI,72544,Moline/Quad City Intl,41.44816,-90.52365,174,IL,US,3,"['METAR', 'TAF']"
KMLJ,KMLJ,MLJ,MLJ,,Milledgeville/Baldwin Cnty,33.153,-83.242,115,GA,US,5,['METAR']
KMLP,KMLP,,MLP,,Mullan Pass,47.4548,-115.67109,1837,ID,US,3,['METAR']
KMLS,KMLS,MLS,MLS,74230,Miles City/Wiley Fld,46.42648,-105.88336,800,MT,US,3,"['METAR', 'TAF']"
KMLT,KMLT,MLT,MLT,,Millinocket Muni,45.64776,-68.69245,121,ME,US,3,['METAR']
KMLU,KMLU,MLU,MLU,,Monroe Rgnl,32.51552,-92.02995,22,LA,US,3,"['METAR', 'TAF']"
KMMH,KMMH,MMH,MMH,,Mammoth/Yosemite Arpt,37.62529,-118.83841,2167,CA,US,5,"['METAR', 'TAF']"
KMMI,KMMI,MMI,MMI,,Athens/McMinn Cnty,35.39519,-84.56116,252,TN,US,4,['METAR']
KMMK,KMMK,,MMK,,Meriden/Markham Muni,41.50968,-72.82781,30,CT,US,5,['METAR']
KMML,KMML,MML,MML,,Marshall Muni,44.4504,-95.82149,358,MN,US,5,['METAR']
KMMS,KMMS,MMS,MMS,,Marks/Selfs Arpt,34.231,-90.289,49,MS,US,9,[]
KMMT,KMMT,MMT,MMT,,Columbia/McEntire JNGB,33.922,-80.802,76,SC,US,5,"['METAR', 'TAF']"
KMMU,KMMU,MMU,MMU,,Morristown Muni,40.79893,-74.41636,55,NJ,US,6,['METAR']
KMMV,KMMV,,MMV,,McMinnville Muni,45.19571,-123.13378,48,OR,US,5,['METAR']
KMNE,KMNE,,MNE,,Minden/Webster Arpt,32.64329,-93.29716,84,LA,US,4,['METAR']
KMNF,KMNF,,MNF,,Mountain View Arpt,36.993,-91.714,360,MO,US,9,[]
KMNH,KMNH,,MNH,,Mountain Pass Arpt,39.22316,-104.64226,2152,CO,US,5,['METAR']
KMNI,KMNI,,MNI,,Manning/Cooper Rgnl,33.58821,-80.20591,29,SC,US,5,['METAR']
KMNM,KMNM,MNM,MNM,,Menominee/Twin Cnty,45.126,-87.639,188,MI,US,4,['METAR']
KMNN,KMNN,MNN,MNN,,Marion Muni,40.61576,-83.06731,301,OH,US,5,['METAR']
KMNV,KMNV,,MNV,,Madisonville/Monroe Cnty,35.54295,-84.38078,306,TN,US,5,['METAR']
KMNZ,KMNZ,,MNZ,,Hamilton Muni,31.66971,-98.14624,397,TX,US,4,['METAR']
KMO8,KMO8,,MO8,,Brookfield,39.77000045776367,-93.01270294189453,843,MO,US,,[]
KMOB,KMOB,MOB,MOB,72223,Mobile Rgnl,30.68819,-88.24595,67,AL,US,1,"['METAR', 'TAF']"
KMOD,KMOD,MOD,MOD,,Modesto/Sham Fld,37.62544,-120.95492,25,CA,US,3,"['METAR', 'TAF']"
KMOP,KMOP,MOP,MOP,,Mount Pleasant Muni,43.62288,-84.743,229,MI,US,5,['METAR']
KMOR,KMOR,MOR,MOR,,Morristown/Moore Arpt,36.17457,-83.38533,393,TN,US,4,['METAR']
KMOT,KMOT,MOT,MOT,,Minot Intl,48.25205,-101.26895,507,ND,US,3,"['METAR', 'TAF']"
KMOX,KMOX,MOX,MOX,,Morris Muni,45.56774,-95.96594,346,MN,US,5,['METAR']
KMP1,KMP1,,,,UNK,-99.99,-99.99,9999,,US,8,[]
KMPE,KMPE,,MPE,,Philadelphia Muni,32.79746,-89.12496,134,MS,US,6,[]
KMPG,KMPG,,MPG,,Moundsvill,39.880798,-80.735802,1214,WV,US,,[]
KMPI,KMPI,RMY,MPI,,Mariposa,37.5108985901,-120.040000916,2254,CA,US,,[]
KMPJ,KMPJ,MPJ,MPJ,,Morrilton/Park Arpt,35.138,-92.909,281,AR,US,9,[]
KMPO,KMPO,MPO,MPO,,Mount Pocono Muni,41.13684,-75.37706,576,PA,US,5,['METAR']
KMPR,KMPR,MPR,MPR,,McPherson Arpt,38.34912,-97.68827,455,KS,US,5,['METAR']
KMPV,KMPV,MPV,MPV,,Montpelier/Knapp Arpt,44.20502,-72.56545,336,VT,US,4,"['METAR', 'TAF']"
KMPZ,KMPZ,MPZ,MPZ,,Mount Pleasant Muni,40.94526,-91.51224,222,IA,US,5,['METAR']
KMQB,KMQB,MQB,MQB,,Macomb Muni,40.51763,-90.6481,205,IL,US,5,['METAR']
KMQE,KMQE,,,,Milton/Blue Hills Observatory,42.212,-71.114,192,MA,US,6,['METAR']
KMQI,KMQI,MEO,MQI,,Manteo/Dare Cnty,35.91881,-75.69887,3,NC,US,6,['METAR']
KMQJ,KMQJ,,MQJ,,Indianapolis Rgnl,39.84017,-85.89404,262,IN,US,6,['METAR']
KMQM,KMQM,,,,Monida,44.57,-112.32,2068,MT,US,9,[]
KMQS,KMQS,CTH,MQS,,Coatesville/Chester Cnty,39.9773,-75.86046,200,PA,US,5,['METAR']
KMQT,KMQT,,,72743,Marquette/NEXRAD,46.531,-87.548,434,MI,US,5,[]
KMQW,KMQW,MQW,MQW,,McRae-Helena/Telfair-Wheeler Arpt,32.0942,-82.88202,62,GA,US,6,['METAR']
KMQY,KMQY,MQY,MQY,,Smyrna Arpt,36.0029,-86.51437,156,TN,US,6,"['METAR', 'TAF']"
KMRB,KMRB,MRB,MRB,,Martinsburg/E West Virginia Rgnl,39.40374,-77.97499,165,WV,US,3,"['METAR', 'TAF']"
KMRC,KMRC,MRC,MRC,,Columbia/Maury Cnty,35.55787,-87.17778,205,TN,US,3,['METAR']
KMRF,KMRF,MRF,MRF,72264,Marfa Muni,30.37065,-104.01173,1476,TX,US,2,['METAR']
KMRH,KMRH,,MRH,,Beaufort/Smith Fld,34.73258,-76.65659,2,NC,US,6,['METAR']
KMRJ,KMRJ,,MRJ,,Mineral Point/Iowa Cnty,42.88752,-90.23151,350,WI,US,5,['METAR']
KMRN,KMRN,MRN,MRN,,Morganton/Foothills Rgnl,35.81917,-81.6097,375,NC,US,5,['METAR']
KMRT,KMRT,,MRT,,Marysville/Union Cnty,40.22372,-83.34745,302,OH,US,5,['METAR']
KMRX,KMRX,,,,Morristown/NEXRAD,36.168,-83.402,410,TN,US,9,[]
KMRY,KMRY,MRY,MRY,,Monterey Rgnl,36.59041,-121.84881,51,CA,US,5,"['METAR', 'TAF']"
KMSA,KMSA,,,,Mount Pleasant-,33.13,-94.98,117,TX,US,9,[]
KMSL,KMSL,MSL,MSL,,Muscle Shoals/NW Alabama Rgnl,34.74388,-87.59971,170,AL,US,4,"['METAR', 'TAF']"
KMSN,KMSN,MSN,MSN,72641,Madison/Dane Cnty Rgnl,43.14068,-89.34523,262,WI,US,2,"['METAR', 'TAF']"
KMSO,KMSO,MSO,MSO,72773,Missoula Intl,46.92076,-114.09376,974,MT,US,2,"['METAR', 'TAF']"
KMSP,KMSP,MSP,MSP,72658,Minneapolis-St Paul Intl,44.88523,-93.23132,255,MN,US,1,"['METAR', 'TAF']"
KMSS,KMSS,MSS,MSS,,Massena Intl,44.93343,-74.84836,60,NY,US,3,"['METAR', 'TAF']"
KMSV,KMSV,MSV,MSV,,Monticello/Sullivan Cnty,41.70561,-74.80039,427,NY,US,4,['METAR']
KMSX,KMSX,,,,Missoula/NEXRAD,47.041,-113.986,2421,MT,US,9,[]
KMSY,KMSY,MSY,MSY,72231,New Orleans/Armstrong Intl,29.99739,-90.27773,0,LA,US,2,"['METAR', 'TAF']"
KMTC,KMTC,MTC,MTC,,Selfridge ANGB,42.60452,-82.83534,177,MI,US,5,"['METAR', 'TAF']"
KMTH,KMTH,MTH,MTH,,Marathon Arpt,24.72625,-81.04772,1,FL,US,4,"['METAR', 'TAF']"
KMTJ,KMTJ,MTJ,MTJ,,Montrose Rgnl,38.50538,-107.89813,1755,CO,US,4,"['METAR', 'TAF']"
KMTK,KMTK,,MTK,,South Pass 89E,28.6967,-89.3958,50,LA,US,5,[]
KMTN,KMTN,MTN,MTN,,Baltimore/Martin State Arpt,39.32145,-76.40653,2,MD,US,6,"['METAR', 'TAF']"
KMTO,KMTO,MTO,MTO,,Mattoon/Coles Cnty,39.47439,-88.27237,216,IL,US,4,['METAR']
KMTP,KMTP,MTP,MTP,,Montauk Arpt,41.07304,-71.92352,2,NY,US,4,['METAR']
KMTR,KMTR,,,,Monterey/WFO,36.6,-121.87,16,CA,US,9,[]
KMTV,KMTV,,MTV,,Martinsville/Blue Ridge Arpt,36.6272,-80.01337,276,VA,US,4,['METAR']
KMTW,KMTW,MTW,MTW,,Manitowoc Muni,44.13218,-87.68186,197,WI,US,4,"['METAR', 'TAF']"
KMTX,KMTX,,,,Salt Lake/NEXRAD,41.263,-112.448,1972,UT,US,9,[]
KMUI,KMUI,MUI,MUI,,Fort Indiantown Gap/Muir AAF,40.43807,-76.56432,146,PA,US,5,"['METAR', 'TAF']"
KMUL,KMUL,MUL,MUL,,Moultrie/Spence Arpt,31.137,-83.704,89,GA,US,9,['METAR']
KMUO,KMUO,MUO,MUO,,Mountain Home AFB,43.03,-115.859,915,ID,US,4,"['METAR', 'TAF']"
KMUT,KMUT,MUT,MUT,,Muscatine Muni,41.36703,-91.14059,166,IA,US,5,['METAR']
KMUX,KMUX,,,,Monterey/NEXRAD,37.155,-121.898,1059,CA,US,9,[]
KMVC,KMVC,MVC,MVC,,Monroeville/Monroe Cnty,31.458,-87.351,128,AL,US,9,[]
KMVE,KMVE,MVE,MVE,,Montevideo/Chippewa Cnty,44.96748,-95.71158,319,MN,US,5,['METAR']
KMVH,KMVH,,MVH,,N Bar Ranch Arpt,46.838,-108.936,1352,MT,US,5,['METAR']
KMVI,KMVI,,MVI,,Monte Vista Muni,37.529,-106.046,2320,CO,US,9,[]
KMVL,KMVL,MVL,MVL,,Morrisville-Stowe State Arpt,44.5328,-72.61523,226,VT,US,5,['METAR']
KMVM,KMVM,,MVM,,Machias Valley Arpt,44.69979,-67.4759,29,ME,US,9,[]
KMVN,KMVN,MVN,MVN,,Mount Vernon Arpt,38.32841,-88.85295,145,IL,US,5,"['METAR', 'TAF']"
KMVY,KMVY,MVY,MVY,,Marthas Vineyard Arpt,41.39297,-70.61591,18,MA,US,4,['METAR']
KMWA,KMWA,MWA,MWA,,Marion Rgnl,37.75439,-89.01181,142,IL,US,6,['METAR']
KMWC,KMWC,MWC,MWC,,Milwaukee/Timmerman Arpt,43.10954,-88.03432,225,WI,US,6,['METAR']
KMWH,KMWH,MWH,MWH,,Moses Lake/Grant Cnty,47.19295,-119.31459,355,WA,US,6,"['METAR', 'TAF']"
KMWK,KMWK,,MWK,,Mt Airy/Surry Cnty,36.45676,-80.55485,374,NC,US,4,['METAR']
KMWL,KMWL,MWL,MWL,,Mineral Wells Arpt,32.78155,-98.06022,288,TX,US,4,['METAR']
KMWM,KMWM,MWM,MWM,,Windom Muni,43.90998,-95.10728,427,MN,US,5,['METAR']
KMWN,KMWN,,,72613,Mount Washington,44.271,-71.304,1911,NH,US,5,['METAR']
KMWO,KMWO,MWO,MWO,,Middletown/Hook Fld,39.53238,-84.39735,197,OH,US,6,['METAR']
KMWS,KMWS,,,,Mount Wilson,34.226,-118.057,1745,CA,US,6,['METAR']
KMWT,KMWT,,,,Mount Ida,34.54665,-93.57794,220,AR,US,5,['METAR']
KMXA,KMXA,MXA,MXA,,Manila Muni,35.894,-90.155,74,AR,US,9,[]
KMXA2,,,,,CMAN,-99.99,-99.99,9999,,,8,[]
KMXF,KMXF,MXF,MXF,,Maxwell AFB,32.38768,-86.37236,47,AL,US,7,"['METAR', 'TAF']"
KMXO,KMXO,MXO,MXO,,Monticello Rgnl,42.22032,-91.16044,251,IA,US,5,['METAR']
KMYF,KMYF,MYF,MYF,,San Diego/Montgomery Arpt,32.81453,-117.13747,128,CA,US,6,['METAR']
KMYJ,KMYJ,,MYJ,,Mexico Mem,39.15612,-91.81292,249,MO,US,5,['METAR']
KMYL,KMYL,MYL,MYL,,McCall Muni,44.89426,-116.09977,1532,ID,US,3,"['METAR', 'TAF']"
KMYP,KMYP,,MYP,,Monarch Pass,38.49716,-106.32001,3629,CO,US,6,['METAR']
KMYR,KMYR,MYR,MYR,74791,Myrtle Beach Intl,33.6769,-78.93248,7,SC,US,3,"['METAR', 'TAF']"
KMYT,KMYT,,,,Innovator,28.221,-89.615,23,MS,US,9,['METAR']
KMYV,KMYV,MYV,MYV,,Marysville/Yuba Cnty,39.10204,-121.56883,18,CA,US,6,['METAR']
KMYZ,KMYZ,,MYZ,,Marysville Muni,39.85442,-96.62789,388,KS,US,4,['METAR']
KMZG,KMZG,,,,Mustang Island,27.7269,-96.1911,24,TX,US,4,['METAR']
KMZH,KMZH,,MZH,,Moose Lake/Carlton C,46.41631,-92.80493,331,MN,US,5,['METAR']
KMZJ,KMZJ,MZJ,MZJ,,Marana/Pinal Aprk,32.51473,-111.33464,574,AZ,US,6,['METAR']
KMZZ,KMZZ,MZZ,MZZ,,Marion Muni,40.48634,-85.68589,260,IN,US,5,['METAR']
KN03,KN03,,N03,,Cortland/Cortland Cnty,42.59287,-76.2174,361,NY,US,6,['METAR']
KN12,KN12,,N12,,Lakewood,40.066799,-74.177696,43,NJ,US,,[]
KN23,KN23,SXY,N23,,Sidney,42.302600860596,-75.416000366211,1027,NY,US,,[]
KN24,KN24,,N24,,Questa Muni,36.80030059814453,-105.5979995727539,7700,NM,US,5,['METAR']
KN27,KN27,,N27,,Towanda,41.740002,-76.447098,730,PA,US,,[]
KN38,KN38,,N38,,Wellsboro/Grand Canyon Rgnl,41.72868,-77.39581,576,PA,US,5,['METAR']
KN40,KN40,,N40,,Pittstown,40.56629943847656,-74.97859954833984,560,NJ,US,,[]
KN60,KN60,,,,Garrison Muni,47.654,-101.436,582,ND,US,4,['METAR']
KN66,KN66,ONH,N66,,Oneonta,42.5247,-75.0644,1763,NY,US,,[]
KN68,KN68,,N68,,Chambersbu,39.973099,-77.643303,697,PA,US,,[]
KN79,KN79,,N79,,Shamokin/Northumberland Cnty,40.83712,-76.54603,269,PA,US,6,['METAR']
KN81,KN81,,N81,,Hammonton,39.6675,-74.757698,65,NJ,US,,[]
KN91,KN91,,,,Cape May ,38.95,-74.88,2,NJ,US,9,[]
KNAE,KNAE,,,,"Astor, Bombing",29.14,-81.63,28,FL,US,9,[]
KNAK,KNAK,,,,Annapolis/Naval Academy,38.99128,-76.48909,2,MD,US,4,['METAR']
KNBC,KNBC,,NBC,,Beaufort,32.477,-80.722,9,SC,US,4,"['METAR', 'TAF']"
KNBE,KNBE,,,,Dallas ,32.73,-96.97,150,TX,US,9,['METAR']
KNBG,KNBG,NBG,NBG,,New Orleans ,29.837,-90.024,0,LA,US,5,"['METAR', 'TAF']"
KNBJ,KNBJ,NHX,NBJ,,Barin Fld,30.391,-87.633,15,AL,US,9,[]
KNBQ,KNBQ,,,,"Kings Bay, Nava",30.79,-81.56,8,GA,US,9,[]
KNBT,KNBT,,,,Piney Island/Bomb Rng,35.022,-76.463,5,NC,US,5,['METAR']
KNBU,KNBU,,,,Glenview NAS,42.08,-87.82,199,IL,US,9,[]
KNCA,KNCA,,NCA,,New River MCAS,34.70624,-77.44064,9,NC,US,4,"['METAR', 'TAF']"
KNDN,KNDN,,,,Piney Island,35,-76.45,14,NC,US,9,[]
KNDZ,KNDZ,,NDZ,,Milton/Whiting-S,30.69728,-87.02072,51,FL,US,7,['METAR']
KNED,KNED,,,,"Winner, Wiley F",43.38,-99.83,619,SD,US,9,[]
KNEL,KNEL,NEL,NEL,72409,Lakehurst,40.037,-74.326,26,NJ,US,6,['METAR']
KNEN,KNEN,,NEN,,Whitehouse Naval,30.349,-81.867,30,FL,US,6,['METAR']
KNEW,KNEW,NEW,NEW,,New Orleans/Lakefront Arpt,30.04935,-90.02898,1,LA,US,6,"['METAR', 'TAF']"
KNEX,KNEX,,,,Charleston ,32.92,-79.98,9,SC,US,9,[]
KNFE,KNFE,,NFE,,Fentress,36.701,-76.129,4,VA,US,6,['METAR']
KNFG,KNFG,,NFG,,Camp Pendleton,33.304,-117.355,21,CA,US,6,"['METAR', 'TAF']"
KNFJ,KNFJ,,NFJ,,Milton/Choctaw,30.512,-86.954,34,FL,US,9,[]
KNFL,KNFL,NFL,NFL,,Fallon ,39.417,-118.705,1199,NV,US,4,"['METAR', 'TAF']"
KNFW,KNFW,FWH,NFW,,Fort Worth/Carswell NAS,32.781,-97.436,188,TX,US,7,"['METAR', 'TAF']"
KNGP,KNGP,NGP,NGP,,Corpus Christi/Truax Fld NAS,27.688,-97.292,5,TX,US,5,"['METAR', 'TAF']"
KNGT,KNGT,,NGT,,Berclair,28.615516,-97.616302,324,TX,US,,[]
KNGU,KNGU,NGU,NGU,,Norfolk NAS,36.937,-76.281,3,VA,US,7,"['METAR', 'TAF']"
KNGW,KNGW,NGW,NGW,,Corpus Christi/Cabaniss Fld,27.702,-97.442,8,TX,US,9,[]
KNGZ,KNGZ,,,,Alameda/Alameda NAS,37.78,-122.32,4,CA,US,8,['METAR']
KNHK,KNHK,NHK,NHK,72404,Patuxent River NAS,38.284,-76.408,5,MD,US,4,"['METAR', 'TAF']"
KNHZ,KNHZ,,,,Brunswick ,43.9,-69.93,23,ME,US,9,['TAF']
KNID,KNID,,NID,74612,China Lake ,35.688,-117.69,682,CA,US,3,"['METAR', 'TAF']"
KNIP,KNIP,NIP,NIP,,Jacksonville ,30.23464,-81.67463,3,FL,US,5,"['METAR', 'TAF']"
KNIS,KNIS,,,,"Cherry Point, M",34.88,-76.85,8,NC,US,9,[]
KNJK,KNJK,NJK,NJK,72281,El Centro,32.823,-115.668,-15,CA,US,7,"['METAR', 'TAF']"
KNJM,KNJM,,NJM,,Swansboro/Bogue Fld,34.694,-77.029,5,NC,US,5,"['METAR', 'TAF']"
KNJW,KNJW,,NJW,,Meridian Range B,32.792,-88.832,165,MS,US,5,['METAR']
KNKT,KNKT,,NKT,72309,Cherry Point MCAS,34.897,-76.881,8,NC,US,5,"['METAR', 'TAF']"
KNKX,KNKX,NKX,NKX,,Miramar ,32.865,-117.137,138,CA,US,5,"['METAR', 'TAF']"
KNLC,KNLC,NLC,NLC,74702,Lemoore ,36.30243,-119.93972,69,CA,US,4,"['METAR', 'TAF']"
KNLT,KNLT,,,,"Atlantic, Atlan",34.87,-76.33,4,NC,US,9,[]
KNMM,KNMM,,NMM,,Meridian/MCCain,32.546,-88.543,94,MS,US,5,"['METAR', 'TAF']"
KNMT,KNMT,,,,McMullen Target Site,28.236,-98.724,86,TX,US,5,['METAR']
KNNZ,KNNZ,,,,Point Sur,36.3,-121.88,34,CA,US,9,[]
KNOG,KNOG,,NOG,,Orange Grove,27.895,-98.043,72,TX,US,5,['METAR']
KNOH1,,,,,Kilo Nalu Observatory,21.288,-157.865,0,HI,US,8,[]
KNOW,KNOW,,NOW,74201,Port Angeles,48.13943,-123.40334,3,WA,US,7,['METAR']
KNOZ,KNOZ,,,,Yuma Aux Afld,32.55,-114.512,78,AZ,US,6,['METAR']
KNPA,KNPA,NPA,NPA,,Pensacola ,30.356,-87.323,6,FL,US,6,"['METAR', 'TAF']"
KNQA,KNQA,NQA,NQA,,Millington Rgnl,35.36188,-89.86121,90,TN,US,5,['METAR']
KNQI,KNQI,NQI,NQI,,Kingsville,27.507,-97.81,15,TX,US,5,"['METAR', 'TAF']"
KNQX,KNQX,NQX,NQX,,Key West ,24.58008,-81.68293,2,FL,US,7,"['METAR', 'TAF']"
KNRA,KNRA,,NRA,,"Coupeville, Out",48.18,-122.63,61,WA,US,9,[]
KNRB,KNRB,NRB,NRB,,Mayport ,30.396,-81.423,4,FL,US,5,"['METAR', 'TAF']"
KNRC,KNRC,NRC,,,Crows Landing N,37.4,-121.1,50,CA,US,6,[]
KNRN,KNRN,,NRN,,Norton Muni,39.84966,-99.89147,726,KS,US,5,['METAR']
KNRS,KNRS,NRS,NRS,,Imperial Beach,32.563,-117.11094,15,CA,US,6,['METAR']
KNSE,KNSE,NSE,NSE,,Milton/Whiting N,30.728,-87.022,56,FL,US,5,"['METAR', 'TAF']"
KNSI,KNSI,,NSI,72291,San Nicholas Island Arpt,33.23375,-119.4559,161,CA,US,3,['METAR']
KNSW3,,,,,Kenosha,42.589,-87.809,176,WI,US,8,[]
KNTD,KNTD,NTD,NTD,72391,Pt Mugu ,34.124,-119.123,1,CA,US,6,"['METAR', 'TAF']"
KNTK,KNTK,,,,Tustin ,33.7,-117.83,17,CA,US,9,[]
KNTU,KNTU,NTU,NTU,,Oceana,36.8209,-76.0277,6,VA,US,6,"['METAR', 'TAF']"
KNUC,KNUC,,NUC,,San Clemente,33.022,-118.583,52,CA,US,4,"['METAR', 'TAF']"
KNUI,KNUI,,NUI,,St Inigoes/Webster Fld,38.152,-76.432,4,MD,US,6,['METAR']
KNUQ,KNUQ,NUQ,NUQ,74509,Moffett Fed Airfld,37.4059,-122.04906,9,CA,US,6,['METAR']
KNUW,KNUW,NUW,NUW,,Whidbey Island,48.355,-122.664,14,WA,US,4,"['METAR', 'TAF']"
KNVD,KNVD,NVD,NVD,,Nevada Muni,37.85237,-94.30678,270,MO,US,9,['METAR']
KNVT,KNVT,,,,Corpus Christi/Waldr,27.631,-97.31,7,TX,US,9,[]
KNXA2,,,,,CMAN,-99.99,-99.99,9999,,,8,[]
KNXF,KNXF,,,,Camp Pendleton/Red B,33.287,-117.456,28,CA,US,7,['METAR']
KNXP,KNXP,,NXP,69015,Twentynine Palms/Self Arpt,34.29398,-116.1472,610,CA,US,4,"['METAR', 'TAF']"
KNXX,KNXX,,,,Willow Grove ,40.199,-75.148,102,PA,US,9,[]
KNY0,KNY0,,NY0,,Johnstown/Fulton Cnty,42.99895,-74.32925,266,NY,US,5,['METAR']
KNYC,KNYC,,,,New York/Central Park,40.779,-73.9692,33,NY,US,7,['METAR']
KNYG,KNYG,NYG,NYG,,Quantico ,38.503,-77.301,2,VA,US,4,"['METAR', 'TAF']"
KNYL,KNYL,YUM,NYL,,Yuma ,32.66001,-114.60777,58,AZ,US,3,"['METAR', 'TAF']"
KNZC,KNZC,,,,Cecil Field ,30.23,-81.88,25,FL,US,9,['METAR']
KNZJ,KNZJ,,,,El Toro ,33.67,-117.73,117,CA,US,9,[]
KNZW,KNZW,,,,South Weymouth,42.15,-70.93,49,MA,US,9,['METAR']
KNZY,KNZY,NZY,NZY,,San Diego/North Island NAS,32.69217,-117.20983,4,CA,US,7,"['METAR', 'TAF']"
KO02,KO02,NVN,O02,,Beckwourth,39.818501,-120.352997,4900,CA,US,,[]
KO05,KO05,,O05,,Chester/Rogers Fld,40.28649,-121.24269,1380,CA,US,4,['METAR']
KO16,KO16,,O16,,Garbervill,40.08599853515625,-123.81400299072266,546,CA,US,,[]
KO18,KO18,,,,Hanford,36.32,-119.62,74,CA,US,9,[]
KO22,KO22,,O22,,Columbia Arpt,38.03,-120.415,637,CA,US,4,['METAR']
KO26,KO26,,O26,,Lone Pine Arpt,36.588299,-118.052002,3680,CA,US,4,['METAR']
KO32,KO32,,O32,,Reedley Muni,36.66911,-119.45254,117,CA,US,6,['METAR']
KO54,KO54,,O54,,Weaverville Arpt,40.74599,-122.92238,693,CA,US,5,['METAR']
KO59,KO59,,,,Cedarville Arpt,41.554,-120.166,1409,CA,US,9,['METAR']
KO61,KO61,,O61,,Cameron Pa,38.683998,-120.987999,1286,CA,US,,[]
KO69,KO69,,O69,,Petaluma Muni,38.26006,-122.60701,26,CA,US,6,['METAR']
KO85,KO85,BZF,O85,,Redding,40.5749015808,-122.407997131,719,CA,US,,[]
KO86,KO86,,O86,,Trinity Center Arpt,40.98449,-122.69349,729,CA,US,5,['METAR']
KO87,KO87,,,,Shelter Cove,40.02,-124.07,21,CA,US,9,['METAR']
KO88,KO88,,O88,,Rio Vista,38.19340133666992,-121.7040023803711,20,CA,US,,[]
KO89,KO89,,O89,,Fall River,41.018798828125,-121.43299865722656,3323,CA,US,,[]
KOAJ,KOAJ,OAJ,OAJ,,Jacksonville/Ellis Arpt,34.8251,-77.61887,26,NC,US,5,"['METAR', 'TAF']"
KOAK,KOAK,OAK,OAK,72493,Oakland Intl,37.71779,-122.23299,3,CA,US,5,"['METAR', 'TAF']"
KOAR,KOAR,OAR,OAR,,Marina Muni,36.68151,-121.75736,41,CA,US,6,['METAR']
KOAX,KOAX,,,,Omaha/NEXRAD,41.32,-96.367,349,NE,US,9,[]
KOBE,KOBE,OBE,OBE,,Okeechobee Cnty Arpt,27.26627,-80.84866,11,FL,US,4,['METAR']
KOBI,KOBI,,OBI,,Woodbine,39.2192,-74.7948,42,NJ,US,,[]
KOCF,KOCF,OCF,OCF,,Ocala Rgnl,29.16364,-82.221,24,FL,US,4,['METAR']
KOCH,KOCH,OCH,OCH,,Nacogdoches Rgnl,31.58089,-94.70807,105,TX,US,4,['METAR']
KOCQ,KOCQ,,OCQ,,Oconto/Blake Mem,44.87488,-87.90841,181,WI,US,5,['METAR']
KOCW,KOCW,OCW,OCW,,Washington/Warren Arpt,35.57028,-77.05004,10,NC,US,5,['METAR']
KODO,KODO,,ODO,,Odessa/Schlemeyer Fld,31.92498,-102.38741,912,TX,US,6,['METAR']
KODX,KODX,,ODX,,Ord/Sharp Fld,41.62341,-98.94887,628,NE,US,4,['METAR']
KOEA,KOEA,,,,Vincennes-O'Nea,38.69,-87.55,9999,IN,US,9,[]
KOEB,KOEB,,OEB,,Coldwater/Branch Cnty,41.93081,-85.05436,291,MI,US,5,['METAR']
KOEL,KOEL,,OEL,,Oakley Muni,39.11386,-100.81895,924,KS,US,5,['METAR']
KOEO,KOEO,OEO,OEO,,Osceola/Simenstad Muni,45.31083,-92.6948,269,WI,US,5,['METAR']
KOFF,KOFF,OFF,OFF,72554,Bellevue/Offutt AFB,41.122,-95.91,308,NE,US,6,"['METAR', 'TAF']"
KOFK,KOFK,OFK,OFK,72556,Norfolk/Stefan Mem,41.97988,-97.43351,476,NE,US,3,"['METAR', 'TAF']"
KOFP,KOFP,,OFP,,Richmond/Hanover Cnty,37.70927,-77.43485,63,VA,US,5,['METAR']
KOGA,KOGA,OGA,OGA,,Ogalla/Searle Fld,41.11639,-101.76787,991,NE,US,4,['METAR']
KOGB,KOGB,OGB,OGB,,Orangeburg Muni,33.46374,-80.85345,59,SC,US,4,"['METAR', 'TAF']"
KOGD,KOGD,OGD,OGD,72575,Ogden/Hinckley Arpt,41.19406,-112.01682,1356,UT,US,4,"['METAR', 'TAF']"
KOGM,KOGM,,OGM,,Ontonagon Cnty,46.845,-89.367,203,MI,US,9,[]
KOGS,KOGS,OGS,OGS,,Ogdensburg Intl,44.67996,-75.46415,88,NY,US,4,['METAR']
KOHX,KOHX,,,,Nashville/NEXRAD,36.247,-86.563,177,TN,US,9,[]
KOIC,KOIC,OIC,OIC,,Norwich/Eaton Arpt,42.56424,-75.52692,311,NY,US,4,['METAR']
KOIN,KOIN,,OIN,,Oberlin Muni,39.82981,-100.53771,810,KS,US,5,['METAR']
KOJA,KOJA,,OJA,,Weatherford/Stafford Arpt,35.54836,-98.67018,490,OK,US,6,['METAR']
KOJC,KOJC,OJC,OJC,,Olathe/Johnson Cnty,38.84996,-94.73949,328,KS,US,7,['METAR']
KOKB,KOKB,OCN,OKB,,Oceanside Muni,33.21946,-117.34961,7,CA,US,3,['METAR']
KOKC,KOKC,OKC,OKC,72353,Oklahoma City/Will Rogers Intl,35.3843,-97.60033,391,OK,US,1,"['METAR', 'TAF']"
KOKH,KOKH,ODW,OKH,,Oak Harbor,48.251499176,-122.674003601,193,WA,US,,[]
KOKK,KOKK,OKK,OKK,,Kokomo Muni,40.5304,-86.05504,251,IN,US,4,['METAR']
KOKM,KOKM,OKM,OKM,,Okmulgee Rgnl,35.67133,-95.95139,215,OK,US,5,['METAR']
KOKS,KOKS,OKS,OKS,,Oshkosh/Garden Cnty,41.401,-102.355,1034,NE,US,9,[]
KOKV,KOKV,WGO,OKV,,Winchester Rgnl,39.14056,-78.13908,213,VA,US,5,['METAR']
KOKX,KOKX,,,,New York/NEXRAD,40.87,-72.874,30,NY,US,9,[]
KOKZ,KOKZ,,OKZ,,Sandersville/Kaolin Fld,32.96512,-82.8387,128,GA,US,5,['METAR']
KOLD,KOLD,OLD,OLD,,Old Town/Dewitt Fld,44.954,-68.679,39,ME,US,9,['METAR']
KOLE,KOLE,OLE,OLE,,Olean/Cattaraugus Cnty,42.2429,-78.37212,651,NY,US,6,['METAR']
KOLF,KOLF,OLF,OLF,,Wolf Point/Clayton Arpt,48.09418,-105.57836,605,MT,US,4,"['METAR', 'TAF']"
KOLG,KOLG,,OLG,,Solon Springs Muni,46.31533,-91.81827,334,WI,US,5,['METAR']
KOLM,KOLM,OLM,OLM,72792,Olympia Rgnl,46.97371,-122.90494,58,WA,US,4,"['METAR', 'TAF']"
KOLS,KOLS,OLS,OLS,,Nogales Intl,31.42077,-110.84655,1194,AZ,US,4,"['METAR', 'TAF']"
KOLU,KOLU,OLU,OLU,,Columbus Muni,41.44718,-97.33914,438,NE,US,4,['METAR']
KOLV,KOLV,OLV,OLV,,Olive Branch Arpt,34.98077,-89.78507,124,MS,US,6,['METAR']
KOLY,KOLY,OLY,OLY,,Olney/Noble Arpt,38.72133,-88.17993,144,IL,US,5,['METAR']
KOLZ,KOLZ,,OLZ,,Oelwein Muni,42.68314,-91.97599,328,IA,US,5,['METAR']
KOMA,KOMA,OMA,OMA,72550,Omaha/Eppley Fld,41.31186,-95.90185,299,NE,US,2,"['METAR', 'TAF']"
KOMH,KOMH,,OMH,,Orange Cnty Arpt,38.24866,-78.0454,136,VA,US,5,['METAR']
KOMK,KOMK,OMK,OMK,72789,Omak Arpt,48.46114,-119.52091,395,WA,US,3,['METAR']
KOMN,KOMN,,OMN,,Ormond Beach Muni,29.30093,-81.11098,7,FL,US,6,['METAR']
KONA,KONA,ONA,ONA,,Winona Muni,44.076,-91.707,200,MN,US,5,['METAR']
KONL,KONL,ONL,ONL,,O'Neill Muni,42.46912,-98.69033,619,NE,US,4,['METAR']
KONM,KONM,ONM,ONM,72362,Socorro Muni,34.02631,-106.90371,1467,NM,US,4,['METAR']
KONO,KONO,ONO,ONO,,Ontario Muni,44.01425,-117.00813,668,OR,US,4,"['METAR', 'TAF']"
KONP,KONP,ONP,ONP,72695,Newport Muni,44.58245,-124.05745,43,OR,US,3,"['METAR', 'TAF']"
KONT,KONT,ONT,ONT,74704,Ontario Intl,34.05314,-117.57689,279,CA,US,4,"['METAR', 'TAF']"
KONX,KONX,,ONX,,Currituck Cnty,36.399,-76.014,4,NC,US,5,['METAR']
KONY,KONY,ONY,ONY,,Olney Muni,33.351,-98.819,388,TX,US,9,[]
KONZ,KONZ,,ONZ,,Grosse Isle Muni,42.09914,-83.16105,179,MI,US,6,['METAR']
KOOA,KOOA,OOA,OOA,,Oskaloosa Muni,41.22729,-92.4919,256,IA,US,6,['METAR']
KOPF,KOPF,OPF,OPF,,Miami/Opa Locka Arpt,25.91017,-80.28283,1,FL,US,6,"['METAR', 'TAF']"
KOPL,KOPL,OPL,OPL,,Opelousas/St Landry,30.56426,-92.10208,22,LA,US,4,['METAR']
KOPM,KOPM,,,,N Padre Isl 975,26.833,-96.94,25,TX,US,3,['METAR']
KOPN,KOPN,,OPN,,Thomaston/Upson Cnty,32.95396,-84.25945,241,GA,US,4,['METAR']
KOQN,KOQN,,OQN,,West Chester/Brandywine Rgnl,39.98893,-75.58028,141,PA,US,6,['METAR']
KOQT,KOQT,,,72427,Oak Ridge,36.023,-84.2336,276,TN,US,5,['METAR']
KOQU,KOQU,NCO,OQU,,N Kingston/Quonset Arpt,41.59946,-71.41112,6,RI,US,6,['METAR']
KOQW,KOQW,,OQW,,Maquoketa Muni,42.05,-90.739,234,IA,US,9,[]
KORB,KORB,,ORB,,Orr Rgnl,48.01706,-92.85378,407,MN,US,5,['METAR']
KORC,KORC,,,,Orange City Arpt,42.99,-96.062,430,IA,US,4,[]
KORD,KORD,ORD,ORD,72530,Chicago/O'Hare Intl,41.96017,-87.93161,202,IL,US,0,"['METAR', 'TAF']"
KORE,KORE,,ORE,,Orange Muni,42.56998,-72.28696,165,MA,US,5,['METAR']
KORF,KORF,ORF,ORF,72308,Norfolk Intl,36.90371,-76.19266,5,VA,US,3,"['METAR', 'TAF']"
KORG,KORG,,ORG,,Orange/Orange Cnty,30.06804,-93.8043,2,TX,US,5,['METAR']
KORH,KORH,ORH,ORH,72510,Worcester Muni,42.27056,-71.87312,306,MA,US,4,"['METAR', 'TAF']"
KORK,KORK,,ORK,,N Little Rock Muni,34.83298,-92.25573,166,AR,US,7,['METAR']
KORL,KORL,ORL,ORL,,Orlando/Executive,28.54653,-81.33545,32,FL,US,5,['METAR']
KORS,KORS,ESD,ORS,,Eastsound/Orcas Island Arpt,48.70806,-122.90916,7,WA,US,5,['METAR']
KOSA,KOSA,MPS,OSA,,Mount Pleasant Rgnl,33.09363,-94.96007,108,TX,US,4,['METAR']
KOSC,KOSC,OSC,OSC,,Wurtsmith,44.453,-83.396,191,MI,US,4,['METAR']
KOSH,KOSH,OSH,OSH,,Oshkosh/Wittman Rgnl,43.96695,-88.5582,239,WI,US,4,"['METAR', 'TAF']"
KOSU,KOSU,OSU,OSU,,Columbus/Ohio State Univ Arpt,40.07844,-83.07824,276,OH,US,6,['METAR']
KOSX,KOSX,OSX,OSX,,Kosciusko/Attala Cnty,33.09,-89.542,151,MS,US,9,[]
KOTG,KOTG,OTG,OTG,,Worthington Muni,43.6525,-95.57585,478,MN,US,4,['METAR']
KOTH,KOTH,OTH,OTH,,North Bend/SW Oregon Rgnl,43.41945,-124.24377,3,OR,US,3,"['METAR', 'TAF']"
KOTM,KOTM,OTM,OTM,,Ottumwa Rgnl,41.10079,-92.44453,254,IA,US,3,"['METAR', 'TAF']"
KOTX,KOTX,,,,Spokane/NEXRAD,47.68,-117.627,727,WA,US,9,[]
KOUN,KOUN,OUN,OUN,72357,Norman/Univ Oklahoma Arpt,35.24359,-97.47133,359,OK,US,6,"['METAR', 'TAF']"
KOVE,KOVE,OVE,OVE,,Oroville Muni,39.4943,-121.6225,56,CA,US,3,['METAR']
KOVL,KOVL,,OVL,,Olivia Rgnl,44.77919,-95.03037,329,MN,US,5,['METAR']
KOVO,KOVO,,OVO,,North Vernon Arpt,39.046,-85.606,231,IN,US,9,[]
KOVS,KOVS,,OVS,,Boscobel Arpt,43.15614,-90.67754,205,WI,US,5,['METAR']
KOWA,KOWA,OWA,OWA,,Owatonna/Degner Rgnl,44.11908,-93.2569,345,MN,US,5,['METAR']
KOWB,KOWB,OWB,OWB,,Owensboro/Daviess Cnty,37.72967,-87.16825,121,KY,US,4,"['METAR', 'TAF']"
KOWD,KOWD,OWD,OWD,,Norwood Mem,42.19123,-71.17325,14,MA,US,5,['METAR']
KOWI,KOWI,,OWI,,Ottawa Muni,38.54091,-95.25421,292,KS,US,5,['METAR']
KOWK,KOWK,OWK,OWK,,Norridgewock/Central Maine Arpt,44.715,-69.866,82,ME,US,9,[]
KOWP,KOWP,,OWP,,Sand Springs/Pogue Mem,36.17212,-96.15362,267,OK,US,6,['METAR']
KOWX,KOWX,,OWX,,Ottawa/Putnam Cnty,41.03415,-83.98624,232,OH,US,6,['METAR']
KOWY,KOWY,,,,Owyhee,41.95,-116.1,1645,NV,US,9,[]
KOXB,KOXB,OCE,OXB,,Ocean City Muni,38.30912,-75.12336,2,MD,US,4,['METAR']
KOXC,KOXC,OXC,OXC,,Oxford Arpt,41.47414,-73.13533,211,CT,US,6,['METAR']
KOXD,KOXD,OXD,OXD,,Oxford/Miami Univ Arpt,39.50467,-84.78379,317,OH,US,6,['METAR']
KOXI,KOXI,,OXI,,Knox/Starke Cnty,41.32754,-86.665,208,IN,US,5,['METAR']
KOXR,KOXR,OXR,OXR,,Oxnard Arpt,34.20008,-119.20416,12,CA,US,6,"['METAR', 'TAF']"
KOXV,KOXV,,OXV,,Knoxville Muni,41.29843,-93.1114,280,IA,US,5,['METAR']
KOYE,KOYE,,OYE,,South Timbalier Blk 52,28.8669,-90.4911,30,LA,US,5,['METAR']
KOYM,KOYM,STQ,OYM,,St Marys Muni,41.41179,-78.51314,582,PA,US,5,['METAR']
KOZA,KOZA,OZA,OZA,,Ozona Muni,30.73123,-101.20332,721,TX,US,4,['METAR']
KOZA2,,,,,CMAN,-99.99,-99.99,9999,,,8,[]
KOZR,KOZR,OZR,OZR,,Ozark/Cairns AAF,31.27673,-85.7105,90,AL,US,6,"['METAR', 'TAF']"
KOZS,KOZS,,OZS,,Camdenton Mem,37.97448,-92.68969,321,MO,US,6,['METAR']
KOZW,KOZW,,OZW,,Howell/Hardy Arpt,42.63266,-83.98542,288,MI,US,5,['METAR']
KP02,KP02,,,,Poplar Bluff,36.77,-90.47,146,MO,US,9,[]
KP03,KP03,,P03,,Douglas,31.371099,-109.690002,4124,AZ,US,,[]
KP05,KP05,,,,Philip,44.07,-101.65,683,SD,US,9,[]
KP07,KP07,,,,Sanderson ,30.17,-102.42,865,TX,US,9,['METAR']
KP08,KP08,,P08,,Coolidge Muni,32.93589,-111.42694,477,AZ,US,5,['METAR']
KP11,KP11,,,,Devils Lake,48.11,-98.91,443,ND,US,9,['METAR']
KP13,KP13,GLB,P13,,Globe,33.3531,-110.667,3261,AZ,US,,[]
KP14,KP14,HBK,P14,,Holbrook,34.940700531,-110.138000488,5262,AZ,US,,[]
KP20,KP20,,P20,,Parker,34.14891,-114.268362,452,AZ,US,,[]
KP24,KP24,,,,Roseglen ,47.75,-101.83,624,ND,US,9,[]
KP28,KP28,,K51,72452,Medicine Lodge Arpt,37.2664,-98.54628,469,KS,US,4,['METAR']
KP33,KP33,,P33,,Wilcox/Chocise Cnty,32.245,-109.895,1276,AZ,US,4,['METAR']
KP35,KP35,,,,Spickard ,40.25,-93.72,270,MO,US,9,['METAR']
KP38,KP38,,,72487,Caliente ,37.62,-114.52,1335,NV,US,9,[]
KP39,KP39,,,,Pequot Lake ,46.6,-94.32,390,MN,US,9,[]
KP52,KP52,,P52,,Cottonwood Arpt,34.72627,-112.03434,1085,AZ,US,5,['METAR']
KP53,KP53,,,,Munising Lakeshore,46.41204,-86.6504,185,MI,US,4,['METAR']
KP58,KP58,,,,Port Hope,44.0217,-82.7929,180,MI,US,5,['METAR']
KP59,KP59,,,,Copper Harbor,47.467,-87.875,185,MI,US,4,['METAR']
KP60,KP60,,,,Yellowstone Lake,44.54477,-110.42203,2377,WY,US,3,['METAR']
KP61,KP61,,,,Tofte ,47.58,-90.83,241,MN,US,9,['METAR']
KP67,KP67,,,,Lidgerwood ,46.1,-97.15,351,ND,US,9,['METAR']
KP68,KP68,,,72477,Eureka,39.602,-116.006,1813,NV,US,7,['METAR']
KP69,KP69,,,,Lowell,46.144,-115.597,447,ID,US,3,['METAR']
KP70,KP70,,,,Clines Corner,34.93,-105.58,2083,NM,US,9,[]
KP75,KP75,,,,Manistique,45.95,-86.23,178,MI,US,6,['METAR']
KP88,KP88,,,,Rome ,42.9,-117.65,1162,OR,US,9,['METAR']
KP92,KP92,,,,Salt Point,29.559,-91.525,1,LA,US,6,['METAR']
KPAE,KPAE,PAE,PAE,,Everett/Paine Fld,47.92323,-122.28308,166,WA,US,4,"['METAR', 'TAF']"
KPAH,KPAH,PAH,PAH,72435,Paducah/Barkley Rgnl,37.06523,-88.77932,125,KY,US,3,"['METAR', 'TAF']"
KPAM,KPAM,PAM,PAM,74775,Tyndall AFB,30.071,-85.577,4,FL,US,5,"['METAR', 'TAF']"
KPAN,KPAN,PJB,PAN,,Payson Arpt,34.25513,-111.33792,1575,AZ,US,4,['METAR']
KPAO,KPAO,PAO,PAO,,Palo Alto Arpt,37.458,-122.112,2,CA,US,5,['METAR']
KPAT,KPAT,,,,Pathfinder Hill,42.56,-106.85,1926,WY,US,9,['METAR']
KPBF,KPBF,PBF,PBF,,Pine Bluff/Grider Fld,34.17981,-91.93444,63,AR,US,4,"['METAR', 'TAF']"
KPBG,KPBG,PBG,PBG,,Plattsburgh Intl,44.63922,-73.46313,61,NY,US,5,"['METAR', 'TAF']"
KPBH,KPBH,,PBH,,Phillips/Price Cnty,45.70637,-90.40517,445,WI,US,3,['METAR']
KPBI,KPBI,PBI,PBI,72203,Palm Beach Intl,26.68511,-80.09918,4,FL,US,3,"['METAR', 'TAF']"
KPBX,KPBX,PVL,PBX,,Pikeville/Pike Cnty,37.55871,-82.56741,447,KY,US,5,['METAR']
KPBZ,KPBZ,,,,Pittsburgh/NEXRAD,40.532,-80.218,361,PA,US,9,[]
KPCD,KPCD,,PCD,,Perryville Muni,37.8749,-89.8582,112,MO,US,5,['METAR']
KPCM,KPCM,,PCM,,Plant City Arpt,28.00129,-82.15933,43,FL,US,5,['METAR']
KPCU,KPCU,,,,Picayune-Picayu,30.52,-89.71,19,MS,US,9,[]
KPCW,KPCW,,PCW,,Port Clinton/Erie-Ottawa Arpt,41.51878,-82.86918,179,OH,US,4,['METAR']
KPCZ,KPCZ,,PCZ,,Waupaca Muni,44.33424,-89.02028,248,WI,US,5,['METAR']
KPDC,KPDC,PCD,PDC,,Prairie Du Chien Muni,43.01937,-91.12118,201,WI,US,4,['METAR']
KPDK,KPDK,PDK,PDK,,Atlanta/Dekalb-Peachtree Arpt,33.87835,-84.29801,299,GA,US,6,"['METAR', 'TAF']"
KPDT,KPDT,PDT,PDT,72688,Pendleton/E Oregon Rgnl,45.69751,-118.83445,453,OR,US,3,"['METAR', 'TAF']"
KPDX,KPDX,PDX,PDX,72698,Portland Intl,45.59578,-122.60917,7,OR,US,2,"['METAR', 'TAF']"
KPEA,KPEA,,PEA,,Pella Muni,41.39895,-92.94312,264,IA,US,6,['METAR']
KPEF,KPEF,,,,Peterson ,38.82,-104.71,1876,CO,US,9,[]
KPEO,KPEO,,PEO,,Penn Yan Arpt,42.64405,-77.05284,268,NY,US,4,['METAR']
KPEQ,KPEQ,PEQ,PEQ,,Pecos Muni,31.38205,-103.51174,794,TX,US,5,"['METAR', 'TAF']"
KPEX,KPEX,,PEX,,Paynesville Muni,45.37246,-94.73876,359,MN,US,5,['METAR']
KPEZ,KPEZ,,PEZ,,Pleasanton Muni,28.9561,-98.5184,126,TX,US,4,['METAR']
KPFC,KPFC,PFC,PFC,,Pacific City Arpt,45.199,-123.962,2,OR,US,5,[]
KPFN,KPFN,,,,Panama City/Bay,30.22,-85.68,6,FL,US,9,[]
KPGA,KPGA,PGA,PGA,72371,Page Muni,36.92111,-111.44874,1310,AZ,US,3,"['METAR', 'TAF']"
KPGD,KPGD,PGD,PGD,,Punta Gorda Arpt,26.91847,-81.9939,7,FL,US,5,"['METAR', 'TAF']"
KPGL,KPGL,,,,Pascagoula / Ja,30.4,-88.48,3,MS,US,9,['METAR']
KPGO,KPGO,,,,Page Mtn ,34.68,-94.62,883,OK,US,9,[]
KPGR,KPGR,PGR,PGR,,Paragould-Kirk,36.06,-90.51,9999,AR,US,9,[]
KPGV,KPGV,PGV,PGV,,Greenville/Pitt Arpt,35.6374,-77.38507,6,NC,US,4,"['METAR', 'TAF']"
KPHD,KPHD,PHD,PHD,,New Philadelphia/Clever Fld,40.47031,-81.42176,272,OH,US,4,['METAR']
KPHF,KPHF,PHF,PHF,,Newport News/Williamsburg Intl,37.13216,-76.494,12,VA,US,5,"['METAR', 'TAF']"
KPHG,KPHG,,PHG,,Phillipsburg Muni,39.73433,-99.31786,579,KS,US,9,['METAR']
KPHH,KPHH,ADR,PHH,,Andrews/Swinnie Arpt,33.452,-79.526,8,SC,US,9,[]
KPHK,KPHK,PHK,PHK,,Pahokee/Palm Beach Cnty,26.789,-80.692,3,FL,US,9,[]
KPHL,KPHL,PHL,PHL,72408,Philadelphia Intl,39.87328,-75.22682,2,PA,US,2,"['METAR', 'TAF']"
KPHN,KPHN,PHN,PHN,,Port Huron/St Clair Cnty,42.9103,-82.53317,195,MI,US,3,['METAR']
KPHP,KPHP,PHP,PHP,,Philip Muni,44.05099,-101.60138,673,SD,US,4,['METAR']
KPHT,KPHT,PHT,PHT,,Paris/Henry Cnty,36.33218,-88.38706,172,TN,US,4,['METAR']
KPHX,KPHX,PHX,PHX,72278,Phoenix/Sky Harbor Intl,33.42779,-112.00366,338,AZ,US,1,"['METAR', 'TAF']"
KPIA,KPIA,PIA,PIA,72532,Peoria Intl,40.66747,-89.68418,200,IL,US,2,"['METAR', 'TAF']"
KPIB,KPIB,PIB,PIB,,Hattiesburg/Laurel Rgnl,31.47268,-89.33835,91,MS,US,4,"['METAR', 'TAF']"
KPIE,KPIE,PIE,PIE,,St Petersburg-Clearwater Intl,27.91256,-82.68555,1,FL,US,6,"['METAR', 'TAF']"
KPIH,KPIH,PIH,PIH,72578,Pocatello Rgnl,42.91969,-112.57233,1357,ID,US,2,"['METAR', 'TAF']"
KPIL,KPIL,,PIL,,Port Isabel/Cameron Cnty,26.15966,-97.33784,5,TX,US,5,['METAR']
KPIM,KPIM,PIM,PIM,,Pine Mountain/Harris Cnty,32.84206,-84.87656,274,GA,US,6,['METAR']
KPIN,KPIN,,,,Piney Creek,44.53,-106.82,1402,WY,US,9,['METAR']
KPIR,KPIR,PIR,PIR,72656,Pierre Muni,44.38191,-100.28643,524,SD,US,2,"['METAR', 'TAF']"
KPIT,KPIT,PIT,PIT,72520,Pittsburgh Intl,40.48139,-80.2083,339,PA,US,2,"['METAR', 'TAF']"
KPJC,KPJC,,PJC,,Zelienople Muni,40.80093,-80.1624,273,PA,US,6,['METAR']
KPJI,KPJI,,,,Point Judith,41.361,-71.482,5,RI,US,9,[]
KPJY,KPJY,,PJY,,Pinckneyville/Du Quoin Arpt,37.978,-89.36,122,IL,US,9,[]
KPKB,KPKB,PKB,PKB,,Parkersburg/Mid Ohio Valley Rgnl,39.33948,-81.4438,245,WV,US,4,"['METAR', 'TAF']"
KPKD,KPKD,PKD,PKD,,Park Rapids/Konshok Fld,46.89713,-95.06948,439,MN,US,4,['METAR']
KPKF,KPKF,PKF,PKF,,Park Falls Muni,45.955,-90.425,469,WI,US,9,[]
KPKV,KPKV,,PKV,,Port Lavaca/Calhoun Cnty,28.64988,-96.67987,8,TX,US,5,['METAR']
KPLB,KPLB,,,,Plattsburgh,44.687,-73.524,109,NY,US,9,[]
KPLD,KPLD,,PLD,,Portland Muni,40.45318,-84.9848,282,IN,US,5,['METAR']
KPLK,KPLK,PLK,PLK,,Branson/Downtown Arpt,36.626,-93.229,286,MO,US,9,[]
KPLN,KPLN,PLN,PLN,,Pellston Rgnl,45.56441,-84.7929,215,MI,US,4,"['METAR', 'TAF']"
KPLR,KPLR,PLR,PLR,,Pell City/St Clair Cnty,33.56079,-86.2463,145,AL,US,5,['METAR']
KPLU,KPLU,,PLU,,Tacoma/Pierce Cnty,47.10048,-122.28526,164,WA,US,6,['METAR']
KPMB,KPMB,PMB,PMB,,Pembina Muni,48.942,-97.241,243,ND,US,9,[]
KPMD,KPMD,PMD,PMD,72382,Palmdale Rgnl,34.62945,-118.08309,764,CA,US,6,"['METAR', 'TAF']"
KPMH,KPMH,PMH,PMH,,Portsmouth Rgnl,38.8387,-82.84935,200,OH,US,4,['METAR']
KPMP,KPMP,PPM,PMP,,Pompano Beach Arpt,26.24636,-80.11104,4,FL,US,7,['METAR']
KPMU,KPMU,,PMU,,Panola Cnty,34.36555,-89.89045,67,MS,US,5,['METAR']
KPMV,KPMV,,PMV,,Plattsmouth Muni,40.94459,-95.91241,365,NE,US,5,['METAR']
KPMX,KPMX,,,,Palmer-Metropol,42.22,-72.31,9999,MA,US,9,[]
KPMZ,KPMZ,,PMZ,,Plymouth Muni,35.811,-76.758,11,NC,US,9,[]
KPNA,KPNA,PWY,PNA,,Pinedale/Wentz Fld,42.79289,-109.80514,2158,WY,US,5,"['METAR', 'TAF']"
KPNC,KPNC,PNC,PNC,72453,Ponca City Rgnl,36.73689,-97.10236,304,OK,US,3,"['METAR', 'TAF']"
KPNE,KPNE,PNE,PNE,,Philadelphia/NE Arpt,40.07893,-75.01334,32,PA,US,6,"['METAR', 'TAF']"
KPNM,KPNM,,PNM,,Princeton Arpt,45.556,-93.608,298,MN,US,5,['METAR']
KPNN,KPNN,PNN,PNN,,Princeton Muni,45.2,-67.564,81,ME,US,9,[]
KPNS,KPNS,PNS,PNS,,Pensacola Intl,30.47797,-87.18686,34,FL,US,4,"['METAR', 'TAF']"
KPNT,KPNT,,PNT,,Pontiac Muni,40.92328,-88.62129,199,IL,US,5,['METAR']
KPO1,KPO1,,PO1,,Poplar Muni,48.134,-105.162,621,MT,US,5,['METAR']
KPOB,KPOB,POB,POB,72303,Pope AAF,35.175,-79.008,57,NC,US,5,"['METAR', 'TAF']"
KPOC,KPOC,POC,POC,,La Verne/Brackett Fld,34.09283,-117.77946,304,CA,US,6,['METAR']
KPOE,KPOE,POE,POE,72239,Fort Polk AAF,31.047,-93.194,98,LA,US,3,"['METAR', 'TAF']"
KPOF,KPOF,POF,POF,72330,Poplar Bluff Muni,36.76973,-90.32241,99,MO,US,4,['METAR']
KPOH,KPOH,POH,POH,,Pocahontas Muni,42.743,-94.647,373,IA,US,9,[]
KPOU,KPOU,POU,POU,,Poughkeepsie/Hudson Valley Rgnl,41.62574,-73.88155,45,NY,US,3,"['METAR', 'TAF']"
KPOV,KPOV,,POV,,Ravenna/Portage Cnty,41.20903,-81.2479,363,OH,US,5,['METAR']
KPOY,KPOY,POY,POY,,Powell Muni,44.86412,-108.79,1547,WY,US,5,['METAR']
KPPA,KPPA,PPA,PPA,,Pampa/Lefors Fld,35.61391,-100.99725,989,TX,US,5,['METAR']
KPPF,KPPF,PPF,PPF,,Parsons/Tri City Arpt,37.32814,-95.50445,265,KS,US,5,['METAR']
KPPO,KPPO,LPO,PPO,,La Porte Muni,41.57049,-86.73334,242,IN,US,6,['METAR']
KPPQ,KPPQ,,PPQ,,Pittsfield/Penstone Muni,39.63911,-90.78184,215,IL,US,4,['METAR']
KPQI,KPQI,PQI,PQI,72713,Presque Isle Intl,46.697,-68.054,154,ME,US,5,"['METAR', 'TAF']"
KPQL,KPQL,PGL,PQL,,Pascagoula/Lott Intl,30.46305,-88.53156,4,MS,US,5,['METAR']
KPQN,KPQN,,PQN,,Pipestone Muni,43.98538,-96.29765,529,MN,US,5,['METAR']
KPQR,KPQR,,,,Portland,45.561,-122.538,8,OR,US,9,[]
KPRB,KPRB,PRB,PRB,,Paso Robles Muni,35.66935,-120.62916,249,CA,US,3,"['METAR', 'TAF']"
KPRC,KPRC,PRC,PRC,,Prescott/Love Fld,34.64914,-112.42233,1528,AZ,US,3,"['METAR', 'TAF']"
KPRG,KPRG,,PRG,,Paris/Edgar Cnty,39.69817,-87.66694,197,IL,US,5,['METAR']
KPRN,KPRN,,PRN,,Greenville/Crenshaw Mem,31.84674,-86.6141,137,AL,US,5,['METAR']
KPRO,KPRO,PRO,PRO,,Perry Muni,41.8278,-94.16375,308,IA,US,5,['METAR']
KPRS,KPRS,,PRS,,Presidio/Lely Intl,29.63459,-104.35848,890,TX,US,4,['METAR']
KPRX,KPRX,PRX,PRX,,Paris/Cox Fld,33.63595,-95.45145,165,TX,US,4,['METAR']
KPRZ,KPRZ,,PRZ,,Portales,34.1455,-103.410004,4078,NM,US,,[]
KPSB,KPSB,PSB,PSB,,Philipsburg/Mid State Arpt,40.887,-78.083,582,PA,US,9,['METAR']
KPSC,KPSC,PSC,PSC,,Pasco/Tri Cities Arpt,46.2695,-119.11817,121,WA,US,5,"['METAR', 'TAF']"
KPSF,KPSF,PSF,PSF,,Pittsfield Muni,42.42685,-73.28906,352,MA,US,4,"['METAR', 'TAF']"
KPSK,KPSK,PSK,PSK,,Dublin/New River Valley Arpt,37.13366,-80.67892,629,VA,US,4,['METAR']
KPSM,KPSM,PSM,PSM,,Portsmouth Intl,43.06769,-70.81266,34,NH,US,4,"['METAR', 'TAF']"
KPSN,KPSN,PSN,PSN,,Palestine Muni,31.77841,-95.70478,124,TX,US,4,['METAR']
KPSO,KPSO,PGO,PSO,,Pagosa Springs/Stevens Fld,37.29095,-107.05568,2332,CO,US,4,['METAR']
KPSP,KPSP,PSP,PSP,,Palm Springs Intl,33.82216,-116.50432,123,CA,US,5,"['METAR', 'TAF']"
KPSX,KPSX,PSX,PSX,,Palacios Muni,28.7248,-96.25353,4,TX,US,4,['METAR']
KPTB,KPTB,PTB,PTB,,Petersburg/Dinwiddie Cnty,37.18033,-77.50807,56,VA,US,4,['METAR']
KPTD,KPTD,,PTD,,Potsdam Muni,44.67571,-74.94689,144,NY,US,5,['METAR']
KPTG,KPTG,,,,Pennington Gap Arpt,36.746,-83.038,555,VA,US,9,[]
KPTK,KPTK,PTK,PTK,,Pontiac/Oakland Intl,42.66315,-83.410018,295,MI,US,5,"['METAR', 'TAF']"
KPTN,KPTN,PTN,PTN,,Patterson/Williams Mem,29.71003,-91.33811,2,LA,US,4,['METAR']
KPTN6,,,,,Kings Point,40.81,-73.765,5,NY,US,8,[]
KPTS,KPTS,PTS,PTS,,Pittsburg/Atkinson Muni,37.45118,-94.73223,286,KS,US,5,['METAR']
KPTT,KPTT,PTT,PTT,74543,Pratt Rgnl,37.70688,-98.74531,594,KS,US,4,['METAR']
KPTV,KPTV,PTV,PTV,,Porterville Muni,36.02735,-119.06294,132,CA,US,4,['METAR']
KPTV2,,,,,Kiptopeke,37.167,-75.988,6,VA,US,8,[]
KPTW,KPTW,PTW,PTW,,Pottstown/Heritage Fld,40.23802,-75.55486,88,PA,US,5,['METAR']
KPUB,KPUB,PUB,PUB,72464,Pueblo Mem Arpt,38.28868,-104.5057,1441,CO,US,2,"['METAR', 'TAF']"
KPUC,KPUC,PUC,PUC,72470,Price/Buck Fld,39.60886,-110.75547,1777,UT,US,3,['METAR']
KPUJ,KPUJ,,PUJ,,Dallas/Paulding Cnty,33.90846,-84.93687,385,GA,US,6,['METAR']
KPUM,KPUM,,,,Pumpkin Vine,41.05,-105.46,2438,WY,US,9,['METAR']
KPUW,KPUW,PUW,PUW,,Pullman/Moscow Rgnl,46.74377,-117.11582,774,WA,US,5,"['METAR', 'TAF']"
KPUX,KPUX,,,,Pueblo,38.46,-104.181,1620,CO,US,9,[]
KPVB,KPVB,,PVB,,Platteville Muni,42.69092,-90.44129,311,WI,US,5,['METAR']
KPVC,KPVC,PVC,PVC,,Provincetown Muni,42.07433,-70.21827,1,MA,US,3,['METAR']
KPVD,KPVD,PVD,PVD,72507,Providence/Green Mem,41.72252,-71.4325,15,RI,US,3,"['METAR', 'TAF']"
KPVE,KPVE,,PVE,,Lexington/Beech River Rgnl,35.6592,-88.19292,146,TN,US,3,['METAR']
KPVF,KPVF,PVF,PVF,,Placerville Arpt,38.72221,-120.75702,788,CA,US,4,['METAR']
KPVG,KPVG,,PVG,,Portsmouth/Hampton Roads Exec,36.78241,-76.45198,7,VA,US,6,['METAR']
KPVJ,KPVJ,,PVJ,,Pauls Valley Muni,34.70412,-97.22114,287,OK,US,5,['METAR']
KPVU,KPVU,PVU,PVU,,Provo Muni,40.22403,-111.72524,1370,UT,US,4,"['METAR', 'TAF']"
KPVW,KPVW,PVW,PVW,,Plainview/Hale Cnty,34.169,-101.723,1029,TX,US,4,"['METAR', 'TAF']"
KPVZ,KPVZ,,,,Painesville-Cas,41.73,-81.22,9999,OH,US,9,[]
KPWA,KPWA,PWA,PWA,,Oklahoma City/Wiley Post Arpt,35.54113,-97.64724,390,OK,US,6,['METAR']
KPWC,KPWC,,PWC,,Pine River Rgnl,46.72658,-94.38486,394,MN,US,4,['METAR']
KPWD,KPWD,PWD,PWD,,Plentywood/Sher-Wood Arpt,48.79116,-104.52532,690,MT,US,4,['METAR']
KPWG,KPWG,,PWG,,Mc Gregor Exec,31.4891,-97.3202,178,TX,US,6,['METAR']
KPWK,KPWK,PWK,PWK,,Chicago Exec,42.12076,-87.9048,194,IL,US,6,['METAR']
KPWM,KPWM,PWM,PWM,72606,Portland Intl,43.64244,-70.30441,15,ME,US,1,"['METAR', 'TAF']"
KPWT,KPWT,PWT,PWT,,Bremerton Arpt,47.49416,-122.7594,143,WA,US,5,"['METAR', 'TAF']"
KPXE,KPXE,,PXE,,Perry/Houston Cnty,32.5072,-83.76565,126,GA,US,6,['METAR']
KPYG,KPYG,,PYG,,Pageland Arpt,34.742,-80.345,175,SC,US,9,[]
KPYM,KPYM,PYM,PYM,,Plymouth Muni,41.90852,-70.72784,42,MA,US,5,['METAR']
KPYN,KPYN,,PYN,,Piedmont,37.12670135498047,-90.71289825439453,467,MO,US,,[]
KPYX,KPYX,,PYX,,Perryton/Ochiltree Cnty,36.41032,-100.7514,890,TX,US,4,['METAR']
KPZQ,KPZQ,,PZQ,,Rogers City/Presque Isle Arpt,45.4085,-83.81197,199,MI,US,4,['METAR']
KPZZ,KPZZ,,PZZ,,Ship Shoal 241,28.4344,-91.0344,25,LA,US,3,['METAR']
KQAE,KQAE,,,,MIL,-99.99,-99.99,9999,,,9,[]
KQAJ,KQAJ,,,,MIL,-99.99,-99.99,9999,,,9,[]
KQAZ,KQAZ,,,,MIL,-99.99,-99.99,9999,,,9,[]
KQBA,KQBA,,,,MIL,-99.99,-99.99,9999,,,9,[]
KQBD,KQBD,,,,MIL,-99.99,-99.99,9999,,,9,[]
KQBF,KQBF,,,,MIL,-99.99,-99.99,9999,,,9,[]
KQBG,KQBG,,,,MIL,-99.99,-99.99,9999,,,9,[]
KQBK,KQBK,,,,MIL,-99.99,-99.99,9999,,,9,[]
KQBL,KQBL,,,,MIL,-99.99,-99.99,9999,,,9,[]
KQBN,KQBN,,,,MIL,-99.99,-99.99,9999,,,9,[]
KQBQ,KQBQ,,,,MIL,-99.99,-99.99,9999,,,9,[]
KQBR,KQBR,,,,MIL,-99.99,-99.99,9999,,,9,[]
KQC5,KQC5,,,,MIL,-99.99,-99.99,9999,,,9,[]
KQCG,KQCG,,,,MIL,-99.99,-99.99,9999,,,9,[]
KQCJ,KQCJ,,,,MIL,-99.99,-99.99,9999,,,9,[]
KQCS,KQCS,,,,MIL,-99.99,-99.99,9999,,,9,[]
KQD3,KQD3,,,,MIL,-99.99,-99.99,9999,,,9,[]
KQDB,KQDB,,,,MIL,-99.99,-99.99,9999,,,9,[]
KQDG,KQDG,,,,MIL,-99.99,-99.99,9999,,,9,[]
KQDM,KQDM,,,,MIL,-99.99,-99.99,9999,,,9,[]
KQEB,KQEB,,,,MIL,-99.99,-99.99,9999,,,9,[]
KQEI,KQEI,,,,MIL,-99.99,-99.99,9999,,,9,[]
KQEJ,KQEJ,,,,MIL,-99.99,-99.99,9999,,,9,[]
KQEL,KQEL,,,,MIL,-99.99,-99.99,9999,,,9,[]
KQEN,KQEN,,,,MIL,-99.99,-99.99,9999,,,9,[]
KQEP,KQEP,,,,MIL,-99.99,-99.99,9999,,,9,[]
KQEQ,KQEQ,,,,MIL,-99.99,-99.99,9999,,,9,[]
KQER,KQER,,,,MIL,-99.99,-99.99,9999,,,9,[]
KQES,KQES,,,,MIL,-99.99,-99.99,9999,,,9,[]
KQEV,KQEV,,,,MIL,-99.99,-99.99,9999,,,9,[]
KQEW,KQEW,,,,MIL,-99.99,-99.99,9999,,,9,[]
KQEX,KQEX,,,,MIL,-99.99,-99.99,9999,,,9,[]
KQEY,KQEY,,,,MIL,-99.99,-99.99,9999,,,9,[]
KQFB,KQFB,,,,MIL,-99.99,-99.99,9999,,,9,[]
KQFM,KQFM,,,,MIL,-99.99,-99.99,9999,,,9,[]
KQFQ,KQFQ,,,,MIL,-99.99,-99.99,9999,,,9,[]
KQFR,KQFR,,,,MIL,-99.99,-99.99,9999,,,9,[]
KQFS,KQFS,,,,MIL,-99.99,-99.99,9999,,,9,[]
KQFT,KQFT,,,,MIL,-99.99,-99.99,9999,,,9,[]
KQFU,KQFU,,,,MIL,-99.99,-99.99,9999,,,9,[]
KQFV,KQFV,,,,MIL,-99.99,-99.99,9999,,,9,[]
KQFW,KQFW,,,,MIL,-99.99,-99.99,9999,,,9,[]
KQFX,KQFX,,,,MIL,-99.99,-99.99,9999,,,9,[]
KQGE,KQGE,,,,MIL,-99.99,-99.99,9999,,,9,[]
KQGR,KQGR,,,,MIL,-99.99,-99.99,9999,,,9,[]
KQGU,KQGU,,,,MIL,-99.99,-99.99,9999,,,9,[]
KQGZ,KQGZ,,,,MIL,-99.99,-99.99,9999,,,9,[]
KQHQ,KQHQ,,,,MIL,-99.99,-99.99,9999,,,9,[]
KQHS,KQHS,,,,MIL,-99.99,-99.99,9999,,,9,[]
KQHT,KQHT,,,,MIL,-99.99,-99.99,9999,,,9,[]
KQHU,KQHU,,,,MIL,-99.99,-99.99,9999,,,9,[]
KQHY,KQHY,,,,MIL,-99.99,-99.99,9999,,,9,[]
KQHZ,KQHZ,,,,MIL,-99.99,-99.99,9999,,,9,[]
KQIA,KQIA,,,,MIL,-99.99,-99.99,9999,,,9,[]
KQIC,KQIC,,,,MIL,-99.99,-99.99,9999,,,9,[]
KQIF,KQIF,,,,MIL,-99.99,-99.99,9999,,,9,[]
KQIH,KQIH,,,,MIL,-99.99,-99.99,9999,,,9,[]
KQIY,KQIY,,,,MIL,-99.99,-99.99,9999,,,9,[]
KQJB,KQJB,,,,MIL,-99.99,-99.99,9999,,,9,[]
KQJC,KQJC,,,,MIL,-99.99,-99.99,9999,,,9,[]
KQJL,KQJL,,,,MIL,-99.99,-99.99,9999,,,9,[]
KQJM,KQJM,,,,MIL,-99.99,-99.99,9999,,,9,[]
KQJV,KQJV,,,,MIL,-99.99,-99.99,9999,,,9,[]
KQJY,KQJY,,,,MIL,-99.99,-99.99,9999,,,9,[]
KQKG,KQKG,,,,MIL,-99.99,-99.99,9999,,,9,[]
KQKR,KQKR,,,,MIL,-99.99,-99.99,9999,,,9,[]
KQKV,KQKV,,,,MIL,-99.99,-99.99,9999,,,9,[]
KQKW,KQKW,,,,MIL,-99.99,-99.99,9999,,,9,[]
KQKY,KQKY,,,,MIL,-99.99,-99.99,9999,,,9,[]
KQLD,KQLD,,,,MIL,-99.99,-99.99,9999,,,9,[]
KQLH,KQLH,,,,MIL,-99.99,-99.99,9999,,,9,[]
KQLQ,KQLQ,,,,MIL,-99.99,-99.99,9999,,,9,[]
KQMC,KQMC,,,,MIL,-99.99,-99.99,9999,,,9,[]
KQMK,KQMK,,,,MIL,-99.99,-99.99,9999,,,9,[]
KQMZ,KQMZ,,,,MIL,-99.99,-99.99,9999,,,9,[]
KQN2,KQN2,,,,MIL,-99.99,-99.99,9999,,,9,[]
KQN3,KQN3,,,,MIL,-99.99,-99.99,9999,,,9,[]
KQND,KQND,,,,MIL,-99.99,-99.99,9999,,,9,[]
KQNQ,KQNQ,,,,MIL,-99.99,-99.99,9999,,,9,[]
KQOA,KQOA,,,,MIL,-99.99,-99.99,9999,,,8,[]
KQOO,KQOO,,,,MIL,-99.99,-99.99,9999,,,9,[]
KQOQ,KQOQ,,,,MIL,-99.99,-99.99,9999,,,9,[]
KQOS,KQOS,,,,MIL,-99.99,-99.99,9999,,,9,[]
KQPB,KQPB,,,,MIL,-99.99,-99.99,9999,,,9,[]
KQPC,KQPC,,,,MIL,-99.99,-99.99,9999,,,9,[]
KQPH,KQPH,,,,MIL,-99.99,-99.99,9999,,,9,[]
KQPL,KQPL,,,,MIL,-99.99,-99.99,9999,,,9,[]
KQQY,KQQY,,,,MIL,-99.99,-99.99,9999,,,9,[]
KQRD,KQRD,,,,MIL,-99.99,-99.99,9999,,,9,[]
KQRH,KQRH,,,,MIL,-99.99,-99.99,9999,,,9,[]
KQRI,KQRI,,,,MIL,-99.99,-99.99,9999,,,9,[]
KQRR,KQRR,,,,MIL,-99.99,-99.99,9999,,,8,[]
KQSA,KQSA,,,,MIL,-99.99,-99.99,9999,,,8,[]
KQSC,KQSC,,,,MIL,-99.99,-99.99,9999,,,8,[]
KQSM,KQSM,,,,MIL,-99.99,-99.99,9999,,,9,[]
KQTB,KQTB,,,,MIL,-99.99,-99.99,9999,,,8,[]
KQTI,KQTI,,,,MIL,-99.99,-99.99,9999,,,9,[]
KQTM,KQTM,,,,MIL,-99.99,-99.99,9999,,,9,[]
KQTU,KQTU,,,,MIL,-99.99,-99.99,9999,,,9,[]
KQTX,KQTX,,,,MIL,-99.99,-99.99,9999,,,9,[]
KQTZ,KQTZ,,,,MIL,-99.99,-99.99,9999,,,9,[]
KQUK,KQUK,,,,MIL,-99.99,-99.99,9999,,,8,[]
KQUN,KQUN,,,,MIL,-99.99,-99.99,9999,,,9,[]
KQUP,KQUP,,,,MIL,-99.99,-99.99,9999,,,9,[]
KQUS,KQUS,,,,MIL,-99.99,-99.99,9999,,,9,[]
KQVA,KQVA,,,,MIL,-99.99,-99.99,9999,,,8,[]
KQVB,KQVB,,,,MIL,-99.99,-99.99,9999,,,9,[]
KQVC,KQVC,,,,MIL,-99.99,-99.99,9999,,,8,[]
KQVF,KQVF,,,,MIL,-99.99,-99.99,9999,,,9,[]
KQVG,KQVG,,,,MIL,-99.99,-99.99,9999,,,9,[]
KQVI,KQVI,,,,MIL,-99.99,-99.99,9999,,,8,[]
KQVT,KQVT,,,,MIL,-99.99,-99.99,9999,,,8,['METAR']
KQWK,KQWK,,,,MIL,-99.99,-99.99,9999,,,8,['METAR']
KQWX,KQWX,,,,MIL,-99.99,-99.99,9999,,,9,[]
KQXF,KQXF,,,,MIL,-99.99,-99.99,9999,,,9,[]
KQXG,KQXG,,,,MIL,-99.99,-99.99,9999,,,9,[]
KQXJ,KQXJ,,,,MIL,-99.99,-99.99,9999,,,9,[]
KQXN,KQXN,,,,MIL,-99.99,-99.99,9999,,,9,[]
KQXS,KQXS,,,,MIL,-99.99,-99.99,9999,,,9,[]
KQXU,KQXU,,,,MIL,-99.99,-99.99,9999,,,9,[]
KQYB,KQYB,,,,MIL,-99.99,-99.99,9999,,,9,[]
KQYC,KQYC,,,,MIL,-99.99,-99.99,9999,,,9,[]
KQYD,KQYD,,,,MIL,-99.99,-99.99,9999,,,9,[]
KQYN,KQYN,,,,MIL,-99.99,-99.99,9999,,,9,[]
KQYO,KQYO,,,,MIL,-99.99,-99.99,9999,,,9,[]
KQYP,KQYP,,,,MIL,-99.99,-99.99,9999,,,9,[]
KQYQ,KQYQ,,,,MIL,-99.99,-99.99,9999,,,9,[]
KQZF,KQZF,,,,MIL,-99.99,-99.99,9999,,,9,[]
KQZT,KQZT,,,,MIL,-99.99,-99.99,9999,,,9,[]
KRAC,KRAC,RAC,RAC,,Racine/Batten Intl,42.75857,-87.8178,203,WI,US,5,['METAR']
KRAD,KRAD,,,,Warroad,48.93,-95.33,328,MN,US,9,[]
KRAL,KRAL,RAL,RAL,,Riverside Muni,33.95283,-117.43523,254,CA,US,6,['METAR']
KRAP,KRAP,RAP,RAP,72662,Rapid City Rgnl,44.04583,-103.05444,965,SD,US,2,"['METAR', 'TAF']"
KRAS,KRAS,,RAS,,Port Aransas/Mustang Beach Arpt,27.80835,-97.08532,3,TX,US,7,['METAR']
KRAW,KRAW,,RAW,,Warsaw Muni,38.34844,-93.34357,285,MO,US,6,['METAR']
KRAX,KRAX,,,,Raleigh,35.665,-78.49,105,NC,US,9,[]
KRBD,KRBD,RBD,RBD,,Dallas/Executive Arpt,32.67818,-96.86772,200,TX,US,5,['METAR']
KRBE,KRBE,,RBE,,Bassett/Rock Cnty,42.571,-99.569,716,NE,US,9,[]
KRBG,KRBG,RBG,RBG,,Roseburg Rgnl,43.23366,-123.35776,152,OR,US,4,"['METAR', 'TAF']"
KRBL,KRBL,RBL,RBL,72591,Red Bluff Muni,40.15187,-122.25478,107,CA,US,5,"['METAR', 'TAF']"
KRBO,KRBO,,RBO,,Robstown/Nueces Cnty,27.77807,-97.68782,24,TX,US,6,['METAR']
KRBW,KRBW,RBW,RBW,,Walterboro/Lowcountry Rgnl,32.921,-80.64,30,SC,US,5,['METAR']
KRCA,KRCA,RCA,RCA,,Ellsworth AFB,44.155,-103.118,993,SD,US,6,"['METAR', 'TAF']"
KRCE,KRCE,,RCE,,Yukon/Page Muni,35.49706,-97.82554,412,OK,US,6,['METAR']
KRCK,KRCK,RCK,RCK,,Rockdale/Coffield Rgnl,30.631,-96.989,144,TX,US,9,[]
KRCM,KRCM,,RCM,,Warrensburg Arpt,38.78548,-93.80577,242,MO,US,6,['METAR']
KRCP,KRCP,,RCP,,Stockton,39.346592,-99.304649,1998,KS,US,,[]
KRCR,KRCR,RCR,RCR,,Rochester/Fulton Cnty,41.06506,-86.18641,240,IN,US,5,['METAR']
KRCT,KRCT,RCT,RCT,,Reed City/Nartron Fld,43.9,-85.516,322,MI,US,9,[]
KRCV,KRCV,,RCV,,Del Norte Muni,37.70918,-106.35493,2418,CO,US,4,['METAR']
KRCX,KRCX,,RCX,,Ladysmith/Rusk Cnty,45.49345,-90.99851,373,WI,US,5,['METAR']
KRCZ,KRCZ,,RCZ,,Rockingham/Richmond Cnty,34.89547,-79.75756,110,NC,US,5,['METAR']
KRDD,KRDD,RDD,RDD,72592,Redding Muni,40.51461,-122.29771,152,CA,US,4,"['METAR', 'TAF']"
KRDG,KRDG,RDG,RDG,,Reading/Spaatz Fld,40.37344,-75.95925,101,PA,US,4,"['METAR', 'TAF']"
KRDK,KRDK,,RDK,,Red Oak Muni,41.01073,-95.26222,317,IA,US,5,['METAR']
KRDM,KRDM,RDM,RDM,72692,Redmond Muni,44.25581,-121.14072,930,OR,US,3,"['METAR', 'TAF']"
KRDR,KRDR,RDR,RDR,,Grand Forks AFB,47.9477,-97.40288,276,ND,US,6,"['METAR', 'TAF']"
KRDU,KRDU,RDU,RDU,72306,Raleigh-Durham Intl,35.89228,-78.78196,121,NC,US,3,"['METAR', 'TAF']"
KRED,KRED,,RED,,Red Lodge Arpt,45.187,-109.257,1751,MT,US,9,[]
KREE,KREE,,,,Lubbock/Reese Aprk,33.595,-102.042,1017,TX,US,9,['METAR']
KREG,KREG,,REG,,Gonzales/Louisiana Rgnl,30.17559,-90.93974,3,LA,US,4,['METAR']
KREO,KREO,REO,REO,,Rome/State Arpt,42.59017,-117.86457,1237,OR,US,3,['METAR']
KRFD,KRFD,RFD,RFD,72543,Rockford Intl,42.19149,-89.0876,222,IL,US,3,"['METAR', 'TAF']"
KRFG,KRFG,RFG,RFG,,Refugio/Rooke Fld,28.296,-97.326,17,TX,US,9,[]
KRFI,KRFI,,RFI,,Henderson/Rusk Cnty,32.14415,-94.85388,133,TX,US,5,['METAR']
KRGA,KRGA,,RGA,,Richmond/Central Kentucky Rgnl,37.63053,-84.32902,301,KY,US,5,"['METAR', 'TAF']"
KRGK,KRGK,,RGK,,Red Wing Rgnl,44.59265,-92.48439,238,WI,US,4,"['METAR', 'TAF']"
KRGX,KRGX,,,,Reno,39.754,-119.462,2526,NV,US,9,[]
KRHI,KRHI,RHI,RHI,,Rhinelander/Oneida Cnty,45.63147,-89.48223,493,WI,US,4,"['METAR', 'TAF']"
KRHP,KRHP,,RHP,,Andrews/W Carolina Rgnl,35.19393,-83.86182,515,NC,US,4,['METAR']
KRHV,KRHV,RHV,RHV,,San Jose/Reid-Hillview Arpt,37.3331,-121.81998,37,CA,US,5,['METAR']
KRIC,KRIC,RIC,RIC,72401,Richmond Intl,37.51152,-77.32337,51,VA,US,2,"['METAR', 'TAF']"
KRID,KRID,RID,RID,,Richmond Muni,39.75791,-84.83594,346,IN,US,5,['METAR']
KRIE,KRIE,,,,Rice Lake Muni,45.48,-91.72,347,WI,US,9,[]
KRIF,KRIF,RIF,RIF,,Richfield Muni,38.741,-112.099,1611,UT,US,9,[]
KRIL,KRIL,RIL,RIL,,Rifle/Garfield Cnty,39.52792,-107.71967,1683,CO,US,4,"['METAR', 'TAF']"
KRIM,KRIM,,,,Rim,43.11,-110.32,2310,WY,US,9,['METAR']
KRIR,KRIR,RIR,RIR,,Riverside/Flabob Arpt,33.989,-117.409,234,CA,US,9,[]
KRIU,KRIU,,RIU,,Rancho Murieta Arpt,38.487,-121.103,45,CA,US,9,[]
KRIV,KRIV,RIV,RIV,72286,Riverside/March ARB,33.878,-117.244,454,CA,US,5,"['METAR', 'TAF']"
KRIW,KRIW,RIW,RIW,72672,Riverton Rgnl,43.06218,-108.44705,1662,WY,US,5,"['METAR', 'TAF']"
KRJO,KRJO,,,,San Marcos ,29.9,-97.87,182,TX,US,9,[]
KRKD,KRKD,RKD,RKD,,Rockland/Knox Cnty,44.06111,-69.10137,15,ME,US,4,"['METAR', 'TAF']"
KRKP,KRKP,RKP,RKP,,Rockport/Aransas Cnty,28.08366,-97.04669,8,TX,US,4,['METAR']
KRKR,KRKR,RKR,RKR,,Poteau/Kerr Arpt,35.01868,-94.62017,136,OK,US,5,['METAR']
KRKS,KRKS,RKS,RKS,,Rock Springs/SW Wyoming Rgnl,41.59466,-109.0529,2062,WY,US,3,"['METAR', 'TAF']"
KRKW,KRKW,RKW,RKW,,Rockwood Muni,35.922,-84.689,505,TN,US,5,['METAR']
KRLD,KRLD,RLD,RLD,,Richland Arpt,46.30859,-119.30581,118,WA,US,6,['METAR']
KRLX,KRLX,,,,Charleston/NEXRAD,38.311,-81.723,329,WV,US,9,[]
KRME,KRME,RME,RME,,Rome/Griffiss Intl,43.22417,-75.39563,146,NY,US,3,"['METAR', 'TAF']"
KRMG,KRMG,RMG,RMG,72320,Rome/Russell Arpt,34.34834,-85.16157,196,GA,US,4,['METAR']
KRMN,KRMN,,RMN,,Stafford Rgnl,38.39413,-77.45235,50,VA,US,6,['METAR']
KRMY,KRMY,,RMY,,Marshall/Brooks Fld,42.25238,-84.95259,285,MI,US,5,['METAR']
KRNC,KRNC,RNC,RNC,,McMinnville/Warren Cnty,35.69914,-85.84019,310,TN,US,5,['METAR']
KRND,KRND,RND,RND,,Randolph AFB,29.537,-98.268,224,TX,US,6,"['METAR', 'TAF']"
KRNH,KRNH,RNH,RNH,,New Richmond Muni,45.14764,-92.53352,302,WI,US,4,"['METAR', 'TAF']"
KRNM,KRNM,,RNM,,Ramona Arpt,33.03798,-116.91597,423,CA,US,5,['METAR']
KRNO,KRNO,RNO,RNO,72488,Reno/Tahoe Intl,39.50768,-119.76828,1344,NV,US,2,"['METAR', 'TAF']"
KRNP,KRNP,,RNP,,Owosso Community Arpt,42.99368,-84.1347,224,MI,US,5,['METAR']
KRNT,KRNT,RNT,RNT,,Renton Muni,47.49512,-122.21443,7,WA,US,7,['METAR']
KRNV,KRNV,,RNV,,Cleveland Muni,33.76197,-90.75904,42,MS,US,5,['METAR']
KROA,KROA,ROA,ROA,72411,Roanoke Rgnl,37.31719,-79.97369,349,VA,US,3,"['METAR', 'TAF']"
KROC,KROC,ROC,ROC,72529,Rochester Intl Arpt,43.11723,-77.67539,166,NY,US,3,"['METAR', 'TAF']"
KROG,KROG,ROG,ROG,,Rogers Muni/Carter Fld,36.3749,-94.10777,407,AR,US,6,"['METAR', 'TAF']"
KROS,KROS,,ROS,,Rush City Rgnl,45.69624,-92.95427,282,MN,US,5,['METAR']
KROW,KROW,ROW,ROW,72268,Roswell/Ind Arpt,33.30736,-104.50817,1105,NM,US,3,"['METAR', 'TAF']"
KROX,KROX,ROX,ROX,,Roseau/Billberg Fld,48.85601,-95.69487,320,MN,US,3,['METAR']
KRPB,KRPB,,RPB,,Belleville Muni,39.818,-97.659,468,KS,US,9,[]
KRPD,KRPD,RIE,RPD,,Rice Lake Rgnl,45.41861,-91.7764,334,WI,US,4,['METAR']
KRPE,KRPE,,,,Sabine Pass,29.7,-93.95,3,TX,US,9,['METAR']
KRPH,KRPH,,RPH,,Graham Muni,33.10955,-98.55374,341,TX,US,5,['METAR']
KRPJ,KRPJ,,RPJ,,Rochelle/Kontz Fld,41.89058,-89.08175,234,IL,US,6,['METAR']
KRPX,KRPX,RPX,RPX,,Roundup Arpt,46.475,-108.542,1062,MT,US,4,['METAR']
KRQB,KRQB,WBR,RQB,,Big Rapids/Roben Hood Arpt,43.722,-85.498,282,MI,US,4,['METAR']
KRQE,KRQE,,RQE,,Window Rock Arpt,35.65708,-109.06028,2056,AZ,US,6,['METAR']
KRQO,KRQO,,RQO,,El Reno Rgnl,35.47092,-98.00605,431,OK,US,5,['METAR']
KRRF,KRRF,,,,Port Richey,28.19,-82.63,12,FL,US,9,[]
KRRK,KRRK,,,,Rooster Rock,45.54,-122.23,25,OR,US,9,['METAR']
KRRL,KRRL,RRL,RRL,,Merrill Muni,45.19846,-89.71002,397,WI,US,5,['METAR']
KRRQ,KRRQ,,RRQ,,Rock Rapids Muni,43.452,-96.18,415,IA,US,9,[]
KRRT,KRRT,RRT,RRT,,Warroad Intl,48.93181,-95.34049,327,MN,US,6,['METAR']
KRSL,KRSL,RSL,RSL,,Russell Muni,38.87252,-98.80931,569,KS,US,3,"['METAR', 'TAF']"
KRSN,KRSN,RSN,RSN,,Ruston Rgnl,32.5159,-92.58991,86,LA,US,4,['METAR']
KRSP,KRSP,,,,Camp David,39.646,-77.468,555,MD,US,6,['METAR']
KRST,KRST,RST,RST,72644,Rochester Intl,43.90399,-92.49208,398,MN,US,3,"['METAR', 'TAF']"
KRSV,KRSV,,RSV,,Robinson Muni,39.0136,-87.64844,139,IL,US,5,['METAR']
KRSW,KRSW,RSW,RSW,,Ft Myers/SW Florida Intl,26.53805,-81.75672,8,FL,US,6,"['METAR', 'TAF']"
KRTN,KRTN,RTN,RTN,,Raton/Crews Fld,36.74178,-104.50764,1939,NM,US,4,['METAR']
KRTS,KRTS,,RTS,,Reno/Stead Arpt,39.66579,-119.87306,1537,NV,US,5,['METAR']
KRTX,KRTX,,,,Portland,45.715,-122.965,481,OR,US,9,[]
KRUE,KRUE,,RUE,,Russellville Rgnl,35.25732,-93.09499,119,AR,US,4,['METAR']
KRUG,KRUG,,RUG,,Rugby Muni,48.389,-100.025,469,ND,US,5,['METAR']
KRUM,KRUM,,,,Rumford,44.53,-70.53,205,ME,US,9,[]
KRUQ,KRUQ,SRW,RUQ,,Salisbury/Rowan Cnty,35.64415,-80.52357,231,NC,US,4,['METAR']
KRUT,KRUT,RUT,RUT,,Rutland/S Vermont Rgnl,43.52997,-72.95165,238,VT,US,4,"['METAR', 'TAF']"
KRVF,KRVF,,RVF,,Twin Bridges Arpt,45.534,-112.303,1445,MT,US,5,['METAR']
KRVJ,KRVJ,,RVJ,,Reidsville/Smith Fld,32.059,-82.153,60,GA,US,5,['METAR']
KRVL,KRVL,RED,RVL,,Reedsville/Mifflin Cnty,40.67677,-77.62507,250,PA,US,5,['METAR']
KRVN,KRVN,,RVN,,Rogersville/Hawkins Cnty,36.457,-82.885,382,TN,US,9,[]
KRVS,KRVS,RVS,RVS,,Tulsa/Jones Arpt,36.04243,-95.99015,191,OK,US,5,"['METAR', 'TAF']"
KRWF,KRWF,RWF,RWF,,Redwood Falls Muni,44.54827,-95.08042,312,MN,US,3,"['METAR', 'TAF']"
KRWI,KRWI,RWI,RWI,,Rocky Mount/Wilson Rgnl,35.85022,-77.8951,46,NC,US,3,"['METAR', 'TAF']"
KRWL,KRWL,RWL,RWL,72669,Rawlins Muni,41.80647,-107.1952,2066,WY,US,3,"['METAR', 'TAF']"
KRWN,KRWN,,RWN,,Winamac/Arens Fld,41.092,-86.613,216,IN,US,9,[]
KRWV,KRWV,,RWV,,Caldwell Muni,30.51615,-96.7051,116,TX,US,5,['METAR']
KRXE,KRXE,RXE,RXE,,Rexburg/Madison Cnty,43.83212,-111.80752,1483,ID,US,5,['METAR']
KRYM,KRYM,,RYM,,Camp Ripley/Miller AAF,46.08784,-94.35299,344,MN,US,5,['METAR']
KRYN,KRYN,,RYN,,Tucson/Ryan Fld,32.14176,-111.17666,731,AZ,US,6,['METAR']
KRYT,KRYT,,,,Fountain Dale,39.734,-77.43,274,PA,US,6,['METAR']
KRYV,KRYV,,RYV,,Watertown Muni,43.17018,-88.72505,249,WI,US,5,['METAR']
KRYW,KRYW,,RYW,,Lago Vista/Allen Arpt,30.498,-97.969,370,TX,US,5,['METAR']
KRYY,KRYY,,RYY,,Marietta/Cobb Cnty,34.01459,-84.5964,306,GA,US,6,"['METAR', 'TAF']"
KRZL,KRZL,RNZ,RZL,74466,Rensselaer/Jasper Cnty,40.94877,-87.1851,210,IN,US,5,['METAR']
KRZN,KRZN,,RZN,,Siren/Burnett Cnty,45.82293,-92.37059,301,WI,US,4,['METAR']
KRZR,KRZR,,RZR,,Cleveland Rgnl,35.20704,-84.80045,259,TN,US,5,['METAR']
KRZT,KRZT,,RZT,,Chillicothe/Ross Cnty,39.44023,-83.0209,217,OH,US,4,['METAR']
KRZZ,KRZZ,RZZ,,,Roanoke Rapids-,36.44,-77.71,78,NC,US,9,[]
KS02,KS02,,,,Ship Shoal B224,28.5,-91.3,32,LA,US,9,[]
KS06,KS06,,,,Mullan ,47.47,-115.8,1011,ID,US,9,[]
KS11,KS11,,,,Alturas,41.5,-120.53,1331,CA,US,9,[]
KS12,KS12,,S12,,Albany Muni,44.63939,-123.05848,69,OR,US,6,[]
KS14,KS14,,,,Spencer,44.35,-112.18,1793,ID,US,9,['METAR']
KS21,KS21,,S21,,Sunriver Arpt,43.88014,-121.45358,1269,OR,US,5,['METAR']
KS24,KS24,,S24,,Fremont/Sandusky Cnty,41.296,-83.037,203,OH,US,6,['METAR']
KS25,KS25,,S25,,Watford City Muni,47.79544,-103.25667,632,ND,US,5,['METAR']
KS29,KS29,,,,Salida,38.54,-106.05,2186,CO,US,9,[]
KS31,KS31,LPS,S31,,Lopez Isl Arpt,48.48539,-122.93685,209,WA,US,7,['METAR']
KS32,KS32,,S32,,Cooperstown Muni,47.424,-98.11,435,ND,US,5,['METAR']
KS33,KS33,,S33,,Madras Muni,44.66534,-121.15651,739,OR,US,5,['METAR']
KS34,KS34,,S34,,Plains Arpt,47.4718,-114.9009,750,MT,US,4,['METAR']
KS39,KS39,,S39,,Prineville Arpt,44.28584,-120.90079,987,OR,US,6,['METAR']
KS40,KS40,,S40,,Prosser,46.21340179,-119.7910004,697,WA,US,,[]
KS47,KS47,,,,Tillamook,45.42,-123.82,11,OR,US,9,[]
KS52,KS52,,S52,,Methow Valley State Arpt,48.42819,-120.15049,517,WA,US,4,['METAR']
KS58,KS58,,,,South Timbalier,28.53,-90.58,1,LA,US,9,['METAR']
KS59,KS59,,S59,,Libby Arpt,48.28338,-115.49157,793,MT,US,4,['METAR']
KS65,KS65,,,,Ship Shoal 198g,28.5,-91.2,2,LA,US,9,[]
KS71,KS71,,S71,,Chinook/Obie Arpt,48.592,-109.251,736,MT,US,5,['METAR']
KS80,KS80,,,,Grangeville,45.95,-116.13,1009,ID,US,9,[]
KS85,KS85,,S85,,Culbertson/Big Sky Fld,48.1525,-104.4976,596,MT,US,5,['METAR']
KS88,KS88,,,,Arlington ,48.17,-122.15,42,WA,US,9,[]
KSAA,KSAA,SAA,SAA,,Saratoga/Shively Fld,41.447,-106.815,2093,WY,US,4,['METAR']
KSAC,KSAC,SAC,SAC,72483,Sacramento Exec,38.50658,-121.49604,5,CA,US,6,"['METAR', 'TAF']"
KSAD,KSAD,SAD,SAD,,Safford Rgnl,32.85654,-109.63602,937,AZ,US,3,['METAR']
KSAF,KSAF,SAF,SAF,,Santa Fe Cnty Muni,35.61096,-106.09573,1918,NM,US,4,"['METAR', 'TAF']"
KSAN,KSAN,SAN,SAN,72290,San Diego Intl Arpt,32.73645,-117.19727,3,CA,US,2,"['METAR', 'TAF']"
KSAR,KSAR,SAR,SAR,,Sparta/Hunter Fld,38.14625,-89.70247,162,IL,US,5,['METAR']
KSAS,KSAS,SAS,SAS,,Salton City Arpt,33.241,-115.953,-26,CA,US,9,[]
KSAT,KSAT,SAT,SAT,72253,San Antonio Intl,29.54429,-98.48394,246,TX,US,1,"['METAR', 'TAF']"
KSAV,KSAV,SAV,SAV,72207,Savannah Intl,32.13133,-81.2023,10,GA,US,3,"['METAR', 'TAF']"
KSAW,KSAW,MQT,SAW,,Marquette/Sawyer Intl,46.341,-87.395,359,MI,US,2,"['METAR', 'TAF']"
KSAZ,KSAZ,,SAZ,,Staples Muni,46.37846,-94.80165,391,MN,US,5,['METAR']
KSBA,KSBA,SBA,SBA,,Santa Barbara Muni,34.42411,-119.84249,2,CA,US,3,"['METAR', 'TAF']"
KSBD,KSBD,SBD,SBD,,San Bernardino Intl,34.09,-117.247,353,CA,US,5,"['METAR', 'TAF']"
KSBM,KSBM,SBM,SBM,,Sheboygan Cnty Mem,43.77479,-87.84902,225,WI,US,4,"['METAR', 'TAF']"
KSBN,KSBN,SBN,SBN,72535,South Bend Rgnl,41.70722,-86.31629,236,IN,US,3,"['METAR', 'TAF']"
KSBO,KSBO,,SBO,,Swainsboro/E Georgia Rgnl,32.61109,-82.37019,98,GA,US,5,['METAR']
KSBP,KSBP,SBP,SBP,,San Luis Obispo/San Luis Cnty,35.23815,-120.64405,52,CA,US,5,"['METAR', 'TAF']"
KSBS,KSBS,SBS,SBS,,Steamboat Springs/Adams Fld,40.5153,-106.86767,2097,CO,US,5,['METAR']
KSBU,KSBU,,SBU,,Blue Earth Muni,43.595,-94.093,337,MN,US,9,[]
KSBX,KSBX,SBX,SBX,,Shelby/Toole Cnty Arpt,48.541,-111.871,1049,MT,US,5,['METAR']
KSBY,KSBY,SBY,SBY,72398,Salisbury/Ocean City,38.3409,-75.51324,14,MD,US,3,"['METAR', 'TAF']"
KSCA,KSCA,,SCA,,Sidney,40.241402,-84.150902,1044,OH,US,,[]
KSCB,KSCB,SCB,SCB,,Scribner Arpt,41.61,-96.63,404,NE,US,9,[]
KSCD,KSCD,,SCD,,Sylacauga Muni,33.17322,-86.29329,164,AL,US,5,['METAR']
KSCF,KSCF,,,,South Marsh 286,29.116,-91.871,22,LA,US,4,['METAR']
KSCH,KSCH,SCH,SCH,,Schenectady Cnty,42.84988,-73.93011,100,NY,US,6,['METAR']
KSCK,KSCK,SCK,SCK,72492,Stockton Metro,37.88998,-121.22639,8,CA,US,4,"['METAR', 'TAF']"
KSCR,KSCR,,SCR,,Siler City Muni,35.70582,-79.50514,182,NC,US,5,['METAR']
KSCX,KSCX,,SCX,,Oneida/Scott Muni,36.4553,-84.584,462,TN,US,5,['METAR']
KSDA,KSDA,,SDA,,Shenandoah Muni,40.75329,-95.4112,293,IA,US,5,['METAR']
KSDB,KSDB,,SDB,72383,Sandberg,34.7433,-118.7252,1377,CA,US,3,['METAR']
KSDC,KSDC,,SDC,,Williamson-Sodus Arpt,43.23553,-77.12006,127,NY,US,4,['METAR']
KSDF,KSDF,SDF,SDF,72423,Louisville Intl,38.17739,-85.73075,146,KY,US,3,"['METAR', 'TAF']"
KSDL,KSDL,SCF,SDL,,Scottsdale Muni,33.61235,-111.92317,438,AZ,US,5,"['METAR', 'TAF']"
KSDM,KSDM,SDM,SDM,,San Diego/Brown Fld,32.57583,-116.99392,161,CA,US,5,['METAR']
KSDY,KSDY,SDY,SDY,,Sidney/Richland Muni,47.70291,-104.19512,600,MT,US,4,"['METAR', 'TAF']"
KSEA,KSEA,SEA,SEA,72793,Seattle-Tacoma Intl,47.44467,-122.31442,115,WA,US,0,"['METAR', 'TAF']"
KSEE,KSEE,SEE,SEE,,San Diego/Gillespie Fld,32.82733,-116.97374,113,CA,US,6,['METAR']
KSEF,KSEF,SEF,SEF,,Sebring Rgnl,27.45529,-81.34151,17,FL,US,3,['METAR']
KSEG,KSEG,SEG,SEG,,Selinsgrove/Penn Valley Arpt,40.81929,-76.86583,136,PA,US,4,['METAR']
KSEM,KSEM,SEM,SEM,,Selma/Craig Fld,32.33672,-86.98364,48,AL,US,4,['METAR']
KSEP,KSEP,SEP,SEP,72260,Stephenville/Clark Rgnl,32.21503,-98.17933,399,TX,US,4,['METAR']
KSEQ,KSEQ,,SEQ,,Seguin/Randolph AUX,29.566,-97.908,160,TX,US,6,['METAR']
KSER,KSER,SER,SER,,Seymour/Freeman Muni,38.919,-85.904,175,IN,US,9,[]
KSET,KSET,,SET,,St Charles/Smartt Arpt,38.93044,-90.43291,133,MO,US,5,['METAR']
KSEW,KSEW,,,,Seattle/NOAA,47.687,-122.255,8,WA,US,9,[]
KSEZ,KSEZ,SDX,SEZ,,Sedona Arpt,34.84674,-111.78842,1455,AZ,US,5,"['METAR', 'TAF']"
KSFB,KSFB,SFB,SFB,,Sanford Intl,28.77952,-81.24355,16,FL,US,5,"['METAR', 'TAF']"
KSFF,KSFF,SFF,SFF,,Spokane/Felts Fld,47.68575,-117.32142,593,WA,US,6,"['METAR', 'TAF']"
KSFM,KSFM,SFM,SFM,,Sanford Rgnl,43.38756,-70.71539,70,ME,US,5,['METAR']
KSFO,KSFO,SFO,SFO,72494,San Francisco Intl,37.61961,-122.36561,2,CA,US,1,"['METAR', 'TAF']"
KSFQ,KSFQ,,SFQ,,Suffolk Muni,36.68255,-76.60132,19,VA,US,6,['METAR']
KSFY,KSFY,,SFY,,Savanna/Tri-Township Arpt,42.04544,-90.11011,188,IL,US,5,['METAR']
KSFZ,KSFZ,SFZ,SFZ,,Pawtucket/N Central State Arpt,41.91682,-71.49239,129,RI,US,5,['METAR']
KSGE,KSGE,,,,Sage,41.79,-110.51,2371,WY,US,9,['METAR']
KSGF,KSGF,SGF,SGF,72440,Springfield Muni,37.23982,-93.38995,387,MO,US,2,"['METAR', 'TAF']"
KSGH,KSGH,SGH,SGH,,Springfield Muni,39.83581,-83.84425,318,OH,US,5,['METAR']
KSGJ,KSGJ,UST,SGJ,,St Augustine Arpt,29.9592,-81.34105,2,FL,US,4,"['METAR', 'TAF']"
KSGR,KSGR,SGR,SGR,,Houston/Sugar Land Rgnl,29.61971,-95.65748,22,TX,US,6,"['METAR', 'TAF']"
KSGS,KSGS,,SGS,,South St Paul Muni,44.86005,-93.03205,250,MN,US,7,['METAR']
KSGT,KSGT,SGT,SGT,,Stuttgart Muni,34.59983,-91.57633,67,AR,US,4,['METAR']
KSGU,KSGU,SGU,SGU,,Saint George Muni,37.04441,-113.50342,877,UT,US,4,"['METAR', 'TAF']"
KSHC,KSHC,,,,Shute Creek,41.93,-109.97,2058,WY,US,9,['METAR']
KSHD,KSHD,SHD,SHD,,Staunton/Shenandoah Valley Rgnl,38.26014,-78.90133,360,VA,US,4,['METAR']
KSHL,KSHL,,SHL,,Sheldon Muni,43.20821,-95.83537,430,IA,US,5,['METAR']
KSHM,KSHM,,,,Schriever AFB,38.8,-104.52,1900,CO,US,7,['METAR']
KSHN,KSHN,SHN,SHN,,Shelton/Sanderson Fld,47.23843,-123.14151,84,WA,US,5,['METAR']
KSHP,KSHP,,,,Sheppard AFB,33.967,-98.483,314,TX,US,7,['TAF']
KSHR,KSHR,SHR,SHR,72666,Sheridan Cnty Arpt,44.76031,-106.97413,1212,WY,US,2,"['METAR', 'TAF']"
KSHV,KSHV,SHV,SHV,72248,Shreveport Rgnl,32.44729,-93.82439,70,LA,US,2,"['METAR', 'TAF']"
KSIB,KSIB,,,,Sibley Peak,42.44,-105.03,1511,WY,US,9,['METAR']
KSIF,KSIF,,SIF,,Eden/Shiloh Arpt,36.44075,-79.85437,206,NC,US,5,['METAR']
KSIK,KSIK,SIK,SIK,,Sikeston Arpt,36.90274,-89.55775,95,MO,US,5,['METAR']
KSIL,KSIL,,,,Slidell,30.25,-89.767,2,LA,US,9,[]
KSIV,KSIV,SIV,SIV,,Sullivan Cnty Arpt,39.115,-87.448,164,IN,US,9,[]
KSIY,KSIY,SIY,SIY,,Montague/Siskiyou Cnty,41.77373,-122.46826,807,CA,US,4,['METAR']
KSJC,KSJC,SJC,SJC,,San Jose Intl Arpt,37.35938,-121.92444,13,CA,US,4,"['METAR', 'TAF']"
KSJN,KSJN,SJN,SJN,,St Johns Ind Arpt,34.51839,-109.38006,1747,AZ,US,4,['METAR']
KSJS,KSJS,,SJS,,Prestonburg/Big Sandy Rgnl,37.74891,-82.64134,359,KY,US,4,"['METAR', 'TAF']"
KSJT,KSJT,SJT,SJT,72263,San Angelo/Mathis Fld,31.35171,-100.49477,582,TX,US,3,"['METAR', 'TAF']"
KSJX,KSJX,,SJX,,Beaver Island Arpt,45.69285,-85.56624,202,MI,US,5,['METAR']
KSKA,KSKA,SKA,SKA,,Spokane/Fairchild AFB,47.612,-117.679,754,WA,US,6,"['METAR', 'TAF']"
KSKC,KSKC,,,,Waukesha,43.03,-88.23,284,WI,US,9,[]
KSKF,KSKF,SKF,SKF,,Lackland AFB/Kelly Fld,29.392,-98.581,214,TX,US,5,"['METAR', 'TAF']"
KSKI,KSKI,,SKI,,Sac City-Sac Ci,42.379,-94.98,381,IA,US,9,[]
KSKL,KSKL,,,,Skyline,41.13,-106.57,2468,WY,US,9,['METAR']
KSKX,KSKX,TSM,SKX,,Taos Rgnl,36.45837,-105.67519,2163,NM,US,3,['METAR']
KSKY,KSKY,SKY,,,Sandusky-Griffi,41.43,-82.65,9999,OH,US,9,[]
KSLB,KSLB,SLB,SLB,,Storm Lake Muni,42.59724,-95.23992,450,IA,US,5,['METAR']
KSLC,KSLC,SLC,SLC,72572,Salt Lake City Intl,40.7707,-111.96503,1286,UT,US,1,"['METAR', 'TAF']"
KSLE,KSLE,SLE,SLE,72694,Salem Muni,44.90489,-123.00104,63,OR,US,3,"['METAR', 'TAF']"
KSLG,KSLG,SLG,SLG,,Siloam Springs/Smith Fld,36.19414,-94.488,361,AR,US,6,['METAR']
KSLH,KSLH,,SLH,,Cheboygan Cnty Arpt,45.6523,-84.52021,193,MI,US,6,['METAR']
KSLI,KSLI,,SLI,,Los Alamitos AAF,33.796,-118.042,8,CA,US,6,"['METAR', 'TAF']"
KSLK,KSLK,SLK,SLK,,Saranac Lake/Adirondack Rgnl,44.3928,-74.20286,502,NY,US,3,"['METAR', 'TAF']"
KSLN,KSLN,SLN,SLN,,Salina Rgnl,38.77999,-97.64456,377,KS,US,3,"['METAR', 'TAF']"
KSLO,KSLO,SLO,SLO,72433,Salem/Leckrone Arpt,38.64462,-88.96121,173,IL,US,3,['METAR']
KSLR,KSLR,SLR,SLR,,Sulphur Springs Muni,33.16149,-95.61888,144,TX,US,5,['METAR']
KSLW,KSLW,,,,Smithville/Woos,40.88,-81.83,357,OH,US,9,[]
KSMD,KSMD,SMD,SMD,,Fort Wayne/Smith Fld,41.14397,-85.14916,252,IN,US,6,['METAR']
KSME,KSME,SME,SME,,Somerset/Lake Cumberland Rgnl,37.05286,-84.6141,279,KY,US,5,"['METAR', 'TAF']"
KSMF,KSMF,SMF,SMF,,Sacramento Intl,38.70069,-121.59479,7,CA,US,2,"['METAR', 'TAF']"
KSMN,KSMN,SMN,SMN,,Salmon/Lemhi Cnty,45.12828,-113.88329,1228,ID,US,3,"['METAR', 'TAF']"
KSMO,KSMO,SMO,SMO,,Santa Monica Muni,34.02099,-118.44713,56,CA,US,6,"['METAR', 'TAF']"
KSMP,KSMP,,SMP,,Stampede Pass,47.27643,-121.33826,1206,WA,US,4,['METAR']
KSMQ,KSMQ,,SMQ,,Somerville/Somerset Arpt,40.62407,-74.669,30,NJ,US,5,['METAR']
KSMS,KSMS,SUM,SMS,,Sumter Muni,34.0003,-80.35819,53,SC,US,6,['METAR']
KSMX,KSMX,SMX,SMX,72394,Santa Maria/Hancock Fld,34.89403,-120.45216,73,CA,US,5,"['METAR', 'TAF']"
KSNA,KSNA,SNA,SNA,,Santa Ana/Wayne Arpt,33.67976,-117.86745,14,CA,US,4,"['METAR', 'TAF']"
KSNC,KSNC,,SNC,,Chester Arpt,41.383,-72.506,114,CT,US,5,['METAR']
KSNH,KSNH,,SNH,,Savannah/Hardin Cnty,35.17311,-88.21456,142,TN,US,4,['METAR']
KSNK,KSNK,SNK,SNK,,Snyder/Winston Fld,32.69168,-100.95052,738,TX,US,4,['METAR']
KSNL,KSNL,SNL,SNL,,Shawnee Rgnl,35.36109,-96.94452,327,OK,US,5,['METAR']
KSNS,KSNS,SNS,SNS,72593,Salinas Muni,36.66352,-121.60929,20,CA,US,3,"['METAR', 'TAF']"
KSNT,KSNT,,,,Stanley/Sawtooth Ranger Stn,44.17079,-114.92686,1980,ID,US,4,['METAR']
KSNY,KSNY,SNY,SNY,72561,Sidney/Carr Fld,41.09928,-102.98641,1307,NE,US,4,"['METAR', 'TAF']"
KSOA,KSOA,,SOA,,Sonora Muni,30.58531,-100.65062,654,TX,US,5,"['METAR', 'TAF']"
KSOP,KSOP,SOP,SOP,,Southern Pines/Moore Cnty,35.23708,-79.39212,135,NC,US,4,['METAR']
KSOW,KSOW,SOW,SOW,,Show Low Muni,34.26862,-110.00194,1954,AZ,US,3,['METAR']
KSOY,KSOY,,,,Sioux Center Muni,43.134,-96.187,441,IA,US,9,[]
KSPA,KSPA,SPA,SPA,,Spartanburg/Downtown Arpt,34.91057,-81.9589,242,SC,US,5,['METAR']
KSPB,KSPB,,SPB,,Scappoose Ind Arpk,45.76907,-122.86367,15,OR,US,6,['METAR']
KSPD,KSPD,,,,Springfield/Comanche Nat Grassland,37.28344,-102.61378,1340,CO,US,6,['METAR']
KSPF,KSPF,SPF,SPF,,Spearfish/Clyde Fld,44.48114,-103.78794,1191,SD,US,4,['METAR']
KSPG,KSPG,SPG,SPG,,St Petersburg/Whitted Arpt,27.76846,-82.62569,1,FL,US,5,['METAR']
KSPH,KSPH,,SPH,,Springhill Arpt,32.984,-93.409,66,LA,US,9,[]
KSPI,KSPI,SPI,SPI,72439,Springfield/Lincoln Capital Arpt,39.8453,-89.684,179,IL,US,3,"['METAR', 'TAF']"
KSPK,KSPK,,SPK,,Spanish Fork Muni,40.14966,-111.677,1381,UT,US,6,['METAR']
KSPL,KSPL,,,,South Padre Isl,26.072,-97.163,4,TX,US,6,['METAR']
KSPR,KSPR,,,,Ship Shoal 178,28.599,-91.206,26,LA,US,6,['METAR']
KSPS,KSPS,SPS,SPS,72351,Wichita Falls Rgnl,33.97855,-98.49297,310,TX,US,3,"['METAR', 'TAF']"
KSPW,KSPW,SPW,SPW,72650,Spencer Muni,43.16823,-95.21011,407,IA,US,2,['METAR']
KSPX,KSPX,,,,Houston-Houston,29.51,-95.05,9999,TX,US,9,[]
KSPZ,KSPZ,,SPZ,,Silver Spr,39.40299987792969,-119.2509994506836,4269,NV,US,,[]
KSQE,KSQE,,,,Ship Shoals 354,28.083,-90.819,29,LA,US,6,['METAR']
KSQI,KSQI,SQI,SQI,,Sterling-Rock Falls Arpt,41.74321,-89.66547,196,IL,US,4,['METAR']
KSQL,KSQL,SQL,SQL,,San Carlos Arpt,37.51192,-122.24829,1,CA,US,6,['METAR']
KSRB,KSRB,,SRB,,Sparta/Upper Cumberland Rgnl,36.05287,-85.53598,303,TN,US,4,"['METAR', 'TAF']"
KSRC,KSRC,SRC,SRC,,Searcy Muni,35.21343,-91.73926,80,AR,US,4,['METAR']
KSRE,KSRE,,SRE,,Seminole Muni,35.271,-96.675,306,OK,US,6,['METAR']
KSRF,KSRF,,,,Hamilton,38.07,-122.5,1,CA,US,9,[]
KSRQ,KSRQ,SRQ,SRQ,,Sarasota-Bradenton Intl,27.40147,-82.55965,5,FL,US,5,"['METAR', 'TAF']"
KSRR,KSRR,RUI,SRR,,Ruidoso Rgnl,33.46674,-105.52781,2063,NM,US,4,['METAR']
KSSC,KSSC,SSC,SSC,74790,Shaw AFB,33.978,-80.466,71,SC,US,4,"['METAR', 'TAF']"
KSSF,KSSF,SSF,SSF,,San Antonio/Stinson Muni,29.33896,-98.47198,175,TX,US,6,"['METAR', 'TAF']"
KSSI,KSSI,SSI,SSI,,Brunswick/McKinnon St Simons Arpt,31.15271,-81.39052,6,GA,US,4,"['METAR', 'TAF']"
KSSM,KSSM,,,,Sault Ste Marie,46.47,-84.37,221,MI,US,9,['METAR']
KSSQ,KSSQ,,SSQ,,Shell Lake Muni,45.731,-91.921,375,WI,US,9,[]
KSSU,KSSU,,,,White Sulphur S,37.77,-80.33,549,WV,US,9,['METAR']
KSTC,KSTC,STC,STC,72655,St Cloud Rgnl,45.54415,-94.05165,302,MN,US,3,"['METAR', 'TAF']"
KSTE,KSTE,STE,STE,,Stevens Point Muni,44.54374,-89.53469,335,WI,US,4,['METAR']
KSTF,KSTF,,STF,,Starkville/Bryan Arpt,33.43257,-88.8506,99,MS,US,5,['METAR']
KSTJ,KSTJ,STJ,STJ,72449,St Joseph/Rosecrans Mem,39.76829,-94.90953,247,MO,US,4,"['METAR', 'TAF']"
KSTK,KSTK,STK,STK,,Sterling Muni,40.61332,-103.26109,1228,CO,US,5,['METAR']
KSTL,KSTL,STL,STL,72434,St Louis/Lambert Intl,38.75245,-90.37341,163,MO,US,1,"['METAR', 'TAF']"
KSTO,KSTO,,,,Sacramento,38.503,-121.498,5,CA,US,9,[]
KSTP,KSTP,STP,STP,,Saint Paul/Downtown Arpt,44.93235,-93.05586,213,MN,US,7,"['METAR', 'TAF']"
KSTQ,KSTQ,,,,Streator,41.13,-88.8,9999,IL,US,9,[]
KSTS,KSTS,STS,STS,,Santa Rosa/Schulz Arpt,38.5037,-122.811,35,CA,US,4,"['METAR', 'TAF']"
KSTZ,KSTZ,,,,South Timbalier,28.16,-90.67,25,LA,US,5,['METAR']
KSUA,KSUA,SUA,SUA,,Stuart/Witham Fld,27.18154,-80.22522,4,FL,US,4,"['METAR', 'TAF']"
KSUD,KSUD,SUD,SUD,,Stroud Muni,35.789,-96.656,275,OK,US,9,[]
KSUE,KSUE,SUE,SUE,,Sturgeon Bay/Door Cnty,44.847,-87.425,215,WI,US,5,['METAR']
KSUN,KSUN,SUN,SUN,,Hailey/Friedman Mem,43.49691,-114.29235,1619,ID,US,3,"['METAR', 'TAF']"
KSUO,KSUO,,SUO,,Rosebud/Sioux Tribal Arpt,43.259,-100.862,830,SD,US,5,['METAR']
KSUS,KSUS,SUS,SUS,,St Louis/Spirit of St Louis Arpt,38.65753,-90.65575,140,MO,US,5,"['METAR', 'TAF']"
KSUT,KSUT,,SUT,,Southport/Cape Fear Rgnl,33.9292,-78.07223,6,NC,US,5,['METAR']
KSUU,KSUU,SUU,SUU,74516,Fairfield/Travis AFB,38.25,-121.938,9,CA,US,4,"['METAR', 'TAF']"
KSUW,KSUW,SUW,SUW,,Superior/Bong Arpt,46.68332,-92.09256,205,WI,US,6,['METAR']
KSUX,KSUX,SUX,SUX,72557,Sioux City/Day Fld,42.39169,-96.37948,332,IA,US,3,"['METAR', 'TAF']"
KSUZ,KSUZ,,SUZ,,Benton/Saline Cnty,34.5862,-92.4802,114,AR,US,5,['METAR']
KSVC,KSVC,SVC,SVC,,Silver City/Grant Cnty,32.63097,-108.14659,1638,NM,US,4,['METAR']
KSVE,KSVE,SVE,SVE,,Susanville Muni,40.37599,-120.57422,1263,CA,US,3,['METAR']
KSVH,KSVH,SVH,SVH,,Statesville Muni,35.76352,-80.94729,286,NC,US,5,['METAR']
KSVN,KSVN,SVN,SVN,,Savannah/Hunter AAF,32.011,-81.131,13,GA,US,6,"['METAR', 'TAF']"
KSVR,KSVR,,SVR,,Salt Lake City/South Valley Rgnl,40.61961,-111.99019,1404,UT,US,6,['METAR']
KSWF,KSWF,SWF,SWF,,Newburgh/Stewart Intl,41.50447,-74.09988,139,NY,US,6,"['METAR', 'TAF']"
KSWI,KSWI,,SWI,,Sherman Muni,33.624,-96.586,227,TX,US,9,[]
KSWO,KSWO,SWO,SWO,,Stillwater Muni,36.16238,-97.0832,293,OK,US,5,"['METAR', 'TAF']"
KSWT,KSWT,,SWT,,Seward Muni,40.865,-97.109,459,NE,US,9,[]
KSWW,KSWW,SWW,SWW,,Sweetwater/Avenger Fld,32.46883,-100.46686,718,TX,US,5,['METAR']
KSXK,KSXK,,SXK,,Maurice/Sioux Cnty Rgnl,42.98946,-96.16451,430,IA,US,4,['METAR']
KSXL,KSXL,,SXL,,Summersville Arpt,38.231,-80.871,555,WV,US,9,[]
KSXS,KSXS,,SXS,,Schell AFP,31.364,-85.846,120,AL,US,7,['METAR']
KSXT,KSXT,,SXT,,Sexton Summit,42.6,-123.366,1151,OR,US,6,['METAR']
KSXU,KSXU,,SXU,,Santa Rosa/Route 66 Arpt,34.9355,-104.63661,1465,NM,US,4,['METAR']
KSYF,KSYF,,SYF,,St Francis/Cheyenne Cnty,39.75832,-101.79273,1041,KS,US,5,['METAR']
KSYI,KSYI,SYI,SYI,,Shelbyville/Bomar Fld,35.5594,-86.4406,244,TN,US,5,['METAR']
KSYM,KSYM,,SYM,,Morehead-Rowan Cnty,38.21989,-83.58352,307,KY,US,5,"['METAR', 'TAF']"
KSYN,KSYN,SYN,SYN,,Stanton Arpt,44.474,-93.014,280,MN,US,6,['METAR']
KSYR,KSYR,SYR,SYR,72519,Syracuse/Hancock Intl,43.1111,-76.10384,125,NY,US,2,"['METAR', 'TAF']"
KSYV,KSYV,SYV,SYV,,Sylvester Arpt,31.557,-83.894,123,GA,US,9,[]
KSZL,KSZL,SZL,SZL,,Whiteman AFB,38.736,-93.55,259,MO,US,3,"['METAR', 'TAF']"
KSZN,KSZN,SZN,,,Santa Cruz Isl,34.02,-119.75,10,CA,US,9,[]
KSZP,KSZP,SZP,SZP,,Santa Paula Arpt,34.347,-119.062,76,CA,US,9,[]
KSZT,KSZT,,SZT,,Sandpoint Arpt,48.2945,-116.56747,649,ID,US,4,['METAR']
KSZY,KSZY,,SZY,,Selmer/Sibley Arpt,35.20644,-88.50119,184,TN,US,5,['METAR']
KT02,KT02,,,,Houston-Clover,29.52,-95.24,13,TX,US,9,[]
KT20,KT20,,T20,,Gonzales Muni,29.53015,-97.46298,107,TX,US,4,['METAR']
KT35,KT35,,T35,,Cameron Muni,30.87892,-96.97044,122,TX,US,6,['METAR']
KT41,KT41,,T41,,La Porte Muni,29.67094,-95.06436,8,TX,US,6,['METAR']
KT46,KT46,,,,South Brazos A7,28.02,-95.87,23,TX,US,9,[]
KT62,KT62,,,,Tooele,40.32,-112.3,1628,UT,US,9,['METAR']
KT65,KT65,,,,Welasco/Mid Valley Arpt,26.182,-97.974,21,TX,US,9,['METAR']
KT69,KT69,,T69,,Sinton/Thomas Arpt,28.04183,-97.54102,15,TX,US,6,['METAR']
KT70,KT70,,,,Laughlin AFB/Aux 1,29.117,-100.473,296,TX,US,5,['METAR']
KT74,KT74,,T74,,Taylor Muni,30.57038,-97.44475,169,TX,US,5,['METAR']
KT78,KT78,,T78,,Liberty Muni,30.07543,-94.69961,21,TX,US,5,['METAR']
KT82,KT82,,T82,,Fredericksburg/Gillespie Cnty,30.23896,-98.90403,509,TX,US,5,['METAR']
KT89,KT89,,T89,,Lajitas Intl,29.2774,-103.69121,801,TX,US,3,['METAR']
KTAD,KTAD,TAD,TAD,,Trinidad/Stokes Arpt,37.26178,-104.33185,1751,CO,US,3,['METAR']
KTAN,KTAN,,TAN,,Taunton Muni,41.87562,-71.02083,8,MA,US,5,['METAR']
KTAZ,KTAZ,,TAZ,,Taylorville Muni,39.53504,-89.32941,188,IL,US,5,['METAR']
KTBN,KTBN,TBN,TBN,,Waynesville-St Robert Rgnl,37.74447,-92.14471,349,MO,US,4,"['METAR', 'TAF']"
KTBR,KTBR,TBR,TBR,,Statesboro Muni,32.48,-81.738,54,GA,US,4,['METAR']
KTBW,KTBW,,,,Tampa Bay/NEXRAD,27.705,-82.402,12,FL,US,9,[]
KTBX,KTBX,,TBX,,Thermopolis/Boysen Pk,43.46441,-108.23816,2230,WY,US,5,['METAR']
KTCC,KTCC,TCC,TCC,,Tucumcari Muni,35.18052,-103.60144,1233,NM,US,2,"['METAR', 'TAF']"
KTCL,KTCL,TCL,TCL,,Tuscaloosa Rgnl,33.21216,-87.61555,48,AL,US,4,"['METAR', 'TAF']"
KTCM,KTCM,TCM,TCM,74206,Tacoma/McChord AFB,47.149,-122.475,87,WA,US,5,"['METAR', 'TAF']"
KTCS,KTCS,TCS,TCS,72271,Truth or Consequence Muni,33.23686,-107.26848,1471,NM,US,2,"['METAR', 'TAF']"
KTCY,KTCY,,TCY,,Tracy Muni,37.69194,-121.44417,51,CA,US,6,['METAR']
KTDF,KTDF,,TDF,,Roxboro/Person Cnty,36.28405,-78.98842,180,NC,US,4,['METAR']
KTDO,KTDO,TDO,TDO,,Toledo/Lewis Cnty,46.476,-122.816,106,WA,US,3,['METAR']
KTDR,KTDR,,,,Tyndall/Drone,30.038,-85.528,4,FL,US,6,['METAR']
KTDW,KTDW,TDW,TDW,,Amarillo/Tradewind Arpt,35.168,-101.826,1116,TX,US,9,[]
KTDZ,KTDZ,TDZ,TDZ,,Toledo Executive Arpt,41.56327,-83.47671,189,OH,US,5,['METAR']
KTEB,KTEB,TEB,TEB,,Teterboro Arpt,40.85898,-74.05617,3,NJ,US,6,"['METAR', 'TAF']"
KTEL,KTEL,,TEL,,Tell City/Perry Cnty,38.019,-86.692,201,IN,US,9,[]
KTEW,KTEW,,TEW,,Mason/Jewett Fld,42.56356,-84.42225,281,MI,US,5,['METAR']
KTEX,KTEX,TEX,TEX,,Telluride Rgnl,37.954,-107.909,2760,CO,US,3,"['METAR', 'TAF']"
KTFP,KTFP,,TFP,,Ingleside Rgnl,27.91318,-97.21321,5,TX,US,6,['METAR']
KTFX,KTFX,,,,Great Falls/NEXRAD,47.46,-111.385,1133,MT,US,9,[]
KTGC,KTGC,,TGC,,Trenton/Gibson Cnty,35.932,-88.849,109,TN,US,9,[]
KTGI,KTGI,,TGI,,Tangier Island Arpt,37.82786,-75.99643,1,VA,US,5,['METAR']
KTHA,KTHA,THA,THA,,Tullahoma Rgnl,35.38039,-86.24187,333,TN,US,4,['METAR']
KTHM,KTHM,THM,THM,,Thompson Falls Arpt,47.574,-115.282,751,MT,US,6,['METAR']
KTHV,KTHV,THV,THV,,York Arpt,39.91942,-76.87685,141,PA,US,5,['METAR']
KTIF,KTIF,,TIF,,Thedford/Thomas Cnty,41.96458,-100.56868,888,NE,US,4,['METAR']
KTIK,KTIK,TIK,TIK,72354,Tinker AFB,35.415,-97.386,387,OK,US,6,"['METAR', 'TAF']"
KTIP,KTIP,,TIP,,Rantoul/Chanute AFB,40.291,-88.146,224,IL,US,5,['METAR']
KTIW,KTIW,TIW,TIW,,Tacoma Narrows Arpt,47.26744,-122.57624,89,WA,US,6,['METAR']
KTIX,KTIX,TIX,TIX,,Titusville/Space Coast Rgnl,28.508,-80.798,10,FL,US,6,"['METAR', 'TAF']"
KTKC,KTKC,,TKC,,Tracy Muni,44.25,-95.612,408,MN,US,5,['METAR']
KTKI,KTKI,,TKI,,McKinney Muni,33.18283,-96.58989,173,TX,US,5,['METAR']
KTKK,KTKK,,,,Weno Island-Chu,7.46,151.84,9999,FM,US,9,[]
KTKO,KTKO,,TKO,,Mankato Arpt,39.803,-98.221,567,KS,US,9,[]
KTKV,KTKV,,TKV,,Tomahawk Rgnl,45.469,-89.805,449,WI,US,5,['METAR']
KTKX,KTKX,KNT,TKX,,Kennett Arpt,36.22256,-90.0367,73,MO,US,4,['METAR']
KTLH,KTLH,TLH,TLH,72214,Tallahassee Intl,30.39354,-84.35135,17,FL,US,2,"['METAR', 'TAF']"
KTLR,KTLR,TLR,TLR,,Tulare/Mefford Fld,36.156,-119.326,81,CA,US,9,[]
KTLX,KTLX,,,,Oklahoma City/NEXRAD,35.333,-97.278,371,OK,US,9,[]
KTMA,KTMA,TMA,TMA,,Tifton/Myers Arpt,31.42293,-83.48592,105,GA,US,5,['METAR']
KTMB,KTMB,TMB,TMB,,Miami Exec Arpt,25.64227,-80.43468,2,FL,US,5,"['METAR', 'TAF']"
KTME,KTME,,TME,,Houston/Executive Arpt,29.806,-95.903,49,TX,US,5,['METAR']
KTMH,KTMH,,,,Twenty Mile Hil,43.12,-106.34,1755,WY,US,9,['METAR']
KTMK,KTMK,OTK,TMK,,Tillamook Arpt,45.42096,-123.81441,8,OR,US,4,['METAR']
KTMT,KTMT,,TMT,,Austin Arpt,39.46434,-117.19716,1748,NV,US,3,['METAR']
KTNB,KTNB,,TNB,,Boone/Watauga Med Cntr,36.1988,-81.6515,958,NC,US,5,['METAR']
KTNF1,,,,,Keaton Beach,29.817,-83.592,0,FL,US,5,[]
KTNP,KTNP,TNP,TNP,,Twentynine Palms Arpt,34.133,-115.944,558,CA,US,9,[]
KTNT,KTNT,TNT,TNT,,Miami/Dade-Coller Arpt,25.86,-80.91,3,FL,US,9,[]
KTNU,KTNU,TNU,TNU,,Newton Muni,41.67011,-93.01904,287,IA,US,5,['METAR']
KTNX,KTNX,XSD,TNX,,Tonopah Test Range,37.8,-116.78,1683,NV,US,9,[]
KTOA,KTOA,TOA,TOA,,Torrance Muni,33.803,-118.336,30,CA,US,6,['METAR']
KTOB,KTOB,,TOB,,Dodge Center Arpt,44.02024,-92.82951,394,MN,US,6,['METAR']
KTOC,KTOC,TOC,TOC,,Toccoa/Lefourneau Fld,34.58797,-83.2974,292,GA,US,4,['METAR']
KTOI,KTOI,TOI,TOI,,Troy Muni,31.85742,-86.01026,120,AL,US,4,"['METAR', 'TAF']"
KTOL,KTOL,TOL,TOL,72536,Toledo/Express Arpt,41.58705,-83.80538,206,OH,US,3,"['METAR', 'TAF']"
KTOP,KTOP,TOP,TOP,72456,Topeka/Billard Muni,39.07245,-95.62602,268,KS,US,3,"['METAR', 'TAF']"
KTOR,KTOR,TOR,TOR,,Torrington Muni,42.06132,-104.15847,1285,WY,US,5,['METAR']
KTPA,KTPA,TPA,TPA,72211,Tampa Intl Arpt,27.96332,-82.53999,2,FL,US,2,"['METAR', 'TAF']"
KTPF,KTPF,TPF,TPF,,Tampa/Knight Arpt,27.91525,-82.45177,1,FL,US,7,['METAR']
KTPH,KTPH,TPH,TPH,,Tonopah Arpt,38.05049,-117.09063,1647,NV,US,2,"['METAR', 'TAF']"
KTPL,KTPL,TPL,TPL,,Temple/Miller Rgnl,31.157,-97.40937,206,TX,US,5,['METAR']
KTQE,KTQE,,TQE,,Tekamah Muni,41.76304,-96.17974,312,NE,US,4,['METAR']
KTQH,KTQH,,TQH,,Tahlequah Muni,35.93037,-95.00255,265,OK,US,5,['METAR']
KTQK,KTQK,,TQK,,Scott City Muni,38.47822,-100.88223,906,KS,US,4,['METAR']
KTQS,KTQS,,TQS,,Vandenberg SFB/South,34.63296,-120.61747,34,CA,US,6,['METAR']
KTQV,KTQV,,TQV,,Durham/Duke Child Hosp,36.007,-78.937,230,NC,US,6,['METAR']
KTRI,KTRI,TRI,TRI,72335,Bristol/Tri-Cities Arpt,36.47966,-82.3989,456,TN,US,3,"['METAR', 'TAF']"
KTRK,KTRK,TKF,TRK,,Truckee/Tahoe Arpt,39.31544,-120.13712,1800,CA,US,5,"['METAR', 'TAF']"
KTRL,KTRL,TRL,TRL,,Terrell Muni,32.71312,-96.26875,144,TX,US,5,['METAR']
KTRM,KTRM,TRM,TRM,,Thermal Arpt,33.63166,-116.16411,-39,CA,US,3,"['METAR', 'TAF']"
KTRX,KTRX,TRX,TRX,,Trenton Muni,40.083,-93.591,231,MO,US,9,[]
KTSO,KTSO,,TSO,,Carrollton/Carroll Cnty,40.562,-81.078,355,OH,US,9,[]
KTSP,KTSP,TSP,TSP,,Tehachapi Muni,35.13867,-118.44235,1209,CA,US,5,['METAR']
KTTA,KTTA,,TTA,,Sanford/Lee Cnty,35.57624,-79.10351,71,NC,US,5,['METAR']
KTTD,KTTD,TTD,TTD,,Portland/Troutdale Arpt,45.55098,-122.40984,8,OR,US,6,"['METAR', 'TAF']"
KTTF,KTTF,,TTF,,Monroe/Custer Arpt,41.9371,-83.43324,186,MI,US,5,['METAR']
KTTN,KTTN,TTN,TTN,,Trenton/Mercer Arpt,40.27681,-74.81587,58,NJ,US,4,"['METAR', 'TAF']"
KTTS,KTTS,,TTS,,NASA Shuttle Landing Arpt,28.59875,-80.68155,1,FL,US,6,"['METAR', 'TAF']"
KTUL,KTUL,TUL,TUL,72356,Tulsa Intl Arpt,36.19854,-95.87825,196,OK,US,2,"['METAR', 'TAF']"
KTUP,KTUP,TUP,TUP,72332,Tupelo Rgnl,34.26224,-88.77127,107,MS,US,3,"['METAR', 'TAF']"
KTUS,KTUS,TUS,TUS,72274,Tucson Intl Arpt,32.13153,-110.95637,776,AZ,US,2,"['METAR', 'TAF']"
KTVB,KTVB,,TVB,,Cabool Muni,37.132,-92.084,372,MO,US,9,[]
KTVC,KTVC,TVC,TVC,,Traverse City/Cherry Capital Arpt,44.73903,-85.56942,188,MI,US,3,"['METAR', 'TAF']"
KTVF,KTVF,TVF,TVF,,Thief River Rgnl,48.05967,-96.17875,339,MN,US,4,"['METAR', 'TAF']"
KTVI,KTVI,TVI,TVI,,Thomasville Rgnl,30.9026,-83.88264,74,GA,US,5,['METAR']
KTVK,KTVK,,TVK,,Centerville Muni,40.6832,-92.89837,311,IA,US,4,['METAR']
KTVL,KTVL,TVL,TVL,,Lake Tahoe Arpt,38.89838,-119.99618,1907,CA,US,4,"['METAR', 'TAF']"
KTVR,KTVR,,TVR,,Vicksburg/Tallulah Rgnl,32.34806,-91.02994,25,LA,US,4,['METAR']
KTVY,KTVY,,TVY,,Tooele Valley Arpt,40.6127,-112.35365,1310,UT,US,5,['METAR']
KTWF,KTWF,TWF,TWF,,Twin Falls/Joslin Fld,42.47848,-114.47745,1269,ID,US,3,"['METAR', 'TAF']"
KTWM,KTWM,,TWM,,Two Harbors/Helgeson Arpt,47.0192,-91.7447,331,MN,US,5,['METAR']
KTWT,KTWT,,TWT,,Sturgis Muni,37.54318,-87.95679,113,KY,US,5,['METAR']
KTWX,KTWX,,,,Topeka,38.997,-96.233,518,KS,US,9,[]
KTXK,KTXK,TXK,TXK,,Texarkana Rgnl,33.45605,-93.98776,118,AR,US,3,"['METAR', 'TAF']"
KTXW,KTXW,,TXW,,Weslaco/Mid Valley Arpt,26.18239,-97.97423,21,TX,US,6,['METAR']
KTYL,KTYL,TYZ,TYL,,Taylor Arpt,34.4577,-110.11181,1748,AZ,US,6,['METAR']
KTYQ,KTYQ,,TYQ,,Indianapolis Exec,40.03453,-86.24881,279,IN,US,5,['METAR']
KTYR,KTYR,TYR,TYR,,Tyler/Pounds Fld,32.3587,-95.404,161,TX,US,4,"['METAR', 'TAF']"
KTYS,KTYS,TYS,TYS,72326,Knoxville/Tyson Arpt,35.81799,-83.98572,300,TN,US,2,"['METAR', 'TAF']"
KTZR,KTZR,,TZR,,Columbus/Bolton Fld,39.89878,-83.1357,275,OH,US,5,['METAR']
KTZV,KTZV,,TZV,,Tompkinsville/Monroe Cnty,36.72985,-85.65283,316,KY,US,9,['METAR']
KU11,KU11,,,,Rexburg-Madison,43.83,-111.81,1481,ID,US,9,[]
KU14,KU14,NPH,U14,,Nephi Muni,39.73811,-111.87255,1531,UT,US,4,['METAR']
KU15,KU15,,,,Challis ,44.52,-114.22,1546,ID,US,9,[]
KU16,KU16,,,,Eagle Range,41.059,-113.083,1292,UT,US,4,[]
KU17,KU17,,,,Bullfrog Marina,37.5,-110.7,1110,UT,US,9,[]
KU19,KU19,,,,Granite Peak,40.16039,-113.45056,1310,UT,US,4,['METAR']
KU24,KU24,,,,Delta,39.337,-112.586,1414,UT,US,3,[]
KU28,KU28,,,,Green River Ran,39,-110.17,1241,UT,US,9,['METAR']
KU31,KU31,,,,Austin,39.5,-117.08,2014,NV,US,9,['METAR']
KU35,KU35,,,,Caldwell ,43.63,-116.63,740,ID,US,9,[]
KU42,KU42,,U42,,Salt Lake City Muni,40.6196,-111.99019,1399,UT,US,6,['METAR']
KU52,KU52,,U52,,Beaver Muni,38.23203,-112.67246,1787,UT,US,5,['METAR']
KU55,KU55,,U55,,Panguitch Muni,37.85112,-112.39116,2060,UT,US,6,['METAR']
KU64,KU64,,U64,,Monticello Arpt,37.9333,-109.3396,2123,UT,US,5,['METAR']
KU67,KU67,,,,Roosevelt,40.3,-109.98,1556,UT,US,9,[]
KU68,KU68,,U68,,Cowley/N Big Horn Cnty,44.9113,-108.44694,1244,WY,US,4,['METAR']
KU69,KU69,,U69,,Duchesne Muni,40.19804,-110.38734,1776,UT,US,4,['METAR']
KU75,KU75,,,,Amargosa Valley,36.63,-116.41,9999,NV,US,9,[]
KU78,KU78,,,,Soda Springs/Tigert Arpt,42.65,-111.582,1778,ID,US,4,['METAR']
KU96,KU96,,U96,,Halls Crossing Arpt,37.4395,-110.5642,4388,UT,US,4,['METAR']
KUAO,KUAO,,UAO,,Aurora State Arpt,45.24656,-122.77095,60,OR,US,5,"['METAR', 'TAF']"
KUBE,KUBE,,UBE,,Cumberland Muni,45.50458,-91.97797,376,WI,US,6,['METAR']
KUBS,KUBS,UBS,UBS,,Columbus/Lowndes Cnty,33.465,-88.381,57,MS,US,9,[]
KUBX,KUBX,,UBX,,Cuba Muni,38.069,-91.429,312,MO,US,9,[]
KUCA,KUCA,,,,Utica/Oneida Cnty,43.144,-75.384,215,NY,US,9,['TAF']
KUCP,KUCP,,UCP,,New Castle Muni,41.02282,-80.41532,313,PA,US,5,['METAR']
KUCY,KUCY,UCY,UCY,,Union City/Everett-Stewart Rgnl,36.3778,-88.98776,97,TN,US,4,['METAR']
KUDD,KUDD,UDD,UDD,,Palm Springs/Bermuda,33.748,-116.275,22,CA,US,9,[]
KUDG,KUDG,,UDG,,Darlington Cnty,34.44738,-79.89017,57,SC,US,4,['METAR']
KUES,KUES,UES,UES,,Waukesha Cnty,43.04249,-88.24652,273,WI,US,6,"['METAR', 'TAF']"
KUEX,KUEX,,,,Grand Island/NEXRAD,40.321,-98.442,602,NE,US,9,[]
KUGN,KUGN,UGN,UGN,,Waukegan Rgnl,42.42546,-87.8634,217,IL,US,5,['METAR']
KUIL,KUIL,UIL,UIL,72797,Quillayute State Arpt,47.93695,-124.55757,58,WA,US,3,['METAR']
KUIN,KUIN,UIN,UIN,72443,Quincy/Baldwin Fld,39.9371,-91.19661,233,IL,US,3,"['METAR', 'TAF']"
KUIZ,KUIZ,,,,Detroit-Berz-Ma,42.66,-82.97,9999,MI,US,9,[]
KUKF,KUKF,IKB,UKF,,Wilkesboro/Wilkes Cnty,36.21881,-81.10017,383,NC,US,5,['METAR']
KUKI,KUKI,UKI,UKI,,Ukiah Muni,39.12781,-123.20015,183,CA,US,3,"['METAR', 'TAF']"
KUKL,KUKL,,UKL,,Burlington/Coffey Cnty,38.30412,-95.72171,357,KS,US,5,['METAR']
KUKT,KUKT,UKT,UKT,,Quakertown Arpt,40.43681,-75.38019,156,PA,US,6,['METAR']
KULM,KULM,ULM,ULM,,New Ulm Muni,44.32275,-94.50245,305,MN,US,5,['METAR']
KULS,KULS,,ULS,,Ulysses Arpt,37.60366,-101.37697,934,KS,US,6,['METAR']
KUMP,KUMP,,UMP,,Indianapolis Metro,39.93604,-86.04783,247,IN,US,6,['METAR']
KUNI,KUNI,ATO,UNI,,Albany/Ohio Univ Arpt,39.21288,-82.22044,232,OH,US,4,['METAR']
KUNO,KUNO,,UNO,,West Plains Rgnl,36.87913,-91.90521,376,MO,US,3,['METAR']
KUNR,KUNR,,,,Rapid City,44.073,-103.21,1028,SD,US,7,['METAR']
KUNU,KUNU,UNU,UNU,,Juneau/Dodge Cnty,43.42847,-88.70171,281,WI,US,4,['METAR']
KUNV,KUNV,SCE,UNV,,State College/Univ Park Arpt,40.85339,-77.84006,365,PA,US,3,"['METAR', 'TAF']"
KUOS,KUOS,UOS,UOS,,Sewanee/Franklin Cnty,35.205,-85.898,595,TN,US,9,[]
KUOX,KUOX,UOX,UOX,,Oxford/University Arpt,34.38513,-89.54355,123,MS,US,4,['METAR']
KUSE,KUSE,,USE,,Wauseon/Fulton Cnty,41.61182,-84.1275,237,OH,US,6,['METAR']
KUSW,KUSW,,USW,,Spencer,38.82378,-81.348843,927,WV,US,,[]
KUTA,KUTA,UTM,UTA,,Tunica Muni,34.6766,-90.344,58,MS,US,5,['METAR']
KUTS,KUTS,HTV,UTS,,Huntsville Muni,30.74433,-95.58658,103,TX,US,4,"['METAR', 'TAF']"
KUUU,KUUU,NPT,UUU,,Newport State Arpt,41.52992,-71.28331,45,RI,US,5,['METAR']
KUUV,KUUV,,UUV,,Sullivan Rgnl,38.23352,-91.16094,284,MO,US,5,['METAR']
KUVA,KUVA,UVA,UVA,,Uvalde/Garner Fld,29.21349,-99.743,285,TX,US,4,['METAR']
KUWL,KUWL,,UWL,,New Castle/Henry Cnty,39.87517,-85.33134,332,IN,US,5,['METAR']
KUXL,KUXL,,UXL,,Sulphur/Southland Fld,30.13502,-93.37671,2,LA,US,6,['METAR']
KUYF,KUYF,,UYF,,London/Madison Cnty,39.93123,-83.46496,326,OH,US,4,['METAR']
KUZA,KUZA,RKH,UZA,,Rock Hill/Bryant Fld,34.9836,-81.05622,198,SC,US,5,['METAR']
KVAD,KVAD,VAD,VAD,74781,Valdosta/Moody AFB,30.979,-83.192,70,GA,US,5,"['METAR', 'TAF']"
KVAF,KVAF,,VAF,,East Breaks 643,27.3536,-94.6253,38,TX,US,4,['METAR']
KVAY,KVAY,LLY,VAY,,Mount Holly/S Jersey Rgnl,39.94075,-74.84074,15,NJ,US,5,['METAR']
KVBG,KVBG,VBG,VBG,72393,Vandenberg AFB,34.733,-120.583,96,CA,US,6,"['METAR', 'TAF']"
KVBS,KVBS,,,,Sabine Pass 13B,29.478,-93.638,21,LA,US,5,['METAR']
KVBT,KVBT,,VBT,,Bentonville Muni,36.3444,-94.22113,390,AR,US,7,['METAR']
KVBW,KVBW,,VBW,,Bridgewater Arpt,38.366,-78.968,362,VA,US,6,['METAR']
KVCB,KVCB,,VCB,,Vacaville/Nut Tree Arpt,38.37752,-121.95854,30,CA,US,6,['METAR']
KVCT,KVCT,VCT,VCT,72255,Victoria Rgnl,28.86245,-96.93009,33,TX,US,3,"['METAR', 'TAF']"
KVCV,KVCV,VCV,VCV,,Victorville/S California Arpt,34.59326,-117.38926,871,CA,US,5,['METAR']
KVDF,KVDF,,VDF,,Tampa/Executive Arpt,28.0198,-82.3415,5,FL,US,6,['METAR']
KVDI,KVDI,VDI,VDI,,Vidalia Rgnl,32.19329,-82.36419,81,GA,US,4,['METAR']
KVDW,KVDW,,,,Vedauwoo,41.15,-105.4,2543,WY,US,9,[]
KVEL,KVEL,VEL,VEL,,Vernal Rgnl,40.44293,-109.51277,1604,UT,US,3,"['METAR', 'TAF']"
KVER,KVER,,VER,,Boonville/Vertel Mem,38.9496,-92.68416,209,MO,US,5,['METAR']
KVES,KVES,,VES,,Versailles/Darke Cnty,40.20558,-84.53457,308,OH,US,4,['METAR']
KVGC,KVGC,,VGC,,Hamilton Muni,42.84439,-75.56369,346,NY,US,5,['METAR']
KVGN,KVGN,,VGN,,Vandenberg SFB/North,34.84945,-120.59957,93,CA,US,7,['METAR']
KVGT,KVGT,VGT,VGT,,Las Vegas/North Arpt,36.21205,-115.19396,664,NV,US,6,"['METAR', 'TAF']"
KVHN,KVHN,VHN,VHN,,Van Horn/Culberson Cnty,31.06023,-104.78315,1200,TX,US,4,['METAR']
KVIH,KVIH,VIH,VIH,72442,Vichy/Rolla Arpt,38.13178,-91.76468,342,MO,US,3,['METAR']
KVIQ,KVIQ,,VIQ,,Neillsville Muni,44.558,-90.512,377,WI,US,9,[]
KVIS,KVIS,VIS,VIS,,Visalia Muni,36.31347,-119.38836,92,CA,US,5,"['METAR', 'TAF']"
KVJI,KVJI,VJI,VJI,,Abingdon/Virginia Highlands Arpt,36.68715,-82.03701,636,VA,US,4,['METAR']
KVKS,KVKS,VKS,VKS,,Vicksburg Arpt,32.23591,-90.92694,31,MS,US,6,['METAR']
KVKX,KVKX,,VKX,,Friendly/Potomac Fld,38.749,-76.955,33,MD,US,9,[]
KVKY,KVKY,,,,Main Pass 289c,29.248,-88.441,32,LA,US,4,['METAR']
KVLA,KVLA,VLA,VLA,,Vandalia Muni,38.98878,-89.16569,162,IL,US,9,['METAR']
KVLD,KVLD,VLD,VLD,,Valdosta Rgnl,30.77629,-83.27393,59,GA,US,3,"['METAR', 'TAF']"
KVLL,KVLL,,VLL,,Oakland-Troy Arpt,42.543,-83.178,214,MI,US,6,['METAR']
KVMR,KVMR,,VMR,,Vermillion/Davidson Fld,42.765,-96.93,349,SD,US,9,['METAR']
KVNC,KVNC,VNC,VNC,,Venice Muni,27.0728,-82.43998,4,FL,US,4,['METAR']
KVNP,KVNP,,,,Vermillion 26,29.47,-92.37,21,LA,US,5,['METAR']
KVNW,KVNW,,VNW,,Van Wert Cnty Arpt,40.86333,-84.61304,238,OH,US,5,['METAR']
KVNY,KVNY,VNY,VNY,,Van Nuys Arpt,34.21214,-118.49145,241,CA,US,6,"['METAR', 'TAF']"
KVOA,KVOA,,VOA,,Viosca Knoll 786A,29.2289,-87.7808,53,AL,US,3,['METAR']
KVOK,KVOK,VOK,VOK,,Camp Douglas/Volk Fld,43.938,-90.253,278,WI,US,4,"['METAR', 'TAF']"
KVPC,KVPC,,VPC,,Cartersville Arpt,34.11585,-84.85071,234,GA,US,5,['METAR']
KVPS,KVPS,VPS,VPS,72221,Valparaiso/Eglin AFB,30.483,-86.526,21,FL,US,6,"['METAR', 'TAF']"
KVPZ,KVPZ,VPZ,VPZ,,Valparaiso/Port Cnty,41.45348,-86.998,235,IN,US,4,['METAR']
KVQN,KVQN,,,,Volens,36.95,-78.98,185,VA,US,9,[]
KVQQ,KVQQ,VQQ,VQQ,,Jacksonville/Cecil Arpt,30.20353,-81.87254,21,FL,US,5,"['METAR', 'TAF']"
KVQT,KVQT,,,,Vermillion 331,28.27,-92.264,25,LA,US,4,['METAR']
KVRB,KVRB,VRB,VRB,74793,Vero Beach Muni,27.6553,-80.41424,7,FL,US,3,"['METAR', 'TAF']"
KVRX,KVRX,,,,Vermillion Area,28.58,-92.45,1,LA,US,9,[]
KVSF,KVSF,VSF,VSF,,Springfield/Hartness State Arpt,43.34212,-72.52131,176,VT,US,5,['METAR']
KVSH,KVSH,,,,New Orleans/Superdome,29.952,-90.083,9,LA,US,6,['METAR']
KVT8,KVT8,,VT8,,South Linc,44.359451,-73.226194,325,VT,US,,[]
KVTA,KVTA,,VTA,,Newark/Heath Arpt,40.02635,-82.46347,268,OH,US,5,['METAR']
KVTI,KVTI,,VTI,,Vinton/Veterans Mem,42.21761,-92.02485,256,IA,US,5,['METAR']
KVTN,KVTN,VTN,VTN,72567,Valentine/Miller Fld,42.85854,-100.55141,790,NE,US,2,"['METAR', 'TAF']"
KVTP,KVTP,,VTP,,La Veta Pass,37.512,-105.171,3086,CO,US,4,['METAR']
KVTX,KVTX,,,,Los Angeles/NEXRAD,34.412,-119.18,830,CA,US,9,[]
KVUJ,KVUJ,,VUJ,,Albemarle/Stanly Cnty,35.41733,-80.15085,174,NC,US,5,['METAR']
KVUO,KVUO,,VUO,,Vancouver/Pearson Fld,45.62102,-122.65421,7,WA,US,7,['METAR']
KVUW,KVUW,,,,Eugene Island,28.25,-91.83,9999,LA,US,9,[]
KVVG,KVVG,,,,The Villages,28.97,-81.97,27,FL,US,6,['METAR']
KVVS,KVVS,,VVS,,Connellsville/Hardy Arpt,39.95815,-79.65749,386,PA,US,5,['METAR']
KVVV,KVVV,,VVV,,Ortonville Muni,45.29935,-96.42557,334,MN,US,6,['METAR']
KVWU,KVWU,,VWU,,Waskish Muni,48.15017,-94.51205,359,MN,US,4,['METAR']
KVYS,KVYS,VYS,VYS,,Peru/Illinois Valley Rgnl,41.35175,-89.14963,198,IL,US,4,['METAR']
KW13,KW13,,W13,,Waynesboro/Eagles Nest Arpt,38.077,-78.944,440,VA,US,6,['METAR']
KW22,KW22,,W22,,Buckhannon/Upshur Cnty,39.00103,-80.27121,497,WV,US,5,['METAR']
KW29,KW29,,W29,,Stevensville/Bay Bridge Arpt,38.97767,-76.32759,1,MD,US,6,['METAR']
KW31,KW31,,W31,,Kenbridge/Lunenburg Cnty,36.95992,-78.18381,159,VA,US,5,['METAR']
KW40,KW40,,W40,,Mt Olive Muni,35.22111,-78.04043,50,NC,US,6,['METAR']
KW43,KW43,,W43,,Hulett Muni,44.6607,-104.56767,1292,WY,US,4,['METAR']
KW45,KW45,,,,Luray Caverns Arpt,38.667,-78.501,275,VA,US,9,[]
KW63,KW63,,W63,,Clarksville/Lake Country Arpt,36.60083,-78.5559,126,VA,US,4,['METAR']
KW75,KW75,,W75,,Saluda/Hummel Fld,37.6024,-76.44772,8,VA,US,5,['METAR']
KW78,KW78,,W78,,South Boston/Tuck Arpr,36.70867,-78.84602,120,VA,US,6,['METAR']
KW81,KW81,,W81,,Crewe Muni,37.18134,-78.09766,121,VA,US,6,['METAR']
KW94,KW94,,,,Williamsburg Arpt,37.313,-76.638,11,VA,US,9,[]
KW96,KW96,,W96,,Quinton/New Kent Cnty,37.50266,-77.12597,35,VA,US,6,['METAR']
KW99,KW99,,W99,,Petersburg/Grant Cnty,38.99473,-79.14208,288,WV,US,4,['METAR']
KWAL,KWAL,WAL,WAL,72402,Wallops Island Facility Arpt,37.93717,-75.46623,10,VA,US,4,['METAR']
KWAY,KWAY,WAY,WAY,,Waynesburg/Green Cnty,39.901,-80.131,326,PA,US,9,[]
KWBF,KWBF,,WBF,,Walker Ridge 29,26.9305,-90.5069,40,LA,US,5,['METAR']
KWBW,KWBW,WBW,WBW,,Wilkes-Barre/Wyoming Valley Arpt,41.297,-75.852,166,PA,US,9,[]
KWDG,KWDG,WDG,WDG,,Enid/Woodring Arpt,36.37806,-97.78884,352,OK,US,7,['METAR']
KWDR,KWDR,WDR,WDR,,Winder/Barrow Cnty,33.981,-83.667,280,GA,US,5,['METAR']
KWEA,KWEA,WEA,WEA,,Weatherford-Par,32.746,-97.682,302,TX,US,9,[]
KWEY,KWEY,,,,West Yellowstone,44.65,-111.1,2031,MT,US,9,['METAR']
KWHH1,,,,,Kawaihae,20.037,-155.829,4,HI,US,8,[]
KWHP,KWHP,WHP,WHP,,Los Angeles/Whiteman Arpt,34.25964,-118.41455,302,CA,US,7,['METAR']
KWJF,KWJF,WJF,WJF,,Lancaster/Fox Arfld,34.74121,-118.21255,712,CA,US,5,"['METAR', 'TAF']"
KWJP8,,,,,Kwajalein Island,8.74,167.74,3,,,8,[]
KWLD,KWLD,WLD,WLD,,Winfield/Strother Fld,37.16493,-97.03495,351,KS,US,4,['METAR']
KWLW,KWLW,WLW,WLW,,Willows/Glenn Cnty,39.516,-122.217,43,CA,US,9,[]
KWMC,KWMC,WMC,WMC,72583,Winnemucca Muni,40.90178,-117.80811,1311,NV,US,2,"['METAR', 'TAF']"
KWNW3,,,,,Kewaunee,44.465,-87.496,179,WI,US,4,[]
KWRB,KWRB,WRB,WRB,,Warner Robins AFB,32.639,-83.593,82,GA,US,6,"['METAR', 'TAF']"
KWRI,KWRI,WRI,WRI,,McGuire AFB,40.016,-74.591,35,NJ,US,5,"['METAR', 'TAF']"
KWRL,KWRL,WRL,WRL,,Worland Muni,43.96538,-107.95017,1281,WY,US,4,"['METAR', 'TAF']"
KWST,KWST,WST,WST,,Westerly State Arpt,41.35093,-71.80553,20,RI,US,6,['METAR']
KWTR,KWTR,,,,Whitaker,41.42,-104.87,1890,WY,US,9,['METAR']
KWVI,KWVI,WVI,WVI,,Watsonville Muni,36.93937,-121.79,47,CA,US,5,['METAR']
KWVL,KWVL,WVL,WVL,,Waterville/Lafleur Arpt,44.53009,-69.67528,87,ME,US,5,['METAR']
KWWD,KWWD,WWD,WWD,,Wildwood/Cape May Cnty,39.01081,-74.9079,4,NJ,US,4,['METAR']
KWWR,KWWR,WWR,WWR,,Woodward Arpt,36.43743,-99.52337,664,OK,US,5,"['METAR', 'TAF']"
KWYS,KWYS,WYS,WYS,,West Yellowstone Arpt,44.68111,-111.1245,2025,MT,US,4,"['METAR', 'TAF']"
KX07,KX07,,X07,,Lake Wales Muni,27.89343,-81.61668,36,FL,US,6,['METAR']
KX21,KX21,,X21,,Titusville/Dunn Air Park,28.61947,-80.83501,30,FL,US,7,['METAR']
KX26,KX26,,X26,,Sabastian Arpt,27.813,-80.497,5,FL,US,6,['METAR']
KX40,KX40,,,,Inverness Arpt,28.805,-82.318,15,FL,US,9,[]
KX51,KX51,,X51,,Homestead,25.499201,-80.554296,7,FL,US,,[]
KX59,KX59,,X59,,Valkaria Arpt,27.96236,-80.56098,26,FL,US,6,['METAR']
KX60,KX60,,X60,,Williston Muni,29.35242,-82.47426,21,FL,US,5,['METAR']
KX68,KX68,,,,NASA Shuttle FC,28.62,-80.7,4,FL,US,9,[]
KXBP,KXBP,,XBP,,Bridgeport Muni,33.17289,-97.8268,256,TX,US,5,['METAR']
KXER,KXER,,XER,,Green Canyon 19,27.946,-90.997,40,LA,US,6,[]
KXFL,KXFL,,,,Palm Coast/Flagler C,29.468,-81.207,10,FL,US,9,['METAR']
KXIF,KXIF,,,,UNK,-99.99,-99.99,9999,,,8,[]
KXIH,KXIH,,,,High Is 179a,29.18,-94.521,75,LA,US,9,['METAR']
KXLL,KXLL,,XLL,,Allentown/Queen City,40.57044,-75.48939,118,PA,US,6,['METAR']
KXMR,KXMR,,XMR,74794,Cape Kennedy AF Skid,28.46739,-80.55889,5,FL,US,4,['METAR']
KXNA,KXNA,XNA,XNA,,Fayetteville/NW Arkansas Rgnl,36.28975,-94.31152,390,AR,US,5,"['METAR', 'TAF']"
KXNI,KXNI,,XNI,,Zuni Reserv Arpt,35.058,-108.9413,6370,NM,US,5,['METAR']
KXNO,KXNO,,XNO,,North/Aux Arfd,33.612,-81.07,94,SC,US,6,['METAR']
KXNX,KXNX,,XNX,,Gallatin/Sumner Cnty,36.37455,-86.41002,178,TN,US,5,['METAR']
KXPY,KXPY,,,,Port Fourchon,29.113,-90.195,18,LA,US,5,['METAR']
KXSA,KXSA,,XSA,,Tappahannock/Essex Cnty,37.86064,-76.90159,41,VA,US,5,['METAR']
KXVG,KXVG,,XVG,,Longville Muni,46.99416,-94.20601,407,MN,US,5,['METAR']
KXVW,KXVW,,,,Vandenberg Rang,34.72,-120.57,100,CA,US,9,['METAR']
KXWA,KXWA,XWA,XWA,,Williston/Basin Intl,48.25421,-103.74688,717,ND,US,2,"['METAR', 'TAF']"
KY12,KY12,,,,Airlake,44.63,-93.23,292,MN,US,9,[]
KY19,KY19,,Y19,,Mandan Muni,46.7648,-100.89408,591,ND,US,7,['METAR']
KY22,KY22,,,,Lemmon,45.93,-102.17,781,SD,US,9,['METAR']
KY23,KY23,,Y23,,Chetek Muni,45.311,-91.638,322,WI,US,6,['METAR']
KY26,KY26,,,,Mobridge,45.53,-100.43,508,SD,US,9,[]
KY31,KY31,,Y31,,West Branch Arpt,44.24344,-84.18,264,MI,US,5,['METAR']
KY49,KY49,,Y49,,Walker Muni,47.1599,-94.64328,413,MN,US,5,['METAR']
KY50,KY50,,Y50,,Wautoma Muni,44.04347,-89.304,261,WI,US,5,['METAR']
KY51,KY51,,Y51,,Viroqua Muni,43.58141,-90.89975,390,WI,US,5,['METAR']
KY62,KY62,,,,Sault Ste Marie,46.47,-84.37,221,MI,US,9,[]
KY63,KY63,,Y63,,Elbow Lake Muni,45.98908,-95.9946,367,MN,US,5,['METAR']
KY70,KY70,,Y70,,Ionia Cnty Arpt,42.93975,-85.06526,247,MI,US,5,['METAR']
KY84,KY84,,,,Mackinac Isl Arpt,45.86,-84.64,226,MI,US,9,[]
KY85,KY85,,,,Hillsdale-Hills,41.92,-84.59,360,MI,US,9,[]
KYIP,KYIP,YIP,YIP,,Detroit/Willow Run Arpt,42.24196,-83.52139,215,MI,US,6,"['METAR', 'TAF']"
KYKM,KYKM,YKM,YKM,72781,Yakima/McAllister Fld,46.56398,-120.53489,319,WA,US,2,"['METAR', 'TAF']"
KYKN,KYKN,YKN,YKN,,Yankton/Gurney Muni,42.91415,-97.38072,388,SD,US,4,['METAR']
KYNG,KYNG,YNG,YNG,72525,Youngstown-Warren Rgnl,41.25477,-80.6736,356,OH,US,4,"['METAR', 'TAF']"
KYUM,KYUM,,,,Yuma Intl,32.66,-114.608,63,AZ,US,9,"['METAR', 'TAF']"
KYWF1,,,,,Key West,24.553,-81.808,6,FL,US,8,[]
KZEF,KZEF,,ZEF,,Elkin Muni,36.28,-80.786,325,NC,US,9,[]
KZER,KZER,,ZER,,Pottsville/Schuylkill Cnty,40.70716,-76.371,518,PA,US,5,['METAR']
KZPH,KZPH,ZPH,ZPH,,Zephyrhills Muni,28.22683,-82.15643,26,FL,US,5,['METAR']
KZUN,KZUN,,ZUN,,Zuñi Pueblo,35.083,-108.791,1967,NM,US,9,[]
KZZV,KZZV,ZZV,ZZV,,Zanesville Muni,39.9461,-81.89315,268,OH,US,3,"['METAR', 'TAF']"
LABL1,,,,,Bayou LaBranch,30.05,-90.368,9,LA,US,8,[]
LAKU,LAKU,KFZ,,13610,Kukes Arpt,42.034,20.416,354,KU,AL,4,"['METAR', 'TAF']"
LAMV3,,,,,Lameshur Bay,18.318,-64.724,4,,VI,8,[]
LAPW1,,,,,La Push,47.913,-124.637,4,WA,US,8,[]
LATI,LATI,TIA,,13615,Tirana Intl,41.419,19.716,32,TR,AL,4,"['METAR', 'TAF']"
LBBG,LBBG,BOJ,,15655,Burgas Arpt,42.569,27.514,41,BU,BG,3,"['METAR', 'TAF']"
LBGO,LBGO,GOZ,,,Gorna Orechovista Arpt,43.151,25.713,84,LO,BG,3,"['METAR', 'TAF']"
LBIA,LBIA,,,,Bezmer,42.456,26.352,155,BU,BG,4,['METAR']
LBPD,LBPD,PDV,,15625,Plovdiv Arpt,42.064,24.86,182,PL,BG,3,"['METAR', 'TAF']"
LBPG,LBPG,,,,Graf Ignatievo,42.289,24.714,198,PL,BG,6,"['METAR', 'TAF']"
LBPL,LBPL,,,,Dola Mitropoliya,43.453,24.504,93,LO,BG,3,['METAR']
LBRS,LBRS,ROU,,,Rousse/Ruse Arpt,43.692,26.051,179,RA,BG,9,['METAR']
LBSF,LBSF,SOF,,15614,Sofia Intl,42.694,23.414,531,SO,BG,2,"['METAR', 'TAF']"
LBWB,LBWB,,,,Balchik,43.425,28.175,190,VA,BG,5,['METAR']
LBWN,LBWN,VAR,,15552,Varna Intl,43.232,27.825,74,VA,BG,4,"['METAR', 'TAF']"
LCEN,LCEN,ECN,,,Ercan Arpt,35.155,33.496,91,LE,CY,4,"['METAR', 'TAF']"
LCIY2,,,,,Little Cayman Resear,19.699,-80.061,0,,,8,[]
LCLK,LCLK,LCA,,17609,Larnaca Intl,34.874,33.617,2,LA,CY,2,"['METAR', 'TAF']"
LCLL1,,,,,Lake Charles,30.223,-93.222,2,LA,US,8,[]
LCNA2,,,,,Lincoln Rock,56.057,-132.696,4,AK,US,8,[]
LCNC,LCNC,NIC,,17607,Nicosia/Athalassa,35.141,33.396,159,LE,CY,9,"['METAR', 'TAF']"
LCPH,LCPH,PFO,,17600,Paphos Intl,34.715,32.479,8,PA,CY,3,"['METAR', 'TAF']"
LCRA,LCRA,AKT,,17601,Akrotiri Arpt,34.59,32.988,23,LE,CY,4,"['METAR', 'TAF']"
LDDD,LDDD,,,14240,Zagreb/Maksimir,45.806,16.044,109,ZA,HR,9,['METAR']
LDDU,LDDU,DBV,,14474,Dubrovnik Arpt,42.56,18.269,156,DU,HR,5,"['METAR', 'TAF']"
LDLC3,,,,,New London Ledge,41.305,-72.077,20,CT,US,8,[]
LDLO,LDLO,LSZ,,,Losinj Isl Arpt,44.569,14.394,46,LI,HR,5,"['METAR', 'TAF']"
LDOC,LDOC,,,14280,Cepin,45.502,18.562,85,OS,HR,9,[]
LDOR,LDOR,,,14370,Slavonski Brod,45.159,17.995,86,BR,HR,9,[]
LDOS,LDOS,OSI,,14284,Osijek Arpt,45.463,18.81,82,OS,HR,4,"['METAR', 'TAF']"
LDPL,LDPL,PUY,,14307,Pula Arpt,44.894,13.922,63,IS,HR,3,"['METAR', 'TAF']"
LDRI,LDRI,RJK,,,Rijeka Arpt,45.218,14.573,80,PR,HR,4,"['METAR', 'TAF']"
LDSB,LDSB,BWK,,14446,Brac/Bol Arpt,43.286,16.68,525,SP,HR,5,"['METAR', 'TAF']"
LDSH,LDSH,,,14447,Hvar,43.171,16.437,25,SP,HR,9,[]
LDSP,LDSP,SPU,,14444,Split Arpt,43.539,16.301,16,SP,HR,2,"['METAR', 'TAF']"
LDTM4,,,,,Ludington,43.947,-86.442,179,MI,US,8,[]
LDVA,LDVA,,,14246,Varaždin,46.295,16.383,163,ME,HR,9,[]
LDZA,LDZA,ZAG,,14241,Zagreb/Tuđman Intl,45.729,16.054,103,ZA,HR,1,"['METAR', 'TAF']"
LDZD,LDZD,ZAD,,14431,Zadar Arpt,44.108,15.347,82,ZG,HR,4,"['METAR', 'TAF']"
LEAB,LEAB,ABC,,08280,Albacete Arpt,38.952,-1.863,704,CM,ES,3,"['METAR', 'TAF']"
LEAG,LEAG,,,,Algeciras,36.129,-5.441,4,AN,ES,7,"['METAR', 'TAF']"
LEAL,LEAL,ALC,,08360,Alicante Arpt,38.282,-0.558,26,VC,ES,2,"['METAR', 'TAF']"
LEAM,LEAM,LEI,,08487,Almería Arpt,36.846,-2.357,16,AN,ES,3,"['METAR', 'TAF']"
LEAO,LEAO,,,,Ciudad Real,38.953,-3.741,621,CM,ES,6,"['METAR', 'TAF']"
LEAS,LEAS,OVD,,08011,Aviles/Asturias Arpt,43.567,-6.044,120,O,ES,3,"['METAR', 'TAF']"
LEBA,LEBA,ODB,,08410,Córdoba Arpt,37.842,-4.849,88,AN,ES,4,"['METAR', 'TAF']"
LEBB,LEBB,BIO,,08025,Bilbao Arpt,43.298,-2.906,38,PV,ES,2,"['METAR', 'TAF']"
LEBG,LEBG,RGS,,08075,Burgos Arpt,42.356,-3.622,892,CL,ES,4,"['METAR', 'TAF']"
LEBL,LEBL,BCN,,08181,Barcelona/Prat Arpt,41.293,2.07,2,CT,ES,1,"['METAR', 'TAF']"
LEBR,LEBR,,,,Bardenas,42.2,-1.43,347,NA,ES,4,"['METAR', 'TAF']"
LEBT,LEBT,,,,Valencia/Betera,39.58,-0.45,50,VC,ES,6,['METAR']
LEBZ,LEBZ,BJZ,,08330,Badajoz Arpt,38.883,-6.814,183,EX,ES,4,"['METAR', 'TAF']"
LECH,LECH,,,08233,Castellón Arpt,40.211,0.067,360,VC,ES,3,"['METAR', 'TAF']"
LECO,LECO,LCG,,08002,A Coruña Arpt,43.307,-8.372,80,GA,ES,1,"['METAR', 'TAF']"
LECV,LECV,,,08219,Madrid-Colmenar,40.696,-3.765,995,M,ES,6,"['METAR', 'TAF']"
LEDA,LEDA,ILD,,,Lleida-Alguaire Arpt,41.734,0.538,352,CT,ES,5,"['METAR', 'TAF']"
LEEC,LEEC,,,,Sevilla/El Copero,37.313,-5.999,7,SE,ES,6,"['METAR', 'TAF']"
LEGA,LEGA,,,,Granada/Armilla,37.136,-3.633,684,AM,ES,7,"['METAR', 'TAF']"
LEGE,LEGE,GRO,,08184,Gerona/Costa Brava Arpt,41.911,2.763,140,CT,ES,3,"['METAR', 'TAF']"
LEGR,LEGR,GRX,,08419,Granada/Lorca Arpt,37.19,-3.789,560,AN,ES,3,"['METAR', 'TAF']"
LEGT,LEGT,,,08224,Madrid/Getafe Arpt,40.299,-3.723,619,M,ES,7,"['METAR', 'TAF']"
LEHC,LEHC,HSK,,08094,Huesca/Pirineos Arpt,42.082,-0.324,540,AR,ES,4,"['METAR', 'TAF']"
LEHI,LEHI,,,08335,Hinojosa Del Duque,38.511,-5.11,552,AN,ES,9,['METAR']
LEIB,LEIB,IBZ,,08373,Ibiza Arpt,38.876,1.384,4,IB,ES,3,"['METAR', 'TAF']"
LEJR,LEJR,XRY,,08451,Jerez Arpt,36.751,-6.056,25,AN,ES,4,"['METAR', 'TAF']"
LELC,LELC,MJV,,08433,San Javier Arpt,37.775,-0.812,3,MU,ES,4,"['METAR', 'TAF']"
LELL,LELL,,,,Sabadell Arpt,41.521,2.105,136,CT,ES,6,"['METAR', 'TAF']"
LELN,LELN,LEN,,08055,León Arpt,42.588,-5.651,911,CL,ES,4,"['METAR', 'TAF']"
LELO,LELO,RJL,,08084,Logrono Arpt,42.452,-2.331,352,LO,ES,5,"['METAR', 'TAF']"
LEMD,LEMD,MAD,,08221,Madrid/Barajas Arpt,40.466,-3.555,589,M,ES,0,"['METAR', 'TAF']"
LEMG,LEMG,AGP,,08482,Málaga Arpt,36.666,-4.482,5,AN,ES,4,"['METAR', 'TAF']"
LEMH,LEMH,MAH,,08314,Mahon/Menorca Arpt,39.855,4.216,82,IB,ES,3,"['METAR', 'TAF']"
LEMI,LEMI,RMU,,,Murcia Intl,37.803,-1.125,193,MU,ES,6,['METAR']
LEMO,LEMO,OZP,,08397,Morón,37.175,-5.616,82,AN,ES,5,"['METAR', 'TAF']"
LEPA,LEPA,PMI,,08306,Palma De Mallorca Arpr,39.561,2.737,8,IB,ES,2,"['METAR', 'TAF']"
LEPP,LEPP,PNA,,08085,Pamplona Arpt,42.777,-1.65,448,NA,ES,4,"['METAR', 'TAF']"
LERI,LERI,,,08429,Alcantarilla,37.958,-1.229,74,MU,ES,6,"['METAR', 'TAF']"
LERL,LERL,CQM,,08348,Cuidad Real Arpt,38.862,-3.993,621,CM,ES,3,"['METAR', 'TAF']"
LERS,LERS,REU,,08175,Reus Arpt,41.15,1.179,68,CT,ES,4,"['METAR', 'TAF']"
LERT,LERT,ROZ,,08449,Rota),36.645,-6.349,27,AN,ES,6,"['METAR', 'TAF']"
LESA,LESA,SLM,,08202,Salamanca Arpt,40.96,-5.498,788,CL,ES,4,"['METAR', 'TAF']"
LESB,LESB,,,,Mallorca/Son Bonet Arpt,39.599,2.703,48,IB,ES,7,['METAR']
LESO,LESO,EAS,,08029,San Sebastian Arpt,43.361,-1.787,3,PV,ES,5,"['METAR', 'TAF']"
LEST,LEST,SCQ,,08042,Santiago Arpt,42.888,-8.411,363,GA,ES,4,"['METAR', 'TAF']"
LESU,LESU,LEU,,,La Seu Arpt,42.337,1.406,802,CT,ES,4,"['METAR', 'TAF']"
LETL,LETL,TEV,,,Teruel Arpt,40.404,-1.218,1024,AR,ES,3,['METAR']
LETO,LETO,TOJ,,08227,Torrejon ,40.489,-3.451,598,M,ES,6,"['METAR', 'TAF']"
LETU,LETU,,,,UNK,-99.99,-99.99,9999,NA,ES,9,[]
LEVC,LEVC,VLC,,08284,Valencia Arpt,39.489,-0.482,58,VC,ES,3,"['METAR', 'TAF']"
LEVD,LEVD,VLL,,08140,Valladolid Arpt,41.706,-4.852,844,CL,ES,3,"['METAR', 'TAF']"
LEVS,LEVS,,,08223,Madrid/Vientos Arpt,40.371,-3.785,683,M,ES,6,"['METAR', 'TAF']"
LEVT,LEVT,VIT,,08080,Vitoria Arpt,42.872,-2.733,501,PV,ES,5,"['METAR', 'TAF']"
LEVX,LEVX,VGO,,08045,Vigo/Peinador Arpt,42.239,-8.624,253,GA,ES,3,"['METAR', 'TAF']"
LEXJ,LEXJ,SDR,,08021,Santander/Ballesteros Arpt,43.429,-3.831,1,S,ES,4,"['METAR', 'TAF']"
LEZA,LEZA,,,,Zaragoza ),41.667,-1.05,262,AR,ES,9,['METAR']
LEZG,LEZG,ZAZ,,08160,Zaragoza Arpt,41.661,-1.004,245,AR,ES,3,"['METAR', 'TAF']"
LEZL,LEZL,SVQ,,08391,Seville/San Pablo Arpt,37.418,-5.893,26,AN,ES,3,"['METAR', 'TAF']"
LFAC,LFAC,CQF,,,Calais Arpt,50.962,1.955,3,HD,FR,4,['METAR']
LFAQ,LFAQ,BYF,,,Albert/Picardie Arpt,49.972,2.704,107,HD,FR,3,"['METAR', 'TAF']"
LFAT,LFAT,LTQ,,07003,Le Touquet Arpt,50.515,1.623,2,HD,FR,3,"['METAR', 'TAF']"
LFBA,LFBA,AGF,,07524,Agen/La Garenne Arpt,44.176,0.593,68,NA,FR,3,"['METAR', 'TAF']"
LFBC,LFBC,,,07502,Cazaux Pond,44.533,-1.125,22,NA,FR,5,"['METAR', 'TAF']"
LFBD,LFBD,BOD,,07510,Bordeaux/Mérignac Arpt,44.831,-0.691,48,NA,FR,1,"['METAR', 'TAF']"
LFBE,LFBE,EGC,,07530,Bergerac/Perigord Arpt,44.826,0.516,49,NA,FR,4,"['METAR', 'TAF']"
LFBF,LFBF,,,07631,Toulouse/Francazai Arpt,43.546,1.367,159,OC,FR,6,['METAR']
LFBG,LFBG,CNG,,07412,Cognac/Parvaud Arpt,45.665,-0.316,28,NA,FR,4,"['METAR', 'TAF']"
LFBH,LFBH,LRH,,07316,La Rochelle–Île de Ré,46.178,-1.193,18,NA,FR,3,"['METAR', 'TAF']"
LFBI,LFBI,PIS,,07335,Poitiers/Biard Arpt,46.584,0.309,117,NA,FR,3,"['METAR', 'TAF']"
LFBK,LFBK,MCU,,,Montlucon/Gueret Arpt,46.226,2.36,399,NA,FR,9,['METAR']
LFBL,LFBL,LIG,,07434,Limoges/Bellegarde Arpt,45.863,1.179,402,NA,FR,3,"['METAR', 'TAF']"
LFBM,LFBM,,,07607,Mont-de-Marsan Arpt,43.912,-0.507,56,NA,FR,4,"['METAR', 'TAF']"
LFBN,LFBN,NIT,,07330,Niort/Souche ,46.316,-0.4,57,NA,FR,5,['METAR']
LFBO,LFBO,TLS,,07630,Toulouse/Blagnac Arpt,43.621,1.379,150,OC,FR,3,"['METAR', 'TAF']"
LFBP,LFBP,PUF,,07610,Pau/Uzein Arpt,43.385,-0.416,182,NA,FR,5,"['METAR', 'TAF']"
LFBS,LFBS,,,07503,Biscarosse Arpt,44.368,-1.132,30,NA,FR,9,['METAR']
LFBT,LFBT,LDE,,07621,Tarbes/Ossun Arpt,43.189,0,359,OC,FR,3,"['METAR', 'TAF']"
LFBU,LFBU,ANG,,07420,Angouleme/Champniers,45.728,0.22,124,NA,FR,5,"['METAR', 'TAF']"
LFBV,LFBV,,,07438,Brive/La Roche,45.148,1.474,111,NA,FR,9,['METAR']
LFBX,LFBX,PGX,,07428,Perigueux/Bassillac,45.196,0.815,97,NA,FR,5,['METAR']
LFBY,LFBY,,,07603,Dax/Seyresse Arpt,43.69,-1.07,32,NA,FR,5,"['METAR', 'TAF']"
LFBZ,LFBZ,BIQ,,07602,Biarritz/Parme Arpt,43.469,-1.534,70,NA,FR,4,"['METAR', 'TAF']"
LFCG,LFCG,,,07627,St Girons/Antichan Arpt,43.009,1.104,410,OC,FR,9,['METAR']
LFCI,LFCI,LBI,,07632,Albi/Le Sequestre,43.914,2.113,170,OC,FR,9,['METAR']
LFCK,LFCK,DCM,,,Castres/Mazamet Arpt,43.556,2.289,223,OC,FR,5,"['METAR', 'TAF']"
LFCR,LFCR,RDZ,,07552,Rodez/Marcillac Arpt,44.41,2.483,576,OC,FR,3,"['METAR', 'TAF']"
LFDB,LFDB,,,07540,Montauban/Morin-Vedi,44.026,1.378,107,OC,FR,9,['METAR']
LFDH,LFDH,,,07622,Auch/Lamothe Arpt,43.689,0.601,121,OC,FR,4,['METAR']
LFFS,LFFS,,,,Suippes Range,49.148,4.575,160,GE,FR,9,['METAR']
LFGA,LFGA,CMR,,,Colmar/Houssen Arpt,48.11,7.359,191,GE,FR,4,['METAR']
LFGJ,LFGJ,DLE,,,Dole/Tavaux Arpt,47.044,5.427,191,BF,FR,5,"['METAR', 'TAF']"
LFHP,LFHP,LPY,,07471,Le Puy/Loudes Arpt,45.075,3.764,829,AR,FR,3,"['METAR', 'TAF']"
LFIG,LFIG,,,,Cassagnes-Begonhes Arpt,44.178,2.515,609,OC,FR,9,['METAR']
LFJL,LFJL,ETZ,,07093,Metz/Lorraine Arpt,48.982,6.251,259,GE,FR,5,"['METAR', 'TAF']"
LFJR,LFJR,ANE,,,Anger/Loire Arpt,47.562,-0.317,50,PD,FR,4,"['METAR', 'TAF']"
LFKB,LFKB,BIA,,07790,Bastia/Poretta Arpt,42.553,9.484,7,OC,FR,2,"['METAR', 'TAF']"
LFKC,LFKC,CLY,,07754,Calvi/St Catherine Arpt,42.531,8.793,38,CO,FR,4,"['METAR', 'TAF']"
LFKF,LFKF,FSC,,07780,Figari/Corse Arpt,41.501,9.098,15,CO,FR,5,"['METAR', 'TAF']"
LFKJ,LFKJ,AJA,,07761,Ajaccio/Oro Arpt,41.924,8.803,9,CO,FR,3,"['METAR', 'TAF']"
LFKS,LFKS,SOZ,,07765,Solenzara,41.924,9.406,22,CO,FR,5,"['METAR', 'TAF']"
LFLA,LFLA,AUF,,07266,Auxerre,47.801,3.546,208,BF,FR,9,['METAR']
LFLB,LFLB,CMF,,07491,Chambery Arpt,45.637,5.883,234,AR,FR,5,"['METAR', 'TAF']"
LFLC,LFLC,CFE,,07460,Clermont-Ferrand/Auvergne Arpt,45.787,3.169,325,AR,FR,2,"['METAR', 'TAF']"
LFLD,LFLD,BOU,,07255,Bourges Arpt,47.059,2.36,159,CV,FR,6,['METAR']
LFLH,LFLH,,,,Chalon Champforgeuil,46.826,4.818,190,BF,FR,5,['METAR']
LFLL,LFLL,LYS,,07481,Lyon/St-Exupéry Arpt,45.726,5.078,234,AR,FR,3,"['METAR', 'TAF']"
LFLM,LFLM,,,07385,Mâcon/Charnay Arpt,46.295,4.795,217,BF,FR,4,['METAR']
LFLN,LFLN,SYT,,07379,Saint Yan Arpt,46.412,4.025,238,BF,FR,4,"['METAR', 'TAF']"
LFLP,LFLP,NCY,,07490,Annecy/Meythet Arpt,45.93,6.106,460,AR,FR,6,"['METAR', 'TAF']"
LFLQ,LFLQ,,,07577,Montelimar/Ancone Arpt,44.581,4.733,72,AR,FR,4,['METAR']
LFLS,LFLS,GNB,,07486,Grenoble/Alpes–Isère Arpt,45.363,5.329,386,AR,FR,4,"['METAR', 'TAF']"
LFLU,LFLU,VAF,,,Valence-Chabeuil Arpt,44.922,4.97,162,AR,FR,5,['METAR']
LFLV,LFLV,VHY,,07374,Vichy/Charmeil Arpt,46.167,3.399,248,AR,FR,5,"['METAR', 'TAF']"
LFLW,LFLW,AUR,,07549,Aurillac Arpt,44.899,2.421,638,AR,FR,4,"['METAR', 'TAF']"
LFLX,LFLX,CHR,,07354,Chateauroux/Deols Arpt,46.87,1.741,157,CV,FR,4,"['METAR', 'TAF']"
LFLY,LFLY,LYN,,07480,Lyon/Bron Arpt,45.726,4.938,197,AR,FR,6,"['METAR', 'TAF']"
LFMA,LFMA,,,,Aix Les Milles,43.506,5.368,103,PA,FR,9,['METAR']
LFMC,LFMC,,,07675,Le Luc Arpt,43.383,6.386,79,PA,FR,6,"['METAR', 'TAF']"
LFMD,LFMD,CEQ,,07684,Cannes/Mandelieu Arpt,43.544,6.953,2,PA,FR,6,"['METAR', 'TAF']"
LFME,LFME,,,07645,Nimes/Courbessac,43.854,4.413,57,OC,FR,9,['METAR']
LFMH,LFMH,EBU,,07475,St-Étienne/Bouthéon,45.533,4.293,400,AR,FR,5,"['METAR', 'TAF']"
LFMI,LFMI,,,07647,Istres/Le Tube,43.516,4.935,20,PA,FR,6,"['METAR', 'TAF']"
LFMK,LFMK,CCF,,07635,Carcassonne/Salvaza Arpt,43.214,2.31,124,OC,FR,4,"['METAR', 'TAF']"
LFML,LFML,MRS,,07650,Marseille Arpt,43.438,5.216,20,PA,FR,2,"['METAR', 'TAF']"
LFMN,LFMN,NCE,,07690,Nice/Côte d'Azur Arpt,43.658,7.216,4,PA,FR,3,"['METAR', 'TAF']"
LFMO,LFMO,,,07579,Orange/Caritat,44.144,4.861,56,PA,FR,6,"['METAR', 'TAF']"
LFMP,LFMP,PGF,,07747,Perpignan/Rivesaltes Arpt,42.737,2.873,41,OC,FR,3,"['METAR', 'TAF']"
LFMT,LFMT,MPL,,07643,Montpellier/Méditerranee Arpt,43.577,3.963,1,OC,FR,3,"['METAR', 'TAF']"
LFMU,LFMU,BZR,,,Béziers/Cap d'Agde,43.322,3.353,14,OC,FR,4,"['METAR', 'TAF']"
LFMV,LFMV,AVN,,07476,Avignon/Caumont Arpt,43.911,4.903,33,PA,FR,4,"['METAR', 'TAF']"
LFMX,LFMX,,,07588,St-Auban-Sur-Duranc,44.062,5.99,442,OC,FR,9,['METAR']
LFMY,LFMY,,,07648,Salon de Provence,43.604,5.108,57,PA,FR,6,"['METAR', 'TAF']"
LFNB,LFNB,MEN,,,Mende/Brenoux,44.502,3.533,1010,OC,FR,9,['METAR']
LFOA,LFOA,,,,Avord,47.052,2.642,174,CV,FR,3,"['METAR', 'TAF']"
LFOB,LFOB,BVA,,07055,Beauvais/Tille Arpt,49.454,2.113,99,HD,FR,4,"['METAR', 'TAF']"
LFOC,LFOC,,,07140,Chateaudun,48.061,1.376,124,CV,FR,4,"['METAR', 'TAF']"
LFOE,LFOE,EVX,,07038,Evreux/De LEure,49.025,1.222,132,NO,FR,5,"['METAR', 'TAF']"
LFOF,LFOF,,,07139,Alencon/Valframbert,48.446,0.11,143,NO,FR,9,"['METAR', 'TAF']"
LFOH,LFOH,LEH,,07028,Le Havre/Octeville Arpt,49.533,0.091,87,NO,FR,4,"['METAR', 'TAF']"
LFOI,LFOI,,,07005,Abbeville ,50.136,1.834,71,HD,FR,9,['METAR']
LFOJ,LFOJ,,,07249,Orleans/Bricy,47.985,1.754,122,CV,FR,6,"['METAR', 'TAF']"
LFOK,LFOK,XCR,,07165,Châlons-Vatry Arpt,48.777,4.165,166,GE,FR,3,"['METAR', 'TAF']"
LFOP,LFOP,URO,,07037,Rouen/Boos Arpt,49.383,1.182,149,NO,FR,3,"['METAR', 'TAF']"
LFOQ,LFOQ,,,07245,Blois-Le Breuil Arpt,47.678,1.209,121,CV,FR,8,[]
LFOR,LFOR,,,07143,Chartres/Champol Arpt,48.46,1.501,153,CV,FR,5,['METAR']
LFOS,LFOS,,,,Vittefleur/St Vale,49.836,0.655,81,NO,FR,9,['METAR']
LFOT,LFOT,TUF,,07240,Tours/Val de Loire Arpt,47.444,0.728,107,CV,FR,4,"['METAR', 'TAF']"
LFOV,LFOV,LVA,,07134,Laval/Entrammes Arpt,48.031,-0.746,99,PD,FR,4,['METAR']
LFOW,LFOW,,,07061,St Quentin/Roupy Arpt,49.818,3.206,97,HD,FR,9,['METAR']
LFOZ,LFOZ,ORE,,,Orléans/St-Denis Arpt,47.897,2.163,121,,FR,4,['METAR']
LFPB,LFPB,LBG,,07150,Paris/Le Bourge Arpt,48.967,2.428,50,ID,FR,6,"['METAR', 'TAF']"
LFPC,LFPC,CSF,,07057,Creil,49.252,2.521,83,HD,FR,6,"['METAR', 'TAF']"
LFPG,LFPG,CDG,,07157,Paris/De Gaulle Arpt,49.015,2.534,107,ID,FR,5,"['METAR', 'TAF']"
LFPM,LFPM,,,07153,Melun/Villaroche Arpt,48.611,2.68,91,ID,FR,6,"['METAR', 'TAF']"
LFPN,LFPN,TNF,,07146,Toussus le Noble Arpt,48.752,2.114,152,NO,FR,6,"['METAR', 'TAF']"
LFPO,LFPO,ORY,,07149,Paris/Orly Fld,48.717,2.384,88,ID,FR,1,"['METAR', 'TAF']"
LFPT,LFPT,POX,,,Pontoise-Cormeilles,49.097,2.041,91,ID,FR,6,['METAR']
LFPV,LFPV,VIY,,07147,Villacoublay,48.77,2.205,171,ID,FR,6,"['METAR', 'TAF']"
LFPW,LFPW,,,,Paris Met Cente,48.83,2.33,75,,FR,9,['METAR']
LFPY,LFPY,,,,Bretigny Sur Or,48.6,2.33,82,,FR,9,['METAR']
LFQA,LFQA,,,07072,Reims/Prunay Arpt,49.21,4.155,92,GE,FR,5,['METAR']
LFQB,LFQB,,,07168,Troyes/Barberey Arpt,48.325,4.02,107,GE,FR,4,"['METAR', 'TAF']"
LFQG,LFQG,NVS,,07260,Nevers/Fourchambault,46.998,3.113,172,BF,FR,4,['METAR']
LFQH,LFQH,,,,Chatillon-Sur-Seine,47.849,4.58,265,BF,FR,9,['METAR']
LFQI,LFQI,,,,Cambrai/Épinoy,50.218,3.153,76,HD,FR,5,"['METAR', 'TAF']"
LFQQ,LFQQ,LIL,,07015,Lille/Lesquin Arpt,50.562,3.089,43,HD,FR,4,"['METAR', 'TAF']"
LFQV,LFQV,,,07075,Charleville/Meziere,49.783,4.643,146,GE,FR,9,['METAR']
LFRA,LFRA,,,07230,Angers/Avrille,47.479,-0.614,48,PD,FR,9,['METAR']
LFRB,LFRB,BES,,07110,Brest/Guipavas Arpt,48.444,-4.412,91,BR,FR,1,"['METAR', 'TAF']"
LFRC,LFRC,CER,,07024,Cherbourg/Manche Arpt,49.65,-1.47,137,NO,FR,4,"['METAR', 'TAF']"
LFRD,LFRD,DNR,,07125,Dinard/Pleurtuit Arpt,48.589,-2.075,56,BR,FR,5,"['METAR', 'TAF']"
LFRG,LFRG,DOL,,07031,Deauville/Saint Gati,49.365,0.154,146,NO,FR,5,"['METAR', 'TAF']"
LFRH,LFRH,LRT,,07205,Lorient/Bihoue Arpt,47.761,-3.44,46,BR,FR,3,"['METAR', 'TAF']"
LFRI,LFRI,EDM,,07306,La Roche/Les Ajoncs,46.702,-1.379,89,PD,FR,5,"['METAR', 'TAF']"
LFRJ,LFRJ,LDV,,07106,Landivisiau,48.527,-4.138,109,BR,FR,6,"['METAR', 'TAF']"
LFRK,LFRK,CFR,,07027,Caen/Carpiquet Arpt,49.18,-0.456,66,NO,FR,3,"['METAR', 'TAF']"
LFRL,LFRL,,,07109,Lanveoc/Poulmic Arpt,48.279,-4.439,80,BR,FR,6,"['METAR', 'TAF']"
LFRM,LFRM,LME,,07235,Le Mans/Arnage Arpt,47.949,0.202,51,PD,FR,3,"['METAR', 'TAF']"
LFRN,LFRN,RNS,,07130,Rennes/St Jacques Arpt,48.069,-1.734,35,BR,FR,2,"['METAR', 'TAF']"
LFRO,LFRO,LAI,,07118,Lannion/Servel Arpt,48.755,-3.469,86,BR,FR,5,"['METAR', 'TAF']"
LFRQ,LFRQ,UIP,,07201,Quimper/Pluguffan Arpt,47.975,-4.168,94,BR,FR,5,"['METAR', 'TAF']"
LFRS,LFRS,NTE,,07222,Nantes/Atlantique Arpt,47.15,-1.609,26,PD,FR,3,"['METAR', 'TAF']"
LFRT,LFRT,SBK,,07120,Saint Brieuc/Armor Arpt,48.536,-2.853,134,BR,FR,4,"['METAR', 'TAF']"
LFRU,LFRU,MXN,,,Morlaix/Ploujean Arpt,48.601,-3.814,85,BR,FR,5,['METAR']
LFRV,LFRV,VNE,,07210,Vannes/Meucon Arpt,47.722,-2.727,132,BR,FR,4,['METAR']
LFRZ,LFRZ,SNR,,07217,St Nazaire/Montoir Arpt,47.312,-2.163,2,PD,FR,5,"['METAR', 'TAF']"
LFSA,LFSA,,,07288,Besancon/Thise,47.249,5.989,306,BF,FR,9,['METAR']
LFSB,LFSB,MLH,,07299,Basel/Euro Arpt,47.614,7.51,262,GE,FR,3,"['METAR', 'TAF']"
LFSC,LFSC,,,07197,Colmar/Meyenhei,47.922,7.4,201,GE,FR,9,"['METAR', 'TAF']"
LFSD,LFSD,DIJ,,07280,Dijon-Bourgogne Arpt,47.269,5.09,218,BF,FR,3,"['METAR', 'TAF']"
LFSF,LFSF,MZM,,,Metz/Frescaty Arpt,49.073,6.126,191,GE,FR,6,"['METAR', 'TAF']"
LFSG,LFSG,EPL,,,Épinal/Mirecourt Arpt,48.325,6.07,320,GE,FR,5,['METAR']
LFSI,LFSI,,,07169,St Dizier,48.631,4.904,136,GE,FR,5,"['METAR', 'TAF']"
LFSL,LFSL,BVE,,07179,Brive/Souillac Arpt,45.04,1.486,300,GE,FR,3,"['METAR', 'TAF']"
LFSM,LFSM,,,,Montbéliard/Courcell,47.487,6.791,317,BF,FR,5,['METAR']
LFSN,LFSN,ENC,,07180,Nancy/Essey Arpt,48.692,6.231,214,GE,FR,2,"['METAR', 'TAF']"
LFSO,LFSO,,,07181,Nancy/Ochey,48.583,5.955,328,GE,FR,6,"['METAR', 'TAF']"
LFSQ,LFSQ,,,,Belfort/Fontaine,47.63,6.87,423,BF,FR,9,['METAR']
LFSR,LFSR,RHE,,,Reims Arpt,49.306,4.051,91,GE,FR,7,"['METAR', 'TAF']"
LFST,LFST,SXB,,07190,Strasbourg/Entzheim Arpt,48.549,7.64,149,PD,FR,3,"['METAR', 'TAF']"
LFSX,LFSX,,,07292,Luxeuil Arpt,47.783,6.364,266,HD,FR,4,"['METAR', 'TAF']"
LFTH,LFTH,TLN,,07667,Toulon/Hyères Arpt,43.094,6.146,3,PA,FR,4,"['METAR', 'TAF']"
LFTU,LFTU,,,,St-Raphael,43.417,6.736,6,PA,FR,9,['METAR']
LFTW,LFTW,FNI,,07646,Nimes/Garons Arpt,43.757,4.416,91,OC,FR,5,"['METAR', 'TAF']"
LFVP,LFVP,FSP,,71805,St Pierre Arpt,46.764,-56.169,5,ML,PM,3,"['METAR', 'TAF']"
LFXA,LFXA,,,07482,Ambérieu-en-Bugey,45.979,5.331,249,AR,FR,5,['METAR']
LFXI,LFXI,,,,Saint Christol Arpt,44.058,5.495,833,PA,FR,9,['METAR']
LFYR,LFYR,,,07247,Romorantin Arpt,47.32,1.688,83,CV,FR,4,"['METAR', 'TAF']"
LGAD,LGAD,PYR,,16682,Andravida Arpt,37.923,21.287,8,J,GR,3,"['METAR', 'TAF']"
LGAL,LGAL,AXD,,16627,Alexandroupolis/Dimokritos Arpt,40.856,25.945,5,A,GR,3,"['METAR', 'TAF']"
LGAT,LGAT,,,16716,Athens/Hellenkion,37.886,23.736,23,I,GR,9,['TAF']
LGAV,LGAV,ATH,,,Athens/Venizelos Intl,37.936,23.945,83,I,GR,1,"['METAR', 'TAF']"
LGBL,LGBL,VOL,,16665,Nea Anchialos Arpt,39.22,22.794,13,E,GR,3,"['METAR', 'TAF']"
LGEL,LGEL,,,16718,Elefsis,38.064,23.556,21,I,GR,6,"['METAR', 'TAF']"
LGHI,LGHI,JKH,,16706,Chios Isl Arpt,38.343,26.141,6,K,GR,4,"['METAR', 'TAF']"
LGIO,LGIO,IOA,,16642,Ioannina Arpt,39.696,20.823,476,D,GR,4,"['METAR', 'TAF']"
LGIR,LGIR,HER,,16754,Iraklion Intl,35.337,25.173,37,M,GR,2,"['METAR', 'TAF']"
LGKC,LGKC,KIT,,16743,Kythira Arpt,36.274,23.017,313,J,GR,3,"['METAR', 'TAF']"
LGKF,LGKF,EFL,,16685,Cephalonia Arpt,38.12,20.5,14,F,GR,4,"['METAR', 'TAF']"
LGKL,LGKL,KLX,,16726,Kalamata Arpt,37.068,22.026,4,J,GR,4,"['METAR', 'TAF']"
LGKO,LGKO,KGS,,16742,Kos Arpt,36.801,27.091,130,K,GR,4,"['METAR', 'TAF']"
LGKP,LGKP,AOK,,,Karpathos Isl Arpt,35.421,27.146,20,M,GR,3,"['METAR', 'TAF']"
LGKR,LGKR,CFU,,16641,Corfu/Kapodistinas Arpt,39.61,19.913,2,L,GR,1,"['METAR', 'TAF']"
LGKV,LGKV,KVA,,16624,Kavala Intl,40.915,24.622,5,A,GR,4,"['METAR', 'TAF']"
LGKZ,LGKZ,KZI,,16632,Kozani/Filippos Arpt,40.288,21.842,615,C,GR,3,['METAR']
LGLM,LGLM,LXS,,16650,Limnos Island Arpt,39.917,25.236,4,K,GR,4,"['METAR', 'TAF']"
LGLR,LGLR,LRA,,16648,Larissa Arpt,39.65,22.465,69,E,GR,9,['TAF']
LGMK,LGMK,JMK,,,Mykonos Arpt,37.435,25.348,126,K,GR,3,"['METAR', 'TAF']"
LGMT,LGMT,MJT,,16667,Mitilini Arpt,39.054,26.604,4,K,GR,4,"['METAR', 'TAF']"
LGNX,LGNX,JNX,,,Naxos Arpt,37.081,25.369,3,K,GR,6,['METAR']
LGPA,LGPA,PAS,,,Paros/Kratikos Arpt,37.022,25.114,42,K,GR,5,['METAR']
LGPZ,LGPZ,PVK,,16643,Preveza/Aktion Arpt,38.921,20.761,3,G,GR,4,"['METAR', 'TAF']"
LGRD,LGRD,,,,Rhodes/Marits,36.38,28.12,62,K,GR,9,[]
LGRP,LGRP,RHO,,16749,Rhodes/Diagoras Arpt,36.405,28.086,3,K,GR,1,"['METAR', 'TAF']"
LGRX,LGRX,GPA,,16687,Araxos Arpt,38.151,21.426,16,J,GR,5,"['METAR', 'TAF']"
LGSA,LGSA,CHQ,,16746,Souda Bay/Chania Intl,35.54,24.141,122,M,GR,3,"['METAR', 'TAF']"
LGSK,LGSK,JSI,,,Skiathos Isl Arpt,39.177,23.504,13,K,GR,4,"['METAR', 'TAF']"
LGSM,LGSM,SMI,,16723,Samos Arpt,37.69,26.912,5,K,GR,4,"['METAR', 'TAF']"
LGSO,LGSO,JSY,,,Syros Island Arpt,37.422,24.95,71,K,GR,6,['METAR']
LGSR,LGSR,JTR,,,Santorini Isl Arpt,36.399,25.479,31,K,GR,4,"['METAR', 'TAF']"
LGST,LGST,JSH,,,Sitia Arpt,35.216,26.101,28,K,GR,3,['TAF']
LGSY,LGSY,SKU,,16684,Skiros Arpt,38.968,24.487,12,H,GR,3,"['METAR', 'TAF']"
LGTG,LGTG,,,16699,Tanagra ,38.34,23.563,142,H,GR,9,['TAF']
LGTL,LGTL,,,,Kasteli Arpt,35.192,25.327,336,K,GR,6,['TAF']
LGTP,LGTP,,,16710,Tripolis Arpt,37.531,22.404,644,J,GR,9,[]
LGTS,LGTS,SKG,,16622,Thessaloniki Intl,40.52,22.971,4,A,GR,1,"['METAR', 'TAF']"
LGTT,LGTT,,,16715,Tatoi/Dekelia,38.109,23.784,244,I,GR,9,[]
LGZA,LGZA,ZTH,,,Zakinthos/Salomos Arpt,37.751,20.884,3,J,GR,5,"['METAR', 'TAF']"
LHBC,LHBC,,,12992,Békéscsaba Arpt,46.678,21.161,81,BE,HU,4,['METAR']
LHBM,LHBM,,,12840,Budapest Met Ce,47.52,19.03,129,,HU,9,[]
LHBP,LHBP,BUD,,12839,Budapest/Liszt Intl,47.437,19.256,141,BU,HU,2,"['METAR', 'TAF']"
LHBS,LHBS,,,,Budaörs,47.451,18.981,132,BU,HU,9,[]
LHDC,LHDC,DEB,,12882,Debrecen Arpt,47.489,21.615,105,HL,HU,4,"['METAR', 'TAF']"
LHKE,LHKE,,,12970,Kecskemét Arpt,46.917,19.749,113,BK,HU,4,"['METAR', 'TAF']"
LHKV,LHKV,,,12930,Kaposvar Arpt,46.393,17.914,144,SO,HU,9,[]
LHMC,LHMC,MCQ,,12772,Miskolc,48.138,20.791,115,BZ,HU,9,[]
LHNY,LHNY,,,12892,Nyiregyhaza Arpt,47.984,21.6916,99,SZ,HU,3,"['METAR', 'TAF']"
LHPA,LHPA,,,12825,Pápa Arpt,47.362,17.494,143,VE,HU,3,"['METAR', 'TAF']"
LHPP,LHPP,PEV,,12942,Pécs/Pogány Intl,45.991,18.241,193,BA,HU,2,"['METAR', 'TAF']"
LHPR,LHPR,,,12822,Győr-Pér Intl,47.627,17.808,127,GS,HU,5,"['METAR', 'TAF']"
LHSA,LHSA,,,,Azentkilyszabadja,47.078,17.968,281,VE,HU,9,[]
LHSK,LHSK,,,12935,Siofok,46.917,18.05,108,SO,HU,9,[]
LHSM,LHSM,SOB,,,Sármellék/Balaton Arpt,46.689,17.161,119,ZA,HU,4,"['METAR', 'TAF']"
LHSN,LHSN,,,12860,Szolnok,47.123,20.235,89,JN,HU,6,"['METAR', 'TAF']"
LHSY,LHSY,,,12812,Szombathely,47.278,16.628,220,VA,HU,9,[]
LHTA,LHTA,,,12932,Taszár,46.393,17.917,153,SO,HU,9,[]
LHTL,LHTL,,,,Tököl,47.346,18.981,100,PE,HU,9,[]
LHUD,LHUD,,,12982,Szeged Arpt,46.256,20.09,76,CS,HU,3,['METAR']
LIBA,LIBA,,,16261,Amendola,41.538,15.714,55,PU,IT,6,"['METAR', 'TAF']"
LIBC,LIBC,CRV,,16350,Crotone Arpt,38.997,17.079,158,CI,IT,4,"['METAR', 'TAF']"
LIBD,LIBD,BRI,,16270,Bari/Palese Arpt,41.138,16.765,42,PU,IT,4,"['METAR', 'TAF']"
LIBE,LIBE,,,16231,Monte Sant Angelo,41.708,15.948,836,PU,IT,9,['METAR']
LIBF,LIBF,FOG,,16260,Foggia/Lisa Arpt,41.433,15.535,81,PU,IT,4,"['METAR', 'TAF']"
LIBG,LIBG,TAR,,16324,Grottaglie Arpt,40.517,17.403,64,PU,IT,5,"['METAR', 'TAF']"
LIBH,LIBH,,,16325,Marina di Ginos,40.424,16.887,4,PU,IT,9,['METAR']
LIBN,LIBN,LCC,,16332,Lecce,40.238,18.138,46,PU,IT,5,"['METAR', 'TAF']"
LIBP,LIBP,PSR,,16230,Pescara/Abruzzo Arpt,42.432,14.181,10,AB,IT,4,"['METAR', 'TAF']"
LIBQ,LIBQ,,,,Scuro Mountain,39.331,16.396,1660,CI,IT,5,['METAR']
LIBR,LIBR,BDS,,16320,Brindisi/Casale Arpt,40.658,17.951,5,PU,IT,2,"['METAR', 'TAF']"
LIBS,LIBS,,,16252,Campobasso,41.564,14.655,776,CB,IT,9,['METAR']
LIBT,LIBT,,,16232,Termoli,42.004,14.996,19,CB,IT,9,['METAR']
LIBU,LIBU,,,16317,Latronico,40.087,16.014,868,PZ,IT,9,['METAR']
LIBV,LIBV,,,16312,Gioia Del Colle,40.766,16.935,344,PU,IT,5,"['METAR', 'TAF']"
LIBW,LIBW,,,16337,Bonifati,39.585,15.891,487,CI,IT,9,['METAR']
LIBY,LIBY,,,16360,Santa Maria di Leuca,39.811,18.342,105,PU,IT,4,['METAR']
LIBZ,LIBZ,,,,Potenza,40.633,15.8,787,PZ,IT,9,['METAR']
LICA,LICA,SUF,,16362,Lamezia Terme Arpt,38.908,16.242,7,CA,IT,1,"['METAR', 'TAF']"
LICB,LICB,CIY,,16475,Comiso Arpt,36.994,14.606,212,RG,IT,4,"['METAR', 'TAF']"
LICC,LICC,CTA,,16460,Catania/Fontanarossa Arpt,37.467,15.064,6,CT,IT,3,"['METAR', 'TAF']"
LICD,LICD,LMP,,16490,Lampedusa Island Arpt,35.498,12.618,20,AG,IT,3,"['METAR', 'TAF']"
LICE,LICE,,,16450,Enna,37.568,14.28,928,EN,IT,9,['METAR']
LICF,LICF,,,16420,Messina,38.2,15.549,66,ME,IT,6,['METAR']
LICG,LICG,PNL,,16470,Pantelleria Arpt,36.814,11.971,192,TP,IT,3,"['METAR', 'TAF']"
LICJ,LICJ,PMO,,16405,Palermo Arpt,38.176,13.091,20,PA,IT,2,"['METAR', 'TAF']"
LICL,LICL,,,16453,Gela,37.076,14.225,59,CL,IT,9,['METAR']
LICM,LICM,,,,Calopezzati,39.55,16.8,179,CS,IT,9,['METAR']
LICO,LICO,,,16480,Cozzo Spadaro,36.686,15.131,45,PU,IT,9,['METAR']
LICP,LICP,,,,Palmero/Boccadifal,38.111,13.313,105,PA,IT,9,['METAR']
LICR,LICR,REG,,16422,Reggio Calabria Arpt,38.072,15.654,16,RE,IT,4,"['METAR', 'TAF']"
LICT,LICT,TPS,,16429,Trapani/Birgi Arpt,37.911,12.488,4,TP,IT,4,"['METAR', 'TAF']"
LICU,LICU,,,16400,Ustica,38.707,13.177,239,PA,IT,9,['METAR']
LICZ,LICZ,NSY,,16459,Sigonella,37.406,14.919,22,CT,IT,6,"['METAR', 'TAF']"
LIEA,LIEA,AHO,,16520,Alghero/Fertilia Arpt,40.631,8.289,22,SS,IT,3,"['METAR', 'TAF']"
LIEB,LIEB,,,16550,Cape Bellavista,39.931,9.713,126,OG,IT,4,['METAR']
LIEC,LIEC,,,16564,Cape Carbonara,39.104,9.514,90,CA,IT,9,['METAR']
LIED,LIED,DCI,,16546,Decimomannu,39.354,8.973,26,CA,IT,6,"['METAR', 'TAF']"
LIEE,LIEE,CAG,,16560,Cagliari/Elmas Arpt,39.243,9.06,1,CA,IT,2,"['METAR', 'TAF']"
LIEF,LIEF,,,16539,Capo Frasca,39.74,8.46,90,VS,IT,9,['METAR']
LIEG,LIEG,,,,Guardiavecchia,41.217,9.4,89,OT,IT,9,['METAR']
LIEH,LIEH,,,16522,Capo Caccia,40.561,8.163,125,SS,IT,9,['METAR']
LIEL,LIEL,,,16542,Capo S Lorenzo,39.498,9.629,8,CA,IT,9,['METAR']
LIEN,LIEN,,,16538,Fonni,40.117,9.25,1009,NU,IT,9,['METAR']
LIEO,LIEO,OLB,,16531,Olbia/Costa Smeralda Arpt,40.899,9.518,8,OT,IT,3,"['METAR', 'TAF']"
LIEP,LIEP,,,16541,Perdasdefogu,39.675,9.443,602,OG,IT,9,['METAR']
LIMA,LIMA,,,,Torino/Aeritalia Arpt,45.086,7.603,285,TO,IT,6,['METAR']
LIMC,LIMC,MXP,,16066,Milan/Malpensa Arpt,45.631,8.728,221,MI,IT,2,"['METAR', 'TAF']"
LIME,LIME,BGY,,16076,Milan/Bergamo,45.674,9.704,239,BG,IT,5,"['METAR', 'TAF']"
LIMF,LIMF,TRN,,16059,Torino/Caselle Arpt,45.203,7.649,295,TO,IT,3,"['METAR', 'TAF']"
LIMG,LIMG,ALL,,16122,Albenga,44.046,8.126,41,SV,IT,6,"['METAR', 'TAF']"
LIMH,LIMH,,,16052,Pian Rosà,45.935,7.707,3473,AO,IT,5,['METAR']
LIMJ,LIMJ,GOA,,16120,Genoa/Colombo Arpt,44.413,8.838,3,GE,IT,3,"['METAR', 'TAF']"
LIMK,LIMK,,,16061,Torino/Bric Della Cr,45.033,7.731,693,TO,IT,5,['METAR']
LIML,LIML,LIN,,16080,Milan/Linate Arpt,45.461,9.263,109,MI,IT,4,"['METAR', 'TAF']"
LIMN,LIMN,,,16064,Cameri,45.53,8.669,168,NO,IT,6,"['METAR', 'TAF']"
LIMO,LIMO,,,,Bisbino Mountai,45.87,9.067,1176,CO,IT,9,['METAR']
LIMP,LIMP,PMF,,,Parma Arpt,44.825,10.296,41,PR,IT,3,"['METAR', 'TAF']"
LIMS,LIMS,,,16084,Piacenza ,44.913,9.723,132,PC,IT,4,"['METAR', 'TAF']"
LIMT,LIMT,,,,Passo della Cisa,44.472,9.929,1032,MS,IT,5,['METAR']
LIMU,LIMU,,,16153,Cape Mele,43.958,8.17,215,SV,IT,4,['METAR']
LIMV,LIMV,,,16119,Passo de Giovi,44.552,8.938,474,GE,IT,5,['METAR']
LIMW,LIMW,AOT,,16054,Aosta Rgnl,45.735,7.351,554,AO,IT,6,"['METAR', 'TAF']"
LIMY,LIMY,,,16115,Monte Malanotte,44.258,7.794,1742,GE,IT,5,['METAR']
LIMZ,LIMZ,CUF,,,Cuneo/Levaldigi Arpt,44.547,7.623,377,CN,IT,4,"['METAR', 'TAF']"
LIPA,LIPA,AVB,,16036,Aviano,46.03,12.599,113,PN,IT,6,"['METAR', 'TAF']"
LIPB,LIPB,BZO,,16020,Bolzano/Dolomiti Arpt,46.46,11.326,239,BO,IT,4,"['METAR', 'TAF']"
LIPC,LIPC,,,16148,Cervia,44.224,12.307,10,RV,IT,6,"['METAR', 'TAF']"
LIPD,LIPD,UDN,,,Udine/Campoformido,46.038,13.188,90,UD,IT,9,['METAR']
LIPE,LIPE,BLQ,,16140,Bologna/Marconi Arpt,44.531,11.297,37,BO,IT,5,"['METAR', 'TAF']"
LIPF,LIPF,,,16138,Ferrara Arpt,44.814,11.61,5,FE,IT,5,"['METAR', 'TAF']"
LIPH,LIPH,TSF,,16099,Treviso Arpt,45.648,12.194,10,TV,IT,6,"['METAR', 'TAF']"
LIPI,LIPI,,,16045,Rivolto,45.979,13.049,49,UD,IT,6,"['METAR', 'TAF']"
LIPK,LIPK,FRL,,16147,Forli/Ridolfi Arpt,44.196,12.07,24,FC,IT,4,"['METAR', 'TAF']"
LIPL,LIPL,,,16088,Ghedi,45.432,10.268,96,BS,IT,6,"['METAR', 'TAF']"
LIPO,LIPO,VBS,,,Brescia Arpt,45.429,10.331,104,BS,IT,4,"['METAR', 'TAF']"
LIPP,LIPP,,,,Dova Area Contr,45.4,11.87,14,,IT,9,['METAR']
LIPQ,LIPQ,TRS,,16108,Trieste Airport,45.828,13.472,6,CU,IT,4,"['METAR', 'TAF']"
LIPR,LIPR,RMI,,16149,Rimini/Miramare Arpt,44.02,12.612,10,RN,IT,5,"['METAR', 'TAF']"
LIPS,LIPS,,,16098,Istrana,45.689,12.101,42,TV,IT,6,"['METAR', 'TAF']"
LIPT,LIPT,VIC,,,Vicenza,45.573,11.53,35,VI,IT,9,"['METAR', 'TAF']"
LIPU,LIPU,,,16095,Pavdova Arpt,45.396,11.848,6,PD,IT,5,['METAR']
LIPX,LIPX,VRN,,16090,Verona Arpt,45.387,10.872,67,TO,IT,3,"['METAR', 'TAF']"
LIPY,LIPY,AOI,,16191,Falconara/Ancona Arpt,43.617,13.36,11,AN,IT,3,"['METAR', 'TAF']"
LIPZ,LIPZ,VCE,,16105,Venice/Polo Arpt,45.505,12.352,3,VE,IT,1,"['METAR', 'TAF']"
LIQB,LIQB,,,16172,Arezzo,43.455,11.848,248,AR,IT,9,['METAR']
LIQC,LIQC,,,16294,Capri Island,40.558,14.201,154,NA,IT,5,['METAR']
LIQD,LIQD,,,,Porretta Pass,44.03,10.93,932,,IT,9,['METAR']
LIQI,LIQI,,,,Gran Sasso Moun,42.45,13.7,2138,,IT,9,['METAR']
LIQJ,LIQJ,,,16215,Civitavecchia,42.033,11.833,5,RM,IT,9,['METAR']
LIQK,LIQK,,,16310,Capo Palinuro,40.025,15.281,165,SA,IT,9,['METAR']
LIQN,LIQN,,,16221,Rieti Arpt,42.427,12.85,387,RI,IT,5,['METAR']
LIQO,LIQO,,,16168,Mount Argentario,42.387,11.17,627,GR,IT,5,['METAR']
LIQP,LIQP,,,16129,Isola di Palmaria,44.067,9.816,497,SP,IT,9,['METAR']
LIQR,LIQR,,,16204,Radicofani,42.896,11.768,783,SI,IT,9,['METAR']
LIQV,LIQV,,,16164,Volterra,43.402,10.86,536,PI,IT,9,['METAR']
LIQW,LIQW,,,16125,Sarzana/Luni,44.088,9.987,6,SP,IT,5,"['METAR', 'TAF']"
LIQZ,LIQZ,,,16280,Ponza Isl,40.912,12.957,187,SP,IT,9,['METAR']
LIRA,LIRA,CIA,,16239,Rome/Ciampino Arpt,41.808,12.585,101,RM,IT,6,"['METAR', 'TAF']"
LIRB,LIRB,,,16224,Vigna Di Valle,42.08,12.211,257,RM,IT,9,['METAR']
LIRE,LIRE,,,16245,Pratica di Mare,41.656,12.449,16,RM,IT,6,"['METAR', 'TAF']"
LIRF,LIRF,FCO,,16242,Rome/Fiumicino,41.8,12.239,2,RM,IT,0,"['METAR', 'TAF']"
LIRG,LIRG,,,16234,Guidonia,41.996,12.735,82,RM,IT,5,"['METAR', 'TAF']"
LIRH,LIRH,,,16244,Frosinone,41.646,13.3,183,FR,IT,4,"['METAR', 'TAF']"
LIRI,LIRI,QSR,,,Pontecagnano Arpt,40.62,14.911,31,SA,IT,5,"['METAR', 'TAF']"
LIRJ,LIRJ,EBA,,,Elba Arpt,42.762,10.239,4,EL,IT,9,['METAR']
LIRK,LIRK,,,16219,Monte Terminillo,42.466,12.979,1721,RI,IT,4,['METAR']
LIRL,LIRL,,,16243,Latina Arpt,41.545,12.91,23,LT,IT,5,"['METAR', 'TAF']"
LIRM,LIRM,,,16253,Grazzanise,41.061,14.082,6,CE,IT,6,"['METAR', 'TAF']"
LIRN,LIRN,NAP,,16289,Naples Intl,40.885,14.292,76,NA,IT,2,"['METAR', 'TAF']"
LIRP,LIRP,PSA,,16158,Pisa/Galilei Arpt,43.684,10.393,1,PI,IT,4,"['METAR', 'TAF']"
LIRQ,LIRQ,FLR,,16170,Florence/Peretola Arpt,43.81,11.205,33,FI,IT,3,"['METAR', 'TAF']"
LIRS,LIRS,GRS,,16206,Grosseto,42.76,11.072,3,GR,IT,3,"['METAR', 'TAF']"
LIRT,LIRT,,,16263,Trevico,41.047,15.233,1058,AV,IT,4,['METAR']
LIRU,LIRU,,,16235,Rome/Urbe,41.953,12.5,16,RM,IT,6,"['METAR', 'TAF']"
LIRV,LIRV,,,16216,Viterbo,42.43,12.064,294,VT,IT,5,"['METAR', 'TAF']"
LIRX,LIRX,,,16197,Monte Calamita,42.731,10.396,397,LI,IT,5,['METAR']
LIRY,LIRY,,,,UNK,-99.99,-99.99,9999,,IT,8,[]
LIRZ,LIRZ,PEG,,16181,Perugia/Egidio Arpt,43.097,12.51,206,PG,IT,5,"['METAR', 'TAF']"
LIVC,LIVC,,,16134,Monte Cimone,44.194,10.7,2139,MO,IT,5,['METAR']
LIVD,LIVD,,,16033,Dobbiaco,46.729,12.228,1221,BZ,IT,5,['METAR']
LIVE,LIVE,,,,Resia Pass,46.833,10.5,1684,BZ,IT,5,['METAR']
LIVF,LIVF,,,16179,Frontone,43.517,12.728,549,PU,IT,5,['METAR']
LIVM,LIVM,,,16146,Punta Marina,44.441,12.296,6,RA,IT,5,['METAR']
LIVO,LIVO,,,16040,Tarvisio,46.506,13.586,782,UD,IT,5,['METAR']
LIVP,LIVP,,,16022,Monte Paganella,46.143,11.038,2099,TN,IT,5,['METAR']
LIVR,LIVR,,,16021,Rolle Pass,46.298,11.787,1997,TN,IT,5,['METAR']
LIVT,LIVT,,,16110,Trieste,45.677,13.754,20,TS,IT,6,['METAR']
LIXA2,,,,,CMAN,-99.99,-99.99,9999,,,8,[]
LIYW,LIYW,,,,Aviano ,46.03,12.599,113,PN,IT,4,"['METAR', 'TAF']"
LJAC1,,,,,La Jolla,32.867,-117.258,0,CA,US,8,[]
LJCE,LJCE,,,,Cerklje Arpt,45.899,15.523,153,CE,SI,6,"['METAR', 'TAF']"
LJLJ,LJLJ,LJU,,14014,Ljubljana/Pucnik Arpt,46.218,14.477,363,LJ,SI,4,"['METAR', 'TAF']"
LJMB,LJMB,MBX,,14026,Maribor/Rusjan Arpt,46.48,15.682,263,MA,SI,5,"['METAR', 'TAF']"
LJMS,LJMS,,,,Murska Sobota,46.63,16.175,184,MU,SI,9,['METAR']
LJPZ,LJPZ,POW,,14105,Portorož Arpt,45.473,13.615,2,PI,SI,5,"['METAR', 'TAF']"
LKCS,LKCS,,,,Ceske Budejovice Arpt,48.946,14.427,432,SB,CZ,4,['TAF']
LKCV,LKCV,,,11624,Caslav Arpt,49.94,15.382,234,ST,CZ,6,"['METAR', 'TAF']"
LKKB,LKKB,,,,Prague/Kbely Arpt,50.123,14.538,281,PR,CZ,6,"['METAR', 'TAF']"
LKKU,LKKU,UHE,,,Kunovice Arpt,49.042,17.442,176,ZL,CZ,5,['METAR']
LKKV,LKKV,KLV,,11414,Karlovy Vary Intl,50.202,12.91,600,KA,CZ,4,"['METAR', 'TAF']"
LKKZ,LKKZ,,,11968,Kosice Intl,48.664,21.242,232,,CZ,9,[]
LKLB,LKLB,,,,Liberec Arpt,50.77,15.024,397,LI,CZ,4,['METAR']
LKLN,LKLN,,,11448,Plzeň-Líně Arpt,49.675,13.275,353,PL,CZ,5,['METAR']
LKMT,LKMT,OSR,,11782,Ostrava/Janáček Arpt,49.696,18.111,251,MO,CZ,3,"['METAR', 'TAF']"
LKNA,LKNA,,,11692,Namest nad Oslavou Arpt,49.166,16.125,460,VY,CZ,5,"['METAR', 'TAF']"
LKPD,LKPD,PED,,11652,Pardubice Arpt,50.016,15.74,226,PA,CZ,3,"['METAR', 'TAF']"
LKPL1,,,,,West Lake Ponchartra,30.315,-90.281,0,LA,US,8,[]
LKPO,LKPO,PRV,,,Prerov Arpt,49.424,17.406,201,OL,CZ,4,"['METAR', 'TAF']"
LKPP,LKPP,,,11826,Piestany,48.613,17.832,160,TV,CZ,9,[]
LKPR,LKPR,PRG,,11518,Prague/Havel Arpt,50.101,14.26,364,ST,CZ,2,"['METAR', 'TAF']"
LKSL,LKSL,,,11903,Sliac,48.63,19.14,318,,CZ,9,[]
LKTB,LKTB,BRQ,,11723,Brno/Tuřany Arpt,49.151,16.694,233,JM,CZ,3,"['METAR', 'TAF']"
LKVO,LKVO,VOD,,,Vodochody Arpt,50.217,14.396,275,ST,CZ,6,['METAR']
LKWF1,,,,99405,Lake Worth,26.612,-80.033,5,FL,US,7,[]
LLBG,LLBG,TLV,,40180,Tel Aviv/Ben Gurion Arpt,32.011,34.887,35,C,IL,1,"['METAR', 'TAF']"
LLBP7,,,,,Saipan/Lao Lao Bay,15.157,145.77,6,,,8,[]
LLBS,LLBS,BEV,,,Beer-Sheva Arpt,31.287,34.723,193,S,IL,9,['METAR']
LLER,LLER,ETM,,,Eilat/Ramone Arpt,29.722,35.012,88,S,IL,5,"['METAR', 'TAF']"
LLET,LLET,ETH,,40199,Eilat Arpt,29.561,34.96,17,S,IL,5,['TAF']
LLHA,LLHA,HFA,,40155,Haifa Intl,32.809,35.043,3,HA,IL,4,"['METAR', 'TAF']"
LLHZ,LLHZ,,,,Herzliya Arpt,32.181,34.835,32,TA,IL,7,['TAF']
LLIB,LLIB,RPN,,,Rosh Pina Arpt,32.981,35.572,268,H,IL,5,"['METAR', 'TAF']"
LLJR,LLJR,,,,Jerusalem/Atarot,31.867,35.217,751,J,IL,9,['TAF']
LLOV,LLOV,VDA,,,Ovda Arpt,29.94,34.941,442,S,IL,5,"['METAR', 'TAF']"
LLSD,LLSD,SDV,,,Tel Aviv/Sde-Dov Arpt,32.115,34.782,7,T,IL,6,['TAF']
LMBV4,,,,,LA Mancha Beach,19.594,-96.379,9,,MX,4,[]
LMDF1,,,,,CMAN,-99.99,-99.99,9999,,,8,[]
LMFS1,,,,,Lake Murray,34.107,-81.271,108,SC,US,8,[]
LMML,LMML,MLA,,16597,Malta Intl,35.858,14.477,78,LU,MT,1,"['METAR', 'TAF']"
LMRF1,,,,,CMAN,-99.99,-99.99,9999,,,8,[]
LMSS1,,,,,Lake Marion,33.552,-80.501,23,SC,US,8,[]
LNDC1,,,,,Oakland,37.795,-122.288,3,CA,US,8,[]
LOAN,LOAN,,,,Wiener-Neustadt Ost,47.843,16.26,266,NI,AT,6,"['METAR', 'TAF']"
LOAV,LOAV,,,,Vöslau Arpt,47.965,16.259,232,NI,AT,5,"['METAR', 'TAF']"
LOIH,LOIH,HOH,,11302,Dornbirn Arpt,47.385,9.701,410,VO,AT,5,"['METAR', 'TAF']"
LOLW,LOLW,,,,Wels,48.17,14.03,0,,AT,9,[]
LONF1,,,,,Long Key,24.8,-80.9,0,FL,US,6,[]
LOPL1,,,,,Louisiana Offsh,28.885,-90.024,40,LA,US,8,[]
LOPW1,,,,,Longview,46.108,-122.957,10,WA,US,8,[]
LORO1,,,,,CMAN,-99.99,-99.99,9999,,,8,[]
LOWG,LOWG,GRZ,,11240,Graz Arpt,46.997,15.447,337,ST,AT,3,"['METAR', 'TAF']"
LOWI,LOWI,INN,,11120,Innsbruck Arpt,47.26,11.344,570,TI,AT,3,"['METAR', 'TAF']"
LOWK,LOWK,KLU,,11231,Klagenfurt Arpt,46.648,14.318,450,KA,AT,3,"['METAR', 'TAF']"
LOWL,LOWL,LNZ,,11010,Linz Arpt,48.233,14.188,290,OB,AT,3,"['METAR', 'TAF']"
LOWS,LOWS,SZG,,11150,Salzburg/Mozart Arpt,47.789,13.009,427,SA,AT,3,"['METAR', 'TAF']"
LOWW,LOWW,VIE,,11036,Vienna Intl,48.117,16.582,179,NE,AT,0,"['METAR', 'TAF']"
LOWZ,LOWZ,,,11144,Zell Am See Arpt,47.292,12.787,756,SA,AT,4,"['METAR', 'TAF']"
LOXA,LOXA,,,11157,Aigen Im Ennstal,47.533,14.138,639,ST,AT,9,"['METAR', 'TAF']"
LOXL,LOXL,,,,Horsching Aus,48.233,14.183,293,OB,AT,9,['METAR']
LOXN,LOXN,,,,Wiener Neustadt/West Arpt,47.832,16.231,285,NE,AT,6,['TAF']
LOXS,LOXS,,,,Schwaz,47.333,11.7,537,TI,AT,9,['METAR']
LOXT,LOXT,,,11030,Langenlebarn/Tulln,48.324,16.118,175,NE,AT,9,"['METAR', 'TAF']"
LOXZ,LOXZ,,,11165,Zeltweg Arpt,47.203,14.744,678,ST,AT,4,"['METAR', 'TAF']"
LPAR,LPAR,,,08537,Alverca Arpt,38.887,-9.03,2,LI,PT,6,"['METAR', 'TAF']"
LPAZ,LPAZ,SMA,,08515,Santa Maria Island Arpt,36.971,-25.171,96,AZ,PT,0,"['METAR', 'TAF']"
LPBG,LPBG,BGC,,08575,Bragança Arpt,41.856,-6.706,675,BG,PT,9,['METAR']
LPBJ,LPBJ,BYJ,,08562,Beja Arpt,38.073,-7.931,196,BE,PT,3,"['METAR', 'TAF']"
LPCS,LPCS,CAT,,,Cascais Arpt,38.725,-9.355,99,LI,PT,6,"['METAR', 'TAF']"
LPFL,LPFL,FLW,,08501,Azores/Flores Arpt,39.455,-31.131,35,AZ,PT,1,"['METAR', 'TAF']"
LPFR,LPFR,FAO,,08554,Faro Arpt,37.014,-7.966,3,FA,PT,3,"['METAR', 'TAF']"
LPFU,LPFU,,,08521,Funchal/Madeira Isl,32.645,-16.914,29,MD,PT,9,[]
LPHR,LPHR,HOR,,08505,Horta Arpt,38.521,-28.714,39,AZ,PT,3,"['METAR', 'TAF']"
LPLA,LPLA,TER,,08509,Lajes Acores Arpt,38.762,-27.091,60,AZ,PT,2,"['METAR', 'TAF']"
LPMA,LPMA,FNC,,,Madeira Arpt,32.698,-16.774,54,MD,PT,5,"['METAR', 'TAF']"
LPMR,LPMR,QLR,,08540,Monte Real,39.831,-8.887,50,LE,PT,3,"['METAR', 'TAF']"
LPMT,LPMT,,,08534,Montijo,38.704,-9.036,4,SE,PT,6,"['METAR', 'TAF']"
LPNM4,,,,,Alpena,45.063,-83.428,179,MI,US,8,[]
LPOV,LPOV,,,,Ovar,40.916,-8.646,16,AV,PT,5,"['METAR', 'TAF']"
LPPD,LPPD,PDL,,08512,Ponta Delgada/Paulo II Arpt,37.741,-25.698,62,AZ,PT,3,"['METAR', 'TAF']"
LPPR,LPPR,OPO,,08545,Porto/Cameriro Arpt,41.235,-8.684,64,PT,PT,2,"['METAR', 'TAF']"
LPPS,LPPS,PXO,,08524,Porto Santo Isl Arpt,33.073,-16.35,89,MD,PT,1,"['METAR', 'TAF']"
LPPT,LPPT,LIS,,08536,Lisbon Arpt,38.781,-9.136,98,LI,PT,1,"['METAR', 'TAF']"
LPRP4,,,,,La Parguera/Media Lu,17.939,-67.052,0,,PR,8,[]
LPST,LPST,,,08532,Sintra,38.831,-9.34,129,LI,PT,6,"['METAR', 'TAF']"
LPVR,LPVR,VRL,,08567,Vila Real,41.274,-7.717,560,VR,PT,9,['METAR']
LPWA2,,,,,Little Port Walter,54.388,-134.637,4,AK,US,8,[]
LQAT2,,,,,CMAN,-99.99,-99.99,9999,,,8,[]
LQBI,LQBI,,,,Bihac,44.817,15.883,222,BI,BA,9,[]
LQBK,LQBK,BNX,,13242,Banja Luka Intl,44.937,17.299,114,SR,BA,3,"['METAR', 'TAF']"
LQLV,LQLV,,,14640,Livno,43.825,17.008,738,BI,BA,9,[]
LQMO,LQMO,OMO,,13348,Mostar Intl,43.285,17.84,49,BI,BA,4,"['METAR', 'TAF']"
LQSA,LQSA,SJJ,,13353,Sarajevo Intl,43.825,18.331,505,BI,BA,2,"['METAR', 'TAF']"
LQTZ,LQTZ,TZL,,14557,Tuzla Intl,44.461,18.728,242,BI,BA,4,"['METAR', 'TAF']"
LRAR,LRAR,ARW,,15200,Arad Intl,46.176,21.264,102,AD,RO,6,"['METAR', 'TAF']"
LRBC,LRBC,BCM,,15150,Bacău Intl,46.522,26.91,183,BA,RO,3,"['METAR', 'TAF']"
LRBM,LRBM,BAY,,15014,Baia Mare Arpt,47.658,23.47,180,MA,RO,6,"['METAR', 'TAF']"
LRBO,LRBO,,,,Boboc AB,45.213,26.97,104,BZ,RO,3,['TAF']
LRBS,LRBS,BBU,,15420,Bucharest/Băneasa Intl,44.511,26.078,91,B,RO,6,"['METAR', 'TAF']"
LRBV,LRBV,GHV,,15300,Brașov-Ghimbav Intl,45.706,25.524,538,BV,RO,3,"['METAR', 'TAF']"
LRCK,LRCK,CND,,15481,Constanta/Kogălniceanu Arpt,44.362,28.488,108,CT,RO,3,"['METAR', 'TAF']"
LRCL,LRCL,CLJ,,15120,Cluj-Napoca Intl,46.783,23.676,313,CJ,RO,2,"['METAR', 'TAF']"
LRCS,LRCS,CSB,,15292,Caransebeş,45.42,22.253,253,CS,RO,9,['METAR']
LRCT,LRCT,,,,Campia Turzii,46.496,23.892,324,CJ,RO,5,"['METAR', 'TAF']"
LRCV,LRCV,CRA,,15450,Craiova Arpt,44.31,23.867,192,DO,RO,2,"['METAR', 'TAF']"
LRFT,LRFT,,,,Borcea Fetesti AB,44.383,27.717,54,CL,RO,4,['TAF']
LRIA,LRIA,IAS,,15090,Iaşi Intl,47.164,27.627,71,IS,RO,4,"['METAR', 'TAF']"
LRIF1,,,,,CMAN,-99.99,-99.99,9999,,,8,[]
LROD,LROD,OMR,,15080,Oradea Intl,47.036,21.896,132,BH,RO,3,"['METAR', 'TAF']"
LROP,LROP,OTP,,15421,Bucharest/Coandă Intl,44.572,26.102,92,B,RO,1,"['METAR', 'TAF']"
LRSB,LRSB,SBZ,,15260,Sibiu Intl,45.789,24.091,442,SO,RO,3,"['METAR', 'TAF']"
LRSM,LRSM,SUJ,,15010,Satu Mare Arpt,47.703,22.886,123,SM,RO,2,"['METAR', 'TAF']"
LRSV,LRSV,SCV,,15023,Suceava/Salcea Arpt,47.686,26.354,406,BV,RO,2,"['METAR', 'TAF']"
LRTC,LRTC,TCE,,15335,Tulcea Arpt,45.065,28.716,52,TU,RO,5,"['METAR', 'TAF']"
LRTM,LRTM,TGM,,15145,Targu Mures Arpt,46.468,24.421,289,MU,RO,4,"['METAR', 'TAF']"
LRTR,LRTR,TSR,,15247,Timişoara/Traian Vuia Arpt,45.811,21.333,104,SI,RO,3,"['METAR', 'TAF']"
LRTZ,LRTZ,,,,Tuzla Arpt,43.985,28.607,45,CT,RO,4,['TAF']
LSCM4,,,,,Lake St Clair,42.465,-82.755,178,MI,US,8,[]
LSGC,LSGC,,,,Les Eplatures Arpt,47.083,6.792,1018,NE,CH,4,"['METAR', 'TAF']"
LSGG,LSGG,GVA,,06700,Geneva/Cointrin Arpt,46.248,6.128,411,GE,CH,1,"['METAR', 'TAF']"
LSGL,LSGL,,,,Lausanne Arpt,46.546,6.617,613,VD,CH,9,['METAR']
LSGN,LSGN,,,06604,Neuchatel Arpt,46.955,6.866,431,NE,CH,9,['METAR']
LSGS,LSGS,SIR,,06720,Sion Arpt,46.219,7.33,482,VS,CH,3,"['METAR', 'TAF']"
LSMA,LSMA,,,06658,Alpnach Arpt,46.943,8.286,441,OW,CH,6,"['METAR', 'TAF']"
LSMC,LSMC,,,,Ulrichen Arpt,46.505,8.308,1347,VA,CH,5,['METAR']
LSMD,LSMD,,,,Dübendorf Arpt,47.399,8.648,436,ZH,CH,6,"['METAR', 'TAF']"
LSME,LSME,EML,,,Emmen Arpt,47.092,8.305,427,LU,CH,3,"['METAR', 'TAF']"
LSMK,LSMK,,,,UNK,-99.99,-99.99,9999,,,8,[]
LSMM,LSMM,,,06614,Meiringen Arpt,46.743,8.11,570,BE,CH,5,"['METAR', 'TAF']"
LSMP,LSMP,,,,Payerne Arpt,46.844,6.916,490,VD,CH,5,"['METAR', 'TAF']"
LSMS,LSMS,,,,Sion Arpt,46.22,7.32,481,VS,CH,9,[]
LSMV,LSMV,,,,UNK,-99.99,-99.99,9999,,CH,8,[]
LSNF1,,,,,CMAN,-99.99,-99.99,9999,,,8,[]
LSZA,LSZA,LUG,,06770,Lugano Arpt,46.004,8.91,276,TI,CH,4,"['METAR', 'TAF']"
LSZB,LSZB,BRN,,,Bern Arpt,46.914,7.497,510,BE,CH,4,"['METAR', 'TAF']"
LSZC,LSZC,BXO,,,Buochs Arpt,46.972,8.392,445,NW,CH,6,"['METAR', 'TAF']"
LSZG,LSZG,,,,Grenchen Arpt,47.179,7.415,428,SO,CH,5,"['METAR', 'TAF']"
LSZH,LSZH,ZRH,,06670,Zürich Intl Arpt,47.48,8.536,424,ZH,CH,4,"['METAR', 'TAF']"
LSZL,LSZL,,,06762,Locarno Arpt,46.164,8.878,198,TI,CH,6,"['METAR', 'TAF']"
LSZR,LSZR,ACH,,,Rheineck/Altenrhein,47.485,9.561,396,SG,CH,5,"['METAR', 'TAF']"
LSZS,LSZS,SMV,,,Samedan Arpt,46.526,9.879,1708,GR,CH,3,"['METAR', 'TAF']"
LTAB,LTAB,,,17131,Ankara/Guvercin Lik,39.934,32.739,820,AN,TR,6,"['METAR', 'TAF']"
LTAC,LTAC,ESB,,17128,Ankara/Esenboğa Intl,40.128,32.995,952,AN,TR,1,"['METAR', 'TAF']"
LTAD,LTAD,ANK,,17129,Ankara/Etimesgut Arpt,39.95,32.689,813,AN,TR,7,"['METAR', 'TAF']"
LTAE,LTAE,,,17127,Murted ),40.079,32.566,836,AN,TR,6,"['METAR', 'TAF']"
LTAF,LTAF,ADA,,17352,Adana Arpt,36.989,35.293,19,AD,TR,6,"['METAR', 'TAF']"
LTAG,LTAG,UAB,,17350,Adana/Incirlik,37.002,35.426,62,AD,TR,6,"['METAR', 'TAF']"
LTAH,LTAH,AFY,,17190,Afyon Arpt,38.735,30.596,1004,AF,TR,4,"['METAR', 'TAF']"
LTAI,LTAI,AYT,,17300,Antalya Arpt,36.9,30.798,50,AN,TR,2,"['METAR', 'TAF']"
LTAJ,LTAJ,GZT,,17260,Gaziantep Arpt,36.947,37.479,684,GA,TR,3,"['METAR', 'TAF']"
LTAK,LTAK,,,17370,Iskenderun,36.592,36.158,2,HT,TR,9,['METAR']
LTAL,LTAL,KFS,,17074,Kastamonu Arpt,41.305,33.792,1074,KA,TR,1,"['METAR', 'TAF']"
LTAN,LTAN,KYA,,17244,Konya Arpt,37.979,32.562,1029,KA,TR,3,"['METAR', 'TAF']"
LTAO,LTAO,,,17197,Malatya Tulga Arpt,38.354,38.254,919,,TR,6,['TAF']
LTAP,LTAP,MZH,,17082,Merzifon Arpt,40.826,35.52,536,AM,TR,3,"['METAR', 'TAF']"
LTAQ,LTAQ,,,,Samsun Arpt,41.278,36.305,168,,TR,9,['METAR']
LTAR,LTAR,VAS,,17090,Sivas Arpt,39.798,36.894,1601,SI,TR,3,"['METAR', 'TAF']"
LTAS,LTAS,ONQ,,17022,Zonguldak/Çaycuma Arpt,41.507,32.089,13,ZO,TR,3,"['METAR', 'TAF']"
LTAT,LTAT,MLX,,17200,Malatya Arpt,38.435,38.092,850,MA,TR,2,"['METAR', 'TAF']"
LTAU,LTAU,ASR,,17195,Kayseri Intl,38.77,35.495,1053,KA,TR,3,"['METAR', 'TAF']"
LTAV,LTAV,,,,Sivrihisar,39.453,31.369,976,ES,TR,9,"['METAR', 'TAF']"
LTAW,LTAW,TJK,,17086,Tokat Arpt,40.308,36.368,561,TO,TR,4,"['METAR', 'TAF']"
LTAY,LTAY,DNZ,,,Çardak Arpt,37.785,29.701,851,DE,TR,3,"['METAR', 'TAF']"
LTAZ,LTAZ,NAV,,17194,Nevsehir Arpt,38.771,34.521,944,NE,TR,4,"['METAR', 'TAF']"
LTBA,LTBA,ISL,,17060,Istanbul/Ataturk Intl,40.982,28.821,33,IS,TR,5,"['METAR', 'TAF']"
LTBD,LTBD,CII,,17234,Aydin/Çıldır Arpt,37.816,27.886,29,AY,TR,4,"['METAR', 'TAF']"
LTBE,LTBE,,,17116,Bursa Arpt,40.233,29.009,97,BR,TR,9,['METAR']
LTBF,LTBF,BZI,,17150,Balikesir Arpt,39.619,27.926,95,BA,TR,4,"['METAR', 'TAF']"
LTBG,LTBG,BDM,,17115,Bandirma Arpt,40.318,27.978,42,BA,TR,4,"['METAR', 'TAF']"
LTBH,LTBH,CKZ,,17112,Çanakkale Arpt,40.14,26.425,8,CK,TR,4,"['METAR', 'TAF']"
LTBI,LTBI,ESK,,17124,Eskisehir ,39.781,30.58,785,ES,TR,7,"['METAR', 'TAF']"
LTBJ,LTBJ,ADB,,17219,Izmir/Menderes Arpt,38.285,27.155,123,IZ,TR,2,"['METAR', 'TAF']"
LTBK,LTBK,,,,Izmir/Gaziemir Arpt,38.32,27.159,132,IZ,TR,6,['TAF']
LTBL,LTBL,IGL,,17218,Izmir/Cigli,38.513,27.01,5,IZ,TR,6,"['METAR', 'TAF']"
LTBM,LTBM,,,17240,Isparta,37.75,30.55,1116,IS,TR,9,['METAR']
LTBN,LTBN,,,17117,Kutahya,39.427,30.017,921,MA,TR,5,['TAF']
LTBO,LTBO,USQ,,17188,Uşak Arpt,38.68,29.483,868,US,TR,4,"['METAR', 'TAF']"
LTBP,LTBP,,,17119,Yalova ,40.682,29.377,13,IS,TR,6,['TAF']
LTBQ,LTBQ,KCO,,,Topel Arpt),40.735,30.083,51,KO,TR,4,"['METAR', 'TAF']"
LTBR,LTBR,YEI,,17118,Bursa/Yenisehir Arpt,40.255,29.562,233,BR,TR,4,"['METAR', 'TAF']"
LTBS,LTBS,DLM,,17295,Dalaman Arpt,36.713,28.793,2,MU,TR,4,"['METAR', 'TAF']"
LTBT,LTBT,,,17184,Akhisar Arpt,38.809,27.834,81,MA,TR,4,"['METAR', 'TAF']"
LTBU,LTBU,TEQ,,17054,Corlu Arpt,41.139,27.919,165,TE,TR,4,"['METAR', 'TAF']"
LTBV,LTBV,BXN,,17290,Bodrum/Imisiki,37.14,27.67,48,MU,TR,6,['TAF']
LTBV3,,,,,Lime Tree Bay,17.697,-64.753,3,,VI,8,[]
LTBX,LTBX,,,,Istanbul/Samandira,40.993,29.216,116,IS,TR,6,['TAF']
LTBY,LTBY,AOE,,,Eskisehir/Polatkan Arpt,39.81,30.519,788,ES,TR,3,"['METAR', 'TAF']"
LTBZ,LTBZ,KZR,,,Zafer Arpt,39.114,30.13,1010,MA,TR,4,"['METAR', 'TAF']"
LTCA,LTCA,EZS,,17202,Elazığ Arpt,38.607,39.291,887,EL,TR,4,"['METAR', 'TAF']"
LTCB,LTCB,OGU,,,Ordu/Giresun Arpt,40.967,38.081,5,GI,TR,7,"['METAR', 'TAF']"
LTCC,LTCC,DIY,,17280,Diyarbakır,37.894,40.201,676,DI,TR,3,"['METAR', 'TAF']"
LTCD,LTCD,ERC,,17092,Erzincan Arpt,39.71,39.527,1146,EZ,TR,3,"['METAR', 'TAF']"
LTCE,LTCE,ERZ,,17096,Erzurum Intl,39.956,41.17,1758,EZ,TR,3,"['METAR', 'TAF']"
LTCF,LTCF,KSY,,17098,Kars/Harakani Arpt,40.562,43.115,1794,KR,TR,3,"['METAR', 'TAF']"
LTCG,LTCG,TZX,,17038,Trabzon Arpt,40.995,39.782,28,TR,TR,1,"['METAR', 'TAF']"
LTCH,LTCH,SFQ,,,Şanlıurfa,37.133,38.767,550,SA,TR,9,"['METAR', 'TAF']"
LTCI,LTCI,VAN,,17170,Van Arpt,38.469,43.337,1654,VA,TR,1,"['METAR', 'TAF']"
LTCJ,LTCJ,BAL,,17282,Batman Arpt,37.93,41.117,559,SI,TR,4,"['METAR', 'TAF']"
LTCK,LTCK,MSR,,,Muş Arpt,38.748,41.661,1267,MU,TR,3,"['METAR', 'TAF']"
LTCL,LTCL,SXZ,,,Siirt Arpt,37.978,41.842,602,SI,TR,4,"['METAR', 'TAF']"
LTCM,LTCM,NOP,,,Sinop Arpt,42.019,35.072,7,SI,TR,3,"['METAR', 'TAF']"
LTCN,LTCN,KCM,,17255,Kahramanmaraş Arpt,37.539,36.953,505,KA,TR,4,"['METAR', 'TAF']"
LTCO,LTCO,AJI,,17099,Ağrı Arpt,39.654,43.026,1657,AG,TR,3,"['METAR', 'TAF']"
LTCP,LTCP,ADF,,17265,Adiyaman Arpt,37.731,38.469,672,AD,TR,5,"['METAR', 'TAF']"
LTCR,LTCR,MQM,,17275,Mardin Arpt,37.232,40.638,529,MA,TR,5,"['METAR', 'TAF']"
LTCS,LTCS,GNY,,17271,Şanlıurfa GAP Arpt,37.445,38.904,825,SA,TR,3,"['METAR', 'TAF']"
LTCT,LTCT,IGD,,,Iğdır Arpt,39.977,43.878,936,IG,TR,5,"['METAR', 'TAF']"
LTCU,LTCU,BGG,,17203,Bingöl Arpt,38.861,40.593,1061,BG,TR,4,"['METAR', 'TAF']"
LTCV,LTCV,NKT,,,Sirnak Arpt,37.365,42.06,620,SN,TR,4,"['METAR', 'TAF']"
LTCW,LTCW,YKO,,,Yüksekova Arpt,37.55,44.238,1852,HA,TR,4,"['METAR', 'TAF']"
LTDA,LTDA,HTY,,,Hatay Arpt,36.361,36.283,80,HT,TR,4,"['METAR', 'TAF']"
LTDB,LTDB,COV,,,Tarsus/Çukurova Intl,36.89385,35.06999,6,ME,TR,1,"['METAR', 'TAF']"
LTFA,LTFA,,,,Izmir/Kaklic,38.511,26.978,4,IZ,TR,6,"['METAR', 'TAF']"
LTFB,LTFB,,,17232,Izmir-Selcuk/Efes Arpt,37.951,27.333,3,IZ,TR,5,"['METAR', 'TAF']"
LTFC,LTFC,ISE,,17241,Isparta/Demirel Arpt,37.855,30.368,862,IZ,TR,5,"['METAR', 'TAF']"
LTFD,LTFD,EDO,,17145,Balikesir/Seyit Arpt,39.559,27.025,15,BA,TR,3,"['METAR', 'TAF']"
LTFE,LTFE,BJV,,17291,Milas-Bodrun Arpt,37.245,27.673,6,MU,TR,4,"['METAR', 'TAF']"
LTFG,LTFG,GZP,,,Gazipasa Arpt,36.299,32.3,26,AN,TR,3,"['METAR', 'TAF']"
LTFH,LTFH,SZF,,17031,Samsun-Çarşamba Arpt,41.255,36.567,7,SA,TR,2,"['METAR', 'TAF']"
LTFJ,LTFJ,SAW,,17063,Istanbul/Gokcen Intl,40.899,29.309,83,KO,TR,5,"['METAR', 'TAF']"
LTFK,LTFK,GKD,,,Gokceada Arpt,40.2,25.883,21,IM,TR,5,"['METAR', 'TAF']"
LTFM,LTFM,IST,,,Istanbul Arpt,41.262,28.74,99,IS,TR,0,"['METAR', 'TAF']"
LTFO,LTFO,,,,Rize-Artvin Arpt,41.179,40.845,5,RI,TR,4,"['METAR', 'TAF']"
LTJF1,,,,,CMAN,-99.99,-99.99,9999,,,8,[]
LTRM4,,,,,Little Rapids,46.485,-84.3,180,MI,US,8,[]
LUBL,LUBL,BZY,,,Bălți Intl Arpt,47.838,27.782,226,RI,MD,3,"['METAR', 'TAF']"
LUBM,LUBM,,,,Marculesti Intl,47.863,28.213,95,FR,MD,5,"['METAR', 'TAF']"
LUCH,LUCH,,,33885,Cahul Intl,45.844,28.264,199,CA,MD,4,"['METAR', 'TAF']"
LUIT2,,,,,San Luis Pass,29.095,-95.113,0,TX,US,8,[]
LUKK,LUKK,KIV,,,Chişinău Arpt,46.928,28.931,102,CU,MD,3,"['METAR', 'TAF']"
LUML1,,,,,Lumcon Marine Center,29.253,-90.663,0,LA,US,8,[]
LVGZ,LVGZ,GZA,,,Gaza Intl,31.24639,34.27611,98,,PS,9,[]
LWOH,LWOH,OHD,,13578,Ohrid Arpt,41.181,20.744,700,DB,MK,4,"['METAR', 'TAF']"
LWSD1,,,,,Lewes,38.782,-75.12,12,DE,US,8,[]
LWSK,LWSK,SKP,,13586,Skopje Intl,41.952,21.627,232,IL,MK,3,"['METAR', 'TAF']"
LWTV2,,,,,Lewisetta,37.995,-76.465,3,VA,US,8,[]
LXGB,LXGB,GIB,,08495,Gibraltar Arpt,36.151,-5.35,5,,GI,1,"['METAR', 'TAF']"
LYBE,LYBE,BEG,,13272,Belgrade/Tesla Arpt,44.824,20.291,93,BE,RS,1,"['METAR', 'TAF']"
LYBT,LYBT,BJY,,,Batajnica,44.935,20.258,78,VO,RS,6,"['METAR', 'TAF']"
LYBT2,,,,,Lynchburg Landing,29.765,-95.078,0,TX,US,8,[]
LYKV,LYKV,KVO,,13376,Kraljevo/Ladevci Arpt,43.818,20.587,209,RA,RS,3,"['METAR', 'TAF']"
LYNI,LYNI,INI,,13388,Niš Arpt,43.338,21.863,197,NI,RS,3,"['METAR', 'TAF']"
LYPG,LYPG,TGD,,,Podgorica Arpt,42.359,19.252,32,PO,ME,5,"['METAR', 'TAF']"
LYPR,LYPR,,,,Pristina Arpt,42.581,21.03,546,KM,KV,9,['TAF']
LYTI,LYTI,,,13462,Podgorica Arpt,42.367,19.25,29,PO,ME,9,['METAR']
LYTV,LYTV,TIV,,13457,Tivat Arpt,42.405,18.723,3,TI,ME,2,"['METAR', 'TAF']"
LYUZ,LYUZ,UZC,,,Uzice/Ponikve Arpt,43.901,19.679,914,ZL,RS,4,"['METAR', 'TAF']"
LYVR,LYVR,,,13183,Vrsac Arpt,45.147,21.31,82,VO,RS,4,"['METAR', 'TAF']"
LZIB,LZIB,BTS,,11816,Bratislava/Ivanka Arpt,48.17,17.207,129,BL,SK,4,"['METAR', 'TAF']"
LZKC,LZKC,,,,Kamenica nad Cirocho,48.935,21.994,174,PR,SK,3,['METAR']
LZKZ,LZKZ,KSC,,,Košice Intl,48.661,21.24,227,KI,SK,4,"['METAR', 'TAF']"
LZLU,LZLU,LUE,,11927,Lučenec Arpt,48.339,19.734,211,BA,SK,5,['METAR']
LZMC,LZMC,,,11801,Malacky Arpt,48.396,17.119,207,BL,SK,6,['TAF']
LZNI,LZNI,,,,Nitra Arpt,48.278,18.136,131,ZI,SK,5,['METAR']
LZPE,LZPE,,,,Prievidza Arpt,48.766,18.588,255,ZI,SK,6,['METAR']
LZPP,LZPP,PZY,,,Piešťany Arpt,48.613,17.832,160,TA,SK,3,"['METAR', 'TAF']"
LZPW,LZPW,POV,,11955,Presov ,49.03,21.304,323,NI,SK,5,['TAF']
LZSL,LZSL,SLD,,,Sliač Arpt,48.639,19.14,311,BL,SK,4,"['METAR', 'TAF']"
LZTT,LZTT,TAT,,11934,Poprad/Tatry Arpt,49.068,20.25,693,NI,SK,3,"['METAR', 'TAF']"
LZZI,LZZI,ILZ,,,Žilina Arpt,49.231,18.613,311,ZI,SK,4,"['METAR', 'TAF']"
MACM4,,,,,Mackinaw City,45.778,-84.725,178,MI,US,8,[]
MAXT2,,,,,Mission-Aransas Rese,28.132,-97.034,8,TX,US,8,[]
MBET2,,,,,CMAN,-99.99,-99.99,9999,,,8,[]
MBGT,MBGT,GDT,,78118,Grand Turk/McCarthy ,21.443,-71.146,6,GT,TC,3,"['METAR', 'TAF']"
MBIN7,,,,,CMAN,-99.99,-99.99,9999,,,8,[]
MBLA1,,,,,Middle Bay Light,30.437,-88.012,19,AL,US,8,[]
MBNN7,,,,,CMAN,-99.99,-99.99,9999,,,8,[]
MBPA1,,,,,CMAN,-99.99,-99.99,9999,,,8,[]
MBPV,MBPV,PLS,,,Providenciales Intl,21.772,-72.265,7,PR,TC,1,"['METAR', 'TAF']"
MBRM4,,,,,Mouth of Black River,42.974,-82.42,180,MI,US,8,[]
MBXC1,,,,,CMAN,-99.99,-99.99,9999,,,8,[]
MCGA1,,,,,Mobile/Coast Guard S,30.648,-88.058,16,AL,US,8,[]
MCGM4,,,,,Marquette CG,46.545,-87.378,187,MI,US,8,[]
MCYF1,,,,,McKay Bay Entrance,27.913,-82.425,9999,FL,US,8,[]
MCYI3,,,,,Michigan City,41.729,-86.913,176,IN,US,8,[]
MDAB,MDAB,EPS,,,Arroyo Barril Intl,19.2,-69.433,28,SM,DO,3,"['METAR', 'TAF']"
MDBH,MDBH,BRX,,78482,Barahona/Montez Intl,18.25,-71.126,7,BH,DO,3,"['METAR', 'TAF']"
MDCY,MDCY,AZS,,,Samana Intl,19.271,-69.733,4,MT,DO,5,"['METAR', 'TAF']"
MDHE,MDHE,,,78484,Herrera,18.473,-69.969,64,DN,DO,9,"['METAR', 'TAF']"
MDJB,MDJB,JBQ,,,La Isabela Intl,18.577,-69.984,24,DN,DO,6,"['METAR', 'TAF']"
MDKF1,,,,,CMAN,-99.99,-99.99,9999,,,8,[]
MDLR,MDLR,LRM,,,La Romana Intl,18.451,-68.921,66,RO,DO,4,"['METAR', 'TAF']"
MDPC,MDPC,PUJ,,78479,Punta Cana Intl,18.566,-68.356,10,AL,DO,3,"['METAR', 'TAF']"
MDPP,MDPP,POP,,78457,Puerto Plata Arpt,19.759,-70.571,9,PP,DO,3,"['METAR', 'TAF']"
MDRM1,,,,99406,Mount Desert Rock,43.968,-68.128,9,ME,US,4,[]
MDSD,MDSD,SDQ,,78485,Santo Domingo/Améric,18.433,-69.667,18,DN,DO,1,"['METAR', 'TAF']"
MDSI,MDSI,,,,San Isidro Arpt,18.499,-69.766,111,DN,DO,9,[]
MDST,MDST,STI,,78460,Santiago/Cibao Intl,19.407,-70.614,175,SA,DO,4,"['METAR', 'TAF']"
MEEM4,,,,,Manistee Harbor,44.248,-86.346,178,MI,US,8,[]
MGCB,MGCB,CBV,,78631,Coban Arpt,15.47,-90.406,1323,AV,GT,3,['METAR']
MGCP,MGCP,,,,Champerico Arpt,14.307,-91.899,6,RE,GT,5,['METAR']
MGES,MGES,,,,Esquipoulas Arpt,14.568,-89.326,948,CQ,GT,6,['METAR']
MGFL,MGFL,,,78615,Flores/Santa El,16.919,-89.877,121,PE,GT,9,"['METAR', 'TAF']"
MGGT,MGGT,GUA,,78641,Guatemala/Aurora Arpt,14.585,-90.526,1497,GU,GT,2,"['METAR', 'TAF']"
MGHT,MGHT,HUG,,78627,Huehuetenango Arpt,15.317,-91.503,1875,HU,GT,3,"['METAR', 'TAF']"
MGIP4,,,,,Magueyes Islands,17.972,-67.047,4,,PR,8,[]
MGMM,MGMM,,,,Mundo Maya Intl,16.914,-89.866,105,PE,GT,2,"['METAR', 'TAF']"
MGMT,MGMT,,,,UNK,-99.99,-99.99,9999,,GT,8,[]
MGPB,MGPB,PBR,,78637,Puerto Barrios Arpt,15.737,-88.589,6,IZ,GT,3,"['METAR', 'TAF']"
MGPT2,,,,,Morgans Point,29.682,-94.985,9,TX,US,8,[]
MGQZ,MGQZ,AAZ,,,Quezaltenango Arpt,14.862,-91.506,2378,QZ,GT,4,['METAR']
MGRT,MGRT,RER,,78639,Retalhuleu Arpt,14.523,-91.697,209,RE,GT,3,['METAR']
MGSJ,MGSJ,GSJ,,78647,San José Arpt,13.934,-90.832,7,ES,GT,3,"['METAR', 'TAF']"
MGTK,MGTK,FRS,,,Tikal/Maya Intl,16.912,-89.876,122,PE,GT,9,"['METAR', 'TAF']"
MGTU,MGTU,,,,UNK,-99.99,-99.99,9999,,GT,8,[]
MGZA,MGZA,,,,Zacapa Arpt,14.959,-89.538,195,ZA,GT,6,['METAR']
MGZP4,,,,,Mayaguez,18.218,-67.159,3,,PR,8,[]
MHAM,MHAM,,,78700,Amapala/Los Pelonas,13.282,-87.66,8,VA,HN,3,"['METAR', 'TAF']"
MHBT2,,,,,CMAN,-99.99,-99.99,9999,,,8,[]
MHCA,MHCA,,,78714,Catacamas Arpt,14.875,-85.775,386,OL,HN,2,"['METAR', 'TAF']"
MHCH,MHCH,,,78724,Choluteca Arpt,13.318,-87.154,58,CH,HN,4,"['METAR', 'TAF']"
MHCL,MHCL,,,,Colon Arpt,14.162,-88.034,378,LP,HN,6,['METAR']
MHGS,MHGS,,,,Gracias Arpt,14.573,-88.596,913,LE,HN,5,['METAR']
MHIC,MHIC,,,,Islas Del Cisne,17.4,-83.93,11,,HN,9,['METAR']
MHLC,MHLC,LCE,,78705,La Ceiba/Goloson Intl,15.737,-86.864,13,AT,HN,3,"['METAR', 'TAF']"
MHLE,MHLE,LEZ,,78719,La Esperanza Arpt,14.291,-88.175,1688,IN,HN,3,"['METAR', 'TAF']"
MHLM,MHLM,SAP,,78708,San Pedro Sula/Moral,15.442,-87.934,32,CR,HN,2,"['METAR', 'TAF']"
MHML,MHML,,,,Monte Libano Arpt,13.179,-87.186,14,CH,HN,6,['METAR']
MHNJ,MHNJ,GJA,,,Guanaja Arpt,16.447,-85.908,2,BA,HN,9,['METAR']
MHNO,MHNO,,,78718,Nueva Ocotepeque,14.433,-89.194,790,,HN,4,"['METAR', 'TAF']"
MHPA1,,,,,Meaher Park,30.667,-87.936,10,AL,US,8,[]
MHPL,MHPL,PEU,,78711,Puerto Lempira Arpt,15.262,-83.776,13,GD,HN,1,"['METAR', 'TAF']"
MHPR,MHPR,,,78721,Palmerola Intl,14.382,-87.621,628,CM,HN,4,"['METAR', 'TAF']"
MHRN6,,,,,CMAN,-99.99,-99.99,9999,,,8,[]
MHRO,MHRO,RTB,,78703,Roatan/Galvez Intl,16.316,-86.523,6,IB,HN,3,"['METAR', 'TAF']"
MHSC,MHSC,XPL,,,Comayagua Arpt,14.38,-87.62,628,CM,HN,9,['TAF']
MHSR,MHSR,SDH,,78717,Santa Rosa de Copan,14.783,-88.783,1087,CP,HN,3,"['METAR', 'TAF']"
MHTE,MHTE,TEA,,78706,Tela Arpt,15.776,-87.473,7,AT,HN,4,"['METAR', 'TAF']"
MHTG,MHTG,TGU,,78720,Tegucigalpa/Toncontín Intl,14.06,-87.216,1001,FM,HN,3,"['METAR', 'TAF']"
MHTR,MHTR,,,78704,Trujillo Arpt,15.926,-85.939,3,CL,HN,4,['METAR']
MHYR,MHYR,ORO,,78707,Yoro Arpt,15.127,-87.135,682,YO,HN,3,"['METAR', 'TAF']"
MISM1,,,,99437,Matinicus Rock,43.783,-68.855,16,ME,US,5,[]
MISP4,,,,,Mona Island,18.09,-67.939,0,,PR,4,[]
MIXA2,,,,,CMAN,-99.99,-99.99,9999,,,8,[]
MKGM4,,,,,Muskegon,43.228,-86.339,179,MI,US,8,[]
MKJP,MKJP,KIN,,78397,Kingston/Manley Intl,17.942,-76.798,3,KI,JM,2,"['METAR', 'TAF']"
MKJS,MKJS,MBJ,,78388,Montego Bay/Sangster,18.502,-77.915,3,JA,JM,3,"['METAR', 'TAF']"
MLIP2,,,,99450,Mili/Marshall Intl,6,172,0,,MH,9,[]
MLRF1,,,,99443,Molasses Reef,25.012,-80.376,0,FL,US,4,[]
MLSC1,,,,,Moss Landing,36.807,-121.788,12,CA,US,8,[]
MLWW3,,,,,Milwaukee,43.046,-87.879,176,WI,US,8,[]
MMAA,MMAA,ACA,,,Acapulco/Alvarez Intl,16.758,-99.754,5,GR,MX,2,"['METAR', 'TAF']"
MMAN,MMAN,NTR,,76394,Monterrey/Del Norte Intl,25.865,-100.239,447,NL,MX,6,"['METAR', 'TAF']"
MMAS,MMAS,AGU,,76571,Aguascalientes Arpt,21.702,-102.318,1866,AG,MX,2,"['METAR', 'TAF']"
MMBT,MMBT,HUX,,,Huatulco Intl,15.775,-96.26,137,OA,MX,4,"['METAR', 'TAF']"
MMCB,MMCB,CVJ,,76726,Cuernavaca Intl,18.83,-99.265,1281,MO,MX,4,"['METAR', 'TAF']"
MMCE,MMCE,CME,,,Ciudad Del Carmen Arpt,18.651,-91.8,5,CM,MX,3,"['METAR', 'TAF']"
MMCL,MMCL,CUL,,76412,Culiacan Intl,24.766,-107.476,35,SI,MX,2,"['METAR', 'TAF']"
MMCM,MMCM,CTM,,76750,Chetumal Intl,18.504,-88.326,10,QT,MX,3,"['METAR', 'TAF']"
MMCN,MMCN,CEN,,76253,Ciudad Obregón Intl,27.395,-109.837,57,SO,MX,3,"['METAR', 'TAF']"
MMCP,MMCP,CPE,,76695,Campeche/Ongay Intl,19.817,-90.502,9,CM,MX,3,"['METAR', 'TAF']"
MMCS,MMCS,CJS,,,Ciudad Juarez/Gonzales Intl,31.636,-106.427,1194,CH,MX,5,"['METAR', 'TAF']"
MMCT,MMCT,CZA,,,Chichén Itzá Intl,20.641,-88.446,29,YU,MX,3,['METAR']
MMCU,MMCU,CUU,,,Chihuahua Intl,28.701,-105.965,1349,CH,MX,0,"['METAR', 'TAF']"
MMCV,MMCV,CVM,,,Ciudad Victoria Intl,23.706,-98.959,230,TM,MX,2,"['METAR', 'TAF']"
MMCZ,MMCZ,CZM,,76648,Cozumel Intl,20.516,-86.932,7,QR,MX,4,"['METAR', 'TAF']"
MMDO,MMDO,DGO,,,Durango/Victoria Intl,24.124,-104.532,1863,DG,MX,2,"['METAR', 'TAF']"
MMEP,MMEP,TPQ,,76556,Tepic/Nervo Intl,21.418,-104.842,921,NA,MX,3,"['METAR', 'TAF']"
MMES,MMES,ESE,,,Ensenada Arpt,31.797,-116.599,16,BC,MX,3,['METAR']
MMGA,MMGA,,,,UNK,-99.99,-99.99,9999,,MX,8,"['METAR', 'TAF']"
MMGL,MMGL,GDL,,,Guadalajara Arpt,20.523,-103.312,1531,GT,MX,1,"['METAR', 'TAF']"
MMGM,MMGM,GYM,,,Guaymas/Yáñez Intl,27.964,-110.928,13,SO,MX,1,"['METAR', 'TAF']"
MMGU,MMGU,,,,Guaymas Intl Arpt,27.97,-110.93,27,,MX,9,[]
MMHO,MMHO,HMO,,76160,Hermosillo/Garcia Intl,29.097,-111.051,186,SO,MX,3,"['METAR', 'TAF']"
MMIA,MMIA,CLQ,,76658,Colima Arpt,19.276,-103.576,744,CL,MX,3,"['METAR', 'TAF']"
MMIO,MMIO,SLW,,,Saltillo/Guadalupe Intl,25.544,-100.928,1430,CO,MX,4,"['METAR', 'TAF']"
MMIT,MMIT,IZT,,,Ixtepec Arpt,16.451,-95.092,27,OA,MX,3,['METAR']
MMLC,MMLC,LZC,,,Lázaro Cárdenas,17.98,-102.22,12,,MX,9,[]
MMLM,MMLM,LMM,,,Los Mochis Arpt,25.688,-109.085,6,SI,MX,3,"['METAR', 'TAF']"
MMLO,MMLO,BJX,,,Leon/Del Bajío Arpt,20.997,-101.481,1805,GT,MX,3,"['METAR', 'TAF']"
MMLP,MMLP,LAP,,,La Paz/de León Intl,24.077,-110.364,16,BS,MX,1,"['METAR', 'TAF']"
MMLT,MMLT,LTO,,76305,Loreto Intl,25.993,-111.35,4,BS,MX,2,"['METAR', 'TAF']"
MMMA,MMMA,MAM,,,Matamoros/Canales Intl,25.77,-97.523,7,TM,MX,5,"['METAR', 'TAF']"
MMMD,MMMD,MID,,76644,Mérida Intl,20.936,-89.659,10,YU,MX,0,"['METAR', 'TAF']"
MMML,MMML,MXL,,,Mexicali Intl,32.631,-115.238,21,BC,MX,4,"['METAR', 'TAF']"
MMMM,MMMM,MLM,,,Morelia/Mujica Intl,19.844,-101.037,1840,MI,MX,2,"['METAR', 'TAF']"
MMMT,MMMT,MTT,,,Minatitlán Arpt,18.098,-94.583,15,VE,MX,1,"['METAR', 'TAF']"
MMMV,MMMV,LOV,,76342,Monclova/Carranza Intl,26.956,-101.47,567,CO,MX,3,"['METAR', 'TAF']"
MMMX,MMMX,MEX,,,Mexico City Intl,19.436,-99.072,2224,DF,MX,0,"['METAR', 'TAF']"
MMMY,MMMY,MTY,,,Monterrey Intl,25.774,-100.104,382,NL,MX,2,"['METAR', 'TAF']"
MMMZ,MMMZ,MZT,,,Mazatlàn/Buelna Intl,23.161,-106.271,7,SI,MX,2,"['METAR', 'TAF']"
MMNG,MMNG,NOG,,,Nogales,31.225,-110.976,1246,SO,MX,9,['METAR']
MMNL,MMNL,NLD,,,Nuevo Laredo Intl,27.448,-99.574,146,TM,MX,5,"['METAR', 'TAF']"
MMOX,MMOX,OAX,,,Oaxaca/Xoxocotlán Intl,17.002,-96.724,1528,OA,MX,2,"['METAR', 'TAF']"
MMPA,MMPA,PAZ,,,Poza Rico Arpt,20.601,-97.459,153,VE,MX,5,"['METAR', 'TAF']"
MMPB,MMPB,PBC,,76685,Puebla/Serdan Intl,19.17,-98.371,2250,PU,MX,4,"['METAR', 'TAF']"
MMPE,MMPE,PPE,,,Puerto Peñasco Intl,31.354,-113.519,9,SO,MX,3,"['METAR', 'TAF']"
MMPG,MMPG,PDS,,76243,Piedras Negras Intl,28.63,-100.541,224,CH,MX,5,"['METAR', 'TAF']"
MMPN,MMPN,UPN,,,Uruapan Arpt,19.396,-102.041,1602,MI,MX,4,"['METAR', 'TAF']"
MMPQ,MMPQ,PQM,,,Palenque Intl,17.534,-92.017,48,CS,MX,4,"['METAR', 'TAF']"
MMPR,MMPR,PVR,,,Puerto Vallarta Intl,20.68,-105.25,6,JA,MX,2,"['METAR', 'TAF']"
MMPS,MMPS,PXM,,,Puerto Escondido Arpt,15.876,-97.093,65,OA,MX,3,"['METAR', 'TAF']"
MMQT,MMQT,QRO,,76625,Querétaro Intl,20.617,-100.194,1909,QT,MX,3,"['METAR', 'TAF']"
MMRX,MMRX,REX,,,Reynosa/Blanco Intl,26.01,-98.232,45,TM,MX,5,"['METAR', 'TAF']"
MMSD,MMSD,SJD,,,San Jose Del Cabo Intl,23.157,-109.72,107,BS,MX,5,"['METAR', 'TAF']"
MMSL,MMSL,,,,Cabo San Lucas Intl,22.948,-109.936,205,BS,MX,3,"['METAR', 'TAF']"
MMSM,MMSM,NLU,,,Santa Lucia,19.763,-99.002,2250,MX,MX,5,"['METAR', 'TAF']"
MMSP,MMSP,SLP,,76539,San Luis Potosi Intl,22.256,-100.93,1841,SL,MX,3,"['METAR', 'TAF']"
MMTB,MMTB,,,76843,Tuxtla Gutierrez/Ter,16.734,-93.174,583,CS,MX,6,"['METAR', 'TAF']"
MMTC,MMTC,TRC,,76382,Torreón Intl,25.564,-103.408,1128,CO,MX,1,"['METAR', 'TAF']"
MMTG,MMTG,TGZ,,,Tuxtla Gutierre Intl,16.571,-93.03,463,CS,MX,2,"['METAR', 'TAF']"
MMTJ,MMTJ,TIJ,,,Tijuana Intl,32.544,-116.982,150,BC,MX,7,"['METAR', 'TAF']"
MMTL,MMTL,TQO,,,Tulum Intl,20.1725,-87.6622,20,QR,MX,4,"['METAR', 'TAF']"
MMTM,MMTM,TAM,,,Tampico/Mina Intl,22.29,-97.863,21,TM,MX,1,"['METAR', 'TAF']"
MMTO,MMTO,TLC,,,Toluca Arpt,19.343,-99.568,2582,EM,MX,5,"['METAR', 'TAF']"
MMTP,MMTP,TAP,,,Tapachula Intl,14.795,-92.371,27,TM,MX,2,"['METAR', 'TAF']"
MMUN,MMUN,CUN,,76595,Cancún Intl,21.038,-86.855,13,QR,MX,2,"['METAR', 'TAF']"
MMVA,MMVA,VSA,,,Villahermosa/Perez Intl,17.998,-92.817,13,TB,MX,3,"['METAR', 'TAF']"
MMVR,MMVR,VER,,,Veracruz/Jara Intl,19.144,-96.189,26,VE,MX,2,"['METAR', 'TAF']"
MMZC,MMZC,ZCL,,,Zacatecas/Ruiz Intl,22.904,-102.68,2175,ZA,MX,3,"['METAR', 'TAF']"
MMZH,MMZH,ZIH,,,Ixtapa-Zihuatanejo Intl,17.605,-101.464,9,GR,MX,3,"['METAR', 'TAF']"
MMZO,MMZO,ZLO,,,Manzanillo/Oro Intl,19.147,-104.565,11,CL,MX,3,"['METAR', 'TAF']"
MMZP,MMZP,,,,Zapopan ,20.749,-103.465,1633,JA,MX,5,['METAR']
MNBF1,,,,,CMAN,-99.99,-99.99,9999,,,8,[]
MNBL,MNBL,BEF,,78745,Bluefields Arpt,11.995,-83.768,10,LE,NI,2,"['METAR', 'TAF']"
MNCH,MNCH,,,78739,Chinandega Arpt,12.638,-87.136,70,CD,NI,3,"['METAR', 'TAF']"
MNJG,MNJG,,,78734,Jinotega,13.141,-86.019,981,JI,NI,3,"['METAR', 'TAF']"
MNJU,MNJU,,,78735,Juigalpa,12.1,-85.367,85,CT,NI,4,['METAR']
MNMG,MNMG,MGA,,78741,Managua Intl,12.141,-86.177,59,MN,NI,2,"['METAR', 'TAF']"
MNMM4,,,,,Menominee,45.096,-87.59,176,MI,US,8,[]
MNPC,MNPC,PUZ,,78730,Puerto Cabezas Arpt,14.045,-83.388,10,AN,NI,3,"['METAR', 'TAF']"
MNPV2,,,,,Money Point,36.778,-76.302,2,VA,US,8,[]
MNRS,MNRS,,,78733,Rivas,11.417,-85.833,53,RV,NI,3,"['METAR', 'TAF']"
MOKH1,,,,,Mokuoloe,21.432,-157.79,5,HI,US,8,[]
MPBO,MPBO,BOC,,,Bocas Del Toro Arpt,9.341,-82.245,2,BO,PA,3,['METAR']
MPCH,MPCH,CHX,,,Changuinola Arpt,9.456,-82.517,6,BO,PA,5,['METAR']
MPCL1,,,,99444,Main Pass 133c,29.4,-88.6,0,LA,US,9,[]
MPDA,MPDA,DAV,,78793,David/Malek Intl,8.391,-82.434,15,CH,PA,2,"['METAR', 'TAF']"
MPEJ,MPEJ,ONX,,78783,Colon/Jimenez Arpt,9.358,-79.869,10,CO,PA,5,['METAR']
MPFS,MPFS,,,,Ft Sherman Roco,9.33,-79.98,52,,PA,9,['METAR']
MPHO,MPHO,BLB,,,Canal Zone/Howa,8.92,-79.6,16,,PA,9,"['METAR', 'TAF']"
MPLB,MPLB,,,,Albrook AFS / B,8.97,-79.55,9,,PA,9,['METAR']
MPMG,MPMG,PAC,,,Panama/Gelabert Intl,8.967,-79.555,6,PA,PA,6,"['METAR', 'TAF']"
MPNU,MPNU,,,,Augusto Vergara,7.83,-80.28,21,,PA,9,['METAR']
MPOA,MPOA,PUE,,,Puerto Obaldia Arpt,8.66,-77.42,1,,PA,9,['METAR']
MPPA,MPPA,,,,Panama Pacifico Arpt,8.909,-79.597,1,PA,PA,5,"['METAR', 'TAF']"
MPRH,MPRH,,,,Rio Hato/Martinez Arpt,8.376,-80.128,31,,PA,9,['METAR']
MPSA,MPSA,SYP,,78795,Santiago,8.087,-80.945,86,VR,PA,9,['METAR']
MPSM,MPSM,RIH,,,Scarlett Martinez Intl,8.386,-80.131,36,CO,PA,3,"['METAR', 'TAF']"
MPTO,MPTO,PTY,,78792,Tocumen Intl,9.056,-79.391,7,PA,PA,1,"['METAR', 'TAF']"
MPVR,MPVR,PVE,,78788,El Porvenir Arpt,9.558,-78.948,2,KY,PA,9,['METAR']
MQTT2,,,,,Malaquite Beach,27.58,-97.217,0,TX,US,8,[]
MRCH,MRCH,JAP,,,Chacarita,9.98,-84.78,2,,CR,4,['METAR']
MRCP1,,,,,Marcus Hook,39.812,-75.41,0,PA,US,6,[]
MRHO1,,,,,Marblehead,41.545,-82.732,178,OH,US,8,[]
MRKA2,,,,,Middle Rock Light,61.082,-146.662,0,AK,US,8,[]
MRLB,MRLB,LIR,,78774,Liberia/Oduber Intl,10.589,-85.552,79,G,CR,3,"['METAR', 'TAF']"
MRLM,MRLM,LIO,,78767,Limon Intl,9.961,-83.026,2,L,CR,3,"['METAR', 'TAF']"
MRNA2,,,,,Marmion Island,58.198,-134.257,4,AK,US,8,[]
MRNC,MRNC,NCT,,,Nicoya,10.15,-85.45,120,,CR,9,['METAR']
MROC,MROC,SJO,,78762,San José/Santamaria Arpt,9.991,-84.218,900,A,CR,0,"['METAR', 'TAF']"
MROS1,,,,,Springmaid Pier,33.655,-78.918,2,SC,US,8,[]
MRPM,MRPM,PMZ,,78772,Palmar Sur,8.948,-83.471,18,P,CR,9,['METAR']
MRPV,MRPV,SYQ,,78764,San Jose/Bolanos Intl,9.957,-84.141,998,SJ,CR,6,"['METAR', 'TAF']"
MRYA2,,,,,Mary Island,55.099,-131.182,4,AK,US,8,[]
MSAC,MSAC,,,78650,Acajutla/Sonsonate,13.576,-89.833,14,SO,SV,5,['METAR']
MSLP,MSLP,SAL,,78666,El Salvador Intl,13.438,-89.056,25,PA,SV,1,"['METAR', 'TAF']"
MSLU,MSLU,,,78672,La Union,13.332,-87.882,5,UN,SV,6,['METAR']
MSSA,MSSA,,,78655,Santa Ana/El Palmar,13.982,-89.549,656,SA,SV,4,['METAR']
MSSM,MSSM,,,78670,San Miguel/Papalon Arpt,13.45,-88.123,92,SM,SV,4,['METAR']
MSSS,MSSS,ILS,,78663,Ilopango Arpt,13.704,-89.123,611,SS,SV,4,"['METAR', 'TAF']"
MTBF1,,,,,Middle Tampa Bat,27.662,-82.6,0,FL,US,8,[]
MTCH,MTCH,CAP,,78409,Cap-Haitien Intl,19.734,-72.193,3,NE,HT,3,"['METAR', 'TAF']"
MTKN6,,,,,Montauk,41.048,-71.96,0,NY,US,8,[]
MTPP,MTPP,PAP,,78439,Port Au Prince Intl,18.577,-72.305,36,OU,HT,2,"['METAR', 'TAF']"
MTYC1,,,,,Monterey,36.605,-121.888,0,CA,US,8,[]
MUBA,MUBA,BCA,,,Baracoa ,20.36,-74.504,9,14,CU,9,['METAR']
MUBY,MUBY,BYM,,,Bayamo,20.396,-76.621,60,12,CU,9,['METAR']
MUCA,MUCA,AVI,,,Ciego Avila/Gomez Arpt,22.026,-78.791,101,,CU,4,"['METAR', 'TAF']"
MUCC,MUCC,CCC,,,Cayo Coco/Rey Arpt,22.456,-78.339,7,8,CU,3,"['METAR', 'TAF']"
MUCF,MUCF,CFG,,78244,Cienfuegos/Gonzales Arpt,22.159,-80.41,35,6,CU,4,"['METAR', 'TAF']"
MUCL,MUCL,CYO,,,Cayo Largo del Sur Arpt,21.621,-81.552,5,99,CU,3,"['METAR', 'TAF']"
MUCM,MUCM,CMW,,78255,Camaguey/Agramonte Intl,21.42,-77.85,125,9,CU,2,"['METAR', 'TAF']"
MUCU,MUCU,SCU,,78264,Santiago de Cuba Arpt,19.971,-75.837,70,13,CU,1,"['METAR', 'TAF']"
MUGM,MUGM,,,78367,Guantanamo Bayi/Point Arpt,19.909,-75.206,21,14,CU,4,"['METAR', 'TAF']"
MUGT,MUGT,GAO,,78267,Guantanamo,20.079,-75.157,20,14,CU,9,['METAR']
MUHA,MUHA,HAV,,78224,Havana/Martí Intl,22.991,-82.41,61,3,CU,1,"['METAR', 'TAF']"
MUHG,MUHG,HOG,,,Holguin/Pais Intl,20.786,-76.316,100,11,CU,3,"['METAR', 'TAF']"
MUKF1,,,,,CMAN,-99.99,-99.99,9999,,,8,[]
MUMO,MUMO,MOA,,,Moa ,20.65,-74.929,8,11,CU,9,['METAR']
MUMZ,MUMZ,MZO,,78256,Manzanillo/Maestra Intl,20.285,-77.095,32,12,CU,3,"['METAR', 'TAF']"
MUNG,MUNG,GER,,78221,Nueva Gerona ,21.838,-82.78,24,99,CU,9,"['METAR', 'TAF']"
MUPB,MUPB,,,,Playa Baracoa Arpt,23.033,-82.579,31,3,CU,6,['METAR']
MUPR,MUPR,,,,"Pinar Del Rio,",22.42,-83.68,37,,CU,9,['METAR']
MUSC,MUSC,SNU,,,Santa Clara/Santamaria Intl,22.494,-79.931,97,5,CU,3,"['METAR', 'TAF']"
MUVR,MUVR,VRA,,78229,Varadero/Gomez Arpt,23.033,-81.435,65,4,CU,3,"['METAR', 'TAF']"
MUVT,MUVT,VTU,,,Las Tunas/Hermanos Arpt,20.985,-76.939,99,10,CU,4,['METAR']
MVXA2,,,,,CMAN,-99.99,-99.99,9999,,,8,[]
MWCB,MWCB,CYB,,,Cayman Brac/Smith Arpt,19.688,-79.879,7,CB,KY,3,"['METAR', 'TAF']"
MWCR,MWCR,GCM,,78384,Grand Cayman/Roberts Intl,19.294,-81.357,4,GC,KY,0,"['METAR', 'TAF']"
MXXA2,,,,,CMAN,-99.99,-99.99,9999,,,8,[]
MYAF,MYAF,ASD,,,Andros Town Intl,24.689,-77.796,2,,BS,5,['METAR']
MYBS,MYBS,BIM,,,Alice Town,25.73,-79.3,3,,BS,9,['METAR']
MYCB,MYCB,TBI,,,New Bight Arpt,24.315,-75.452,2,,BS,4,['METAR']
MYEG,MYEG,,,78092,George Town Arpt,23.5,-75.767,3,EX,BS,6,['METAR']
MYEM,MYEM,GHB,,,Governors Harbor Arpt,25.285,-76.331,8,,BS,3,['METAR']
MYGF,MYGF,FPO,,78062,Freeport Intl,26.555,-78.698,2,WG,BS,3,"['METAR', 'TAF']"
MYGW,MYGW,WTD,,78061,"West End, Grand",26.7,-78.97,4,,BS,9,['METAR']
MYIG,MYIG,IGA,,78121,Matthew Town,20.975,-73.674,2,,BS,3,['METAR']
MYNN,MYNN,NAS,,78073,Nassau Intl,25.04,-77.467,5,NP,BS,2,"['METAR', 'TAF']"
MYPF1,,,,,Mayport,30.397,-81.43,0,FL,US,8,[]
MYSM,MYSM,ZSA,,78088,Cockburn Town Arpt,24.064,-74.529,5,,BS,3,['METAR']
MYXC1,,,,,CMAN,-99.99,-99.99,9999,,,8,[]
MZBZ,MZBZ,BZE,,78583,Belize/Goldson Intl,17.538,-88.309,6,BZ,BZ,1,"['METAR', 'TAF']"
MZXC1,,,,,Martinez-Amorco,38.033,-122.125,0,CA,US,8,[]
NABM4,,,,,Naubinway,46.087,-85.443,178,MI,US,5,[]
NAXR1,,,,,Narragansett Bay Res,41.639,-71.339,4,RI,US,8,[]
NBBA3,,,,,CMAN,-99.99,-99.99,9999,,,8,[]
NBGM3,,,,,CMAN,-99.99,-99.99,9999,,,8,[]
NBLP1,,,,,Newbold,40.137,-74.75,5,PA,US,6,[]
NCAI,NCAI,AIT,,91830,Cook Isl/Aitutaki Arpt,-18.829,-159.766,7,,CK,3,['METAR']
NCAT,NCAT,AIU,,,Cook Isl/Atui Enua,-19.968,-158.119,11,,CK,5,['METAR']
NCDV2,,,,,CMAN,-99.99,-99.99,9999,,,8,[]
NCHT2,,,,,Manchester,29.726,-95.266,4,TX,US,8,[]
NCMG,NCMG,MGS,,91848,Cook Isl/Mangaia Arpt,-21.896,-157.907,14,,CK,3,['METAR']
NCMH,NCMH,MHX,,91809,Cook Isl/Manihiki Arpt,-10.374,-161.004,1,,CK,0,['METAR']
NCMK,NCMK,MUK,,,Cook Isl/Mauke Arpt,-20.137,-157.344,13,,CK,2,['METAR']
NCMR,NCMR,MOI,,,Cook Isl/Mitiaro Arpt,-19.842,-157.703,8,,CK,4,['METAR']
NCNS,NCNS,,,,UNK,-99.99,-99.99,9999,,CK,8,[]
NCPK,NCPK,PZK,,91812,Cook Isl/Pukapuka Arpt,-10.915,-165.839,5,,CK,1,['METAR']
NCPL,NCPL,,,,,0,0,,,,6,['METAR']
NCPY,NCPY,PYE,,,Cook Isl/Penrhyn Arpt,-9.01,-158.034,2,,CK,2,['METAR']
NCRG,NCRG,RAR,,91843,Cook Isl/Rarotonga Arpt,-21.203,-159.806,7,,CK,1,"['METAR', 'TAF']"
NCRK,NCRK,,,,Cook Isl/Rakahanga,-10.032,-161.101,7,,CK,4,['METAR']
NCSW,NCSW,,,,UNK,-99.99,-99.99,9999,,CK,8,[]
NEAW1,,,,,Neah Way,48.368,-124.617,0,WA,US,8,[]
NEXC,NEXC,,,,Charleston,32.916,-79.979,11,SC,US,9,[]
NFBF1,,,,,NW Florida Bay,25.084,-81.096,0,FL,US,4,[]
NFDF1,,,,,St Johns River,30.4,-81.627,0,FL,US,8,[]
NFFN,NFFN,NAN,,91680,Nadi Intl,-17.755,177.443,14,WG,FJ,0,"['METAR', 'TAF']"
NFKD,NFKD,KDV,,91693,Vunisea Kadavu,-19.058,178.157,2,E,FJ,4,['METAR']
NFLB,NFLB,,,91690,Fiji/Laucala Bay,-18.15,178.45,8,C,FJ,9,['METAR']
NFNA,NFNA,SUV,,91683,Fiji/Nausori Intl,-18.043,178.559,6,C,FJ,3,"['METAR', 'TAF']"
NFNK,NFNK,LKB,,91691,Lakemba Arpt,-18.2,-178.816,87,E,FJ,3,['METAR']
NFNL,NFNL,LBS,,91657,Lambasa Arpt,-16.467,179.339,17,N,FJ,3,"['METAR', 'TAF']"
NFNM,NFNM,TVU,,91665,Matei Taveuni Isl,-16.691,-179.877,21,N,FJ,4,['METAR']
NFNR,NFNR,RTA,,91650,Rotuma Arpt,-12.483,177.071,24,R,FJ,2,['METAR']
NFNS,NFNS,SVU,,91663,Sususavu Arpt,-16.803,179.341,4,N,FJ,4,['METAR']
NFTF,NFTF,TBU,,91792,Tonga/Fua Amotu Intl,-21.241,-175.15,38,4,TO,1,"['METAR', 'TAF']"
NFTL,NFTL,HPA,,91784,Tonga/Lifuka Island/Ha'apai Arpt,-19.777,-174.34,10,2,TO,3,"['METAR', 'TAF']"
NFTO,NFTO,NFO,,,Niuafoou/Mataaho Arpt,-15.571,-175.633,49,,TO,3,['METAR']
NFTP,NFTP,NTT,,,Niuatoputapu Arpt,-15.977,-173.791,17,5,TO,2,['METAR']
NFTV,NFTV,VAV,,91783,Vavau Isl/Lupepau Arpt,-18.585,-173.9628,71,5,TO,4,"['METAR', 'TAF']"
NFVB,NFVB,,,,Vanuabalavu Arpt,-17.233,-178.95,52,E,FJ,4,['METAR']
NGBR,NGBR,BEZ,,91623,Beru,-1.355,176.007,3,G,KI,9,['METAR']
NGFO,NGFO,,,91631,Nanumea,-5.674,176.116,10,NM,TV,9,['METAR']
NGFU,NGFU,FUN,,91643,Funafuti Intl,-8.523,179.198,2,FU,TV,1,"['METAR', 'TAF']"
NGLT2,,,,,Port Ingleside,27.822,-97.203,0,TX,US,8,[]
NGTA,NGTA,TRW,,91610,Kiribati/Tarawa Intl,1.381,173.147,8,G,KI,2,"['METAR', 'TAF']"
NGTR,NGTR,AIS,,91629,Arorae,-2.654,176.832,10,G,KI,9,['METAR']
NGTT,NGTT,,,91602,Tarawa/Getio Island,1.355,172.921,10,G,KI,6,['METAR']
NGTU,NGTU,BBG,,91601,Butaritari,3.085,172.806,5,G,KI,9,['METAR']
NIAN6,,,,,Niagara Intake,43.077,-79.013,178,NY,US,8,[]
NIUE,NIUE,IUE,,,Niue/Hanan Intl,-19.079,-169.926,22,,NU,1,"['METAR', 'TAF']"
NIWS1,,,,,North Inlet-Winyah B,33.349,-79.193,3,SC,US,8,[]
NJLC1,,,,,CMAN,-99.99,-99.99,9999,,,8,[]
NKLA2,,,,,Nikolski White Alice,52.972,-168.855,0,AK,US,8,[]
NKTA2,,,,,Nikisiki,60.683,-151.398,0,AK,US,8,[]
NKXA2,,,,,CMAN,-99.99,-99.99,9999,,,8,[]
NLHC3,,,,,CMAN,-99.99,-99.99,9999,,,8,[]
NLMA3,,,,,CMAN,-99.99,-99.99,9999,,,8,[]
NLNC3,,,,,New London,41.355,-72.087,2,CT,US,8,[]
NLWF,NLWF,FUT,,91754,Maopoopo Ile Fu,-14.308,-178.117,24,,WF,9,"['METAR', 'TAF']"
NLWW,NLWW,WLS,,91753,Wallis Isl/Hihifo Arpt,-13.238,-176.199,24,,WF,2,"['METAR', 'TAF']"
NLXA2,,,,,CMAN,-99.99,-99.99,9999,,,8,[]
NMTA2,,,,,Nome/Norton Sound,64.5,-165.43,0,AK,US,8,[]
NMXA2,,,,,CMAN,-99.99,-99.99,9999,,,8,[]
NOXN7,,,,,North Carolina Reser,34.156,-77.851,5,NC,US,8,[]
NPDW3,,,,,Northport Pier,45.29,-86.978,178,WI,US,8,[]
NPSF1,,,,,Naples,26.13,-81.807,6,FL,US,8,[]
NPXN6,,,,,CMAN,-99.99,-99.99,9999,,,8,[]
NRRF1,,,,,CMAN,-99.99,-99.99,9999,,,8,[]
NSAP,NSAP,,,91762,Apia/Upolu Isl,-13.815,-171.781,4,TU,WS,9,"['METAR', 'TAF']"
NSFA,NSFA,APW,,91759,Apia/Faleolo Intl,-13.829,-171.993,6,AA,WS,3,"['METAR', 'TAF']"
NSTP6,,,,,Pago Pago,-14.28,-170.688,13,,,8,[]
NSTU,NSTU,PPG,PPG,91765,Pago Pago/Tafuna Intl,-14.337,-170.721,8,,AS,0,"['METAR', 'TAF']"
NSXA2,,,,,CMAN,-99.99,-99.99,9999,,,8,[]
NTAA,NTAA,PPT,,91938,Tahiti Island/Faaa Intl,-17.554,-149.607,2,WI,PF,0,"['METAR', 'TAF']"
NTAT,NTAT,TUB,,91954,Tubuai,-23.365,-149.524,2,TI,PF,9,['METAR']
NTBC1,,,,,Santa Barbara,34.408,-119.685,0,CA,US,8,[]
NTKM3,,,,,Nantucket Island,41.285,-70.097,0,MA,US,8,[]
NTTB,NTTB,BOB,,,Bora-Bora,-16.445,-151.752,6,LI,PF,9,"['METAR', 'TAF']"
NTTG,NTTG,RGI,,91941,Rangiroa/Tuamoto Isl,-14.95,-147.66,3,TG,PF,9,['METAR']
NTTO,NTTO,HOI,,91944,Hao/Tuamoto ,-18.075,-140.946,3,TG,PF,9,['METAR']
NTTX,NTTX,UOA,,,Mururoa,-21.811,-138.801,2,TG,PF,9,['METAR']
NUET2,,,,,Nueces Bay,27.833,-97.486,0,TX,US,8,[]
NVSC,NVSC,SLH,,91551,Sola/Vanua Lava Arpt,-13.852,167.537,11,TO,VU,3,"['METAR', 'TAF']"
NVSG,NVSG,LOD,,,Longana Arpt,-15.305,167.969,31,PA,VU,4,"['METAR', 'TAF']"
NVSL,NVSL,LPM,,91555,Malekula Isl/Lamap Arpt,-16.457,167.829,9,MA,VU,3,"['METAR', 'TAF']"
NVSP,NVSP,NUS,,,Norsup Arpt,-16.08,167.401,8,MA,VU,4,"['METAR', 'TAF']"
NVSS,NVSS,SON,,91554,Santo/Pekoa Intl,-15.505,167.22,47,SA,VU,1,"['METAR', 'TAF']"
NVVA,NVVA,AUY,,,Aneityum/Mystery Isl Arpt,-20.249,169.771,7,TA,VU,2,"['METAR', 'TAF']"
NVVV,NVVV,VLI,,91557,Efate/Bauerfield Intl,-17.695,168.313,23,SE,VU,2,"['METAR', 'TAF']"
NVVW,NVVW,TAH,,91565,Tanna Arpt,-19.455,169.224,5,TA,VU,3,"['METAR', 'TAF']"
NWCL1,,,,,New Canal,30.027,-90.113,8,LA,US,8,[]
NWHC3,,,,,New Haven,41.283,-72.908,0,CT,US,8,[]
NWPO3,,,,99428,Newport State B,44.613,-124.067,9,OR,US,6,[]
NWPR1,,,,,Newport,41.505,-71.327,0,RI,US,8,[]
NWWD,NWWD,KNQ,,,Koné Arpt,-21.054,164.837,7,NO,NC,3,['TAF']
NWWE,NWWE,ILP,,91596,Moue Ile Des Pins,-22.59,167.451,93,SU,NC,9,"['METAR', 'TAF']"
NWWH1,,,,,Nawiliwili,21.953,-159.355,0,HI,US,8,[]
NWWK,NWWK,KOC,,91577,Koumac Nlle-Cal,-20.559,164.284,23,NO,NC,9,"['METAR', 'TAF']"
NWWL,NWWL,LIF,,91582,Ouanaham Ile Lifou,-20.775,167.24,28,NO,NC,9,"['METAR', 'TAF']"
NWWM,NWWM,GEA,,,Noumea/Magenta Arpt,-22.258,166.473,3,SU,NC,5,['TAF']
NWWN,NWWN,,,91592,Noumea Nlle-Cal,-22.276,166.453,55,SU,NC,9,['METAR']
NWWR,NWWR,MEE,,91587,La Roche Ile Mare,-21.482,168.036,42,LO,NC,9,"['METAR', 'TAF']"
NWWU,NWWU,TOU,,,Touho Arpt,-20.79,165.259,3,LO,NC,5,['TAF']
NWWV,NWWV,UVE,,91579,Ouloup Ile Ouve,-20.641,166.573,7,LO,NC,9,"['METAR', 'TAF']"
NWWW,NWWW,NOU,,91590,La Tontouta Arpt,-22.015,166.213,16,SU,NC,0,"['METAR', 'TAF']"
NZAA,NZAA,AKL,,93119,Auckland Intl,-37.008,174.792,7,AU,NZ,0,"['METAR', 'TAF']"
NZCH,NZCH,CHC,,93780,Christchurch Intl,-43.489,172.528,36,CA,NZ,1,"['METAR', 'TAF']"
NZCI,NZCI,CHT,,,Chatham Island Arpt,-43.81,-176.457,13,CI,NZ,9,['METAR']
NZCM,NZCM,,,89664,McMurdo/Williams Fld,-77.85,166.667,24,NZ,AQ,6,['METAR']
NZDN,NZDN,DUD,,,Dunedin Arpt,-45.928,170.198,2,OT,NZ,9,['METAR']
NZFX,NZFX,,,,McMurdo/Phoenix Fld,-77.956,166.767,10,NZ,AQ,1,"['METAR', 'TAF']"
NZGS,NZGS,GIS,,93292,Gisborne Arpt,-38.659,177.985,6,GI,NZ,9,['METAR']
NZHK,NZHK,HKK,,,Hokitika Arpt,-42.714,170.985,45,WT,NZ,9,['METAR']
NZKI,NZKI,KBZ,,,Kaikoura,-42.42,173.7,101,,NZ,9,['METAR']
NZNP,NZNP,NPL,,,New Plymouth Arpt,-39.009,174.179,30,TK,NZ,9,['METAR']
NZNV,NZNV,IVC,,,Invercargill Arpt,-46.414,168.316,1,ST,NZ,9,['METAR']
NZOH,NZOH,OHA,,93401,Ohakea Arpt,-40.196,175.381,45,MW,NZ,3,"['METAR', 'TAF']"
NZPG,NZPG,,,89668,McMurdo/Pegasus Fld,-77.95,166.501,8,NZ,AQ,6,"['METAR', 'TAF']"
NZPP,NZPP,PPQ,,,Paraparaumu Arpt,-40.906,174.988,5,WG,NZ,9,['METAR']
NZQN,NZQN,ZQN,,,Queenstown Arpt,-45.021,168.739,356,OT,NZ,3,['TAF']
NZRN,NZRN,,,,Raoul Island,-29.244,-177.937,34,AU,NZ,9,['METAR']
NZRO,NZRO,ROT,,,Rotorua Arpt,-38.109,176.317,294,BO,NZ,9,['METAR']
NZSP,NZSP,,,89009,Amundsen-South Pole,-89.98,180,2830,NZ,AQ,0,"['METAR', 'TAF']"
NZTB,NZTB,,,,Terra Nova Bay,-74.7,164.15,0,NZ,AQ,2,['METAR']
NZTG,NZTG,TRG,,93186,Tauranga Arpt,-37.671,176.196,5,BO,NZ,9,['METAR']
NZWD,NZWD,,,89674,Williams Fld,-77.867,166.967,21,NZ,AQ,6,"['METAR', 'TAF']"
NZWN,NZWN,WLG,,93436,Wellington Intl,-41.331,174.806,12,WG,NZ,2,"['METAR', 'TAF']"
NZWP,NZWP,,,93112,Aukland/Whenuapai,-36.786,174.626,19,AU,NZ,6,['METAR']
OAFR,OAFR,FAH,,40974,Farah,32.366,62.166,673,FR,AF,9,['METAR']
OAFZ,OAFZ,FBD,,40904,Faizabad Arpt,37.12,70.518,1200,BD,AF,2,"['METAR', 'TAF']"
OAHR,OAHR,HEA,,40938,Herat Arpt,34.21,62.228,964,HE,AF,2,"['METAR', 'TAF']"
OAIX,OAIX,OAI,,,Bagram,34.946,69.265,1480,PA,AF,5,"['METAR', 'TAF']"
OAJL,OAJL,JAA,,40954,Jalalabad Arpt,34.401,70.497,559,NA,AF,3,"['METAR', 'TAF']"
OAJS,OAJS,,,40932,Jabul-Saraj,35.13,69.25,1630,,AF,9,['METAR']
OAKB,OAKB,KBL,,40948,Kabul Intl,34.566,69.212,1786,KA,AF,2,"['METAR', 'TAF']"
OAKN,OAKN,KDH,,40990,Kandahar Intl,31.506,65.848,1009,KA,AF,1,"['METAR', 'TAF']"
OAMS,OAMS,MZR,,40911,Mazar/Sharif Arpt,36.707,67.21,382,BA,AF,3,"['METAR', 'TAF']"
OASD,OASD,OAH,,40957,Shindand,33.391,62.261,1142,FR,AF,9,['METAR']
OASG,OASG,,,,Shebirghan,36.667,65.717,358,JO,AF,9,['METAR']
OAUZ,OAUZ,UND,,40913,Kunduz Arpt,36.665,68.911,446,KD,AF,3,"['METAR', 'TAF']"
OAZB,OAZB,,,,Zebak,36.5,71.25,2600,BD,AF,9,['METAR']
OAZG,OAZG,,,,Zaranj,31,61.85,490,NI,AF,9,[]
OBBI,OBBI,BAH,,41150,Bahrain Intl,26.271,50.634,6,MU,BH,4,"['METAR', 'TAF']"
OBGN6,,,,,Ogdensburg,44.703,-75.495,90,NY,US,8,[]
OBLA1,,,,,Mobile State Docks,30.708,-88.043,0,AL,US,8,[]
OBXC1,,,,,Oakland Berth 38,37.804,-122.342,3,CA,US,8,[]
OCIM2,,,,,Ocean City Inlet,38.328,-75.092,0,MD,US,8,[]
OCPN7,,,,,Ocean Crest Pier,33.908,-78.148,12,NC,US,8,[]
OEAB,OEAB,AHB,,41112,Abha Intl,18.24,42.657,2092,AS,SA,5,"['METAR', 'TAF']"
OEAH,OEAH,HOF,,40420,Al Ahsa Arpt,25.285,49.485,180,AS,SA,3,"['METAR', 'TAF']"
OEAO,OEAO,ULH,,40401,Alula Intl,26.483,38.117,615,AM,SA,3,"['METAR', 'TAF']"
OEAR,OEAR,,,,UNK,-99.99,-99.99,9999,,SA,9,[]
OEBA,OEBA,ABT,,41055,Al Baha Arpt,20.296,41.634,1659,BH,SA,3,"['METAR', 'TAF']"
OEBH,OEBH,BHH,,41084,Bisha Arpt,19.984,42.621,1167,AS,SA,2,"['METAR', 'TAF']"
OEDF,OEDF,DMM,,,Dammam/King Fahd Intl,26.45,49.817,15,AS,SA,6,"['METAR', 'TAF']"
OEDM,OEDM,,,40414,Dawadmi Arpt,24.45,44.121,922,RD,SA,3,"['METAR', 'TAF']"
OEDR,OEDR,DHA,,40416,Dhahran,26.265,50.152,17,AS,SA,2,"['METAR', 'TAF']"
OEDW,OEDW,DWD,,40435,Dawadmi,24.5,44.4,990,,SA,9,['METAR']
OEGN,OEGN,GIZ,,41140,Jazan/King Abdulaziz Arpt,16.901,42.586,5,JZ,SA,1,"['METAR', 'TAF']"
OEGS,OEGS,ELQ,,,Qassim Arpt,26.303,43.774,647,QS,SA,3,"['METAR', 'TAF']"
OEGT,OEGT,URY,,40360,Guriat Arpt,31.412,37.279,512,TB,SA,3,"['METAR', 'TAF']"
OEHL,OEHL,HAS,,40394,Hail Arpt,27.438,41.686,1002,HL,SA,2,"['METAR', 'TAF']"
OEJB,OEJB,,,,Al Jubail Arpt,27.039,49.405,6,AS,SA,4,"['METAR', 'TAF']"
OEJD,OEJD,,,,Jeddah,21.5,39.2,14,ML,SA,9,"['METAR', 'TAF']"
OEJN,OEJN,JED,,41024,Jeddah/King Abdulaziz Intl,21.685,39.166,8,ML,SA,0,"['METAR', 'TAF']"
OEKJ,OEKJ,,,,Al Kharj/Sultan,24.07,47.58,487,RD,SA,8,"['METAR', 'TAF']"
OEKK,OEKK,KMC,,,Hafar Al-Batin Arpt,27.901,45.528,420,AS,SA,4,"['METAR', 'TAF']"
OEKM,OEKM,KMX,,41114,Khamis Mushait Arpt,18.301,42.798,2038,AS,SA,3,"['METAR', 'TAF']"
OEMA,OEMA,MED,,40430,Madinah/Abdulaziz Intl,24.553,39.705,639,MD,SA,2,"['METAR', 'TAF']"
OEMH,OEMH,,,41006,Muwaih,22.433,41.75,967,ML,SA,3,['METAR']
OEMK,OEMK,,,,Makkah/Mecca Arpt,21.439,39.995,367,ML,SA,2,['METAR']
OEMN,OEMN,,,,UNK,-99.99,-99.99,9999,,SA,8,[]
OENG,OENG,EAM,,41128,Nejran Arpt,17.611,44.419,1210,NR,SA,3,"['METAR', 'TAF']"
OENI,OENI,,,,UNK,-99.99,-99.99,9999,,SA,8,[]
OEPA,OEPA,AQI,,40373,Al Qaisumah/Hafr Al-Batin Arpt,28.335,46.125,361,AS,SA,2,"['METAR', 'TAF']"
OEPS,OEPS,AKH,,,Al-Kharj/Sultan Arpt,24.063,47.581,503,RD,SA,3,"['METAR', 'TAF']"
OERF,OERF,RAH,,40362,Rafha Arpt,29.626,43.491,441,HS,SA,3,"['METAR', 'TAF']"
OERK,OERK,RUH,,40437,Riyadh/King Khaled Intl,24.945,46.702,618,RD,SA,1,"['METAR', 'TAF']"
OERR,OERR,RAE,,40357,Arar Arpt,30.907,41.138,554,HS,SA,3,"['METAR', 'TAF']"
OERS,OERS,,,,UNK,-99.99,-99.99,9999,TB,SA,8,"['METAR', 'TAF']"
OERY,OERY,,,40438,Riyadh ,24.71,46.725,611,RD,SA,5,"['METAR', 'TAF']"
OESH,OESH,SHW,,41136,Sharurah Arpt,17.467,47.121,720,NR,SA,2,"['METAR', 'TAF']"
OESK,OESK,AJF,,40361,Al-Jouf Arpt,29.785,40.1,671,AJ,SA,1,"['METAR', 'TAF']"
OETB,OETB,TUU,,40375,Tabuk Arpt,28.366,36.619,770,TB,SA,2,"['METAR', 'TAF']"
OETF,OETF,TIF,,41036,Taif Arpt,21.483,40.544,1460,ML,SA,4,"['METAR', 'TAF']"
OETR,OETR,TUI,,40356,Turaif Arpt,31.693,38.731,854,HS,SA,3,"['METAR', 'TAF']"
OEWD,OEWD,WAE,,41061,Wadi/Al Dawasir Arpt,20.504,45.197,629,RD,SA,1,"['METAR', 'TAF']"
OEWJ,OEWJ,EJH,,40400,Al Wejh Arpt,26.199,36.476,8,TB,SA,3,"['METAR', 'TAF']"
OEYN,OEYN,YNB,,40439,Yenbo/Moshin Bin Arpt,24.144,38.063,20,MD,SA,3,"['METAR', 'TAF']"
OHBC1,,,,,Los Angeles,33.72,-118.272,4,CA,US,8,[]
OIAA,OIAA,ABD,,40831,Abadan Intl,30.366,48.23,4,KZ,IR,5,"['METAR', 'TAF']"
OIAD,OIAD,DEF,,,Dezful Arpt,32.434,48.398,142,KZ,IR,4,['METAR']
OIAG,OIAG,AKW,,40833,Omidieh/Aghajan Arpt,30.74,49.684,17,KZ,IR,5,['METAR']
OIAH,OIAH,GCH,,40835,Gachsaran Arpt,30.336,50.83,730,KB,IR,3,['METAR']
OIAI,OIAI,,,40812,Masjed-Soleyman Arpt,32.001,49.27,357,KZ,IR,4,['METAR']
OIAM,OIAM,MRX,,,Bandar Mahshahr Arpt,30.556,49.152,7,KZ,IR,4,['METAR']
OIAW,OIAW,AWZ,,40811,Ahwaz Arpt,31.343,48.751,25,KZ,IR,2,"['METAR', 'TAF']"
OIBA,OIBA,AEU,,,Abumusa Isl Arpt,25.876,55.033,7,UQ,IR,5,['METAR']
OIBB,OIBB,BUZ,,40858,Bushehr Arpt,28.947,50.834,15,BS,IR,3,"['METAR', 'TAF']"
OIBH,OIBH,,,,Bastak Arpt,27.213,54.319,412,BS,IR,4,['METAR']
OIBJ,OIBJ,KNR,,,Jam/Tohid Arpt,27.82,52.352,647,BS,IR,5,['METAR']
OIBK,OIBK,KIH,,,Kish Island Arpt,26.526,53.98,27,HR,IR,3,"['METAR', 'TAF']"
OIBL,OIBL,BDH,,40883,Bandar Lengeh Arpt,26.532,54.825,25,HR,IR,4,['METAR']
OIBP,OIBP,PGU,,,Persian Gulf Intl,27.38,52.738,13,BS,IR,3,"['METAR', 'TAF']"
OIBQ,OIBQ,KHK,,40845,Khark Isl Arpt,29.259,50.324,3,BS,IR,5,['METAR']
OIBS,OIBS,SXI,,,Sirri Isl Arpt,25.903,54.548,4,HR,IR,4,['METAR']
OIBV,OIBV,LVP,,,Lavan Isl Arpt,26.81,53.356,23,HR,IR,4,['METAR']
OICC,OICC,KSH,,40766,Kermanshah Intl,34.346,47.158,1310,KR,IR,4,"['METAR', 'TAF']"
OICG,OICG,,,,Ghasre-Shirin,34.517,45.583,370,KR,IR,9,['METAR']
OICI,OICI,IIL,,,Ilan Arpt,33.588,46.397,1323,IL,IR,3,"['METAR', 'TAF']"
OICJ,OICJ,,,,Borujerd,33.893,48.755,1565,HM,IR,5,['METAR']
OICK,OICK,KHD,,,Khorram Abad Arpt,33.435,48.283,1156,LR,IR,3,['METAR']
OICM,OICM,,,,UNK,-99.99,-99.99,9999,,IR,9,[]
OICS,OICS,SDG,,40747,Sanandaj Arpt,35.245,47.009,1369,KR,IR,2,['METAR']
OIFK,OIFK,KKS,,40785,Kashan Arpt,33.895,51.577,1058,EF,IR,3,['METAR']
OIFM,OIFM,IFN,,40800,Esfahan Intl,32.752,51.866,1539,EF,IR,1,"['METAR', 'TAF']"
OIFS,OIFS,CQD,,40798,Shahre Kord Arpt,32.297,50.842,2042,CM,IR,3,['METAR']
OIGG,OIGG,RAS,,40719,Rasht/Jangal Arpt,37.325,49.606,-16,GI,IR,4,"['METAR', 'TAF']"
OIGK,OIGK,,,,Kermanshah Arpt,34.355,47.144,1314,KR,IR,6,['METAR']
OIHH,OIHH,HDM,,,Hamadan Arpt,34.869,48.553,1742,HM,IR,3,['METAR']
OIHM,OIHM,,,,Malayer,34.28,48.82,1744,HM,IR,4,['METAR']
OIHR,OIHR,AJK,,40769,Arak Arpt,34.138,49.847,1658,MK,IR,3,['METAR']
OIIE,OIIE,IKA,,40730,Tehran/Khomeini Intl,35.416,51.152,993,TH,IR,6,"['METAR', 'TAF']"
OIII,OIII,THR,,40754,Tehran/Mehrabad Intl,35.686,51.304,1182,TH,IR,1,"['METAR', 'TAF']"
OIIK,OIIK,GZW,,40731,Qazvin Arpt,36.243,50.045,1278,ZA,IR,3,['METAR']
OIIP,OIIP,PYK,,,Karaj/Payam Arpt,35.776,50.827,1270,TH,IR,6,"['METAR', 'TAF']"
OIIS,OIIS,SNX,,40757,Semnan Arpt,35.388,53.669,1115,SM,IR,3,['METAR']
OIKB,OIKB,BND,,40875,Bandarabbass Intl,27.218,56.378,6,HR,IR,2,"['METAR', 'TAF']"
OIKK,OIKK,KER,,40841,Kerman Arpt,30.251,56.964,1749,KR,IR,1,"['METAR', 'TAF']"
OIKM,OIKM,BXR,,40854,Bam Arpt,29.084,58.45,974,KR,IR,3,['METAR']
OIKO,OIKO,,,,Minab,27.1,57.083,32,HR,IR,5,['METAR']
OIKQ,OIKQ,GSM,,,Qeshm Island Intl,26.755,55.902,9,HR,IR,5,['METAR']
OIKR,OIKR,RJN,,,Rafsanjan Arpt,30.298,56.051,1603,KR,IR,4,['METAR']
OIMB,OIMB,XBJ,,40809,Birjand Intl,32.894,59.29,1512,KR,IR,2,"['METAR', 'TAF']"
OIMC,OIMC,CKT,,,Sarakhs Arpt,36.501,61.065,287,KR,IR,3,['METAR']
OIMD,OIMD,,,,Gonabad Arpt,34.38,58.638,1097,KR,IR,4,['METAR']
OIMH,OIMH,,,40762,Torbat-Heydarieh,35.267,59.217,1338,KR,IR,9,['METAR']
OIMJ,OIMJ,RUD,,,Shahroud Arpt,36.425,55.104,1285,SM,IR,4,['METAR']
OIMM,OIMM,MHD,,40745,Mashhad Intl,36.236,59.639,995,KR,IR,3,"['METAR', 'TAF']"
OIMN,OIMN,BJB,,40723,Bojnord Arpt,37.488,57.303,1065,KR,IR,4,['METAR']
OIMQ,OIMQ,,,,Kashmar Arpt,35.263,58.515,1150,KR,IR,2,['METAR']
OIMS,OIMS,AFZ,,40743,Sabzevar Arpt,36.171,57.6,920,KR,IR,4,['METAR']
OIMT,OIMT,TCX,,40791,Tabas Arpt,33.659,56.898,693,KR,IR,3,['METAR']
OINB,OINB,,,,Babolsar,36.71,52.65,-20,MZ,IR,5,['METAR']
OINE,OINE,KLM,,,Kalaleh Arpt,37.383,55.452,125,MZ,IR,3,['METAR']
OING,OING,GBT,,40738,Gorgan Arpt,36.908,54.404,0,MZ,IR,2,"['METAR', 'TAF']"
OINK,OINK,,,40735,Gonbad Ghabus Arpt,37.245,55.093,30,MZ,IR,6,['METAR']
OINN,OINN,NSH,,,Noshahr Arpt,36.663,51.465,-25,MZ,IR,4,['METAR']
OINR,OINR,RZR,,40732,Ramsar Arpt,36.91,50.68,-19,MZ,IR,3,['METAR']
OINZ,OINZ,SRY,,,Sari/Dasht E Naz Arpt,36.636,53.194,8,MZ,IR,3,"['METAR', 'TAF']"
OISA,OISA,,,40818,Abadeh Arpt,31.033,52.786,1949,FA,IR,3,['METAR']
OISF,OISF,FAZ,,40859,Fasa Arpt,28.895,53.72,1305,FA,IR,3,['METAR']
OISL,OISL,LRR,,,Lar Intl,27.67,54.375,804,FA,IR,3,"['METAR', 'TAF']"
OISR,OISR,LFM,,,Lamerd Intl,27.364,53.203,402,FA,IR,6,['METAR']
OISS,OISS,SYZ,,40848,Shiraz Intl,29.539,52.59,1484,FA,IR,2,"['METAR', 'TAF']"
OISY,OISY,YES,,,Yasouj Arpt,30.701,51.545,1800,KB,IR,4,"['METAR', 'TAF']"
OITK,OITK,KHY,,40703,Khoy Arpt,38.425,44.975,1192,WE,IR,4,['METAR']
OITL,OITL,ADU,,,Ardabil Intl,38.326,48.424,1314,EA,IR,5,"['METAR', 'TAF']"
OITM,OITM,ACP,,40713,Maragheh/Sahand Arpt,37.348,46.146,1340,AZ,IR,4,['METAR']
OITP,OITP,PFQ,,,Parsabad Moghan Arpt,39.604,47.882,72,AZ,IR,3,['METAR']
OITR,OITR,OMH,,40712,Orumieh Arpt,37.665,45.066,1312,WE,IR,3,"['METAR', 'TAF']"
OITS,OITS,,,40727,Saghez,36.25,46.267,1523,KR,IR,9,['METAR']
OITT,OITT,TBZ,,40706,Tabriz Intl,38.13,46.24,1353,EA,IR,2,"['METAR', 'TAF']"
OITU,OITU,IMQ,,,Maku,39.33,44.43,1364,WE,IR,4,['METAR']
OITZ,OITZ,JWN,,40729,Zanjan Arpt,36.772,48.363,1630,ZA,IR,3,"['METAR', 'TAF']"
OIYY,OIYY,AZD,,40821,Yazd/Sadooghi Intl,31.905,54.276,1226,KR,IR,3,"['METAR', 'TAF']"
OIZB,OIZB,ACZ,,40829,Zabol Arpt,31.094,61.546,483,SB,IR,3,['METAR']
OIZC,OIZC,ZBR,,,Chah-Bahar Arpt,25.445,60.383,13,SB,IR,1,"['METAR', 'TAF']"
OIZH,OIZH,ZAH,,40856,Zahedan Intl,29.472,60.901,1378,SB,IR,2,"['METAR', 'TAF']"
OIZI,OIZI,IHR,,40879,Iran-Shahr Arpt,27.236,60.72,622,SB,IR,3,['METAR']
OIZJ,OIZJ,JSK,,40893,Jask Arpt,25.653,57.798,6,HR,IR,3,['METAR']
OJAI,OJAI,AMM,,40272,Amman/Alia Intl,31.723,35.993,723,AM,JO,3,"['METAR', 'TAF']"
OJAM,OJAM,ADJ,,40270,Amman Arpt,31.973,35.992,765,AM,JO,5,"['METAR', 'TAF']"
OJAQ,OJAQ,AQJ,,40340,Aqaba/Hussein Intl,29.612,35.018,45,MN,JO,2,"['METAR', 'TAF']"
OJBD,OJBD,,,40255,Irbid,32.55,35.85,570,IR,JO,9,['METAR']
OJHF,OJHF,,,40260,H-Safawi/Hassan,32.161,37.149,673,MF,JO,9,['METAR']
OJHR,OJHR,,,40250,Ruwaished,32.5,38.2,691,MF,JO,9,['METAR']
OJMF,OJMF,OMF,,40265,Mafraq,32.356,36.259,676,MF,JO,9,['METAR']
OJMN,OJMN,MPQ,,40310,Malan,30.196,35.729,1120,MN,JO,9,['METAR']
OKAS,OKAS,,,,Al Jahra Ali Arpt,29.347,47.521,144,KU,KW,4,"['METAR', 'TAF']"
OKBK,OKBK,,,,Kuwait Intl,29.227,47.969,55,KU,KW,1,"['METAR', 'TAF']"
OKKK,OKKK,KWI,,40582,Kuwait Intl,29.227,47.969,55,KU,KW,1,"['METAR', 'TAF']"
OKXC1,,,,,Oakland/Berth 34,37.811,-122.333,0,CA,US,8,[]
OLBA,OLBA,BEY,,40100,Beirut Intl,33.82,35.491,29,JL,LB,3,"['METAR', 'TAF']"
OLCN6,,,,,Olcott Harbor,43.341,-78.719,75,NY,US,8,[]
OLSA2,,,,,Nokolski,52.941,-168.871,0,AK,US,8,[]
OMAA,OMAA,AUH,,41217,Abu Dhabi Intl,24.433,54.651,13,AZ,AE,0,"['METAR', 'TAF']"
OMAB,OMAB,,,,Buhasa,23.599,53.379,120,AZ,AE,9,['METAR']
OMAD,OMAD,AZI,,41216,Abu Dhabi/Bateen Arpt,24.428,54.458,9,AZ,AE,6,"['METAR', 'TAF']"
OMAH,OMAH,,,,Al Hamra Arpt,24.074,52.464,4,AZ,AE,6,['METAR']
OMAJ,OMAJ,,,,Jebel Dhana Arpt,24.187,52.614,13,AZ,AE,3,['METAR']
OMAL,OMAL,AAN,,41218,Al Ain Intl,24.262,55.609,247,AZ,AE,3,"['METAR', 'TAF']"
OMAM,OMAM,DHF,,,Abu Dhabi/Al Dhafra,24.248,54.548,13,AZ,AE,6,['METAR']
OMDB,OMDB,DXB,,41194,Dubai Intl,25.254,55.366,5,DU,AE,3,"['METAR', 'TAF']"
OMDL,OMDL,ZDY,,,Delma Isl Arpt,24.503,52.335,25,DU,AE,5,['METAR']
OMDM,OMDM,NHD,,,Dubai Al Minhad,25.027,55.366,42,DU,AE,6,['METAR']
OMDW,OMDW,DWC,,,Dubai/Al Maktoum Intl,24.897,55.161,34,DU,AE,5,"['METAR', 'TAF']"
OMFJ,OMFJ,FJR,,41198,Fujairah Intl,25.112,56.324,27,FU,AE,3,"['METAR', 'TAF']"
OMHC1,,,,,Oakland Middle Harbor,37.8,-122.33,7,CA,US,8,[]
OMLW,OMLW,,,,Medina Zayed,23.651,53.824,116,AZ,AE,9,[]
OMRK,OMRK,RKT,,41184,Ras Al Khaimah Intl,25.613,55.939,18,RK,AE,4,"['METAR', 'TAF']"
OMSJ,OMSJ,SHJ,,41196,Sharjah Intl,25.329,55.517,33,SH,AE,5,"['METAR', 'TAF']"
OMSN,OMSN,,,,Sir Abu Nair,25.217,54.234,7,UQ,AE,4,['METAR']
OOAD,OOAD,,,,Adam Airbase,22.5,57.37,327,,OM,3,['METAR']
OOBR,OOBR,RMB,,41244,Buraimi,24.242,55.784,292,BU,OM,9,"['METAR', 'TAF']"
OODQ,OODQ,,,,Duqm Intl,19.511,57.657,116,,OM,2,"['METAR', 'TAF']"
OOFD,OOFD,FAU,,41262,Fahud,22.348,56.49,167,AZ,OM,9,['METAR']
OOKB,OOKB,KHS,,,Khassab Arpt,26.168,56.239,30,MU,OM,3,"['METAR', 'TAF']"
OOMA,OOMA,MSH,,41288,Masirah ),20.672,58.889,19,SH,OM,9,['METAR']
OOMS,OOMS,MCT,,41256,Muscat/Seeb Intl,23.595,58.298,8,MA,OM,2,"['METAR', 'TAF']"
OOSA,OOSA,SLL,,41316,Salalah Arpt,17.044,54.102,20,MA,OM,0,"['METAR', 'TAF']"
OOSH,OOSH,OHS,,,Suhar Intl,24.388,56.624,35,BS,OM,3,"['METAR', 'TAF']"
OOSQ,OOSQ,,,41254,Saiq Arpt,23.074,57.646,1983,DA,OM,9,"['METAR', 'TAF']"
OOSR,OOSR,SUH,,41268,Sur,22.538,59.479,14,SH,OM,9,"['METAR', 'TAF']"
OOTH,OOTH,TTH,,41314,Thumrait ,17.681,54.024,448,ZU,OM,9,"['METAR', 'TAF']"
OOUH1,,,,,Honolulu,21.307,-157.867,5,HI,US,8,[]
OPBW,OPBW,BHV,,,Bahawalpur Arpt,29.347,71.712,120,PB,PK,4,['TAF']
OPDG,OPDG,DEA,,,Dera Ghazi Khan Intl,29.961,70.486,150,PB,PK,4,['TAF']
OPDI,OPDI,DSK,,41624,Dera Ismail Khan Arpt,31.909,70.897,180,PB,PK,9,['METAR']
OPFA,OPFA,LYP,,,Faisalabad Intl,31.365,72.995,180,,PK,3,"['METAR', 'TAF']"
OPGD,OPGD,GWD,,41757,Gwadar Intl,25.233,62.33,9,BA,PK,3,"['METAR', 'TAF']"
OPIS,OPIS,ISB,,,Islamabad/Gandhara Intl,33.551,72.827,542,IS,PK,0,"['METAR', 'TAF']"
OPJA,OPJA,JAG,,41715,Jacobabad Arpt,28.282,68.453,56,SD,PK,9,['METAR']
OPJI,OPJI,JIW,,41756,Jiwani,25.068,61.805,57,BA,PK,9,['METAR']
OPKC,OPKC,KHI,,41780,Karachi/Jinnah Intl,24.902,67.139,20,SD,PK,0,"['METAR', 'TAF']"
OPKD,OPKD,HDD,,41764,Hyderabad Arpt,25.318,68.366,44,SD,PK,9,['METAR']
OPLA,OPLA,LHE,,41641,Lahore/Iqbal Intl,31.522,74.404,217,PB,PK,2,"['METAR', 'TAF']"
OPLH,OPLH,,,41640,Lahore City,31.55,74.333,219,PB,PK,9,['METAR']
OPMI,OPMI,MWD,,41592,Mianwali,32.562,71.562,211,PB,PK,9,['METAR']
OPMT,OPMT,MUX,,41675,Multan Intl,30.203,71.419,122,PB,PK,1,"['METAR', 'TAF']"
OPNH,OPNH,WNS,,41749,Nawabshah Arpt,26.219,68.386,30,SD,PK,3,"['METAR', 'TAF']"
OPPG,OPPG,PJG,,41739,Panjgur,26.954,64.132,995,BA,PK,9,['METAR']
OPPS,OPPS,PEW,,,Peshawar/Khan Intl,33.996,71.515,356,KP,PK,3,"['METAR', 'TAF']"
OPQT,OPQT,UET,,41660,Quetta Airport,30.251,66.938,1587,BA,PK,9,['METAR']
OPRK,OPRK,RYK,,41716,Rahim Yar Khan/Zayed Arpt,28.384,70.279,83,PB,PK,3,['TAF']
OPRN,OPRN,,,41571,Islamabad/Nur Khan Arpt,33.617,73.099,502,IS,PK,7,"['METAR', 'TAF']"
OPRS,OPRS,,,41533,Risalpur,34.081,71.973,316,KP,PK,9,['METAR']
OPSB,OPSB,SBQ,,41697,Sibi,29.55,67.883,144,BA,PK,9,['METAR']
OPSK,OPSK,SKZ,,,Sukkur Arpt,27.722,68.792,62,SD,PK,2,"['METAR', 'TAF']"
OPSR,OPSR,SGI,,41594,Sargodha,32.049,72.665,186,PB,PK,9,['METAR']
OPST,OPST,SKT,,41599,Sailkot Arpt,32.536,74.364,234,PB,PK,4,"['METAR', 'TAF']"
OPTF1,,,,,Old Port Tampa,27.858,-82.553,0,FL,US,8,[]
ORAA,ORAA,IQA,,,Al Asad Arpt,33.786,42.441,188,AN,IQ,3,['METAR']
ORAQ,ORAQ,,,,Al Qaim,34.383,41.017,180,AN,IQ,3,['METAR']
ORBB,ORBB,BMN,,,Baghdad,33.233,44.233,34,BG,IQ,9,['METAR']
ORBD,ORBD,,,,Balad,33.94,44.362,45,SD,IQ,4,"['METAR', 'TAF']"
ORBI,ORBI,BGW,,40650,Baghdad Intl,33.263,44.235,37,BG,IQ,0,"['METAR', 'TAF']"
ORBM,ORBM,OSM,,40608,Mosul Arpt,36.306,43.147,213,NI,IQ,4,"['METAR', 'TAF']"
ORBS,ORBS,,,,Saddam,33.263,44.235,37,BG,IQ,9,"['METAR', 'TAF']"
ORER,ORER,EBL,,,Erbil Intl,36.232,43.951,399,AR,IQ,2,"['METAR', 'TAF']"
ORIN7,,,,,Oregon Inlet Marina,35.795,-75.548,0,NC,US,8,[]
ORKK,ORKK,KIK,,,Kirkuk Arpt,35.469,44.3494,331,TM,IQ,4,"['METAR', 'TAF']"
ORMM,ORMM,BSR,,40689,Basrah Intl,30.549,47.662,2,BA,IQ,3,"['METAR', 'TAF']"
ORMS,ORMS,,,,Shaibah/Basra,30.419,47.647,18,BA,IQ,9,['METAR']
ORNI,ORNI,NJF,,40670,Al Najaf Intl,31.99,44.405,33,NA,IQ,3,"['METAR', 'TAF']"
ORQW,ORQW,,,,Qayyarah Arpt,35.767,43.125,228,NI,IQ,4,['METAR']
ORSH,ORSH,,,,Tikrit/Al Sahra,34.67,43.539,130,SD,IQ,3,['METAR']
ORSU,ORSU,ISU,,,Sulaymaniyah Intl,35.56,45.318,760,SU,IQ,3,"['METAR', 'TAF']"
ORTL,ORTL,XNH,,,Tallil/Ali,30.936,46.09,6,DQ,IQ,3,['METAR']
OSAP,OSAP,ALP,,40007,Aleppo Intl,36.183,37.218,390,HL,SY,3,"['METAR', 'TAF']"
OSDI,OSDI,DAM,,40080,Damascus Intl,33.411,36.516,614,DI,SY,2,"['METAR', 'TAF']"
OSDZ,OSDZ,DEZ,,40045,Dayr az Zawr Arpt,35.285,40.185,208,DZ,SY,2,['METAR']
OSGN6,,,,,Oswego,43.463,-76.512,78,NY,US,8,[]
OSKL,OSKL,KAC,,40001,Kamishly Arpt,37.029,41.199,443,HA,SY,2,"['METAR', 'TAF']"
OSLK,OSLK,LTK,,40025,Latakia/Assad Intl,35.402,35.949,47,LA,SY,3,"['METAR', 'TAF']"
OSPR,OSPR,PMS,,,Palmyra,34.557,38.309,402,HI,SY,9,['METAR']
OTBD,OTBD,DIA,,41170,Doha Intl,25.261,51.565,13,DA,QA,7,"['METAR', 'TAF']"
OTBH,OTBH,XJD,,,Doha/Al Udeid AB,25.117,51.315,40,RA,QA,5,"['METAR', 'TAF']"
OTHH,OTHH,DOH,,,Doha/Hamad Intl,25.273,51.609,3,DA,QA,3,"['METAR', 'TAF']"
OTNM4,,,,,CMAN,-99.99,-99.99,9999,,,8,[]
OVIA2,,,,,Seldovia,59.44,-151.72,0,AK,US,8,[]
OWMO1,,,,,CMAN,-99.99,-99.99,9999,,,8,[]
OWXO1,,,,,CMAN,-99.99,-99.99,9999,,,8,[]
OYAA,OYAA,ADE,,41480,Aden Intl,12.829,45.029,3,AD,YE,0,"['METAR', 'TAF']"
OYAG,OYAG,,,,Al-Ghaidah Arpt,16.195,52.173,36,MR,YE,3,['METAR']
OYAR,OYAR,,,,Riyan Arpt,14.663,49.376,19,HD,YE,6,['METAR']
OYAS,OYAS,,,41341,Abs Arpt,16.011,43.174,175,HJ,YE,5,['METAR']
OYAT,OYAT,AXK,,41437,Ataq Arpt,14.546,46.828,1136,SH,YE,3,['METAR']
OYDM,OYDM,,,41434,Dhamar,14.554,44.411,2404,DH,YE,4,['METAR']
OYGD,OYGD,AAY,,,Al Ghaidah Intl,16.192,52.175,37,MR,YE,3,['METAR']
OYHD,OYHD,HOD,,,Hodeida Intl,14.753,42.976,115,HU,YE,3,"['METAR', 'TAF']"
OYHJ,OYHJ,,,41391,Hajjah,15.694,43.606,1807,HJ,YE,5,['METAR']
OYIB,OYIB,,,41452,Ibb,13.97,44.333,1920,IB,YE,6,['METAR']
OYMB,OYMB,MYN,,,Marib Arpt,15.47,45.327,1100,MA,YE,3,['METAR']
OYMC,OYMC,,,,Dhubab,12.95,43.42,4,TA,YE,9,['METAR']
OYMK,OYMK,UKR,,,Mokha,13.317,43.248,1,TA,YE,4,['METAR']
OYRN,OYRN,RIY,,,Mukalla/Ryan Arpt,14.663,49.375,17,HD,YE,3,"['METAR', 'TAF']"
OYSH,OYSH,SYE,,,Sadah Arpt,16.968,43.73,1884,SD,YE,4,['METAR']
OYSN,OYSN,SAH,,,Sana'A/El Rahaba Intl,15.481,44.22,2191,SD,YE,3,"['METAR', 'TAF']"
OYSQ,OYSQ,SCT,,,Socotra Arpt,12.631,53.906,33,HD,YE,2,['METAR']
OYSY,OYSY,GXF,,,Sayun Arpt,15.966,48.788,701,HD,YE,3,"['METAR', 'TAF']"
OYTZ,OYTZ,TAI,,,Taiz Arpt,13.686,44.139,1385,TA,YE,3,"['METAR', 'TAF']"
OYZM,OYZM,,,,Al-Hazm,16.205,44.79,1122,JA,YE,9,['METAR']
PAAD,PAAD,,,,Point Thomson Arpt,70.136,-146.29,8,AK,US,4,['METAR']
PAAK,PAAK,AKB,AKA,,Atka Arpt,52.219,-174.208,11,AK,US,0,['METAR']
PAAM,PAAM,,,,Gambell ,63.77,-171.73,8,AK,US,9,[]
PAAP,PAAP,PTD,AHP,,Port Alexander,56.247,-134.648,4,AK,US,4,['METAR']
PAAQ,PAAQ,PAQ,PAQ,70274,Palmer Muni,61.59505,-149.09172,68,AK,US,5,"['METAR', 'TAF']"
PABA,PABA,BTI,BTI,70086,Barter Island Arpt,70.135,-143.585,1,AK,US,1,['METAR']
PABE,PABE,BET,BET,70219,Bethel Arpt,60.78505,-161.82928,28,AK,US,1,"['METAR', 'TAF']"
PABG,PABG,BVU,BLG,,Big Delta Arctic,64,-145.72,389,AK,US,9,[]
PABI,PABI,BIG,BIG,70267,Ft Greely/Allen Fld,63.99312,-145.72136,388,AK,US,2,"['METAR', 'TAF']"
PABL,PABL,BKC,BVK,,Buckland Arpt,65.979,-161.146,7,AK,US,3,['METAR']
PABN,PABN,,,,Nabesna/Devils Mtn Lodge,62.398,-142.995,880,AK,US,5,['METAR']
PABR,PABR,BRW,BRW,70026,Utqiaġvik,71.28369,-156.78427,6,AK,US,0,"['METAR', 'TAF']"
PABT,PABT,BTT,BTT,70174,Bettles Arpt,66.91757,-151.51888,195,AK,US,2,"['METAR', 'TAF']"
PABV,PABV,,BCV,,Birchwood Arpt,61.416,-149.511,21,AK,US,5,['METAR']
PABX,PABX,,,,Birchwood,61.42,-149.52,29,AK,US,9,[]
PACD,PACD,CDB,CDB,70316,Cold Bay Arpt,55.22069,-162.73231,23,AK,US,1,"['METAR', 'TAF']"
PACF1,,,,,Panama City,30.152,-85.667,8,FL,US,8,[]
PACL,PACL,,Z84,,Clear Arpt,64.305,-149.117,165,AK,US,9,[]
PACM,PACM,SCM,SCM,,Scammon Bay Arpt,61.846,-165.579,3,AK,US,5,['METAR']
PACP,PACP,,,,Cape Saint Elia,59.8,-144.6,18,AK,US,9,[]
PACR,PACR,IRC,CRC,,Circle City Arpt,65.828,-144.076,182,AK,US,9,['METAR']
PACS,PACS,WSF,,,Cape Sarichef Arpt,54.582,-164.914,88,AK,US,9,[]
PACT2,,,,,Packery Channel,27.633,-97.237,10,TX,US,8,[]
PACV,PACV,CDV,CDV,70296,Cordova/Smith Arpt,60.48601,-145.44455,15,AK,US,3,"['METAR', 'TAF']"
PACX,PACX,CXF,CXF,,Coldfoot Arpt,67.252,-150.204,319,AK,US,5,['METAR']
PACY,PACY,CYT,,,Yakataga ,60.08,-142.5,11,AK,US,9,[]
PACZ,PACZ,CZF,CZF,70212,Cape Romanzof Arpt,61.776,-166.043,129,AK,US,6,"['METAR', 'TAF']"
PADE,PADE,DRG,DEE,,Deering Arpt,66.06955,-162.76128,5,AK,US,3,['METAR']
PADG,PADG,RDB,DGG,,Red Dog Arpt,68.028,-162.911,296,AK,US,4,['METAR']
PADK,PADK,ADK,ADK,70454,Adak ,51.881,-176.644,3,AK,US,3,"['METAR', 'TAF']"
PADL,PADL,DLG,DLG,70321,Dillingham Arpt,59.04,-158.507,20,AK,US,6,"['METAR', 'TAF']"
PADM,PADM,MLL,MDM,,Marshall/Hunter Arpt,61.865,-162.033,17,AK,US,5,['METAR']
PADQ,PADQ,ADQ,ADQ,70350,Kodiak Arpt,57.75072,-152.48809,5,AK,US,2,"['METAR', 'TAF']"
PADT,PADT,,,,Slana Arpt,62.725,-143.921,738,AK,US,9,['METAR']
PADU,PADU,DUT,DUT,70489,Dutch Harbor/Unalaska Arpt,53.896,-166.543,4,AK,US,0,"['METAR', 'TAF']"
PAEC,PAEC,,,,Chulitna Astrp,62.886,-149.583,389,AK,US,4,[]
PAED,PAED,EDF,EDF,70272,Anchorage/Elmendorf AFB,61.25,-149.837,54,AK,US,5,"['METAR', 'TAF']"
PAEG,PAEG,EAA,EAA,,Eagle Arpt,64.77614,-141.16351,273,AK,US,2,['METAR']
PAEH,PAEH,EHM,EHM,70305,Cape Newenham Arpt,58.652,-162.062,101,AK,US,4,"['METAR', 'TAF']"
PAEI,PAEI,EIL,EIL,70265,Fairbanks/Eielson AFB,64.654,-147.094,166,AK,US,4,"['METAR', 'TAF']"
PAEL,PAEL,ELV,ELV,,Elfin Cove,58.196,-136.347,8,AK,US,6,['METAR']
PAEM,PAEM,EMK,ENM,,Emmonak Arpt,62.785,-164.488,2,AK,US,3,['METAR']
PAEN,PAEN,ENA,ENA,70259,Kenai Muni,60.579,-151.242,30,AK,US,3,"['METAR', 'TAF']"
PAER,PAER,,,,Merrill Pass West,61.25,-153.82,358,AK,US,4,['METAR']
PAFA,PAFA,FAI,FAI,70261,Fairbanks Intl,64.8031,-147.87606,130,AK,US,0,"['METAR', 'TAF']"
PAFB,PAFB,FBK,FBK,,Fairbanks/Ladd AAF,64.836,-147.614,137,AK,US,5,"['METAR', 'TAF']"
PAFC,PAFC,,,,Anchorage,61.15627,-149.984,9999,AK,US,9,[]
PAFE,PAFE,,AFE,,Kake Arpt,56.961,-133.91,1,AK,US,3,['METAR']
PAFG,PAFG,,,,Fairbanks,64.85913,-147.85125,9999,AK,US,9,[]
PAFK,PAFK,,FKK,,Farewell Lake,62.543,-153.617,335,AK,US,4,['METAR']
PAFL,PAFL,,TNW,,Farewell Lake/Tin Creek,62.531,-153.612,361,AK,US,9,[]
PAFM,PAFM,ABL,AFM,,Ambler Arpt,67.106,-157.858,79,AK,US,1,['METAR']
PAFN,PAFN,,,,Funter Bay,58.25,-134.88,0,AK,US,9,['METAR']
PAFR,PAFR,FRN,FRN,70270,Ft Richardson/Bryant AAF,61.263,-149.66,106,AK,US,7,['METAR']
PAFS,PAFS,NIB,FSP,,Nikolai Arpt,63.015,-154.367,131,AK,US,5,['METAR']
PAFW,PAFW,FWL,,,Farewell Arpt,62.509,-153.892,323,AK,US,9,[]
PAFY,PAFY,,,,Fort Yukon ,66.57,-145.27,131,AK,US,9,[]
PAGA,PAGA,GAL,GAL,70222,Galena Arpt,64.738,-156.92,39,AK,US,1,"['METAR', 'TAF']"
PAGB,PAGB,GBH,GBH,,Galbraith Lake Arpt,68.48,-149.494,822,AK,US,4,['METAR']
PAGH,PAGH,,SHG,,Shungnak Arpt,66.886,-157.159,56,AK,US,5,['METAR']
PAGK,PAGK,GKN,GKN,70271,Gulkana Arpt,62.15916,-145.4588,481,AK,US,1,"['METAR', 'TAF']"
PAGL,PAGL,GLV,GLV,,Golovin Arpt,64.548,-163.013,20,AK,US,4,['METAR']
PAGM,PAGM,GAM,GAM,70204,Gambell Arpt,63.777,-171.735,6,AK,US,1,['METAR']
PAGN,PAGN,AGN,AGN,70383,Angoon,57.502,-134.589,2,AK,US,3,['METAR']
PAGP2,,,,99451,Pagan/N. Marian,18,145.43,2,,MP,9,[]
PAGS,PAGS,GST,GST,70367,Gustavus Arpt,58.425,-135.707,9,AK,US,3,"['METAR', 'TAF']"
PAGT,PAGT,NME,IGT,,Nightmute Arpt,60.469,-164.704,4,AK,US,9,[]
PAGY,PAGY,SGY,SGY,70362,Skagway Arpt,59.457,-135.322,7,AK,US,2,"['METAR', 'TAF']"
PAHC,PAHC,HCR,HCA,,Holy Cross Arpt,62.191,-159.773,21,AK,US,4,['METAR']
PAHL,PAHL,HSL,HLA,,Huslia Arpt,65.699,-156.353,49,AK,US,2,['METAR']
PAHN,PAHN,HNS,HNS,,Haines Arpt,59.243,-135.511,15,AK,US,5,"['METAR', 'TAF']"
PAHO,PAHO,HOM,HOM,70341,Homer Arpt,59.642,-151.491,6,AK,US,2,"['METAR', 'TAF']"
PAHP,PAHP,HPB,HPB,,Hooper Bay Arpt,61.519,-166.138,8,AK,US,2,['METAR']
PAHT,PAHT,,,,Amchitka,51.38,179.27,69,AK,US,9,[]
PAHV,PAHV,,HRR,,Healy River Arpt,63.866,-148.97,387,AK,US,9,['METAR']
PAHX,PAHX,SHX,SHX,,Shageluk Arpt,62.688,-159.566,20,AK,US,6,['METAR']
PAHY,PAHY,HYG,HYG,,Hydaburg,55.202,-132.825,0,AK,US,3,['METAR']
PAHZ,PAHZ,,,,Hayes River,61.98,-152.08,305,AK,US,9,['METAR']
PAIG,PAIG,IGG,IGG,,Igiugig Arpt,59.325,-155.897,24,AK,US,4,['METAR']
PAII,PAII,EGX,EII,,Egegik Arpt,58.186,-157.375,31,AK,US,5,['METAR']
PAIK,PAIK,IAN,IAN,,Kiana/Baker Mem Arpt,66.975,-160.439,49,AK,US,5,['METAR']
PAIL,PAIL,ILI,ILI,70340,Iliamna Arpt,59.74922,-154.90905,44,AK,US,3,"['METAR', 'TAF']"
PAIM,PAIM,UTO,UTO,70173,Indian Mtn Arpt,65.994,-153.695,309,AK,US,3,"['METAR', 'TAF']"
PAIN,PAIN,MCL,INR,,McKinley Park Arpt,63.733,-148.912,525,AK,US,3,['METAR']
PAIW,PAIW,WAA,IWK,,Wales Arpt,65.621,-168.093,6,AK,US,2,['METAR']
PAIZ,PAIZ,,,,Lazy Mtn/Wolver,61.63,-149.03,236,AK,US,9,['METAR']
PAJB,PAJB,,,,Biorka Island,56.85,-135.53,15,AK,US,9,[]
PAJC,PAJC,,AJC,,Chignik Arpt,56.312,-158.374,10,AK,US,2,['METAR']
PAJK,PAJK,,,,Juneau,58.4001,-134.56975,9999,AK,US,9,[]
PAJN,PAJN,JNU,JNU,70381,Juneau Intl,58.354,-134.55607,6,AK,US,0,"['METAR', 'TAF']"
PAJO,PAJO,,,,Hinchinbrook/Johnsto,60.482,-146.584,14,AK,US,9,[]
PAJV,PAJV,,,,Sutton,61.72,-148.88,265,AK,US,9,['METAR']
PAJZ,PAJZ,KGK,JZZ,,Koliganek Arpt,59.727,-157.267,80,AK,US,2,['METAR']
PAKF,PAKF,KFP,KFP,,False Pass Arpt,54.85,-163.409,2,AK,US,5,['METAR']
PAKH,PAKH,AKK,AKK,,Akhiok Arpt,56.94,-154.181,15,AK,US,3,['METAR']
PAKI,PAKI,KPN,IIK,,Kipnuk Arpt,59.935,-164.033,4,AK,US,2,['METAR']
PAKK,PAKK,KKA,KKA,,Koyuk Arpt,64.939,-161.156,56,AK,US,3,['METAR']
PAKN,PAKN,AKN,AKN,70326,King Salmon Arpt,58.683,-156.656,20,AK,US,1,"['METAR', 'TAF']"
PAKO,PAKO,IKO,IKO,,Nikolski ,52.95,-168.85,21,AK,US,9,[]
PAKP,PAKP,AKP,AKP,,Anaktuvuk Pass Arpt,68.136,-151.74,649,AK,US,1,['METAR']
PAKT,PAKT,KTN,KTN,70395,Ketchikan Intl,55.35917,-131.7219,27,AK,US,2,"['METAR', 'TAF']"
PAKU,PAKU,UUK,UBW,,Kuparuk Arpt,70.331,-149.613,23,AK,US,5,['METAR']
PAKV,PAKV,KAL,KAL,,Kaltag Arpt,64.321,-158.732,53,AK,US,3,['METAR']
PAKW,PAKW,KLW,AKW,,Klawock Arpt,55.582,-133.075,7,AK,US,4,"['METAR', 'TAF']"
PAKX,PAKX,,05K,,Wilder/Natwick Arpt,60.198,-154.323,88,AK,US,7,['METAR']
PALG,PALG,KLG,KLG,,Kalskag Arpt,61.538,-160.34,13,AK,US,6,['METAR']
PALH,PALH,,LHD,,Lake Hood,61.179,-149.962,26,AK,US,6,['METAR']
PALJ,PALJ,PTA,05K,,Port Alsworth Arpt,60.204,-154.316,88,AK,US,4,['METAR']
PALK,PALK,,,,Snowshoe Lake Arpt,62.033,-146.675,736,AK,US,5,['METAR']
PALP,PALP,,,,Deadhorse/Alpine Arstrp,70.348,-150.928,4,AK,US,6,['METAR']
PALR,PALR,WCR,WCR,,Chandalar Lake Arpt,67.504,-148.483,579,AK,US,9,['METAR']
PALU,PALU,LUR,LUR,70104,Cape Lisburne Arpt,68.873,-166.101,8,AK,US,1,"['METAR', 'TAF']"
PALV,PALV,,,,Big River Lake,60.82,-152.301,12,AK,US,9,['METAR']
PAMB,PAMB,KMO,MBA,,Manokotak Arpt,58.986,-159.05,28,AK,US,4,['METAR']
PAMC,PAMC,MCG,MCG,70231,McGrath Arpt,62.957,-155.61,101,AK,US,1,"['METAR', 'TAF']"
PAMD,PAMD,MDO,MDO,70343,Middleton Isl Arpt,59.442,-146.317,20,AK,US,2,['METAR']
PAMH,PAMH,LMA,MHM,70246,Minchumina Arpt,63.889,-152.292,200,AK,US,2,['METAR']
PAMK,PAMK,SMK,SMK,,St Michael Arpt,63.484,-162.115,31,AK,US,3,['METAR']
PAML,PAML,MLY,MLY,,Manley Hot Springs Arpt,64.992,-150.637,78,AK,US,4,['METAR']
PAMM,PAMM,MTM,MTM,,Metlakatla,55.131,-131.578,0,AK,US,7,['METAR']
PAMO,PAMO,MOU,MOU,,Mountain Village Arpt,62.095,-163.686,93,AK,US,6,['METAR']
PAMR,PAMR,MRI,MRI,,Anchorage/Merrill Fld,61.215,-149.85,43,AK,US,6,['METAR']
PAMX,PAMX,MXY,15Z,,McCarthy Arpt,61.441,-142.895,452,AK,US,2,['METAR']
PAMY,PAMY,MYU,MYU,,Mekoryuk Arpt,60.376,-166.262,14,AK,US,1,['METAR']
PANA,PANA,WNA,WNA,,Napakiak Arpt,60.694,-161.978,7,AK,US,6,['METAR']
PANC,PANC,ANC,ANC,70273,Anchorage Intl,61.16914,-150.02774,39,AK,US,0,"['METAR', 'TAF']"
PANI,PANI,ANI,ANI,70232,Aniak Arpt,61.578,-159.539,21,AK,US,2,['METAR']
PANN,PANN,ENN,ENN,70260,Nenana Muni,64.547,-149.087,110,AK,US,3,['METAR']
PANR,PANR,FNR,FNR,,Funter Bay,58.254,-134.897,0,AK,US,9,[]
PANT,PANT,ANN,ANN,,Annette Island Arpt,55.038,-131.577,29,AK,US,6,['METAR']
PANU,PANU,,NUL,,Nulato Arpt,64.7304,-158.0752,117,AK,US,4,['METAR']
PANV,PANV,ANV,ANV,,Anvik Arpt,62.647,-160.191,91,AK,US,2,['METAR']
PANW,PANW,KNW,KNW,,New Stuyahok Arpt,59.451,-157.325,100,AK,US,5,['METAR']
PAOH,PAOH,HNH,HNH,,Hoonah,58.108,-135.448,0,AK,US,5,['METAR']
PAOM,PAOM,OME,OME,70200,Nome Arpt,64.51113,-165.44006,6,AK,US,0,"['METAR', 'TAF']"
PAOO,PAOO,OOK,OOK,,Tooksok Bay Arpt,60.537,-165.089,15,AK,US,4,['METAR']
PAOR,PAOR,ORT,ORT,70291,Northway Arpt,62.962,-141.938,524,AK,US,1,"['METAR', 'TAF']"
PAOT,PAOT,OTZ,OTZ,70133,Kotzebue/Wien Mem,66.886,-162.607,3,AK,US,2,"['METAR', 'TAF']"
PAOU,PAOU,NLG,OUL,,Nelson Lagoon Arpt,56.006,-161.162,3,AK,US,3,['METAR']
PAPB,PAPB,STG,PBV,,St George Arpt,56.576,-169.663,33,AK,US,5,['METAR']
PAPC,PAPC,KPC,KPC,70119,Port Clarence,65.262,-166.851,4,AK,US,9,['METAR']
PAPE,PAPE,,PEV,,Perryville Arpt,55.9096,-159.1595,15,AK,US,3,['METAR']
PAPG,PAPG,PSG,PSG,70386,Petersburg Arpt,56.805,-132.935,24,AK,US,5,"['METAR', 'TAF']"
PAPH,PAPH,PTH,PTH,70333,Port Heiden Arpt,56.959,-158.631,29,AK,US,2,['METAR']
PAPM,PAPM,PTU,PTU,,Platinum Arpt,59.011,-161.82,4,AK,US,5,['METAR']
PAPN,PAPN,PIP,PNP,,Pilot Point Arpt,57.578,-157.569,19,AK,US,3,['METAR']
PAPO,PAPO,PHO,PHO,,Point Hope Arpt,68.345,-166.807,4,AK,US,3,['METAR']
PAPR,PAPR,PPC,PPC,,Prospect Creek Arpt,66.814,-150.647,324,AK,US,5,['METAR']
PAPT,PAPT,,,70249,Puntilla Lake Arpt,62.087,-152.722,577,AK,US,3,['METAR']
PAQH,PAQH,KWN,AQH,,Quinhagak Arpt,59.751,-161.842,8,AK,US,6,['METAR']
PAQT,PAQT,NUI,AQT,,Nuiqsut Arpt,70.213,-150.994,11,AK,US,3,"['METAR', 'TAF']"
PARC,PARC,ARC,ARC,,Arctic Village Arpt,68.113,-145.576,626,AK,US,1,['METAR']
PARL,PARL,CEM,,,Central Arpt,65.57,-144.77,284,AK,US,9,['METAR']
PARS,PARS,RSH,RSH,,Russian Mission Arpt,61.78,-161.321,15,AK,US,4,['METAR']
PARY,PARY,RBY,RBY,,Ruby Arpt,64.731,-155.463,185,AK,US,3,['METAR']
PASA,PASA,SVA,SVA,,Savoonga Arpt,63.689,-170.49,9,AK,US,5,['METAR']
PASC,PASC,SCC,SCC,,Deadhorse Arpt,70.191,-148.48,17,AK,US,1,"['METAR', 'TAF']"
PASD,PASD,SDP,SDP,,Sand Point Arpt,55.318,-160.525,6,AK,US,3,"['METAR', 'TAF']"
PASH,PASH,SHH,SHH,,Shishmaref Arpt,66.252,-166.084,3,AK,US,2,['METAR']
PASI,PASI,SIT,SIT,70371,Sitka/Gutierrez Arpt,57.047,-135.364,2,AK,US,2,"['METAR', 'TAF']"
PASK,PASK,WLK,WLK,,Selawik Arpt,66.599,-159.991,3,AK,US,2,['METAR']
PASL,PASL,SLQ,SLQ,,Sleetmute Arpt,61.697,-157.167,64,AK,US,3,['METAR']
PASM,PASM,KSM,KSM,,St Marys Arpt,62.057,-163.298,108,AK,US,2,['METAR']
PASN,PASN,SNP,SNP,70308,St Paul Island Arpt,57.155,-170.223,8,AK,US,1,"['METAR', 'TAF']"
PASO,PASO,SOV,SOV,,Seldovia Arpt,59.443,-151.702,20,AK,US,5,['METAR']
PASP,PASP,SMU,SMU,,Sheep Mtn Arpt,61.812,-147.506,838,AK,US,9,['METAR']
PASV,PASV,SVW,SVW,70235,Sparrevohn Arpt,61.101,-155.577,462,AK,US,1,"['METAR', 'TAF']"
PASW,PASW,SKW,SKW,,Skwentna Arpt,61.965,-151.187,45,AK,US,4,['METAR']
PASX,PASX,SXQ,SXQ,,Soldotna Arpt,60.476,-151.053,28,AK,US,6,['METAR']
PASY,PASY,SYA,SYA,70414,Shemya/Eareckson Arpt,52.711,174.107,6,AK,US,0,"['METAR', 'TAF']"
PATA,PATA,TAL,TAL,70178,Tanana/Calhoun Mem,65.173,-152.107,62,AK,US,1,"['METAR', 'TAF']"
PATC,PATC,TNC,TNC,70117,Tin City Arpt,65.562,-167.924,77,AK,US,6,"['METAR', 'TAF']"
PATE,PATE,TLA,TER,74923,Teller Arpt,65.242,-166.328,93,AK,US,3,['METAR']
PATG,PATG,TOG,TOG,,Togiak Arpt,59.051,-160.398,1,AK,US,2,['METAR']
PATJ,PATJ,,,,Tok,63.32,-142.72,509,AK,US,9,[]
PATK,PATK,TKA,TKA,70251,Talkeetna Arpt,62.319,-150.097,107,AK,US,2,"['METAR', 'TAF']"
PATL,PATL,TLJ,TLJ,,Tatalina Arpt,62.893,-155.977,261,AK,US,6,"['METAR', 'TAF']"
PATO,PATO,,,,Portage Glacier,60.783,-148.843,47,AK,US,3,['METAR']
PATQ,PATQ,ATK,ATK,,Atqasuk/Burnell Mem,70.469,-157.428,28,AK,US,2,['METAR']
PATW,PATW,,TTW,,Cantwell Arpt,63.392,-148.956,675,AK,US,9,['METAR']
PAUA2,,,,,CMAN,-99.99,-99.99,9999,,,8,[]
PAUB,PAUB,,,,Kuparuk Arpt,70.32,-149.58,20,AK,US,9,[]
PAUD,PAUD,,,,Prudhoe Bay,70.25,-148.33,14,AK,US,9,['METAR']
PAUM,PAUM,UMT,UMT,,Umiat Arpt,69.371,-152.139,79,AK,US,4,['METAR']
PAUN,PAUN,UNK,UNK,70207,Unalakleet Arpt,63.885,-160.794,4,AK,US,1,"['METAR', 'TAF']"
PAUO,PAUO,WOW,UUO,,Willow Arpt,61.754,-150.052,61,AK,US,9,['METAR']
PAUT,PAUT,KQA,7AK,,Akutan Arpt,54.145,-165.604,25,AK,US,5,['METAR']
PAVA,PAVA,VAK,VAK,,Chevak Arpt,61.537,-165.604,14,AK,US,6,['METAR']
PAVC,PAVC,KVC,KVC,,King Cove Arpt,55.115,-162.271,48,AK,US,5,['METAR']
PAVD,PAVD,VDZ,VDZ,,Valdez Arpt,61.133,-146.251,21,AK,US,2,"['METAR', 'TAF']"
PAVL,PAVL,KVL,KVL,,Kivalina Arpt,67.731,-164.548,6,AK,US,2,['METAR']
PAVW,PAVW,,,,Valdez,61.13,-146.35,10,AK,US,9,['METAR']
PAWD,PAWD,SWD,SWD,70277,Seward Arpt,60.129,-149.418,3,AK,US,2,['METAR']
PAWG,PAWG,WRG,WRG,70387,Wrangell Arpt,56.486,-132.377,6,AK,US,2,"['METAR', 'TAF']"
PAWI,PAWI,AIN,AWI,70030,Wainwright Arpt,70.637,-160.013,12,AK,US,2,['METAR']
PAWM,PAWM,WMO,WMO,,White Mouintain Arpt,64.688,-163.41,80,AK,US,6,['METAR']
PAWN,PAWN,WTK,WTK,,Noatak Arpt,67.567,-162.977,26,AK,US,3,['METAR']
PAWR,PAWR,,IEM,,Whittier,60.773,-148.685,12,AK,US,9,['METAR']
PAWS,PAWS,WWA,IYS,,Wasilla Arpt,61.571,-149.538,102,AK,US,3,['METAR']
PAWT,PAWT,,,,Noatak,67.57,-162.98,30,AK,US,9,[]
PAXA2,,,,,CMAN,-99.99,-99.99,9999,,,8,[]
PAXK,PAXK,,PXK,,Paxson,63.026,-145.498,805,AK,US,9,['METAR']
PAYA,PAYA,YAK,YAK,70361,Yakutat Arpt,59.512,-139.671,9,AK,US,1,"['METAR', 'TAF']"
PAZK,PAZK,,,,Eureka,61.938,-147.169,1002,AK,US,3,['METAR']
PBFW1,,,,,Padilla Bay Reserve,48.464,-122.468,0,WA,US,8,[]
PBTI,PBTI,,,,Barter Island DEW,70.13,-143.58,2,AK,US,9,[]
PBWM4,,,,,CMAN,-99.99,-99.99,9999,,,8,[]
PCBF1,,,,,Panama City Beach,30.213,-85.88,0,FL,US,8,[]
PCGT2,,,,,South Padre Isl,26.077,-97.177,0,TX,US,8,[]
PCLF1,,,,,Pensacola,30.403,-87.212,0,FL,US,8,[]
PCLM4,,,,,Portage Canal,47.276,-88.528,195,MI,US,8,[]
PCNT2,,,,,Matagorda Bay,28.452,-96.388,0,TX,US,4,[]
PCOC1,,,,,Port Chicago,38.057,-122.038,4,CA,US,8,[]
PCXA2,,,,,CMAN,-99.99,-99.99,9999,,,8,[]
PDVR1,,,,,CMAN,-99.99,-99.99,9999,,,8,[]
PEGF1,,,,,CMAN,-99.99,-99.99,9999,,,8,[]
PEXA2,,,,,CMAN,-99.99,-99.99,9999,,,8,[]
PFCB,PFCB,,C05,,Chenega Bay Arpt,60.07855,-147.99474,22,AK,US,3,['METAR']
PFCL,PFCL,CLP,CLP,,Clarks Point Arpt,58.837,-158.526,23,AK,US,6,['METAR']
PFDC1,,,,,CMAN,-99.99,-99.99,9999,,,8,[]
PFEL,PFEL,ELI,ELI,,Elim Arpt,64.616,-162.272,50,AK,US,5,['METAR']
PFKO,PFKO,,2A9,,Kotlik Arpt,63.0334,-163.5323,13,AK,US,3,['METAR']
PFKT,PFKT,KTS,KTS,,Brevig Mission Arpt,65.33,-166.479,8,AK,US,6,['METAR']
PFKW,PFKW,KWT,KWT,,Kwethluk Arpt,60.793,-161.44,4,AK,US,6,['METAR']
PFNO,PFNO,ORV,D76,,Noorvik/Curtis Mem,66.819,-161.024,14,AK,US,6,['METAR']
PFNU,PFNU,,,,Oooguruk Isl,70.495,-150.254,8,AK,US,6,['METAR']
PFSH,PFSH,SKK,2C7,,Shaktoolik Arpt,64.367,-161.217,6,AK,US,4,['METAR']
PFTO,PFTO,,6K8,,Tok Junction Arpt,63.329,-142.954,500,AK,US,5,['METAR']
PFWS,PFWS,WSN,WSN,,South Naknek Arpt,58.704,-157.005,40,AK,US,6,['METAR']
PFXC1,,,,,Los Angeles Pier,33.748,-118.268,4,CA,US,8,[]
PFYU,PFYU,FYU,FYU,70194,Fort Yukon Arpt,66.572,-145.243,130,AK,US,2,['METAR']
PFZK,PFZK,,Z13,,Akiachak Arpt,60.9156,-161.4884,16,AK,US,6,['METAR']
PGAC,PGAC,,,,Guam,13.55,144.833,105,,GU,9,[]
PGBP7,,,,,Guam/Pago Bay,13.428,144.797,7,,GU,8,[]
PGNT,PGNT,,,,Sabanettan / Ti,15,145.6,80,,GU,9,['METAR']
PGRO,PGRO,ROP,GRO,91221,Rota Intl,14.172,145.24,181,,MP,4,"['METAR', 'TAF']"
PGSN,PGSN,SPN,GSN,91232,Saipan/Ada Intl,15.116,145.72,65,,MP,5,"['METAR', 'TAF']"
PGUA,PGUA,UAM,UAM,91218,Guam/Andersen AFB,13.583,144.918,159,,GU,6,"['METAR', 'TAF']"
PGUM,PGUM,GUM,GUM,91212,Guam/Pat Intl,13.47964,144.7958,74,,GU,1,"['METAR', 'TAF']"
PGWT,PGWT,TIQ,TNI,,Tinian/San Jose Arpt,14.997,145.624,84,,MP,2,"['METAR', 'TAF']"
PGXA2,,,,,CMAN,-99.99,-99.99,9999,,,8,[]
PHBK,PHBK,BKH,BKH,91162,Kekaha/Barking Sands Arpt,22.034,-159.783,5,HI,US,5,['METAR']
PHBP1,,,,,Philadelphia,39.933,-75.142,6,PA,US,7,[]
PHHI,PHHI,HHI,HHI,91170,Wheeler,21.478,-158.044,246,HI,US,5,"['METAR', 'TAF']"
PHHN,PHHN,HNM,HNM,,Hana Arpt,20.794,-156.015,20,HI,US,4,['METAR']
PHIK,PHIK,,,,Hickam AFB,21.32,-157.92,7,HI,US,9,"['METAR', 'TAF']"
PHJH,PHJH,JHM,JHM,,Lahaina/West Maui Arpt,20.963,-156.675,67,HI,US,6,"['METAR', 'TAF']"
PHJR,PHJR,JRF,JRF,91178,Kalaeloa Arpt,21.312,-158.07,9,HI,US,5,"['METAR', 'TAF']"
PHKO,PHKO,KOA,KOA,,Keahole Point/Kona Intl,19.73782,-156.04796,11,HI,US,4,"['METAR', 'TAF']"
PHLI,PHLI,LIH,LIH,91165,Lihue Arpt,21.98047,-159.33864,32,HI,US,3,"['METAR', 'TAF']"
PHMK,PHMK,MKK,MKK,91186,Molokai Arpt,21.15447,-157.09613,135,HI,US,4,"['METAR', 'TAF']"
PHMU,PHMU,MUE,MUE,,Waimea/Kohala Arpt,19.998,-155.674,809,HI,US,5,[]
PHNA,PHNA,,,,Oahu/Barbers Pt,21.32,-158.07,9,HI,US,9,[]
PHNG,PHNG,NGF,NGF,91176,Kaneohe Bay ,21.45,-157.763,1,HI,US,5,"['METAR', 'TAF']"
PHNL,PHNL,HNL,HNL,91182,Honolulu Intl,21.31505,-157.924,2,HI,US,0,"['METAR', 'TAF']"
PHNY,PHNY,LNY,LNY,,Lanai Arpt,20.783,-156.955,395,HI,US,5,"['METAR', 'TAF']"
PHOG,PHOG,OGG,OGG,91190,Kahului Arpt,20.8887,-156.43453,14,HI,US,3,"['METAR', 'TAF']"
PHSF,PHSF,BSF,BSF,,Bradshaw,19.758,-155.557,1863,HI,US,6,"['METAR', 'TAF']"
PHTO,PHTO,ITO,ITO,91285,Hilo Intl,19.71909,-155.04897,9,HI,US,2,"['METAR', 'TAF']"
PHWH,PHWH,,,,South Kona/Hawa,19.1,-155.75,808,HI,US,9,[]
PILA2,,,,,Pilot Rock,59.742,-149.47,24,AK,US,5,[]
PILL1,,,,,Pilot Town,29.178,-89.258,10,LA,US,6,[]
PILM4,,,,99409,Passage Island,48.223,-88.367,195,MI,US,5,[]
PKBW3,,,,,CMAN,-99.99,-99.99,9999,,,8,[]
PKMJ,PKMJ,MAJ,MAJ,91376,Marshall Isl Intl,7.065,171.269,2,T,MH,6,"['METAR', 'TAF']"
PKMR,PKMR,,,,Majuro Atoll,7.09,171.383,7,T,MH,1,['METAR']
PKWA,PKWA,KWA,KWA,91366,Kwajalein/Bucholz AA,8.72,167.724,6,L,MH,0,"['METAR', 'TAF']"
PKYF1,,,,,CMAN,-99.99,-99.99,9999,,,8,[]
PLCH,PLCH,CXI,,91490,Christmas Isl/Cassidy Intl,1.988,-157.349,5,L,KI,0,"['METAR', 'TAF']"
PLFA,PLFA,,,,Fanning Island,3.854,-159.361,10,L,KI,9,['METAR']
PLSF1,,,,,CMAN,-99.99,-99.99,9999,,,8,[]
PLSP4,,,,,Penuelas,17.973,-66.762,3,,PR,8,[]
PLXA2,,,,,Port Alexander,56.247,-134.647,3,AK,US,8,[]
PMAF1,,,,,Port Manatee,27.637,-82.563,4,FL,US,8,[]
PMDY,PMDY,MDY,MDY,91066,Midway Island Arpt,28.206,-177.382,6,MQ,UM,0,"['METAR', 'TAF']"
PMNT2,,,,,Port Mansfield,26.565,-97.43,0,TX,US,8,[]
PMOA2,,,,,Port Moller,55.986,-160.574,13,AK,US,8,[]
PNGW3,,,,,Port Wing,46.792,-91.386,184,WI,US,8,[]
PNLM4,,,,,Port Inland,45.97,-85.971,179,MI,US,8,[]
PNLM6,,,,,Pascagoula/NOAA Lab,30.358,-88.567,0,MS,US,8,[]
POKA,POKA,,4KA,,Tununak,60.5695,-165.2463,19,AK,US,6,['METAR']
POLI,POLI,,,,Oliktok Distant,70.5,-149.88,5,AK,US,9,['METAR']
PORO3,,,,,Port Orford,42.74,-124.497,8,OR,US,8,[]
PORT2,,,,,Port Arthur,29.867,-93.93,10,TX,US,8,[]
POTA2,,,,,Potato Point,61.06,-146.7,0,AK,US,6,[]
PPIT,PPIT,,16A,,Nunapitchuk Arpt,60.905,-162.443,4,AK,US,5,['METAR']
PPIZ,PPIZ,PIZ,PIZ,70121,Point Lay Arpt,69.735,-163.003,5,AK,US,2,['METAR']
PPNU,PPNU,,,,Nuiqsut Arpt,70.213,-150.994,11,AK,US,6,['METAR']
PPTA1,,,,,Perdido Pass,30.279,-87.556,5,AL,US,8,[]
PPTM2,,,,,Piney Point,38.133,-76.533,0,MD,US,8,[]
PPXA2,,,,,CMAN,-99.99,-99.99,9999,,,8,[]
PPXC1,,,,,Richmond,37.906,-122.365,0,CA,US,8,[]
PRDA2,,,,,Prudhoe Bay,70.4,-148.527,4,AK,US,8,[]
PRHH1,,,,,CMAN,-99.99,-99.99,9999,,,8,[]
PRIM4,,,,,Presque Isle Light,45.356,-83.492,184,MI,US,8,[]
PRJC1,,,,,Long Beach Pier,33.733,-118.186,4,CA,US,8,[]
PRTA2,,,,,Point Retreat,58.412,-134.953,30,AK,US,8,[]
PRUR1,,,,,CMAN,-99.99,-99.99,9999,,,8,[]
PRYC1,,,,,Point Reyes,37.997,-122.975,0,CA,US,8,[]
PSBC1,,,,,Pittsburg/Suisun Bay,38.042,-121.887,0,CA,US,8,[]
PSBM1,,,,,Eastport,44.903,-66.985,6,ME,US,8,[]
PSCM4,,,,,Port Sanilac,43.422,-82.536,178,MI,US,8,[]
PSLC1,,,,,Port San Luis,35.177,-120.76,0,CA,US,8,[]
PSTL1,,,,,Pilots Station East,28.932,-89.407,24,LA,US,8,[]
PSTN6,,,,,Sturgeon Point,42.691,-79.047,180,NY,US,8,[]
PSXC1,,,,,CMAN,-99.99,-99.99,9999,,,8,[]
PTAC1,,,,99412,Point Arena,38.955,-123.74,17,CA,US,5,[]
PTAT2,,,,99411,Port Aransas,27.828,-97.05,5,TX,US,5,[]
PTAW1,,,,,Port Angeles,48.125,-123.44,0,WA,US,8,[]
PTBM6,,,,,Petit Bois Island,30.213,-88.5,6,MS,US,8,[]
PTCR1,,,,,Potter Cove,41.637,-71.339,0,RI,US,8,[]
PTGC1,,,,99421,Point Arguello,34.577,-120.648,12,CA,US,6,[]
PTIM4,,,,,Point Iroquois,46.485,-84.632,186,MI,US,8,[]
PTIT2,,,,,Port Isabel,26.06,-97.215,10,TX,US,8,[]
PTKK,PTKK,TKK,TKK,91334,Meno Isl/Chuuk Intl,7.462,151.843,3,TR,FM,0,"['METAR', 'TAF']"
PTKR,PTKR,,,,Palau/Koror Island,7.34,134.49,6,KO,PW,6,['METAR']
PTLA2,,,,,Portland Island,58.346,-134.752,4,AK,US,8,[]
PTOA1,,,,,CMAN,-99.99,-99.99,9999,,,8,[]
PTPN,PTPN,PNI,PNI,,Pohnpeo Intl,6.986,158.21,3,PN,FM,6,"['METAR', 'TAF']"
PTRO,PTRO,ROR,ROR,91408,Palau/Tmetochl Intl,7.367,134.544,30,KO,PW,1,"['METAR', 'TAF']"
PTRP4,,,,,Puntas Rincon,18.367,-67.251,4,,PR,8,[]
PTSA,PTSA,KSA,TTK,91356,Kosrae Intl,5.352,162.956,3,KS,FM,1,"['METAR', 'TAF']"
PTTP,PTTP,,,91348,Pohnpei,6.96,158.21,36,PN,FM,1,['METAR']
PTWW1,,,,,Port Townsend,48.112,-122.758,7,WA,US,8,[]
PTYA,PTYA,YAP,T11,91413,Yap Island Intl,9.487,138.077,4,YA,FM,0,"['METAR', 'TAF']"
PVDR1,,,,,CMAN,-99.99,-99.99,9999,,,8,[]
PVGF1,,,,,Port Everglades Chan,26.092,-80.109,3,FL,US,8,[]
PWAK,PWAK,AWK,AWK,91246,Wake Island Arpt,19.287,166.623,7,WQ,UM,1,"['METAR', 'TAF']"
PWAW3,,,,,Port Washington,43.388,-87.868,178,WI,US,6,[]
PXAC1,,,,,CMAN,-99.99,-99.99,9999,,,8,[]
PXOC1,,,,,San Francisco Pier1,37.798,-122.393,0,CA,US,8,[]
PXSC1,,,,,CMAN,-99.99,-99.99,9999,,,8,[]
QPTR1,,,,,Quonset Point,41.585,-71.408,6,RI,US,8,[]
RARM6,,,,,Pascagoula/Range Arpt,30.343,-88.512,5,MS,US,8,[]
RCAY,RCAY,,,,Kangshan ,22.782,120.263,7,PI,TW,9,['METAR']
RCBS,RCBS,KNH,,,Chinmem/Shatou,24.428,118.359,9,,TW,9,"['METAR', 'TAF']"
RCDC,RCDC,,,,Pingtung South,22.672,120.462,20,PI,TW,9,['METAR']
RCFG,RCFG,LZN,,,Mazu,26.157,119.957,63,LI,TW,9,"['METAR', 'TAF']"
RCFN,RCFN,TTT,,,Feng Nin Arpt,22.755,121.102,42,TT,TW,4,"['METAR', 'TAF']"
RCFS,RCFS,,,,Chia Tung,22.417,120.55,10,PI,TW,9,['METAR']
RCGM,RCGM,,,,Taoyuan,25.056,121.243,45,TA,TW,9,['METAR']
RCKH,RCKH,KHH,,46740,Kaohsiung Intl,22.577,120.35,6,KH,TW,2,"['METAR', 'TAF']"
RCKM4,,,,,Rock Cut,46.265,-84.192,179,MI,US,8,[]
RCKU,RCKU,CYI,,,Chiayi ,23.462,120.393,19,CY,TW,9,['METAR']
RCKW,RCKW,HCN,,,Hengchun Arpt,22.033,120.731,12,PI,TW,9,"['METAR', 'TAF']"
RCLG,RCLG,,,,Taichung ,24.186,120.654,109,TX,TW,9,['METAR']
RCLM,RCLM,DSX,,,Dongsha,20.707,116.718,2,,TW,9,['METAR']
RCLY,RCLY,KYD,,,Lan Yu Arpt,22.029,121.534,12,TT,TW,9,"['METAR', 'TAF']"
RCMC1,,,,,Richmond,37.928,-122.4,5,CA,US,8,[]
RCMJ,RCMJ,,,,Donggang,22.466,120.438,0,PI,TW,9,['METAR']
RCMQ,RCMQ,RMQ,,46770,Cingcyuangang Arpt,24.265,120.621,202,TX,TW,3,"['METAR', 'TAF']"
RCMS,RCMS,,,,Ilan,24.75,121.767,10,IL,TW,9,['METAR']
RCNN,RCNN,TNN,,46743,Tainan,22.95,120.206,15,TN,TW,5,"['METAR', 'TAF']"
RCNO,RCNO,,,,Dongshi,23.258,119.667,33,PE,TW,9,['METAR']
RCPO,RCPO,HSZ,,,Hsinchu ,24.818,120.939,8,HS,TW,9,['METAR']
RCPT2,,,,,Rockport,28.022,-97.047,4,TX,US,8,[]
RCQC,RCQC,MZG,,,Makung,23.569,119.628,26,PE,TW,9,"['METAR', 'TAF']"
RCQS,RCQS,,,,Chihhang ,22.793,121.182,22,TT,TW,9,['METAR']
RCRN6,,,,,Rochester,43.268,-77.625,74,NY,US,8,[]
RCSQ,RCSQ,,,,Pingtung North,22.7,120.482,21,PI,TW,9,['METAR']
RCSS,RCSS,TSA,,46696,Taipei/Songshan Arpt,25.069,121.552,8,TP,TW,5,"['METAR', 'TAF']"
RCTP,RCTP,TPE,,46686,Taipei/Taoyuan Arpt,25.078,121.233,33,TA,TW,2,"['METAR', 'TAF']"
RCUK,RCUK,,,,Pa Kuei/Bakuai,24.933,121.3,146,TA,TW,9,['METAR']
RCYF1,,,,,CMAN,-99.99,-99.99,9999,,,8,[]
RCYU,RCYU,HUN,,,Hulien,24.023,121.618,16,HU,TW,9,['METAR']
RDDA2,,,,,Red Dog Dock,67.577,-164.065,0,AK,US,8,[]
RDYD1,,,,,Reedy Point,39.558,-75.573,6,DE,US,8,[]
RIXA2,,,,,CMAN,-99.99,-99.99,9999,,,8,[]
RJAA,RJAA,NRT,,47686,Narita Intl,35.765,140.386,36,12,JP,4,"['METAR', 'TAF']"
RJAF,RJAF,MMJ,,47709,Matsumoto Arpt,36.167,137.923,652,20,JP,3,['METAR']
RJAH,RJAH,IBR,,47715,Ibaraki Arpt,36.182,140.415,31,8,JP,5,"['METAR', 'TAF']"
RJAI,RJAI,,,,Ichigaya/Ministry of Defense,35.692,139.729,33,12,JP,8,['METAR']
RJAK,RJAK,,,,Kasumigaura ,36.035,140.193,20,8,JP,6,['METAR']
RJAM,RJAM,MUS,,47991,Minamitorishima,24.29,153.979,7,,JP,9,['METAR']
RJAO,RJAO,,,47971,Chichijima Isl,27.09,142.191,8,13,JP,9,['METAR']
RJAT,RJAT,,,,Fuji,35.317,138.873,675,22,JP,5,['METAR']
RJAW,RJAW,IWO,,47981,Iwo Jima/Iwoto Arpt,24.784,141.322,116,13,JP,0,['METAR']
RJBB,RJBB,KIX,,47774,Osaka/Kansai Intl,34.434,135.233,8,28,JP,4,"['METAR', 'TAF']"
RJBD,RJBD,SHM,,47782,Nanki-Shirahama Arpt,33.662,135.364,91,30,JP,3,['METAR']
RJBE,RJBE,UKB,,,Kobe Arpt,34.633,135.224,5,28,JP,6,['METAR']
RJBH,RJBH,HIW,,,Hiroshimanishi,34.367,132.414,5,34,JP,5,['METAR']
RJBT,RJBT,TJH,,,Tajima Arpt,35.513,134.787,172,28,JP,4,['METAR']
RJCA,RJCA,,,47477,Asahikawa ,43.794,142.365,113,1,JP,6,['METAR']
RJCB,RJCB,OBO,,47490,Obihiro Arpt,42.733,143.217,149,1,JP,3,"['METAR', 'TAF']"
RJCC,RJCC,CTS,,47425,Sapporo/Chitose Arpt,42.774,141.693,19,1,JP,1,"['METAR', 'TAF']"
RJCH,RJCH,HKD,,47488,Hakodate Arpt,41.77,140.822,36,1,JP,3,"['METAR', 'TAF']"
RJCJ,RJCJ,,,47434,Chitose ,42.798,141.661,25,1,JP,9,['METAR']
RJCK,RJCK,KUH,,47489,Kushiro Arpt,43.041,144.193,94,1,JP,4,"['METAR', 'TAF']"
RJCM,RJCM,MMB,,47481,Memambetsu Arpt,43.881,144.164,30,1,JP,2,"['METAR', 'TAF']"
RJCN,RJCN,SHB,,47483,Nakashibetsu Arpt,43.578,144.96,62,1,JP,5,['METAR']
RJCO,RJCO,OKD,,47479,Sapporo ,43.117,141.381,7,1,JP,5,['METAR']
RJCR,RJCR,RBJ,,,Rebun Island,45.455,141.039,25,1,JP,9,['METAR']
RJCS,RJCS,,,47418,Kushiro,42.986,144.378,4,1,JP,9,['METAR']
RJCT,RJCT,,,,Tokachi),42.891,143.159,79,1,JP,7,['METAR']
RJCW,RJCW,WKJ,,47441,Wakkanai Arpt,45.404,141.802,11,1,JP,3,['METAR']
RJCY,RJCY,,,47423,Muroran,42.312,140.975,49,1,JP,9,['METAR']
RJDB,RJDB,IKI,,47858,Iki Airport ,33.749,129.785,13,43,JP,4,['METAR']
RJDC,RJDC,UBJ,,47786,Yamaguchi/Ube Arpt,33.93,131.279,5,35,JP,3,['METAR']
RJDK,RJDK,,,,Kamigoto Arpt,33.012,129.192,82,20,JP,4,['METAR']
RJDM,RJDM,,,,Metabaru ,33.327,130.414,17,25,JP,5,['METAR']
RJDO,RJDO,,,,Ojika Island,33.19,129.089,9,42,JP,9,['METAR']
RJDT,RJDT,TSJ,,47799,Tsushima Arpt,34.288,129.325,61,23,JP,3,['METAR']
RJEB,RJEB,MBE,,47474,Monbetsu Arpt,44.304,143.404,24,1,JP,5,['METAR']
RJEC,RJEC,AKJ,,47476,Asahikawa Arpt,43.671,142.447,209,1,JP,3,"['METAR', 'TAF']"
RJEO,RJEO,OIR,,,Okushiri Island,42.072,139.434,48,1,JP,9,['METAR']
RJER,RJER,RIS,,,Rishiri Island,45.242,141.186,30,1,JP,9,['METAR']
RJFA,RJFA,,,47803,Ashiya ,33.883,130.653,23,40,JP,9,['METAR']
RJFC,RJFC,KUM,,47836,Yakushima Arpt,30.3846,130.6601,36,46,JP,5,['METAR']
RJFE,RJFE,FUJ,,47844,Fukue Arpt,32.666,128.833,80,42,JP,3,['METAR']
RJFF,RJFF,FUK,,47808,Fukuoka Arpt,33.584,130.452,7,40,JP,3,"['METAR', 'TAF']"
RJFG,RJFG,TNE,,47870,Tanegashima Arpt,30.605,130.992,234,46,JP,3,['METAR']
RJFK,RJFK,KOJ,,47851,Kagoshima Arpt,31.803,130.719,271,46,JP,4,"['METAR', 'TAF']"
RJFM,RJFM,KMI,,47857,Miyazaki Arpt,31.877,131.449,10,45,JP,1,"['METAR', 'TAF']"
RJFN,RJFN,,,47854,Nyutabaru ,32.085,131.462,73,45,JP,9,['METAR']
RJFO,RJFO,OIT,,47852,Oita Arpt,33.479,131.737,3,44,JP,3,"['METAR', 'TAF']"
RJFR,RJFR,KKJ,,47853,Kitakyushu Arpt,33.846,131.035,9,40,JP,5,"['METAR', 'TAF']"
RJFS,RJFS,HSG,,47810,Saga Arpt,33.15,130.302,2,25,JP,6,"['METAR', 'TAF']"
RJFT,RJFT,KMJ,,47856,Kumamoto Arpt,32.837,130.855,188,43,JP,3,"['METAR', 'TAF']"
RJFU,RJFU,NGS,,47855,Nagasaki Arpt,32.917,129.914,2,42,JP,2,"['METAR', 'TAF']"
RJFW,RJFW,,,,Sasebo ,33.16,129.728,4,42,JP,9,['METAR']
RJFY,RJFY,,,47850,Kanoya ,31.368,130.838,59,46,JP,4,['METAR']
RJFZ,RJFZ,,,47840,Tsuiki ,33.685,131.04,3,40,JP,9,['METAR']
RJGG,RJGG,NGO,,,Nagoya/Chubu Intl,34.858,136.805,5,23,JP,2,"['METAR', 'TAF']"
RJKA,RJKA,ASJ,,47872,Amami Arpt,28.431,129.713,7,46,JP,1,['METAR']
RJKB,RJKB,OKE,,47942,Okinoerabu Arpt,27.4322,128.7058,27,47,JP,3,['METAR']
RJKI,RJKI,KKX,,,Kikai Island Arpt,28.321,129.928,6,47,JP,5,['METAR']
RJKN,RJKN,TKN,,47910,Tokunoshima Isl,27.833,128.883,4,47,JP,4,['METAR']
RJNF,RJNF,FKJ,,,Fukui Arpt,36.141,136.223,5,18,JP,5,['METAR']
RJNG,RJNG,,,47634,Gifu ,35.394,136.869,39,21,JP,4,['METAR']
RJNH,RJNH,,,47681,Hamamatsu ,34.75,137.703,54,22,JP,9,['METAR']
RJNK,RJNK,KMQ,,47704,Komatsu Arpt,36.394,136.407,7,17,JP,3,"['METAR', 'TAF']"
RJNN,RJNN,,,,Nagoya ,35.25,136.933,18,23,JP,9,"['METAR', 'TAF']"
RJNO,RJNO,OKI,,,Oki Arpt,36.181,133.325,87,31,JP,9,['METAR']
RJNS,RJNS,FSZ,,47739,Shizouka Arpt,34.796,138.189,133,22,JP,3,"['METAR', 'TAF']"
RJNT,RJNT,TOY,,47707,Toyama Arpt,36.641,137.187,30,16,JP,4,"['METAR', 'TAF']"
RJNW,RJNW,NTQ,,,Noto Arpt,37.293,136.962,222,18,JP,3,['METAR']
RJNY,RJNY,,,47658,Shizuhama ,34.814,138.294,7,22,JP,7,['METAR']
RJOA,RJOA,HIJ,,47789,Hiroshima Arpt,34.436,132.919,318,34,JP,1,"['METAR', 'TAF']"
RJOB,RJOB,OKJ,,47793,Okayama Arpt,34.757,133.855,242,33,JP,3,"['METAR', 'TAF']"
RJOC,RJOC,IZO,,47790,Izumo Arpt,35.414,132.89,2,32,JP,5,"['METAR', 'TAF']"
RJOE,RJOE,,,,Akeno,34.533,136.672,6,24,JP,5,['METAR']
RJOF,RJOF,,,47788,Hofu ,34.034,131.546,2,35,JP,6,['METAR']
RJOH,RJOH,YGJ,,47743,Miho/Yonago Arpt,35.493,133.239,6,32,JP,3,"['METAR', 'TAF']"
RJOI,RJOI,IWK,,,Iwakuni Arpt,34.144,132.236,2,35,JP,4,"['METAR', 'TAF']"
RJOK,RJOK,KCZ,,47883,Kochi Arpt,33.546,133.669,7,39,JP,3,"['METAR', 'TAF']"
RJOM,RJOM,MYJ,,47882,Matsuyama Arpt,33.83,132.698,3,38,JP,3,"['METAR', 'TAF']"
RJOO,RJOO,ITM,,47771,Osaka Intl,34.784,135.439,11,27,JP,3,"['METAR', 'TAF']"
RJOP,RJOP,,,,Komatsujima ,34.005,134.626,3,36,JP,4,['METAR']
RJOR,RJOR,TTJ,,47794,Tottori Arpt,35.53,134.165,11,31,JP,4,['METAR']
RJOS,RJOS,TKS,,47881,Tokushima,34.132,134.609,3,36,JP,6,['METAR']
RJOT,RJOT,TAK,,47880,Takamatsu Arpt,34.214,134.016,181,37,JP,4,"['METAR', 'TAF']"
RJOW,RJOW,IWJ,,47783,Iwami Arpt,34.676,131.79,54,32,JP,3,['METAR']
RJOY,RJOY,,,47779,Yao Arpt,34.597,135.601,10,27,JP,5,['METAR']
RJOZ,RJOZ,,,47787,Ozuki ,34.047,131.052,4,35,JP,6,['METAR']
RJSA,RJSA,AOJ,,47542,Aomori Arpt,40.733,140.689,196,2,JP,2,"['METAR', 'TAF']"
RJSC,RJSC,GAJ,,47553,Yamagata Arpt,38.412,140.371,104,6,JP,5,['METAR']
RJSD,RJSD,SDS,,,Sado Island Arpt,38.06,138.414,19,15,JP,4,['METAR']
RJSF,RJSF,FKS,,47557,Tamakawa/Fukushima Arpt,37.227,140.428,373,7,JP,3,"['METAR', 'TAF']"
RJSH,RJSH,HHE,,47515,Hachinohe ,40.552,141.467,46,2,JP,5,['METAR']
RJSI,RJSI,HNA,,47549,Hanamaki Arpt,39.429,141.135,89,3,JP,4,"['METAR', 'TAF']"
RJSK,RJSK,AXT,,47545,Akita Arpt,39.616,140.219,95,5,JP,3,"['METAR', 'TAF']"
RJSM,RJSM,MSJ,,47580,Misawa ,40.705,141.372,31,2,JP,6,"['METAR', 'TAF']"
RJSN,RJSN,KIJ,,47573,Niigata Arpt,37.956,139.121,4,15,JP,3,"['METAR', 'TAF']"
RJSO,RJSO,,,,Ominato ,41.233,141.132,7,2,JP,5,['METAR']
RJSR,RJSR,ONJ,,47583,Odate Noshiro Arpt,40.192,140.372,83,5,JP,6,['METAR']
RJSS,RJSS,SDJ,,47569,Sendai Arpt,38.14,140.917,5,4,JP,2,"['METAR', 'TAF']"
RJST,RJST,,,47591,Matsushima ,38.403,141.212,2,4,JP,9,['METAR']
RJSU,RJSU,,,,Kasuminome ,38.236,140.925,9,4,JP,7,['METAR']
RJSY,RJSY,SYO,,,Shonai Arpt,38.812,139.787,17,6,JP,4,['METAR']
RJTA,RJTA,NJA,,47679,Atsugi ,35.455,139.45,66,14,JP,9,['METAR']
RJTC,RJTC,,,,Tachikawa,35.711,139.403,86,13,JP,7,['METAR']
RJTD,RJTD,,,47662,Tokyo,35.692,139.751,24,13,JP,9,['METAR']
RJTE,RJTE,,,47688,Tateyama ,34.989,139.831,3,12,JP,5,['METAR']
RJTF,RJTF,,,47683,Chofu Arpt,35.672,139.528,37,13,JP,5,['METAR']
RJTH,RJTH,HAC,,,Hachijojima Isl Arpt,33.115,139.786,93,22,JP,2,['METAR']
RJTI,RJTI,,,47687,Tokyo Heliport,35.637,139.839,4,13,JP,6,['METAR']
RJTJ,RJTJ,,,47643,Iruma ,35.842,139.411,88,11,JP,9,['METAR']
RJTK,RJTK,,,47661,Kisarazu ),35.398,139.91,2,12,JP,7,['METAR']
RJTL,RJTL,,,47727,Shimofusa ,35.799,140.012,29,12,JP,6,['METAR']
RJTO,RJTO,OIM,,47735,Oshima Arpt,34.782,139.36,37,22,JP,3,['METAR']
RJTQ,RJTQ,MYE,,,Miyakejima Airp,34.073,139.559,19,22,JP,9,['METAR']
RJTR,RJTR,,,47680,Kastner/Zama Fld,35.514,139.395,106,14,JP,6,['METAR']
RJTT,RJTT,HND,,47671,Tokyo/Haneda Intl,35.553,139.781,5,13,JP,0,"['METAR', 'TAF']"
RJTU,RJTU,,,47692,Utsunomiya,36.514,139.871,99,9,JP,4,['METAR']
RJTX,RJTX,,,47696,Yokosuka ,35.295,139.6798,4,14,JP,6,"['METAR', 'TAF']"
RJTY,RJTY,OKO,,47642,Yokota,35.749,139.349,136,13,JP,6,"['METAR', 'TAF']"
RKJB,RKJB,MWX,,47163,Muan Intl,34.991,126.383,16,46,KR,3,"['METAR', 'TAF']"
RKJJ,RKJJ,KWJ,,47158,Kwangju Arpt,35.126,126.809,13,29,KR,6,"['METAR', 'TAF']"
RKJK,RKJK,KUV,,47141,Kunsan ,35.9,126.618,8,45,KR,3,"['METAR', 'TAF']"
RKJY,RKJY,RSU,,47167,Yosu Airport,34.842,127.617,4,13,KR,9,"['METAR', 'TAF']"
RKNC,RKNC,,,47104,Chunchon,37.884,127.718,75,42,KR,9,"['METAR', 'TAF']"
RKNF,RKNF,,,,Whang Ryeong,37.75,128.667,1230,42,KR,5,['METAR']
RKNH,RKNH,,,,Hoengsong,37.431,127.956,96,42,KR,9,['METAR']
RKNN,RKNN,KAG,,47107,Kangnung,37.754,128.944,11,42,KR,5,"['METAR', 'TAF']"
RKNO,RKNO,,,,Keo Jin,38.45,128.45,104,42,KR,5,['METAR']
RKNR,RKNR,,,,Kotar Range,37.1,128.9,792,42,KR,9,['METAR']
RKNW,RKNW,WJU,,47114,Wonju,37.337,127.947,152,42,KR,5,"['METAR', 'TAF']"
RKNY,RKNY,YNY,,47092,Yangyang Intl,38.061,128.669,76,42,KR,3,"['METAR', 'TAF']"
RKPC,RKPC,CJU,,47182,Jeju Intl,33.511,126.493,23,49,KR,2,"['METAR', 'TAF']"
RKPK,RKPK,PUS,,47153,Busan/Gimhae Intl,35.179,128.938,3,48,KR,2,"['METAR', 'TAF']"
RKPM,RKPM,,,47187,Suwolbong,33.294,126.163,53,49,KR,5,['METAR']
RKPS,RKPS,HIN,,47161,Sacheon Arpt,35.089,128.07,2,48,KR,4,"['METAR', 'TAF']"
RKPU,RKPU,USN,,47152,Ulsan,35.56,129.32,32,48,KR,4,"['METAR', 'TAF']"
RKSB,RKSB,,,,Donghae,37.507,129.124,41,42,KR,9,['METAR']
RKSC,RKSC,,,,Sv Ri San,37.349,126.916,129,41,KR,9,['METAR']
RKSD,RKSD,,,,Maesanri,37.35,127.267,138,41,KR,9,['METAR']
RKSF,RKSF,,,,Seoul ,37.533,126.967,21,11,KR,7,['METAR']
RKSG,RKSG,,,47127,Pyongtaek Arpt,36.962,127.031,12,41,KR,6,"['METAR', 'TAF']"
RKSH,RKSH,,,,Command Post Ta,37.52,126.98,73,,KR,9,['METAR']
RKSI,RKSI,ICN,,,Seoul/Incheon Intl,37.469,126.451,7,28,KR,0,"['METAR', 'TAF']"
RKSJ,RKSJ,,,,Taesong-San,38.2,127.55,637,42,KR,9,['METAR']
RKSL,RKSL,,,47108,Seoul,37.571,126.966,78,11,KR,9,['METAR']
RKSM,RKSM,SSN,,47111,Seoul,37.446,127.114,18,41,KR,6,"['METAR', 'TAF']"
RKSN,RKSN,,,,Koon-Ni Range,37.036,126.759,15,41,KR,9,['METAR']
RKSO,RKSO,OSN,,47122,Osan Arpt,37.091,127.03,10,41,KR,4,"['METAR', 'TAF']"
RKSP,RKSP,,,47103,Paengnyongdo,37.962,124.67,19,41,KR,4,['METAR']
RKSQ,RKSQ,,,,Yeonpyeungdo,37.667,125.686,6,41,KR,5,['METAR']
RKSS,RKSS,GMP,,47110,Seoul/Gimpo Intl,37.558,126.791,18,41,KR,5,"['METAR', 'TAF']"
RKST,RKST,,,,Camp Casey/Tong,37.92,127.05,60,,KR,9,['METAR']
RKSU,RKSU,,,,Yeoju Range,37.437,127.633,43,41,KR,5,['METAR']
RKSV,RKSV,,,,Pyoripsan,37.779,126.372,230,41,KR,9,['METAR']
RKSW,RKSW,SWU,,47120,Suwon ,37.239,127.007,24,41,KR,6,"['METAR', 'TAF']"
RKSX,RKSX,,,,Camp Stanley,37.722,127.097,66,41,KR,9,"['METAR', 'TAF']"
RKSY,RKSY,,,,Yongsan/H-208,37.524,126.975,16,41,KR,6,['METAR']
RKTA,RKTA,,,47136,Andong,36.573,128.707,141,14,KR,9,['METAR']
RKTB,RKTB,,,,Paekado,37.066,126.014,12,44,KR,4,['METAR']
RKTD,RKTD,,,,Taean/Korean GAW Cen,36.316,127.362,159,44,KR,9,['METAR']
RKTE,RKTE,,,47124,Songmu ,36.568,127.5,78,43,KR,6,"['METAR', 'TAF']"
RKTF,RKTF,,,47133,Taejon,36.372,127.372,65,44,KR,5,['METAR']
RKTG,RKTG,,,,Camp Walker ,35.85,128.58,75,,KR,9,['METAR']
RKTH,RKTH,KPO,,47139,Pohang Arpt,35.988,129.421,20,47,KR,4,"['METAR', 'TAF']"
RKTI,RKTI,JWO,,47125,Jung Won Arpt,37.03,127.885,55,43,KR,4,['METAR']
RKTM,RKTM,,,,Mangilsan ,36.938,126.45,273,44,KR,9,['METAR']
RKTN,RKTN,TAE,,47142,Daegu,35.894,128.659,25,27,KR,3,"['METAR', 'TAF']"
RKTP,RKTP,HMY,,,Hae Mi Arpt,36.704,126.486,13,44,KR,4,"['METAR', 'TAF']"
RKTS,RKTS,,,47137,Sangju,36.408,128.157,86,47,KR,9,['METAR']
RKTT,RKTT,,,47143,Taegu,35.883,128.617,51,27,KR,9,['METAR']
RKTU,RKTU,CJJ,,47128,Cheonju Intl,36.717,127.499,46,43,KR,3,"['METAR', 'TAF']"
RKTV,RKTV,,,,Chungju,37.07,127.88,59,,KR,9,['METAR']
RKTW,RKTW,,,,Woong Cheon,36.2,126.55,13,43,KR,9,['METAR']
RKTY,RKTY,YEC,,47134,Yechon ,36.632,128.355,108,47,KR,4,"['METAR', 'TAF']"
RKXF1,,,,,Rookery Bay Reserve,26.05,-81.701,3,FL,US,8,[]
RKXX,RKXX,,,,Nightmare Range,38.07,127.35,0,,KR,9,['METAR']
RLIT2,,,,,Realitos Peninsula,26.262,-97.285,0,TX,US,8,[]
RLOT2,,,,,Rollover Pass,29.515,-94.513,10,TX,US,8,[]
ROAH,ROAH,OKA,,47930,Naha Arpt,26.196,127.646,6,47,JP,1,"['METAR', 'TAF']"
ROAM4,,,,99413,Rock Of Ages ,47.867,-89.313,183,MI,US,4,[]
ROBN4,,,,,Robins Reef,40.657,-74.065,0,NJ,US,8,[]
RODE,RODE,,,47938,Iejima Auxiliar,26.718,127.783,69,47,JP,4,['METAR']
RODN,RODN,DNA,,47931,Kadena,26.356,127.768,38,47,JP,6,"['METAR', 'TAF']"
ROHF,ROHF,,,,Hamby U. S. Army,26.3,127.77,11,47,JP,9,['METAR']
ROIG,ROIG,ISG,,47918,Ishigaki Arpt,24.395,124.245,37,47,JP,1,"['METAR', 'TAF']"
ROKJ,ROKJ,UEO,,47929,Kumejima Arpt,26.3655,126.7148,6,47,JP,3,['METAR']
ROMD,ROMD,MMD,,47945,Minamidaito Arpt,25.847,131.264,45,47,JP,1,['METAR']
ROMY,ROMY,MMY,,47927,Miyakojima/Miyako Arpt,24.782,125.295,42,47,JP,3,['METAR']
RORA,RORA,AGJ,,,Aguni Island,26.6,127.23,29,,JP,9,['METAR']
RORH,RORH,HTR,,,Hateruma,24.07,123.8,13,,JP,9,['METAR']
RORK,RORK,KTD,,,Kitadaito Island Arpt,25.944,131.326,11,47,JP,6,['METAR']
RORS,RORS,SHI,,,Shimojishima Arpt,24.827,125.145,13,47,JP,6,"['METAR', 'TAF']"
RORT,RORT,TRA,,,Tarama Arpt,24.653,124.674,9,47,JP,5,['METAR']
RORY,RORY,RNJ,,,Yoron Island,27.044,128.4,13,47,JP,4,['METAR']
ROTM,ROTM,,,47933,Futenma,26.271,127.754,80,47,JP,6,"['METAR', 'TAF']"
ROYN,ROYN,OGN,,47911,Yonaguni Arpt,24.467,122.978,21,47,JP,3,['METAR']
RPLB,RPLB,SFS,,98426,Olongapo/Subic Bay Intl,14.794,120.271,19,BA,PH,5,"['METAR', 'TAF']"
RPLC,RPLC,CRK,,98327,Angeles City/Clark Intl,15.186,120.56,138,BA,PH,4,"['METAR', 'TAF']"
RPLI,RPLI,LAO,,98223,Laoag Intl,18.178,120.532,5,IL,PH,2,"['METAR', 'TAF']"
RPLL,RPLL,MNL,,98429,Manila/Aquino Intl,14.507,121.004,15,NC,PH,0,"['METAR', 'TAF']"
RPLV2,,,,,Rappahannock Light,37.538,-76.015,0,VA,US,8,[]
RPLY,RPLY,,,,Alabat,14.1,122.01,4,,PH,9,[]
RPMC,RPMC,CBO,,98746,Cotobato Arpt,7.164,124.211,58,SK,PH,9,[]
RPMD,RPMD,DVO,,98753,Davao/Bangoy Intl,7.125,125.646,19,DA,PH,2,"['METAR', 'TAF']"
RPME,RPME,BXU,,98752,Butuan Arpt,8.952,125.478,14,NC,PH,9,[]
RPML,RPML,,,98748,Cagayan de Oro/Lumbi,8.416,124.611,183,MS,PH,3,"['METAR', 'TAF']"
RPMP,RPMP,PAG,,98742,Padigan Arpt,7.83,123.461,4,ZA,PH,9,['METAR']
RPMR,RPMR,GES,,,Tambler/Santos Intl,6.058,125.096,47,SC,PH,3,"['METAR', 'TAF']"
RPMS,RPMS,SUG,,98653,Surigao,9.756,125.481,7,SU,PH,9,['METAR']
RPMT,RPMT,,,,Mactan,10.315,123.978,10,BU,PH,9,[]
RPMZ,RPMZ,ZAM,,98836,Zamboanga Intl,6.92,122.063,8,ZS,PH,2,"['METAR', 'TAF']"
RPRN6,,,,,Rochester,43.258,-77.592,75,NY,US,8,[]
RPUA,RPUA,,,98232,Aparri,18.359,121.63,3,CA,PH,9,['METAR']
RPUB,RPUB,BAG,,98328,Baguio/Loakan Arpt,16.375,120.62,1289,BE,PH,9,['METAR']
RPUD,RPUD,DTE,,98440,Daet,14.129,122.98,4,CA,PH,9,['METAR']
RPUH,RPUH,SJI,,98531,San Jose,12.361,121.047,3,MD,PH,9,['METAR']
RPUI,RPUI,,,98324,Iba,15.326,119.968,5,ZM,PH,9,['METAR']
RPUK,RPUK,,,98431,Calapan,13.423,121.201,5,MD,PH,9,['METAR']
RPUN,RPUN,WNP,,,Naga/Luzon Isla,13.584,123.27,43,CA,PH,9,['METAR']
RPUO,RPUO,BSO,,,Basco,20.451,121.98,68,BT,PH,9,['METAR']
RPUQ,RPUQ,,,98222,Vigan Arpt,17.555,120.356,5,IL,PH,9,['METAR']
RPUR,RPUR,BQA,,,Baler,15.76,121.564,6,AU,PH,9,['METAR']
RPUT,RPUT,TUG,,98233,Tuguegarao,17.643,121.733,27,CA,PH,9,['METAR']
RPUV,RPUV,VRC,,98446,Virac/Catanduan,13.576,124.206,40,CA,PH,9,['METAR']
RPUW,RPUW,MRQ,,,Marinduque Isla,13.37,121.83,5,,PH,9,['METAR']
RPVA,RPVA,TAC,,98550,Tacloban,11.228,125.028,3,LE,PH,3,['METAR']
RPVD,RPVD,DGT,,98642,Dumaguete Arpt,9.334,123.297,11,NE,PH,3,"['METAR', 'TAF']"
RPVF,RPVF,CRM,,98546,Catarman,12.502,124.636,3,NS,PH,9,['METAR']
RPVG,RPVG,,,98558,Guiuan Arpt,11.036,125.742,60,EA,PH,9,['METAR']
RPVI,RPVI,ILO,,,Iloilo,10.713,122.543,8,IL,PH,9,"['METAR', 'TAF']"
RPVJ,RPVJ,MBT,,98543,Masbate Arpt,12.369,123.63,10,,PH,9,['METAR']
RPVK,RPVK,KLO,,98537,Kalibo Arpt,11.683,122.383,6,AK,PH,3,"['METAR', 'TAF']"
RPVM,RPVM,CEB,,98646,Mactan-Cebu Intl,10.308,123.978,9,CE,PH,1,"['METAR', 'TAF']"
RPVP,RPVP,PPS,,98618,Puerto Princesa Intl,9.742,118.759,15,PL,PH,2,"['METAR', 'TAF']"
RPVR,RPVR,RXS,,98538,Roxas,11.598,122.752,4,CA,PH,9,['METAR']
RPVT,RPVT,,,98644,Tagbilaran,9.664,123.853,12,BO,PH,9,['METAR']
RPWB,RPWB,,,,Gen Santos,6.117,125.183,17,SC,PH,9,['METAR']
RPWG,RPWG,,,,Dipolog,8.6,123.35,5,ZA,PH,9,['METAR']
RPWS,RPWS,,,,Surigao,9.756,125.481,7,SU,PH,9,['METAR']
RSJT2,,,,,Rincon del San Jose,26.801,-97.483,0,TX,US,8,[]
RTAT2,,,,,Port Aransas,27.84,-97.073,10,TX,US,8,[]
RTYC1,,,,,Redwood City,37.507,-122.21,6,CA,US,8,[]
SAAC,SAAC,COC,,87395,Concordia/Pierreste,-31.308,-58.016,50,E,AR,9,"['METAR', 'TAF']"
SAAG,SAAG,GHU,,87497,Gualeguaychu Ae,-33.01,-58.613,23,E,AR,9,['METAR']
SAAJ,SAAJ,JNI,,87548,Junin Arpt,-34.553,-60.931,80,B,AR,9,['METAR']
SAAP,SAAP,PRA,,87374,Parana/Gen Urquiza,-31.79,-60.483,77,E,AR,9,"['METAR', 'TAF']"
SAAR,SAAR,ROS,,87480,Rosario Intl,-32.918,-60.782,24,S,AR,2,"['METAR', 'TAF']"
SAAU,SAAU,,,,Villaguay Arpt,-31.858,-59.074,42,E,AR,9,['METAR']
SAAV,SAAV,SFN,,87371,Sauce Viejo Arpt,-31.712,-60.812,19,S,AR,9,"['METAR', 'TAF']"
SABA,SABA,,,87585,Buenos Aires ,-34.608,-58.401,23,C,AR,9,['METAR']
SABE,SABE,AEP,,87582,Buenos Aires/Newbery Arpt,-34.559,-58.416,3,C,AR,6,"['METAR', 'TAF']"
SACI,SACI,,,87349,Pilar Observato,-31.668,-63.882,335,X,AR,9,['METAR']
SACO,SACO,COR,,87344,Cordoba/Taravella Intl,-31.324,-64.208,474,X,AR,1,"['METAR', 'TAF']"
SACP,SACP,,,87322,Chepes,-31.333,-66.6,663,F,AR,9,['METAR']
SACT,SACT,,,,Gobernador Gordillo,-30.349,-66.295,454,F,AR,9,['METAR']
SACV,SACV,,,87244,Villa De Maria,-29.898,-63.722,353,X,AR,9,['METAR']
SACV4,,,,,Sacrifice Island,19.174,-96.093,9,,MX,8,[]
SADD,SADD,,,,Don Torcuato Arpt,-34.498,-58.604,4,B,AR,5,"['METAR', 'TAF']"
SADF,SADF,,,87553,San Fernando Intl,-34.457,-58.593,4,B,AR,6,"['METAR', 'TAF']"
SADL,SADL,LPG,,87593,La Plata Arpt,-34.972,-57.895,18,B,AR,9,['METAR']
SADM,SADM,,,,Buenos Aires/Moron,-34.676,-58.643,18,B,AR,7,['METAR']
SADP,SADP,EPA,,87571,El Palomar Arpt,-34.61,-58.613,19,B,AR,9,"['METAR', 'TAF']"
SAEZ,SAEZ,EZE,,87576,Buenos Aires/Pistarini Arpt,-34.822,-58.536,16,B,AR,0,"['METAR', 'TAF']"
SAME,SAME,MDZ,,87418,Mendoza/Plumerillo Arpt,-32.832,-68.793,709,M,AR,2,"['METAR', 'TAF']"
SAMI,SAMI,,,87416,San Martin,-33.083,-68.417,653,M,AR,9,['METAR']
SAMJ,SAMJ,,,87305,Jachal,-30.25,-68.74,1168,J,AR,9,['METAR']
SAMM,SAMM,LGS,,87506,Malargue Arpt,-35.481,-69.583,1428,M,AR,9,['METAR']
SAMR,SAMR,AFA,,87509,San Rafael Arpt,-34.585,-68.414,756,M,AR,3,['METAR']
SAMS,SAMS,,,87412,San Carlos,-33.771,-69.034,951,M,AR,9,['METAR']
SAMU,SAMU,,,87405,Uspallata,-32.601,-69.335,1918,M,AR,9,['METAR']
SANC,SANC,CTC,,87222,Catamarca Arpt,-28.593,-65.754,468,K,AR,9,"['METAR', 'TAF']"
SANE,SANE,SDE,,87129,Santiago Del Estero,-27.755,-64.3,198,G,AR,9,"['METAR', 'TAF']"
SANF1,,,,99457,Sand Key,24.454,-81.877,0,FL,US,5,[]
SANI,SANI,,,87211,Tinogasta,-28.041,-67.577,1225,K,AR,9,['METAR']
SANL,SANL,IRJ,,87217,La Rioja/Capt Vincen,-29.383,-66.795,438,F,AR,9,"['METAR', 'TAF']"
SANO,SANO,,,,Chilecito,-29.224,-67.439,918,F,AR,9,['METAR']
SANR,SANR,,,,Termas de Rio Hondo Intl,-27.497,-64.936,286,G,AR,3,"['METAR', 'TAF']"
SANT,SANT,TUC,,87121,Tucuman/Matlenzo Intl,-26.841,-65.105,446,T,AR,2,"['METAR', 'TAF']"
SANU,SANU,UAQ,,87311,San Juan Arpt,-31.572,-68.418,596,J,AR,3,"['METAR', 'TAF']"
SANW,SANW,CRR,,87257,Ceres,-29.876,-61.933,88,S,AR,9,['METAR']
SAOC,SAOC,RCU,,87453,Rio Cuarto Arpt,-33.095,-64.273,422,X,AR,3,"['METAR', 'TAF']"
SAOD,SAOD,VDR,,87328,Villa Dolores Arpt,-31.951,-65.149,564,X,AR,9,['METAR']
SAOL,SAOL,,,87534,Laboulaye,-34.135,-63.362,139,X,AR,9,['METAR']
SAOM,SAOM,,,87467,Marcos Juarez Arpt,-32.684,-62.158,112,X,AR,9,['METAR']
SAOR,SAOR,VME,,87448,Villa Reynolds Arpt,-33.73,-65.387,489,D,AR,9,"['METAR', 'TAF']"
SAOU,SAOU,LUQ,,87436,San Luis Arpt,-33.273,-66.356,704,D,AR,3,['METAR']
SAPF1,,,,,St Petersburg,27.76,-82,0,FL,US,8,[]
SARC,SARC,CNQ,,87166,Corrientes Arpt,-27.445,-58.762,60,W,AR,6,"['METAR', 'TAF']"
SARE,SARE,RES,,87155,Resistencia Arpt,-27.45,-59.056,52,H,AR,1,"['METAR', 'TAF']"
SARF,SARF,FMA,,87162,Formosa Intl,-26.213,-58.228,65,P,AR,3,"['METAR', 'TAF']"
SARI,SARI,IGR,,87097,Puerto Iguazú Intl,-25.737,-54.473,268,N,AR,1,"['METAR', 'TAF']"
SARL,SARL,AOL,,87289,Paso de los Libres Arpt,-29.689,-57.152,70,W,AR,6,"['METAR', 'TAF']"
SARM,SARM,MCS,,87393,Monte Caseros Arpt,-30.272,-57.64,48,W,AR,9,['METAR']
SARP,SARP,PSS,,87178,Posadas Arpt,-27.386,-55.969,123,N,AR,3,"['METAR', 'TAF']"
SARS,SARS,PRQ,,,Presidencia Pena Arpt,-26.749,-60.487,95,H,AR,9,['METAR']
SASA,SASA,SLA,,87047,Salta/Guemes Arpt,-24.856,-65.486,1235,A,AR,1,"['METAR', 'TAF']"
SASJ,SASJ,JUJ,,87046,Jujuy/El Cadilal Arpt,-24.387,-65.098,913,Y,AR,4,"['METAR', 'TAF']"
SASO,SASO,ORA,,87016,Orán Arpt,-23.153,-64.329,358,A,AR,9,['METAR']
SASQ,SASQ,,,87007,La Quiaca Observator,-22.103,-65.6,3467,Y,AR,9,['METAR']
SASR,SASR,,,87065,Rivadavia,-24.185,-62.885,209,A,AR,9,['METAR']
SAST,SAST,TTG,,87022,Tartagal Arpt,-22.617,-63.795,448,A,AR,9,['METAR']
SATU,SATU,UZU,,,Curuzu Cuatia Arpt,-29.771,-57.979,74,W,AR,9,['METAR']
SAUF1,,,,99441,St Augustine,29.857,-81.265,8,FL,US,6,[]
SAVB,SAVB,EHL,,87800,El Bolson Arpt,-41.948,-71.533,332,R,AR,9,['METAR']
SAVC,SAVC,CRD,,87860,Comodoro Rivadavia Arpt,-45.79,-67.471,58,U,AR,0,"['METAR', 'TAF']"
SAVE,SAVE,EQS,,87803,Esquel Arpt,-42.906,-71.147,799,U,AR,4,"['METAR', 'TAF']"
SAVO,SAVO,,,87784,San Antonio Oeste,-40.757,-65.031,14,R,AR,9,['METAR']
SAVP,SAVP,,,87814,Paso De Indios,-43.856,-69.044,514,U,AR,9,['METAR']
SAVT,SAVT,REL,,87828,Trelew/Almirante Zar Intl,-43.209,-65.282,37,U,AR,2,"['METAR', 'TAF']"
SAVV,SAVV,VDM,,87791,Viedma/Castello,-40.867,-63.001,4,R,AR,9,"['METAR', 'TAF']"
SAWA,SAWA,,,,Lago Argentino Arpt,-50.327,-72.276,182,Z,AR,9,['METAR']
SAWC,SAWC,FTE,,,El Calafate Arpt,-50.284,-72.052,204,Z,AR,3,"['METAR', 'TAF']"
SAWD,SAWD,PUD,,87896,Puerto Deseado Arpt,-47.735,-65.904,78,Z,AR,9,['METAR']
SAWE,SAWE,RGA,,87934,Rio Grande/Quijada Intl,-53.781,-67.754,22,E,AR,3,"['METAR', 'TAF']"
SAWG,SAWG,RGL,,87925,Rio Gallegos Intl,-51.609,-69.306,18,Z,AR,2,"['METAR', 'TAF']"
SAWH,SAWH,USH,,87938,Ushuaia/Malvinas Arpt,-54.844,-68.308,22,V,AR,0,"['METAR', 'TAF']"
SAWJ,SAWJ,ULA,,87909,San Julian Aero,-49.307,-67.803,48,Z,AR,9,['METAR']
SAWP,SAWP,PMQ,,87852,Perito Moreno Arpt,-46.537,-70.983,429,Z,AR,9,['METAR']
SAWR,SAWR,GGS,,87880,Gobernador Gregores,-48.783,-70.167,357,Z,AR,9,['METAR']
SAWU,SAWU,RZA,,87912,Santa Cruz Arpt,-50.017,-68.579,113,Z,AR,9,['METAR']
SAXG1,,,,,Sapelo Isl Reserve,31.418,-81.295,3,GA,US,5,[]
SAZA,SAZA,,,87642,Azul Arpt,-36.832,-59.886,150,B,AR,9,['METAR']
SAZB,SAZB,BHI,,87750,Bahia Blanca/Espora Arpt,-38.725,-62.169,77,B,AR,3,"['METAR', 'TAF']"
SAZD,SAZD,,,87648,Dolores Arpt,-36.32,-57.721,9,B,AR,9,['METAR']
SAZE,SAZE,,,87679,Pigüé Arpt,-37.602,-62.378,304,B,AR,9,['METAR']
SAZG,SAZG,GPO,,87532,General Pico Arpt,-35.696,-63.758,135,L,AR,9,['METAR']
SAZH,SAZH,OYO,,87688,Tres Arroyos Arpt,-38.392,-60.329,113,B,AR,9,['METAR']
SAZM,SAZM,MDQ,,87692,Mar del Plata Arpt,-37.932,-57.581,17,B,AR,2,"['METAR', 'TAF']"
SAZN,SAZN,NQN,,87715,Neuquen Arpt,-38.95,-68.141,273,R,AR,1,"['METAR', 'TAF']"
SAZP,SAZP,PEH,,87544,Pehuajo Arpt,-35.839,-61.858,82,B,AR,9,['METAR']
SAZQ,SAZQ,,,87736,Rio Colorado,-39.017,-64.083,80,R,AR,9,['METAR']
SAZR,SAZR,RSA,,87623,Santa Rosa Arpt,-36.593,-64.28,190,L,AR,3,"['METAR', 'TAF']"
SAZS,SAZS,BRC,,87765,San Carlos de Bariloche Arpt,-41.151,-71.157,843,R,AR,3,"['METAR', 'TAF']"
SAZT,SAZT,TDL,,87645,Tandil Arpt,-37.241,-59.23,180,B,AR,9,['METAR']
SAZV,SAZV,VLG,,87663,Villa Gesell,-37.235,-57.029,5,B,AR,9,['METAR']
SAZY,SAZY,CPC,,87761,Chapelco,-40.075,-71.137,783,Q,AR,9,"['METAR', 'TAF']"
SBAA,SBAA,CDJ,,82861,Conceição do Araguai,-8.349,-49.302,192,PA,BR,3,['METAR']
SBAC,SBAC,ARX,,,Regional de Aracati,-4.568,-37.805,36,CE,BR,4,"['METAR', 'TAF']"
SBAF,SBAF,,,83748,Afonsos,-22.875,-43.385,34,RJ,BR,6,"['METAR', 'TAF']"
SBAN,SBAN,,,83419,Anapolis,-16.229,-48.964,1131,GO,BR,5,"['METAR', 'TAF']"
SBAQ,SBAQ,AQA,,,Araraquara Arpt,-21.812,-48.133,706,SP,BR,4,['METAR']
SBAR,SBAR,AJU,,83095,Aracaju/Santa Maria Intl,-10.984,-37.07,4,SP,BR,3,"['METAR', 'TAF']"
SBAT,SBAT,AFL,,82965,Alta Floresta Arpt,-9.872,-56.106,287,SP,BR,1,"['METAR', 'TAF']"
SBAU,SBAU,ARU,,,Araçatuba Arpt,-21.141,-50.425,415,MT,BR,4,['METAR']
SBAX,SBAX,AAX,,,Araxa Arpt,-19.563,-46.96,989,MB,BR,4,['METAR']
SBBC,SBBC,,,82410,Benjamin Constant,-4.382,-70.033,79,AM,BR,9,['METAR']
SBBE,SBBE,BEL,,82193,Belém/Val de Cans Arpt,-1.379,-48.476,16,PA,BR,2,"['METAR', 'TAF']"
SBBG,SBBG,BGX,,83981,Bage/Kraemer Arpt,-31.391,-54.112,182,RS,BR,3,"['METAR', 'TAF']"
SBBH,SBBH,PLU,,83583,Belo Horizonte/Astra,-19.851,-43.951,799,MG,BR,6,"['METAR', 'TAF']"
SBBI,SBBI,BFH,,83842,Curitiba/Bacacheri Arpt,-25.404,-49.232,928,PR,BR,6,"['METAR', 'TAF']"
SBBN2,,,,,CMAN,-99.99,-99.99,9999,,,8,[]
SBBQ,SBBQ,,,83689,Barbacena Arpt,-21.267,-43.761,1106,MG,BR,3,['METAR']
SBBR,SBBR,BSB,,83378,Brasília Intl,-15.867,-47.933,1051,DF,BR,0,"['METAR', 'TAF']"
SBBT,SBBT,BAT,,,Barretos Arpt,-20.584,-48.594,580,SP,BR,4,['METAR']
SBBU,SBBU,BAU,,83722,Bauru Arpt,-22.345,-49.054,616,SP,BR,3,"['METAR', 'TAF']"
SBBV,SBBV,BVB,,82022,Boa Vista Arpt,2.846,-60.69,80,RR,BR,0,"['METAR', 'TAF']"
SBBW,SBBW,BPG,,83359,Berra Do Garcas Arpt,-15.861,-52.389,354,MT,BR,2,"['METAR', 'TAF']"
SBCA,SBCA,CAC,,,Cascavel Arpt,-25,-53.501,753,PR,BR,4,['METAR']
SBCB,SBCB,CFB,,83778,Cabo Frio Arpt,-22.922,-42.074,3,RJ,BR,4,"['METAR', 'TAF']"
SBCC,SBCC,,,82930,Cachimbo Arpt,-9.334,-54.965,540,PA,BR,3,['METAR']
SBCF,SBCF,CNF,,83587,Belo Horizonte/Neves Intl,-19.635,-43.966,825,MG,BR,2,"['METAR', 'TAF']"
SBCG,SBCG,CGR,,83612,Campo Grande Intl,-20.469,-54.672,556,MS,BR,3,"['METAR', 'TAF']"
SBCH,SBCH,XAP,,83883,Chapecó Arpt,-27.132,-52.662,639,SC,BR,3,['METAR']
SBCI,SBCI,CLN,,82764,Carolina Arpt,-7.32,-47.459,174,MA,BR,2,"['METAR', 'TAF']"
SBCJ,SBCJ,CKS,,82567,Carajás Arpt,-6.118,-50.004,634,PA,BR,3,"['METAR', 'TAF']"
SBCM,SBCM,CCM,,,Criciuma/Freitas Arpt,-28.726,-49.425,27,SC,BR,3,['METAR']
SBCO,SBCO,,,83967,Porto Alegre/Canoas,-29.945,-51.144,8,RS,BR,6,"['METAR', 'TAF']"
SBCP,SBCP,CAW,,83698,Campos/Lysandro Arpt,-21.701,-41.305,15,RJ,BR,4,"['METAR', 'TAF']"
SBCR,SBCR,CMG,,83552,Corumba Intl,-19.01,-57.667,142,MS,BR,6,"['METAR', 'TAF']"
SBCT,SBCT,CWB,,83840,Curitiba/Pena Intl,-25.529,-49.176,914,PR,BR,0,"['METAR', 'TAF']"
SBCV,SBCV,CRQ,,,Caravelas Arpt,-17.652,-39.253,11,BA,BR,9,"['METAR', 'TAF']"
SBCX,SBCX,CXJ,,83942,Campo dos Bugres/Cai,-29.195,-51.189,752,RS,BR,4,['METAR']
SBCY,SBCY,CGB,,83362,Cuiabá/Rondon Arpt,-15.653,-56.116,182,MT,BR,1,"['METAR', 'TAF']"
SBCZ,SBCZ,CZS,,82704,Cruzeiro Do Sul Intl,-7.597,-72.774,193,AC,BR,2,"['METAR', 'TAF']"
SBDN,SBDN,PPB,,83716,Presidente Prudente Arpt,-22.175,-51.427,438,SP,BR,2,"['METAR', 'TAF']"
SBEG,SBEG,MAO,,82111,Manaus/Gomes Intl,-3.039,-60.05,69,AM,BR,1,"['METAR', 'TAF']"
SBEK,SBEK,JCR,,82640,Jacareacanga Arpt,-6.234,-57.776,98,PA,BR,2,['METAR']
SBEO3,,,,,South Beach,44.625,-124.043,4,OR,US,8,[]
SBES,SBES,,,83759,Sao Pedro de Aldeia,-22.813,-42.093,16,RJ,BR,6,['METAR']
SBFI,SBFI,IGU,,83827,Foz do Iguacu Arpt,-25.595,-54.488,233,PR,BR,6,"['METAR', 'TAF']"
SBFL,SBFL,FLN,,83899,Florianopolis Intl,-27.671,-48.547,5,SC,BR,2,"['METAR', 'TAF']"
SBFN,SBFN,FEN,,82400,Fernando de Noronha Arpt,-3.855,-32.423,52,RN,BR,2,"['METAR', 'TAF']"
SBFS,SBFS,,,,Campos/Sao Tome,-22.028,-41.069,3,RJ,BR,5,['METAR']
SBFZ,SBFZ,FOR,,82398,Fortaleza/Martins Intl,-3.776,-38.533,32,GO,BR,0,"['METAR', 'TAF']"
SBGA,SBGA,,,,Gama,-16.05,-48.05,1094,RO,BR,9,['METAR']
SBGL,SBGL,GIG,,83746,Rio de Janeiro/Galeão Intl,-22.815,-43.261,3,RJ,BR,1,"['METAR', 'TAF']"
SBGM,SBGM,GJM,,,Guajará-Mirim Arpt,-10.787,-65.281,147,RO,BR,4,['METAR']
SBGO,SBGO,GYN,,83424,Goiania/Genoveva Arpt,-16.632,-49.221,740,GO,BR,3,"['METAR', 'TAF']"
SBGR,SBGR,GRU,,83075,Sao Paulo Intl,-23.432,-46.469,745,PR,BR,2,"['METAR', 'TAF']"
SBGU,SBGU,GPB,,,Guarapuava/Faria Arpt,-25.387,-51.52,1065,PR,BR,3,['METAR']
SBGW,SBGW,GUJ,,83708,Guaratingueta Arpt,-22.792,-45.205,539,SP,BR,3,"['METAR', 'TAF']"
SBHT,SBHT,ATM,,82353,Altamira Arpt,-3.251,-52.252,105,PA,BR,3,['METAR']
SBIC,SBIC,ITA,,82336,Itacoatiara Arpt,-3.127,-58.481,36,AM,BR,3,['METAR']
SBIH,SBIH,ITB,,82444,Itaituba Arpt,-4.242,-56.001,30,PA,BR,3,"['METAR', 'TAF']"
SBIL,SBIL,IOS,,83349,Ilheus/Amado Arpt,-14.816,-39.033,9,BA,BR,3,"['METAR', 'TAF']"
SBIO1,,,,99434,South Bass Island,41.628,-82.842,177,OH,US,6,[]
SBIP,SBIP,IPN,,,Ipatinga/Usiminas Arpt,-19.471,-42.488,240,MG,BR,3,['METAR']
SBIT,SBIT,ITR,,,Itumbiara Arpt,-18.445,-49.213,499,GO,BR,3,['METAR']
SBIZ,SBIZ,IMP,,82564,Imperatriz Arpt,-5.53,-47.458,131,TO,BR,3,"['METAR', 'TAF']"
SBJE,SBJE,JJD,,,Monteiro/Pessoa Arpt,-2.907,-40.358,25,CE,BR,4,['TAF']
SBJF,SBJF,JDF,,83692,Juiz De Fora Arpt,-21.793,-43.386,914,MG,BR,4,['METAR']
SBJP,SBJP,JPA,,,Joao Pessoa/Pinto Arpt,-7.148,-34.951,66,PB,BR,4,"['METAR', 'TAF']"
SBJR,SBJR,RRJ,,,Jacarepagua Arpt,-22.988,-43.37,5,RJ,BR,6,"['METAR', 'TAF']"
SBJU,SBJU,JDO,,,Juazeiro do Norte/Menezes Arpt,-7.219,-39.27,407,CE,BR,3,['METAR']
SBJV,SBJV,JOI,,,Joinville/Loyola Arpt,-26.224,-48.797,3,SC,BR,4,"['METAR', 'TAF']"
SBKG,SBKG,CPV,,82795,Campina Grande Arpt,-7.27,-35.895,499,PB,BR,4,"['METAR', 'TAF']"
SBKP,SBKP,VCP,,83721,Campinas/Viracopos Arpt,-23.007,-47.135,659,SP,BR,4,"['METAR', 'TAF']"
SBLB,SBLB,,,,Platform P-25,-22.109,-39.917,10,RJ,BR,3,['METAR']
SBLE,SBLE,LEC,,,Chapada/Lencois Arpt,-12.482,-41.277,495,LE,BR,3,['METAR']
SBLF1,,,,,Tampa/Seabulk,27.923,-82.445,0,FL,US,8,[]
SBLM4,,,,,Saginaw Bay Light1,43.806,-83.719,179,MI,US,8,[]
SBLO,SBLO,LDB,,83768,Londrina Arpt,-23.334,-51.13,563,PR,BR,3,"['METAR', 'TAF']"
SBLP,SBLP,LAZ,,83288,Bom Jesus da Lapa Arpt,-13.262,-43.408,446,BA,BR,2,"['METAR', 'TAF']"
SBLS,SBLS,,,83588,Lagos Santa Arpt,-19.662,-43.896,850,MG,BR,6,['METAR']
SBMA,SBMA,MAB,,82562,Marabá Arpt,-5.368,-49.137,110,PA,BR,1,"['METAR', 'TAF']"
SBMD,SBMD,MEU,,82091,Monte Dourado Arpt,-0.89,-52.602,206,PA,BR,3,['METAR']
SBME,SBME,MEA,,86891,Macaé Arpt,-22.343,-41.766,2,RJ,BR,3,"['METAR', 'TAF']"
SBMG,SBMG,MGF,,83767,Maringa Rgnl,-23.476,-52.017,543,PR,BR,4,['METAR']
SBMK,SBMK,MOC,,83437,Montes Claros Arpt,-16.705,-43.819,665,MG,BR,2,['METAR']
SBML,SBML,MII,,,Marilia Arpt,-22.197,-49.926,643,SP,BR,4,['METAR']
SBMN,SBMN,PLL,,82332,Manaus/Ponta Peleda,-3.146,-59.986,71,AM,BR,6,"['METAR', 'TAF']"
SBMO,SBMO,MCZ,,82993,Maceió/Palmares Arpt,-9.511,-35.792,116,AL,BR,3,"['METAR', 'TAF']"
SBMQ,SBMQ,MCP,,82098,Macapá Intl,0.051,-51.072,15,AP,BR,0,"['METAR', 'TAF']"
SBMS,SBMS,MVF,,82591,Mossoró Arpt,-5.202,-37.364,23,RN,BR,3,['METAR']
SBMT,SBMT,,,83779,Campo de Marte Arpt,-23.509,-46.638,722,SP,BR,6,"['METAR', 'TAF']"
SBMY,SBMY,MNX,,82533,Manicoré Arpt,-5.812,-61.279,44,AM,BR,2,['METAR']
SBNF,SBNF,NVT,,,Navegantes Intl,-26.88,-48.651,5,SC,BR,4,"['METAR', 'TAF']"
SBNM,SBNM,GEL,,,Santo Ângelo Arpt,-28.282,-54.169,325,RS,BR,3,['METAR']
SBNT,SBNT,NAT,,82599,Natal/Severo Arpt,-5.911,-35.248,51,RN,BR,3,"['METAR', 'TAF']"
SBOI,SBOI,OYK,,82017,Oiapoque Arpt,3.861,-51.796,15,AP,BR,3,"['METAR', 'TAF']"
SBPA,SBPA,POA,,83971,Porto Alegre/Filho Intl,-29.994,-51.171,3,RS,BR,1,"['METAR', 'TAF']"
SBPB,SBPB,PHB,,82288,Parnaíba Intl,-2.894,-41.731,3,PI,BR,3,"['METAR', 'TAF']"
SBPC,SBPC,POO,,83644,Pocos De Caldas Arpt,-21.841,-46.565,1259,MG,BR,4,['METAR']
SBPF,SBPF,PFB,,83914,Passo Fundo/Kurtz Arpt,-28.245,-52.334,720,RS,BR,3,['METAR']
SBPG,SBPG,,,83844,Ponta Grossa/Beraldo Arpt,-25.184,-50.144,9,PR,BR,3,['METAR']
SBPJ,SBPJ,PMW,,,Palmas/Rodrigues Arpt,-10.291,-48.357,226,TP,BR,1,"['METAR', 'TAF']"
SBPK,SBPK,PET,,83985,Pelotas Arpt,-31.717,-52.328,17,RS,BR,3,"['METAR', 'TAF']"
SBPL,SBPL,PNZ,,82984,Petrolina Arpt,-9.367,-40.565,386,PE,BR,2,"['METAR', 'TAF']"
SBPN,SBPN,PNB,,,Porto Nacional Arpt,-10.717,-48.399,263,TP,BR,5,['METAR']
SBPP,SBPP,PMG,,83703,Ponta Porã Intl,-22.55,-55.703,650,MS,BR,2,"['METAR', 'TAF']"
SBPR,SBPR,,,,Belo Horizonte/Prate,-19.909,-43.991,936,MG,BR,6,['METAR']
SBPS,SBPS,BPS,,83460,Porto Seguro Arpt,-16.439,-39.081,44,BA,BR,2,"['METAR', 'TAF']"
SBPT2,,,,,Sabine Pass North,29.73,-93.87,0,TX,US,8,[]
SBPV,SBPV,PVH,,82824,Porto Velho Intl,-8.708,-63.901,89,RO,BR,0,"['METAR', 'TAF']"
SBQV,SBQV,,,83344,Vitoria da Conquista,-14.867,-40.862,912,BA,BR,3,['METAR']
SBRB,SBRB,RBR,,82917,Rio Branco Intl,-9.867,-67.897,190,AC,BR,3,"['METAR', 'TAF']"
SBRF,SBRF,REC,,82899,Recife Arpt,-8.126,-34.923,10,PE,BR,2,"['METAR', 'TAF']"
SBRJ,SBRJ,SDU,,83755,Rio de Janeiro/Dumont Arpt,-22.91,-43.163,6,RJ,BR,6,"['METAR', 'TAF']"
SBRP,SBRP,RAO,,83652,Ribeirão Preto/Lopes Arpt,-21.134,-47.774,550,SP,BR,3,"['METAR', 'TAF']"
SBRS,SBRS,,,83738,Resende,-22.476,-44.477,406,RJ,BR,9,['METAR']
SBSA,SBSA,,,83726,Sao Carlos,-22.017,-47.883,859,SP,BR,9,['METAR']
SBSC,SBSC,SNZ,,83741,Santa Cruz/Gusmao Arpt,-22.932,-43.719,6,RJ,BR,5,"['METAR', 'TAF']"
SBSG,SBSG,,,,Natal/Alves Intl,-5.768,-35.376,83,RN,BR,6,"['METAR', 'TAF']"
SBSJ,SBSJ,SJK,,,Sao Jose dos Campos Arpt,-23.229,-45.861,640,SP,BR,4,"['METAR', 'TAF']"
SBSL,SBSL,SLZ,,82281,São Luís/Machado Intl,-2.585,-44.234,53,MA,BR,1,"['METAR', 'TAF']"
SBSM,SBSM,RIA,,83937,Santa Maria Arpt,-29.711,-53.688,86,RS,BR,3,"['METAR', 'TAF']"
SBSN,SBSN,STM,,82244,Santarem Intl,-2.423,-54.789,57,PA,BR,2,"['METAR', 'TAF']"
SBSP,SBSP,CGH,,83780,Sao Paulo/Congonhas,-23.627,-46.655,802,SP,BR,6,"['METAR', 'TAF']"
SBSR,SBSR,SJP,,,Sao Jose do Rio Preto Arpt,-20.817,-49.407,537,SP,BR,3,['METAR']
SBST,SBST,SSZ,,83818,Santos,-23.924,-46.305,5,SP,BR,4,"['METAR', 'TAF']"
SBSV,SBSV,SSA,,83248,Salvador/Magalhães Intl,-12.911,-38.331,9,BA,BR,1,"['METAR', 'TAF']"
SBSY,SBSY,,,,Santa Isabel Morro,-11.573,-50.668,197,TO,BR,3,['METAR']
SBTA,SBTA,,,83784,Taubate,-23.04,-45.516,578,SP,BR,5,['METAR']
SBTC,SBTC,UNA,,82108,Una Arpt,-15.355,-38.999,6,BA,BR,4,['METAR']
SBTD,SBTD,TOW,,,Toledo Arpt,-24.686,-53.697,558,PR,BR,5,"['METAR', 'TAF']"
SBTE,SBTE,THE,,82579,Teresina Arpt,-5.06,-42.824,60,PI,BR,2,"['METAR', 'TAF']"
SBTF,SBTF,TFF,,82317,Tefé Arpt,-3.383,-64.724,55,AM,BR,2,"['METAR', 'TAF']"
SBTK,SBTK,TRQ,,82808,Tarauacá Arpt,-8.155,-70.783,194,AC,BR,3,['METAR']
SBTT,SBTT,TBT,,82411,Tabatinga Intl,-4.254,-69.939,79,AM,BR,1,"['METAR', 'TAF']"
SBTU,SBTU,TUR,,82361,Tucuruí Arpt,-3.786,-49.72,250,PA,BR,3,"['METAR', 'TAF']"
SBUA,SBUA,SJL,,82107,São Gabriel da Cachoeira Arpt,-0.15,-66.987,73,AM,BR,1,['METAR']
SBUF,SBUF,PAV,,82986,Paulo Afonso Arpt,-9.4,-38.25,266,BA,BR,3,['METAR']
SBUG,SBUG,URG,,83928,Uruguaiana/Berta Intl,-29.782,-57.038,79,RS,BR,2,"['METAR', 'TAF']"
SBUL,SBUL,UDI,,83525,Uberlandia Arpt,-18.883,-48.226,945,MG,BR,4,"['METAR', 'TAF']"
SBUR,SBUR,UBA,,83576,Uberaba Arpt,-19.765,-47.965,807,MG,BR,2,"['METAR', 'TAF']"
SBUY,SBUY,,,,Urucu Arpt,-4.884,-65.354,44,AM,BR,3,['METAR']
SBVH,SBVH,BVH,,83208,Vilhena Arpt,-12.694,-60.098,615,RO,BR,2,"['METAR', 'TAF']"
SBVT,SBVT,VIX,,83649,Vitória/Salles Arpt,-20.258,-40.286,4,ES,BR,1,"['METAR', 'TAF']"
SBXV,SBXV,,,83319,Xavantina,-14.697,-52.349,302,MT,BR,9,['METAR']
SBYA,SBYA,,,,Iauaretê Arpt,0.607,-69.186,123,AM,BR,3,['METAR']
SBYS,SBYS,,,83671,Pirassununga/Fontenelle Arpt,-21.982,-47.34,600,SP,BR,3,"['METAR', 'TAF']"
SCAP,SCAP,WAP,,85836,Alto Palena Arpt,-43.612,-71.802,252,LL,CL,5,['METAR']
SCAR,SCAR,ARI,,85406,Arica/Chacalluta Arpt,-18.351,-70.336,57,TA,CL,2,"['METAR', 'TAF']"
SCAS,SCAS,WPA,,85862,Puerto Aysen Arpt,-45.399,-72.67,8,AI,CL,5,['METAR']
SCAT,SCAT,CPO,,,Desierto Atacama Arpt,-27.262,-70.774,209,AT,CL,1,"['METAR', 'TAF']"
SCBA,SCBA,BBA,,85874,Balmaceda/Vidal Arpt,-45.913,-71.694,516,AI,CL,1,"['METAR', 'TAF']"
SCCC,SCCC,CCH,,85886,Chile Chico Arpt,-46.581,-71.693,305,AI,CL,4,['METAR']
SCCF,SCCF,CJC,,,Calama/El Loa Intl,-22.496,-68.905,2290,AN,CL,3,"['METAR', 'TAF']"
SCCH,SCCH,YAI,,85672,Chillan/OHiggins Arpt,-36.583,-72.031,148,BI,CL,4,"['METAR', 'TAF']"
SCCI,SCCI,PUQ,,85934,Punta Arenas Arpt,-53.003,-70.855,37,MA,CL,3,"['METAR', 'TAF']"
SCCY,SCCY,GXQ,,85864,Coyhaique/Vidal Arpt,-45.595,-72.11,301,AI,CL,5,"['METAR', 'TAF']"
SCDA,SCDA,IQQ,,85418,Iquique/Diego Aracena Arpt,-20.535,-70.181,41,TA,CL,3,"['METAR', 'TAF']"
SCEL,SCEL,SCL,,85574,Santiago/Benítez Intl,-33.393,-70.786,478,RM,CL,0,"['METAR', 'TAF']"
SCER,SCER,,,85543,Quintero Santia,-32.79,-71.522,15,VS,CL,9,['METAR']
SCFA,SCFA,ANF,,85442,Antofagasta/Sabella Arpt,-23.45,-70.441,113,AN,CL,1,"['METAR', 'TAF']"
SCFM,SCFM,WPR,,,Porvenir/Martinez Arpt,-53.254,-70.319,28,MA,CL,5,"['METAR', 'TAF']"
SCFT,SCFT,FFU,,85832,Futaleufú Arpt,-43.189,-71.853,345,LL,CL,3,['METAR']
SCGE,SCGE,LSQ,,85703,Los Angeles/Dolores,-37.403,-72.422,122,BI,CL,4,"['METAR', 'TAF']"
SCGZ,SCGZ,WPU,,,Guardiamarina/Zahart,-54.932,-67.631,21,MA,CL,5,"['METAR', 'TAF']"
SCHA,SCHA,,,,Copiapo Arpt,-27.296,-70.414,301,AT,CL,9,"['METAR', 'TAF']"
SCHR,SCHR,LGR,,85892,Cochrane Arpt,-47.244,-72.586,203,AI,CL,3,"['METAR', 'TAF']"
SCIC,SCIC,,,85629,Curico/Freire Arpt,-34.966,-71.217,230,ML,CL,3,"['METAR', 'TAF']"
SCIE,SCIE,CCP,,85682,Concepcion/Sur Intl,-36.773,-73.063,8,BI,CL,2,"['METAR', 'TAF']"
SCIP,SCIP,IPC,,85469,Pascua Island Arpt,-27.161,-109.427,48,VS,CL,0,"['METAR', 'TAF']"
SCIR,SCIR,,,85585,Robinson Crusoe Arpt,-33.666,-78.93,132,RM,CL,1,"['METAR', 'TAF']"
SCJO,SCJO,ZOS,,85459,Osorno/Siebert Arpt,-40.605,-73.061,61,LL,CL,4,"['METAR', 'TAF']"
SCLL,SCLL,VLR,,,Vallenar Arpt,-28.596,-70.756,538,AT,CL,9,['METAR']
SCMK,SCMK,,,,Melinka Arpt,-43.897,-73.741,22,AI,CL,4,"['METAR', 'TAF']"
SCNT,SCNT,PNT,,85921,Puerta Natales/Galla,-51.672,-72.528,68,MA,CL,3,"['METAR', 'TAF']"
SCON,SCON,,,,Puerto Quellon Arpt,-43.134,-73.633,11,LL,CL,3,['METAR']
SCPD,SCPD,,,,Peldehue Arpt,-33.1173,-70.6838,360,RM,CL,5,['TAF']
SCPQ,SCPQ,MHC,,,Monopulli Arpt,-42.347,-73.718,166,LL,CL,4,"['METAR', 'TAF']"
SCQP,SCQP,ZCO,,,Temuco Arpt,-38.925,-72.648,97,LL,CL,6,"['METAR', 'TAF']"
SCRA,SCRA,CNR,,,Chanaral Arpt,-26.332,-70.607,27,AT,CL,9,['METAR']
SCRD,SCRD,VAP,,85561,Valparaiso/Rodelillo Arpt,-33.068,-71.557,342,VS,CL,6,"['METAR', 'TAF']"
SCRG,SCRG,QRC,,,Rancagua/Indepencia Arpt,-34.174,-70.776,488,LI,CL,4,"['METAR', 'TAF']"
SCRM,SCRM,TNM,,89056,Teniente Marsh Arpt,-62.191,-58.987,45,CH,AQ,1,['METAR']
SCSE,SCSE,LSC,,85488,La Serena/La Florida Arpt,-29.918,-71.201,141,CO,CL,2,"['METAR', 'TAF']"
SCSN,SCSN,,,85586,Santo Domingo Arpt,-33.656,-71.615,73,VS,CL,4,"['METAR', 'TAF']"
SCTB,SCTB,,,85580,Santiago/Sanchez Arpt,-33.456,-70.547,655,RM,CL,6,"['METAR', 'TAF']"
SCTC,SCTC,PZS,,85743,Temuco/Maquehue,-38.77,-72.637,93,AR,CL,3,"['METAR', 'TAF']"
SCTE,SCTE,PMC,,85799,Puerto Montt/Tepua Arpt,-41.439,-73.094,85,AR,CL,1,"['METAR', 'TAF']"
SCTN,SCTN,WCH,,,Chaitén Arpt,-42.933,-72.699,8,LL,CL,4,"['METAR', 'TAF']"
SCVD,SCVD,ZAL,,85766,Valdivia/Pichoy Arpt,-39.65,-73.086,19,LL,CL,3,"['METAR', 'TAF']"
SCVM,SCVM,KNA,,,Concon/Vina Del Mar Arpt,-32.947,-71.479,136,VS,CL,4,"['METAR', 'TAF']"
SCXA2,,,,,CMAN,-99.99,-99.99,9999,,,8,[]
SDBC1,,,,,San Diego,32.713,-117.173,0,CA,US,8,[]
SDHN4,,,,,Sandy Hook,40.467,-74.01,2,NJ,US,8,[]
SDIA2,,,,,South Douglas,58.277,-134.389,4,AK,US,8,[]
SDRT2,,,,,Seadrift,28.407,-96.712,10,TX,US,8,[]
SEAM,SEAM,ATF,,84147,Ambato/Chachoan,-1.212,-78.575,2520,T,EC,5,['METAR']
SEBC,SEBC,,,84101,Bahia De Caraquez,-0.608,-80.403,3,T,EC,9,['METAR']
SECA,SECA,LOH,,84265,Ciudad de Catamayo Arpt,-3.995,-79.372,1237,L,EC,3,['METAR']
SECO,SECO,OCC,,84100,Francisco de Orellana Arpt,-0.461,-76.988,256,N,EC,3,['METAR']
SECU,SECU,CUE,,84239,Cuenca/Lamar Intl,-2.889,-78.984,2516,A,EC,3,['METAR']
SEES,SEES,,,,Esmeraldas-Tachina,0.979,-79.625,7,E,EC,9,['METAR']
SEGS,SEGS,GPS,,84001,Galapagos/Seymour Arpt,-0.445,-90.269,51,W,EC,1,['METAR']
SEGU,SEGU,GYE,,84203,Guayaquil/Olmedo Intl,-2.158,-79.884,6,G,EC,3,"['METAR', 'TAF']"
SEGZ,SEGZ,,,84253,Gualaquiza/Jaramille Arpt,-3.423,-78.567,805,M,EC,4,['METAR']
SEIB,SEIB,,,,Ibarra/Atahualpa,0.339,-78.136,2218,I,EC,9,['METAR']
SEIM1,,,,,CMAN,-99.99,-99.99,9999,,,8,[]
SEJD,SEJD,TNW,,,Tena-Jumandy Arpt,-1.06,-77.58,376,L,EC,4,['METAR']
SELA,SELA,,,84063,Nueva Loja/Lago Agri,0.092,-76.869,299,,EC,9,['METAR']
SELO,SELO,,,,Catamayo Arpt,-3.996,-79.369,1233,N,EC,9,['METAR']
SELT,SELT,,,84123,Latacunga/Cotopaxi Intl,-0.921,-78.619,2779,X,EC,4,"['METAR', 'TAF']"
SEMA,SEMA,MRR,,,Macara/Velasco Arpt,-4.378,-79.941,454,L,EC,9,['METAR']
SEMC,SEMC,XMS,,84217,Macas/Carvajal Arpt,-2.299,-78.121,1036,S,EC,4,['METAR']
SEMH,SEMH,MCH,,,Machala/Serran,-3.269,-79.962,3,O,EC,9,['METAR']
SEMT,SEMT,MEC,,84117,Manta/Alfaro Intl,-0.946,-80.679,13,M,EC,3,"['METAR', 'TAF']"
SENL,SENL,LGQ,,,Lago Agrio Arpt,0.092,-76.869,293,U,EC,4,['METAR']
SEPA,SEPA,PTZ,,84163,Pastaza/Rio Amazon,-1.505,-78.062,1048,Y,EC,9,['METAR']
SEQM,SEQM,UIO,,,Quito/New Intl,-0.124,-78.354,2386,P,EC,1,"['METAR', 'TAF']"
SEQU,SEQU,,,84071,Quito/Sucre Intl,-0.141,-78.488,2812,P,EC,7,"['METAR', 'TAF']"
SERB,SERB,,,84176,Riobamba Arpt,-1.655,-78.656,2788,H,EC,4,['METAR']
SERO,SERO,ETR,,,Santa Rosa Arpt,-3.435,-79.978,6,O,EC,5,['METAR']
SESA,SESA,SNC,,84200,Salinas/Paez Arpt,-2.205,-80.989,6,M,EC,4,['METAR']
SESD,SESD,,,84069,Santo Domingo Arpt,-0.248,-79.209,495,P,EC,4,['METAR']
SESG,SESG,,,,UNK,-99.99,-99.99,9999,,EC,9,[]
SESM,SESM,PTZ,,,Shell Mera/Amazonas Arpt,-1.505,-78.063,1056,Y,EC,3,['METAR']
SEST,SEST,SCY,,84008,Galapagos/San Cristobal Arpt,-0.906,-89.619,13,W,EC,4,['METAR']
SETI,SETI,TPN,,,Tiputini,-0.776,-75.532,186,N,EC,9,['METAR']
SETN,SETN,ESM,,,Tachina/Torres Arpt,0.979,-79.627,10,G,EC,3,['METAR']
SETU,SETU,TUA,,84027,Tulcan/El Rosal,0.809,-77.708,2936,C,EC,7,['METAR']
SFAL,SFAL,PSY,,88891,Stanley Airport,-51.686,-57.778,23,,FK,4,"['METAR', 'TAF']"
SFXC1,,,,,San Francisco Bay Re,38.223,-122.026,0,CA,US,8,[]
SGAS,SGAS,ASU,,86218,Asunción/Pettriossi,-25.248,-57.519,83,11,PY,2,"['METAR', 'TAF']"
SGCO,SGCO,CIO,,86134,Concepcion/Peralta Arpt,-23.438,-57.43,74,1,PY,3,"['METAR', 'TAF']"
SGEN,SGEN,ENO,,86297,Encarnacion/Gonzales,-27.221,-55.834,202,7,PY,6,"['METAR', 'TAF']"
SGES,SGES,AGT,,,Guarani Intl,-25.461,-54.849,256,10,PY,6,"['METAR', 'TAF']"
SGGR,SGGR,,,86210,Salto del Guaira Arpt,-24.032,-54.351,297,14,PY,3,['METAR']
SGLV,SGLV,,,86086,Puerto Casado,-22.283,-57.933,78,16,PY,3,['METAR']
SGME,SGME,ESG,,86068,Mariscal Estigagambi,-22.034,-60.622,166,17,PY,2,"['METAR', 'TAF']"
SGNA,SGNA,,,,Nueva Asuncion,-20.71,-61.926,312,19,PY,9,['METAR']
SGNT2,,,,,CMAN,-99.99,-99.99,9999,,,8,[]
SGNW3,,,,,Sheboygan,43.75,-87.692,176,WI,US,7,[]
SGOF1,,,,,Tyndal AFB Tower C,29.407,-84.863,0,FL,US,5,[]
SGOV,SGOV,,,86234,Coronel Oviedo Arpt,-25.5173,-56.4063,153,5,PY,5,['METAR']
SGPC,SGPC,,,86128,Pozo Colorado Arpt,-23.499,-58.786,98,15,PY,3,['METAR']
SGPI,SGPI,PIL,,,Pilar/Jimenez Arpt,-26.881,-58.318,59,12,PY,4,"['METAR', 'TAF']"
SGPJ,SGPJ,PJC,,,Caballero Arpt,-22.641,-55.83,571,13,PY,6,"['METAR', 'TAF']"
SGSJ,SGSJ,,,86260,San Juan Batista,-26.667,-57.133,131,8,PY,3,['METAR']
SGSP,SGSP,,,86185,San Pedro Arpt,-24.028,-57.023,81,2,PY,4,['METAR']
SGVR,SGVR,,,86233,Villarrrica,-25.758,-56.433,161,4,PY,3,['METAR']
SGXA2,,,,,CMAN,-99.99,-99.99,9999,,,8,[]
SHBL1,,,,,Shell Beach,29.868,-89.673,10,LA,US,8,[]
SHPF1,,,,,Shell Point,30.06,-84.291,0,FL,US,4,[]
SHXA2,,,,,CMAN,-99.99,-99.99,9999,,,8,[]
SIPF1,,,,,Sebastian Inlet Part,27.862,-80.445,4,FL,US,8,[]
SISA2,,,,,Sisters Island,58.171,-135.256,15,AK,US,8,[]
SISW1,,,,99418,Smith Island,48.318,-122.843,15,WA,US,6,[]
SIXA2,,,,,CMAN,-99.99,-99.99,9999,,,8,[]
SJNP4,,,,,San Juan,18.462,-66.117,6,,PR,8,[]
SJOM4,,,,,St Joseph,42.099,-86.494,182,MI,US,8,[]
SJSN4,,,,,Ship John Shoal,39.305,-75.375,0,NJ,US,8,[]
SKAR,SKAR,AXM,,80211,Armenia/El Eden Arpt,4.455,-75.766,1214,QU,CO,5,"['METAR', 'TAF']"
SKAS,SKAS,PUU,,80372,Puerto Asis,0.505,-76.501,251,PU,CO,3,['METAR']
SKBG,SKBG,BGA,,80094,Bucaramango/Palonegro Arpt,7.127,-73.185,1187,SA,CO,3,"['METAR', 'TAF']"
SKBO,SKBO,BOG,,80222,Bogota/El Dorado Arpt,4.706,-74.151,2547,CA,CO,0,"['METAR', 'TAF']"
SKBQ,SKBQ,BAQ,,80028,Barranquilla/Cortissoz Arpt,10.883,-74.78,23,AT,CO,1,"['METAR', 'TAF']"
SKBS,SKBS,BSC,,,Bahia Soland Arpt,6.203,-77.395,24,CH,CO,4,[]
SKBU,SKBU,BUN,,80252,Buenaventura,3.82,-76.992,14,VD,CO,9,['METAR']
SKCC,SKCC,CUC,,80097,Cucuta/Daza Intl,7.93,-72.509,308,ND,CO,6,"['METAR', 'TAF']"
SKCF1,,,,,CMAN,-99.99,-99.99,9999,,,8,[]
SKCG,SKCG,CTG,,80022,Cartagena/Nuñez Intl,10.447,-75.516,6,BO,CO,3,"['METAR', 'TAF']"
SKCL,SKCL,CLO,,80259,Cali/Aragon Arpt,3.543,-76.382,967,VD,CO,2,"['METAR', 'TAF']"
SKCO,SKCO,TCO,,80336,Tumaco/La Florida Arpt,1.814,-78.749,6,NA,CO,3,[]
SKCZ,SKCZ,,,80044,Corozal/Las Brujas Arpt,9.334,-75.283,81,SU,CO,4,[]
SKEJ,SKEJ,EJA,,80091,Barrancabermeja/Yariguies Arpt,7.026,-73.809,123,SA,CO,4,['METAR']
SKFL,SKFL,FLA,,80354,Florencia Arpt,1.589,-75.564,244,CA,CO,4,[]
SKGI,SKGI,GIR,,,Girardot/Santiago Vila Arpt,4.276,-74.797,282,CA,CO,4,['METAR']
SKGO,SKGO,,,,Cartago//Santa Ana Arpt,4.758,-75.956,908,VD,CO,5,[]
SKGP,SKGP,GPI,,,Guapi Arpt,2.57,-77.899,2,CA,CO,3,['METAR']
SKGY,SKGY,,,,Guaymaral Arpt,4.812,-74.065,2557,BL,CO,6,[]
SKIB,SKIB,IBE,,80214,Ibague/Perales Arpt,4.418,-75.13,899,TO,CO,4,['METAR']
SKIP,SKIP,IPI,,80370,Ipiales/San Luis Arpt,0.858,-77.677,2964,NA,CO,4,['METAR']
SKLC,SKLC,APO,,80084,Apartado/Betencourt Arpt,7.817,-76.718,20,AN,CO,2,['METAR']
SKLT,SKLT,LET,,80398,Leticia/Cobo Intl,-4.196,-69.943,78,AM,CO,4,"['METAR', 'TAF']"
SKMD,SKMD,EOH,,80110,Medellin/Herrera Arpt,6.221,-75.59,1491,AN,CO,6,['METAR']
SKMR,SKMR,MTR,,80063,Monteria/Garzones Arpt,8.826,-75.825,12,CO,CO,3,['METAR']
SKMU,SKMU,MVP,,80361,Mitu Arpt,1.117,-70.083,207,VP,CO,4,[]
SKMZ,SKMZ,MZL,,80149,Manizales/La Nubia Arpt,5.03,-75.47,2075,CA,CO,5,['METAR']
SKNV,SKNV,NVA,,80315,Neiva/Salas Arpt,2.949,-75.294,449,HU,CO,3,['METAR']
SKPC,SKPC,PCR,,80139,Puerto Carreno Arpt,6.184,-67.491,51,VI,CO,4,['METAR']
SKPD,SKPD,,,,Puerto Inirida Arpt,3.854,-67.906,140,GN,CO,3,[]
SKPE,SKPE,PEI,,80210,Pereira/Matecana Arpt,4.814,-75.735,1341,RI,CO,4,"['METAR', 'TAF']"
SKPP,SKPP,PPN,,80308,Popayan/Guillermo,2.453,-76.609,1726,CA,CO,9,['METAR']
SKPS,SKPS,PSO,,80342,Pasto/Nariño Arpt,1.394,-77.291,1798,NA,CO,3,['METAR']
SKPV,SKPV,PVA,,80002,Providencia Isl Arpt,13.358,-81.358,7,SA,CO,4,['METAR']
SKQU,SKQU,MQU,,,Mariquita Arpt,5.213,-74.884,467,TO,CO,4,[]
SKRG,SKRG,MDE,,80112,Rionegro/Córdova Intl,6.169,-75.426,2132,AN,CO,3,"['METAR', 'TAF']"
SKRH,SKRH,RCH,,80035,Riohacha/Padilla Arpt,11.528,-72.918,11,GJ,CO,3,"['METAR', 'TAF']"
SKSA,SKSA,RVE,,,Saravena/Los Colonizadores Arpt,6.955,-71.86,207,AR,CO,4,['METAR']
SKSJ,SKSJ,SJE,,80322,San Jose del Guaviar,2.574,-72.64,185,GV,CO,9,['METAR']
SKSM,SKSM,SMR,,80009,Santa Marta/Bolivar Arpt,11.12,-74.231,5,MA,CO,4,"['METAR', 'TAF']"
SKSP,SKSP,ADZ,,80001,San Andres Island Arpt,12.587,-81.704,6,SA,CO,2,"['METAR', 'TAF']"
SKSV,SKSV,SVI,,,San Vicente Arpt,2.152,-74.766,280,CA,CO,4,['METAR']
SKTA2,,,,,Skagway,59.45,-135.327,0,AK,US,8,[]
SKTM,SKTM,TME,,,Tame/Vargas Arpt,6.451,-71.76,361,AR,CO,5,['METAR']
SKUC,SKUC,AUC,,80099,Arauca/Perez Arpt,7.066,-70.735,127,AR,CO,3,['METAR']
SKUI,SKUI,UIB,,80144,Quibdó/El Caraño Arpt,5.691,-76.644,55,CH,CO,3,['METAR']
SKVP,SKVP,VUP,,80036,Valledupar/Pumerejo Arpt,10.436,-73.248,137,CE,CO,3,['METAR']
SKVV,SKVV,VVC,,80234,Villavicencio/Vangardia Arpt,4.162,-73.618,421,ME,CO,4,['METAR']
SKXA2,,,,,CMAN,-99.99,-99.99,9999,,,8,[]
SKYP,SKYP,EYP,,,Yopal/El Alcaravan,5.319,-72.384,312,CA,CO,3,['METAR']
SLAL,SLAL,SRE,,,Alcantarí Arpt,-19.247,-65.15,3109,H,BO,4,"['METAR', 'TAF']"
SLAP,SLAP,APB,,85151,Apolo,-14.736,-68.412,1419,L,BO,9,['METAR']
SLAS,SLAS,ASC,,85175,Ascencion Arpt,-15.93,-63.157,250,S,BO,9,['METAR']
SLCA,SLCA,CAM,,85315,Camiri Arpt,-20.006,-63.528,796,S,BO,3,['METAR']
SLCB,SLCB,CBB,,85223,Cochabamba/Wilstermann Intl,-17.421,-66.179,2560,C,BO,2,"['METAR', 'TAF']"
SLCN,SLCN,,,,Charaña,-17.592,-69.442,4070,T,BO,9,['METAR']
SLCO,SLCO,CIJ,,85041,Cobija Arpt,-11.04,-68.782,238,C,BO,1,"['METAR', 'TAF']"
SLCP,SLCP,CEP,,85196,Concepción Arpt,-16.138,-62.028,502,S,BO,3,['METAR']
SLET,SLET,SRZ,,85245,Santa Cruz/El Tromp,-17.812,-63.172,421,S,BO,5,"['METAR', 'TAF']"
SLGY,SLGY,GYA,,,Guayaramerin,-10.821,-65.346,128,C,BO,9,['METAR']
SLIM2,,,,,Solomon Islands,38.317,-76.45,3,MD,US,8,[]
SLJE,SLJE,SJS,,85247,San José de Chiquitos Arpt,-17.832,-60.744,286,S,BO,3,['METAR']
SLJO,SLJO,SJB,,85104,San Joaquín Arpt,-13.05,-64.663,140,B,BO,4,['METAR']
SLJV,SLJV,SJV,,85195,San Javier Arpt,-16.271,-62.471,539,S,BO,9,['METAR']
SLLP,SLLP,LPB,,85201,La Paz/El Alto Intl,-16.511,-68.182,4061,L,BO,1,"['METAR', 'TAF']"
SLMG,SLMG,MGD,,85114,Magdalena Arpt,-13.262,-64.059,146,B,BO,3,['METAR']
SLMN2,,,,,CMAN,-99.99,-99.99,9999,,,8,[]
SLOR,SLOR,ORU,,85242,Oruro/Mendoza Arpt,-17.962,-67.077,3720,O,BO,3,"['METAR', 'TAF']"
SLPO,SLPO,POI,,85293,Potosi/Rojas Arpt,-19.543,-65.724,3915,P,BO,3,['METAR']
SLPS,SLPS,PSZ,,85289,Puerto Suárez Intl,-18.981,-57.821,136,S,BO,1,"['METAR', 'TAF']"
SLRB,SLRB,RBO,,85268,Roboré Arpt,-18.33,-59.763,266,S,BO,3,['METAR']
SLRI,SLRI,RIB,,85043,Riberalta Arpt,-11.007,-66.076,136,N,BO,2,['METAR']
SLRQ,SLRQ,RBQ,,85141,Rurrenabaque Arpt,-14.429,-67.503,209,L,BO,5,"['METAR', 'TAF']"
SLRY,SLRY,REY,,85140,Reyes Arpt,-14.303,-67.353,187,B,BO,3,['METAR']
SLSA,SLSA,SBL,,85123,Santa Ana/Suarez Arpt,-13.762,-65.435,144,B,BO,2,['METAR']
SLSB,SLSB,SRJ,,85152,San Borja,-14.857,-66.738,194,B,BO,9,['METAR']
SLSI,SLSI,SNG,,85207,San Ignacio de Velas,-16.384,-60.963,417,S,BO,3,['METAR']
SLSM,SLSM,SNM,,85153,San Ignacio de Moxo,-14.964,-65.635,165,B,BO,9,['METAR']
SLSU,SLSU,,,,Sucre/Padilla Intl,-19.007,-65.289,2904,H,BO,5,"['METAR', 'TAF']"
SLSV,SLSV,,,,San Ignacio de Velas,-16.401,-61.046,450,S,BO,7,['METAR']
SLTJ,SLTJ,TJA,,85364,Tarija/Plaza Arpt,-21.556,-64.701,1850,T,BO,2,"['METAR', 'TAF']"
SLTR,SLTR,TDD,,85154,Trinidad/Arauz Arpt,-14.819,-64.918,157,B,BO,3,"['METAR', 'TAF']"
SLVG,SLVG,VAH,,85264,Vallegrande,-18.467,-64.1,1998,S,BO,3,['METAR']
SLVM,SLVM,VLM,,85345,Villamontes/Pabon Arpt,-21.254,-63.407,396,T,BO,3,['METAR']
SLVM5,,,,,Silver Bay,47.269,-91.252,195,MN,US,8,[]
SLVR,SLVR,VVI,,85244,Santa Cruz/Viru Intl,-17.645,-63.135,377,S,BO,0,"['METAR', 'TAF']"
SLXA2,,,,,CMAN,-99.99,-99.99,9999,,,8,[]
SLYA,SLYA,BYC,,85365,Yacuiba Arpt,-21.966,-63.654,646,T,BO,4,"['METAR', 'TAF']"
SMJP,SMJP,PBM,,81225,Paramaribo/Pengel Intl,5.453,-55.188,14,PA,SR,2,"['METAR', 'TAF']"
SMKF1,,,,99445,Sombrero Key,24.628,-81.111,0,FL,US,6,[]
SMZO,SMZO,ORG,,81200,Paramaribo/Zorg en H,5.811,-55.191,7,PM,SR,6,"['METAR', 'TAF']"
SMZY,SMZY,,,,Paramaribo/Zandery,5.453,-55.188,14,PA,SR,9,['METAR']
SNDA2,,,,,Sand Point,55.337,-160.502,3,AK,US,8,[]
SNDP5,,,,,Sand Island,28.212,-177.36,3,,US,8,[]
SOCA,SOCA,CAY,,81405,Cayenne/Rochambeau Arpt,4.822,-52.365,7,CA,GF,1,"['METAR', 'TAF']"
SOOM,SOOM,LDX,,81401,Saint Laurent du Mar,5.486,-54.032,6,SL,GF,3,['METAR']
SPAY,SPAY,AYX,,84593,Atalaya Arpt,-10.732,-73.767,242,UC,PE,9,['METAR']
SPCL,SPCL,PCL,,84515,Pucallpa/Rengifo Intl,-8.378,-74.574,154,UC,PE,3,"['METAR', 'TAF']"
SPEO,SPEO,CHM,,84531,Chimbote/Morales Arpt,-9.15,-78.526,13,AN,PE,3,"['METAR', 'TAF']"
SPGF1,,,,99439,Settlement Point,26.704,-78.994,2,,BS,6,[]
SPGM,SPGM,TGI,,84534,Tingo Maria Arpt,-9.291,-76.005,643,HU,PE,3,"['METAR', 'TAF']"
SPHI,SPHI,CIX,,84452,Chiclayo Arpt,-6.787,-79.828,33,LA,PE,3,"['METAR', 'TAF']"
SPHO,SPHO,AYP,,84673,Ayacucho/Duarte Arpt,-13.155,-74.204,2743,AY,PE,3,"['METAR', 'TAF']"
SPHY,SPHY,ANS,,84688,Andahuaylas Arpt,-13.713,-73.352,3553,AP,PE,4,"['METAR', 'TAF']"
SPHZ,SPHZ,ATA,,84542,Anta/Huaraz,-9.347,-77.598,2760,AN,PE,9,"['METAR', 'TAF']"
SPIM,SPIM,,,,Lima/Chavez Intl,-12.024,-77.113,26,CA,PE,0,"['METAR', 'TAF']"
SPJA,SPJA,RIJ,,84440,Rioja,-6.068,-77.16,789,SA,PE,9,['METAR']
SPJC,SPJC,LIM,,84628,Lima/Chávez Intl,-12.024,-77.113,26,LI,PE,0,"['METAR', 'TAF']"
SPJE,SPJE,,,84410,San Agustin/Jaen-Shumba Arpt,-5.593,-78.774,755,CA,PE,3,"['METAR', 'TAF']"
SPJI,SPJI,JJI,,84474,Juanjui Arpt,-7.169,-76.729,363,SA,PE,5,"['METAR', 'TAF']"
SPJJ,SPJJ,JAU,,,Jauja/Francisco Carle Arpt,-11.783,-75.473,3363,JU,PE,3,"['METAR', 'TAF']"
SPJL,SPJL,JUL,,84735,Juliaca Arpt,-15.467,-70.158,3837,PU,PE,3,"['METAR', 'TAF']"
SPJN,SPJN,SJA,,,San Juan Arpt,-15.35,-75.138,40,IC,PE,9,['METAR']
SPJR,SPJR,CJA,,84472,Cajamarca/Iglesias Arpt,-7.139,-78.489,2622,CA,PE,3,"['METAR', 'TAF']"
SPLO,SPLO,ILQ,,84773,Ilo Arpt,-17.692,-71.343,25,MO,PE,4,"['METAR', 'TAF']"
SPME,SPME,TBP,,84370,Tumbes Arpt,-3.551,-80.385,26,TU,PE,2,"['METAR', 'TAF']"
SPMS,SPMS,YMS,,84425,Yurimaguas Arpt,-5.895,-76.111,149,LO,PE,5,"['METAR', 'TAF']"
SPNC,SPNC,HUU,,84564,Huanuco/Alferez Arpt,-9.879,-76.207,1856,HU,PE,4,"['METAR', 'TAF']"
SPPY,SPPY,CHH,,84444,Chachapoyas Arpt,-6.207,-77.853,2536,AM,PE,4,"['METAR', 'TAF']"
SPQT,SPQT,IQT,,84377,Iquitos/Vignetta Arpt,-3.786,-73.306,92,LO,PE,1,"['METAR', 'TAF']"
SPQU,SPQU,AQP,,84752,Arequipa/Ballon Intl,-16.341,-71.583,2527,AR,PE,3,"['METAR', 'TAF']"
SPRU,SPRU,TRU,,84501,Trujillo Arpt,-8.087,-79.109,23,LA,PE,2,"['METAR', 'TAF']"
SPSO,SPSO,PIO,,84691,Pisco Intl,-13.744,-76.221,8,IC,PE,3,"['METAR', 'TAF']"
SPST,SPST,TPP,,84455,Tarapoto Arpt,-6.509,-76.373,282,SA,PE,1,"['METAR', 'TAF']"
SPTM4,,,,,Sturgeon Point Light,44.713,-83.273,178,MI,US,8,[]
SPTN,SPTN,TCQ,,84782,Tacna Arpt,-18.049,-70.277,459,TA,PE,5,"['METAR', 'TAF']"
SPTU,SPTU,PEM,,84658,Puerto Maldonado Arpt,-12.603,-69.228,213,MD,PE,3,"['METAR', 'TAF']"
SPUR,SPUR,PIU,,84401,Piura/Iberico Intl,-5.206,-80.616,30,PI,PE,9,"['METAR', 'TAF']"
SPXA2,,,,,CMAN,-99.99,-99.99,9999,,,8,[]
SPYL,SPYL,TYL,,84390,Talara/Montes Arpt,-4.577,-81.254,89,AR,PE,3,"['METAR', 'TAF']"
SPZA,SPZA,NZC,,84720,Nazca/Neuman Arpt,-14.854,-74.962,546,IC,PE,4,"['METAR', 'TAF']"
SPZO,SPZO,CUZ,,84686,Cuzco/Astete Arpt,-13.536,-71.939,3249,CU,PE,2,"['METAR', 'TAF']"
SRBV3,,,,,St Croix/Salt River,17.784,-64.762,0,,VI,8,[]
SREF1,,,,,CMAN,-99.99,-99.99,9999,,,8,[]
SRLM4,,,,,CMAN,-99.99,-99.99,9999,,,8,[]
SRST2,,,,,Sabine,29.683,-94.033,1,TX,US,4,[]
SRXA2,,,,,CMAN,-99.99,-99.99,9999,,,8,[]
SSBN7,,,,,CMAN,-99.99,-99.99,9999,,,8,[]
STDM4,,,,99420,Stannard Rock,47.183,-87.225,183,MI,US,4,[]
STXA2,,,,,CMAN,-99.99,-99.99,9999,,,8,[]
SUAA,SUAA,,,86575,Melilla/Adami Arpt,-34.788,-56.263,48,MO,UY,6,"['METAR', 'TAF']"
SUAG,SUAG,ATI,,86330,Artigas Arpt,-30.399,-56.51,119,AR,UY,4,['METAR']
SUCA,SUCA,CYR,,86560,Colonia Intl,-34.452,-57.768,26,CO,UY,6,"['METAR', 'TAF']"
SUDU,SUDU,DZO,,86530,Durazno/Santa Bernadina Arpt,-33.359,-56.499,91,DU,UY,3,"['METAR', 'TAF']"
SULS,SULS,PDP,,,Maldonado Intl,-34.855,-55.094,22,MA,UY,2,"['METAR', 'TAF']"
SUME,SUME,,,86490,Mercedes,-33.251,-58.069,14,SO,UY,9,['METAR']
SUMO,SUMO,MLZ,,86440,Melo/Cerro Largo Arpt,-32.34,-54.224,113,CL,UY,9,['METAR']
SUMU,SUMU,MVD,,86580,Carrasco Intl,-34.838,-56.031,32,CA,UY,3,"['METAR', 'TAF']"
SUPE,SUPE,,,,Maldonado/Punta,-34.914,-54.921,15,MA,UY,9,['METAR']
SUPN6,,,,99458,Superior Shoals,44.78,-75.8,77,NY,US,4,[]
SUPU,SUPU,PDU,,86430,Paysandu Arpt,-32.362,-58.067,23,PA,UY,3,['METAR']
SURV,SURV,RVY,,86350,Rivera Intl,-30.97,-55.474,201,RV,UY,4,"['METAR', 'TAF']"
SUSO,SUSO,STY,,86360,Salto Arpt,-31.438,-57.982,37,SL,UY,3,"['METAR', 'TAF']"
SUTB,SUTB,TAW,,86370,Tacuarembo,-31.725,-55.956,128,TA,UY,3,['METAR']
SUTR,SUTR,TYT,,86500,Treinta Y Tres,-33.198,-54.35,56,TT,UY,9,['METAR']
SVAC,SVAC,AGV,,,Acarigua/Oswaldo Arpt,9.552,-69.238,226,P,VE,4,['METAR']
SVBC,SVBC,BLA,,80419,Barcelona Intl,10.107,-64.689,7,B,VE,3,"['METAR', 'TAF']"
SVBI,SVBI,BNS,,80440,Barinas Arpt,8.62,-70.22,185,E,VE,4,['METAR']
SVBM,SVBM,BRM,,80410,Barquisimeto Intl,10.043,-69.358,624,K,VE,3,"['METAR', 'TAF']"
SVBS,SVBS,MYC,,80413,Maracay/Gomez Arpt,10.25,-67.649,435,G,VE,5,['METAR']
SVCB,SVCB,CBL,,80444,Ciudad Bolivar Arpt,8.121,-63.533,47,B,VE,2,['METAR']
SVCJ,SVCJ,,,,San Carlos Arpt,9.648,-68.575,156,,VE,4,['METAR']
SVCL,SVCL,CLZ,,,Calabozo Arpt,8.925,-67.417,117,J,VE,4,['METAR']
SVCN,SVCN,CAJ,,,Canaima Arpt,6.232,-62.854,402,F,VE,3,['METAR']
SVCP,SVCP,CUP,,,Carupano/Bermudez Arpt,10.66,-63.262,15,R,VE,4,['METAR']
SVCR,SVCR,CZE,,80403,Coro/Chinnos Arpt,11.415,-69.681,17,I,VE,3,['METAR']
SVCS,SVCS,,,,Caracas/Oscar Macha,10.287,-66.816,656,M,VE,5,['METAR']
SVCU,SVCU,CUM,,,Cumana/Jose de Sucre,10.445,-64.139,5,R,VE,5,['METAR']
SVCZ,SVCZ,,,,Sombrero/Rios,9.372,-66.923,184,J,VE,3,['METAR']
SVFM,SVFM,,,80416,Caracas/Miranda,10.487,-66.846,852,A,VE,6,['METAR']
SVGD,SVGD,GDO,,80448,Guasdualito Arpt,7.212,-70.755,129,C,VE,6,['METAR']
SVGI,SVGI,GUI,,,Guiria Arpt,10.574,-62.313,18,R,VE,4,['METAR']
SVGU,SVGU,GUQ,,80428,Guanare Arpt,9.027,-69.755,165,P,VE,3,['METAR']
SVHG,SVHG,,,,Higuerote Arpt,10.463,-66.093,7,M,VE,4,['METAR']
SVJC,SVJC,LSP,,,Paraguana/Camejo Intl,11.781,-70.151,21,I,VE,4,"['METAR', 'TAF']"
SVJM,SVJM,,,80431,San Juan los Morros,9.909,-67.377,448,J,VE,5,['METAR']
SVLF,SVLF,LFR,,,La Fria Arpt,8.239,-72.271,88,S,VE,5,['METAR']
SVLO,SVLO,,,80405,La Orchila Isla Arpt,11.805,-66.192,3,W,VE,3,['METAR']
SVLS1,,,,99438,Savannah Light,31.95,-80.68,0,GA,US,6,[]
SVMC,SVMC,MAR,,80407,Maracaibo/La Chinita Arpt,10.558,-71.728,76,V,VE,2,"['METAR', 'TAF']"
SVMD,SVMD,MRD,,80438,Mérida/Campo de Oro,8.583,-71.162,1495,L,VE,3,['METAR']
SVMG,SVMG,PMV,,,Margarita/Manno Intl,10.913,-63.968,16,O,VE,4,"['METAR', 'TAF']"
SVMI,SVMI,CCS,,80415,Caracas/Bolívar Intl,10.603,-66.991,48,A,VE,0,"['METAR', 'TAF']"
SVMN,SVMN,,,,Mene Grande,9.805,-70.897,29,V,VE,3,['METAR']
SVMP,SVMP,,,,Metropolitano,10.133,-66.788,172,M,VE,9,['METAR']
SVMR,SVMR,,,,Marcay,10.245,-67.653,429,G,VE,9,[]
SVMT,SVMT,MUN,,80435,Maturin Intl,9.748,-63.156,67,N,VE,3,['METAR']
SVNM4,,,,,South Haven,42.401,-86.289,176,MI,US,8,[]
SVPA,SVPA,PYH,,80457,Puerto Ayacucho Arpt,5.622,-67.605,77,Z,VE,1,['METAR']
SVPC,SVPC,PBL,,,Puerto Cabello/Salom Arpt,10.48,-68.072,10,G,VE,4,['METAR']
SVPM,SVPM,SCI,,,Paramillo Arpt,7.801,-72.203,1011,S,VE,6,['METAR']
SVPR,SVPR,PZO,,,Guayana/Piar Intl,8.288,-62.76,140,F,VE,4,"['METAR', 'TAF']"
SVSA,SVSA,SVZ,,80447,San Antonio Arpt,7.841,-72.441,383,S,VE,2,"['METAR', 'TAF']"
SVSE,SVSE,SNV,,,Santa Elena Uairen,4.556,-61.143,898,F,VE,3,['METAR']
SVSO,SVSO,STD,,,Santo Domingo Arpt,7.569,-72.045,323,S,VE,5,['METAR']
SVSP,SVSP,SNF,,,San Felipe Arpt,10.279,-68.756,236,U,VE,4,['METAR']
SVSR,SVSR,SFD,,80450,San Fernando Arpt,7.881,-67.443,49,J,VE,3,['METAR']
SVST,SVST,SOM,,,San Tomé Arpt,8.945,-64.148,260,B,VE,4,['METAR']
SVSZ,SVSZ,STB,,,Santa Barbara del Zu,8.981,-71.94,4,V,VE,4,['METAR']
SVTM,SVTM,TMO,,,Tumeremo Arpt,7.253,-61.524,180,F,VE,9,['METAR']
SVTR,SVTR,,,,Temblador,9.017,-62.617,26,N,VE,9,['METAR']
SVVA,SVVA,VLN,,80472,Valencia Intl,10.154,-67.92,428,G,VE,3,"['METAR', 'TAF']"
SVVG,SVVG,VIG,,,El Vigia/Alfonso Arpt,8.624,-71.673,70,L,VE,5,['METAR']
SVVL,SVVL,VLV,,80426,Valera/Briceno Arpt,9.34,-70.585,575,T,VE,4,['METAR']
SVVP,SVVP,VDP,,,Valle de La Pascua Arpt,9.222,-65.991,178,J,VE,4,['METAR']
SVXA2,,,,,CMAN,-99.99,-99.99,9999,,,8,[]
SWBC,SWBC,BAZ,,82113,Barcelos,-0.981,-62.923,32,AM,BR,9,['METAR']
SWLA2,,,,,Seward,60.12,-149.427,5,AK,US,8,[]
SWPM4,,,,,SW Pier,46.502,-84.373,186,MI,US,8,[]
SWPV2,,,,,Sewells Point,36.947,-76.33,10,VA,US,8,[]
SWXA2,,,,,CMAN,-99.99,-99.99,9999,,,8,[]
SXHW3,,,,,Saxon Harbor,46.563,-90.44,184,WI,US,8,[]
SXXA2,,,,,CMAN,-99.99,-99.99,9999,,,8,[]
SYCJ,SYCJ,GEO,,81002,Georgetown/Jagan Intl,6.499,-58.254,30,DE,GY,1,"['METAR', 'TAF']"
SYEB,SYEB,,,,Ebini Arpt,5.567,-57.783,27,UD,GY,3,['TAF']
SYEC,SYEC,,,81003,Georgetown/Correia Intl,6.809,-58.104,2,DE,GY,5,"['METAR', 'TAF']"
SYGO,SYGO,OGL,,,Georgetown/Ogle Arpt,6.806,-58.106,1,DE,GY,7,"['METAR', 'TAF']"
SYGT,SYGT,,,81001,Georgetown,6.806,-58.106,1,DE,GY,9,"['METAR', 'TAF']"
SYKA,SYKA,KAI,,81080,Kaieteur Falls Arpt,5.173,-59.492,444,PT,GY,4,['TAF']
SYKM,SYKM,KAR,,,Kamarang Arpt,5.869,-60.629,488,CU,GY,3,"['METAR', 'TAF']"
SYLT,SYLT,LTM,,,Lethem Arpt,3.373,-59.789,88,UT,GY,4,"['METAR', 'TAF']"
SYMB,SYMB,USI,,,Maburuma Arpt,8.2,-59.777,13,BA,GY,3,"['METAR', 'TAF']"
SYTM,SYTM,,,,Timehri Airport,6.499,-58.254,30,DE,GY,9,[]
SYWW3,,,,,Sister Bay/Yacht Wor,45.202,-87.121,179,WI,US,8,[]
TAPA,TAPA,ANU,,78862,Antigua/Bird Intl,17.135,-61.797,15,3,AG,3,"['METAR', 'TAF']"
TAQT2,,,,,USS Lexington,27.812,-97.39,0,TX,US,8,[]
TARF1,,,,,Tarpon Springs,28.156,-82.758,0,FL,US,8,[]
TAWM4,,,,,Tawas City,44.256,-83.443,172,MI,US,8,[]
TBIM4,,,,,Thunder Bay Island,45.035,-83.194,176,MI,US,6,[]
TBPB,TBPB,BGI,,78954,Bridgetown/Adams Intl,13.075,-59.492,55,1,BB,2,"['METAR', 'TAF']"
TBPO,TBPO,,,,Bridgetown City,13.1,-59.62,50,,BB,9,['METAR']
TBYF1,,,,,CMAN,-99.99,-99.99,9999,,,8,[]
TCBM2,,,,,Tolchester Beach,39.213,-76.245,5,MD,US,8,[]
TCMW1,,,,,Tacoma Met,47.276,-122.418,10,WA,US,8,[]
TCNW1,,,,,Tacoma,47.267,-122.413,7,WA,US,8,[]
TCVF1,,,,,CMAN,-99.99,-99.99,9999,,,8,[]
TDCF,TDCF,DCF,,78906,Canefield Arpt,15.339,-61.392,4,2,DM,5,['METAR']
TDPC1,,,,,CMAN,-99.99,-99.99,9999,,,8,[]
TDPD,TDPD,DOM,,78905,Douglas Charles Intl,15.547,-61.299,13,2,DM,3,"['METAR', 'TAF']"
TDPR,TDPR,,,78855,Roseau,15.303,-61.389,10,10,DM,9,['METAR']
TESL1,,,,,Tesoro Marine Termin,29.667,-91.237,0,LA,US,8,[]
TFFF,TFFF,FDF,,78925,Le Lamentin/Cesaire Intl,14.591,-61.003,3,FD,MQ,3,"['METAR', 'TAF']"
TFFJ,TFFJ,SBH,,,St Barthelemy/Gustav Arpt,17.904,-62.844,13,,BL,5,['METAR']
TFFR,TFFR,PTP,,78897,Guadeloupe/Pitre Intl,16.265,-61.532,6,,GP,1,"['METAR', 'TAF']"
TGPY,TGPY,GND,,78958,St Georges/Bishop Intl,12.006,-61.797,12,3,GD,1,"['METAR', 'TAF']"
THIN6,,,,99459,Isl Bridge,44.3,-75.98,76,NY,US,6,[]
THLO1,,,,,Toledo Light2,41.826,-83.194,174,OH,US,8,[]
THRF1,,,,,CMAN,-99.99,-99.99,9999,,,8,[]
THRO1,,,,,Toledo,41.693,-83.472,175,OH,US,8,[]
TIBC1,,,,,San Francisco Bay/Ti,37.891,-122.447,3,CA,US,8,[]
TIST,TIST,STT,STT,78543,St Thomas/King Arpt,18.33623,-64.97994,5,,VI,3,"['METAR', 'TAF']"
TISX,TISX,STX,STX,78551,St Croix/Rohlsen Arpt,17.69967,-64.81256,16,,VI,3,"['METAR', 'TAF']"
TIXC1,,,,,Tijuana River Reserv,32.574,-117.127,3,CA,US,8,[]
TJBQ,TJBQ,BQN,BQN,78514,Aquadilla/Hernández Arpt,18.494,-67.128,69,,PR,3,"['METAR', 'TAF']"
TJIG,TJIG,SIG,SIG,,San Juan/Dominicci Arpt,18.457,-66.094,3,,PR,6,['METAR']
TJMZ,TJMZ,MAZ,MAZ,,Mayaguez/De Hostos Arpt,18.256,-67.151,6,,PR,5,"['METAR', 'TAF']"
TJNR,TJNR,,,78535,Roosevelt Roads Arpt,18.253,-65.638,7,,PR,5,"['METAR', 'TAF']"
TJPS,TJPS,PSE,PSE,,Ponce/Mercedita Arpt,18.011,-66.567,12,,PR,3,"['METAR', 'TAF']"
TJRV,TJRV,NRR,RVR,,Jose Alponte Arpt,18.25,-65.643,11,,PR,4,"['METAR', 'TAF']"
TJSJ,TJSJ,SJU,SJU,78526,San Juan/Marin Intl,18.4326,-66.01065,3,,PR,0,"['METAR', 'TAF']"
TKEA2,,,,,Tenakee Springs,57.779,-135.219,5,AK,US,8,[]
TKPK,TKPK,SKB,,78858,St Kitts/Bradshaw Intl,17.312,-62.72,62,K,KN,5,"['METAR', 'TAF']"
TKPN,TKPN,NEV,,78859,Nevis/Armory Intl,17.205,-62.591,12,N,KN,6,"['METAR', 'TAF']"
TKPN6,,,,,CMAN,-99.99,-99.99,9999,,,8,[]
TLBO3,,,,,Giribaldi/Tillamook,45.56,-123.91,4,OR,US,8,[]
TLPC,TLPC,SLU,,78947,St Lucia/Charles Arpt,14.021,-60.993,8,CA,LC,4,"['METAR', 'TAF']"
TLPL,TLPL,UVF,,78948,St Lucia/Hewanorra Intl,13.743,-60.948,13,VF,LC,3,"['METAR', 'TAF']"
TLVT2,,,,,CMAN,-99.99,-99.99,9999,,,8,[]
TNCA,TNCA,AUA,,78982,Aruba/Beatrix Intl,12.501,-70.015,7,,AW,3,"['METAR', 'TAF']"
TNCB,TNCB,BON,,78990,Bonaire/Flamingo Arpt,12.133,-68.277,6,BQ,BQ,3,"['METAR', 'TAF']"
TNCC,TNCC,CUR,,78988,Curacao/Hato Intl,12.189,-68.96,10,,CW,2,"['METAR', 'TAF']"
TNCE,TNCE,EUX,,78873,St Eustatius/Roosevelt Arpt,17.497,-62.979,38,SE,BQ,3,['METAR']
TNCM,TNCM,SXM,,78866,St Maarten Intl,18.041,-63.109,9,,SX,2,"['METAR', 'TAF']"
TOKW1,,,,,Toke Point,46.708,-123.965,7,WA,US,8,[]
TPAF1,,,,,TPA Cruise Terminal,27.933,-82.433,0,FL,US,8,[]
TPBN4,,,,,Tacony-Palmyra Bridg,40.012,-75.042,5,NJ,US,7,[]
TPEF1,,,,,CMAN,-99.99,-99.99,9999,,,8,[]
TPLM2,,,,99440,Thomas Point,38.898,-76.437,0,MD,US,7,[]
TPXA2,,,,,CMAN,-99.99,-99.99,9999,,,8,[]
TQPF,TQPF,AXA,,,Anguilla/Lloyd Intl,18.205,-63.055,33,,AI,6,"['METAR', 'TAF']"
TRBL1,,,,,Terrebonne Bay,29.167,-90.583,0,LA,US,8,[]
TRDF1,,,,,Trident Pier,28.415,-80.593,6,FL,US,8,[]
TRPG,TRPG,MNI,,,Monserrat/Geralds Arpt,16.792,-62.194,170,,MS,3,"['METAR', 'TAF']"
TRPM,TRPM,,,,Blackburne/Plym,16.75,-62.17,12,,MS,9,['METAR']
TRRF1,,,,,CMAN,-99.99,-99.99,9999,,,8,[]
TSHF1,,,,,East Bay Causeway,27.928,-82.425,5,FL,US,8,[]
TTCP,TTCP,TAB,,,Tobago/Crown Pt Arpt,11.149,-60.836,13,WT,TT,4,"['METAR', 'TAF']"
TTIW1,,,,99430,Tatoosh Island,48.392,-124.735,31,WA,US,4,[]
TTPP,TTPP,POS,,78970,Port of Spain/Piarco Arpt,10.593,-61.348,11,TU,TT,2,"['METAR', 'TAF']"
TTPT,TTPT,,,78962,Crown Point Arpt,11.149,-60.836,13,WT,TT,9,['METAR']
TUPJ,TUPJ,EIS,,78550,Beef Isl/Lettsome Arpt,18.445,-64.543,6,,VG,4,"['METAR', 'TAF']"
TVSA,TVSA,SVD,,,Argyle Intl,13.156,-61.15,3,4,VC,3,"['METAR', 'TAF']"
TVSC,TVSC,CIW,,78950,Canouan Arpt,12.7,-61.342,2,6,VC,4,['METAR']
TVSM,TVSM,MQS,,,Mustique Arpt,12.888,-61.18,10,6,VC,5,['METAR']
TVSV,TVSV,AAD,,78951,Kingston/Joshua Arpt,13.143,-61.212,7,4,SO,3,"['METAR', 'TAF']"
TWCO1,,,,,CMAN,-99.99,-99.99,9999,,,8,[]
TXKF,TXKF,BDA,,78016,Bermuda/Wade Intl,32.364,-64.679,4,SH,BM,0,"['METAR', 'TAF']"
TXPT2,,,,,Texas Point,29.689,-93.842,11,TX,US,8,[]
TXVT2,,,,,CMAN,-99.99,-99.99,9999,,,8,[]
UAAA,UAAA,ALA,,36872,Almaty Intl,43.35,77.027,673,AL,KZ,2,"['METAR', 'TAF']"
UAAH,UAAH,BXH,,,Balkhash Arpt,46.893,75.005,427,KA,KZ,1,"['METAR', 'TAF']"
UAAT,UAAT,TDK,,,Taldykorgan Arpt,45.121,78.445,588,AL,KZ,2,"['METAR', 'TAF']"
UACC,UACC,TSE,,35188,Astana Intl,51.024,71.468,354,AK,KZ,1,"['METAR', 'TAF']"
UACK,UACK,KOV,,,Kokshetau Arpt,53.332,69.594,261,AK,KZ,3,"['METAR', 'TAF']"
UACP,UACP,PPK,,28676,Petropavlovsk Arpt,54.775,69.183,134,SE,KZ,2,"['METAR', 'TAF']"
UADD,UADD,DMB,,,Taraz Arpt,42.854,71.304,663,ZH,KZ,2,"['METAR', 'TAF']"
UAII,UAII,CIT,,38328,Shymkent Intl,42.366,69.476,410,YU,KZ,3,"['METAR', 'TAF']"
UAIT,UAIT,HSA,,,Turkistan Arpt,43.311,68.55,301,YU,KZ,3,"['METAR', 'TAF']"
UAKD,UAKD,DZN,,35671,Zhezkazgan Arpt,47.711,67.739,379,KA,KZ,2,"['METAR', 'TAF']"
UAKK,UAKK,KGF,,35394,Karaganda Arpt,49.672,73.333,532,KA,KZ,3,"['METAR', 'TAF']"
UAOO,UAOO,KZO,,38062,Kzylorda Arpt,44.707,65.593,130,KZ,KZ,0,"['METAR', 'TAF']"
UARR,UARR,URA,,35108,Uralsk Arpt,51.151,51.541,33,ZA,KZ,2,"['METAR', 'TAF']"
UASK,UASK,UKK,,,Ust-Kamenogorsk Arpt,50.027,82.5,285,VO,KZ,1,"['METAR', 'TAF']"
UASP,UASP,PWQ,,36003,Pavlodar Arpt,52.202,77.078,122,PA,KZ,2,"['METAR', 'TAF']"
UASS,UASS,PLX,,,Semey Arpt,50.352,80.228,215,VO,KZ,3,"['METAR', 'TAF']"
UATA,UATA,,,35746,Aralskoe More,46.833,61.617,68,KZ,KZ,9,['METAR']
UATE,UATE,SCO,,38001,Aktau Arpt,43.86,51.092,21,MA,KZ,2,"['METAR', 'TAF']"
UATG,UATG,GUW,,,Atyrau Arpt,47.122,51.829,-23,AT,KZ,1,"['METAR', 'TAF']"
UATT,UATT,AKX,,35229,Aktjubinsk/Atkobe Arpt,50.248,57.203,217,AK,KZ,3,"['METAR', 'TAF']"
UAUU,UAUU,KSN,,28952,Kostanay Arpt,53.215,63.553,177,KU,KZ,1,"['METAR', 'TAF']"
UBBB,UBBB,GYD,,37864,Baku/Aliyev Intl,40.469,50.061,94,BA,AZ,0,"['METAR', 'TAF']"
UBBF,UBBF,FZL,,37907,Fuzuli Intl,39.595,47.196,370,FZ,AZ,4,"['METAR', 'TAF']"
UBBG,UBBG,KVD,,,Gyanca Intl,40.738,46.318,333,GY,AZ,4,"['METAR', 'TAF']"
UBBL,UBBL,LLK,,37985,Lenkoran Intl,38.746,48.818,-11,LA,AZ,3,"['METAR', 'TAF']"
UBBN,UBBN,NAJ,,,Nakhchivan Arpt,39.189,45.458,857,NX,AZ,3,"['METAR', 'TAF']"
UBBQ,UBBQ,GBB,,,Qabala Intl,40.809,47.729,339,QA,AZ,4,"['METAR', 'TAF']"
UBBY,UBBY,ZTU,,37575,Zakataly Intl,41.561,46.667,383,BA,AZ,3,"['METAR', 'TAF']"
UBBZ,UBBZ,ZZE,,,Zangilan Intl,39.094,46.734,489,EZ,AZ,3,"['METAR', 'TAF']"
UBEE,UBEE,YLV,,,Yevlakh Arpt,40.632,47.142,14,YE,AZ,5,"['METAR', 'TAF']"
UCFL,UCFL,IKU,,,Tamchy/Issyk-Kul Intl,42.585,76.702,1654,Y,KG,3,"['METAR', 'TAF']"
UCFM,UCFM,FRU,,,Bishkek/Manas Intl,43.061,74.478,632,C,KG,2,"['METAR', 'TAF']"
UCFO,UCFO,OSS,,,Osh Intl,40.61,72.791,881,O,KG,2,"['METAR', 'TAF']"
UDSG,UDSG,LWN,,,Gyumri/Shirak Intl,40.75,43.859,1515,SH,AM,4,"['METAR', 'TAF']"
UDYZ,UDYZ,EVN,,,Yerevan/Zvartnots Intl,40.147,44.396,851,ER,AM,3,"['METAR', 'TAF']"
UEEE,UEEE,YKS,,21823,Yakutsk Arpt,62.093,129.774,106,SA,RU,0,"['METAR', 'TAF']"
UELL,UELL,NER,,,Culman Arpt,56.912,124.903,846,SA,RU,1,"['METAR', 'TAF']"
UERP,UERP,PYJ,,24322,Polyarny Arpt,66.4,112.03,514,SA,RU,1,"['METAR', 'TAF']"
UERR,UERR,MJZ,,24726,Mirny Arpt,62.538,114.056,352,SA,RU,0,"['METAR', 'TAF']"
UESO,UESO,CKH,,,Chokurdakh Arpt,70.624,147.898,31,SA,RU,1,"['METAR', 'TAF']"
UEST,UEST,IKS,,,Tiksi Arpt,71.698,128.903,7,SA,RU,0,"['METAR', 'TAF']"
UGAM,UGAM,,,,Ambrolauri Arpt,42.527,43.135,544,IM,GE,4,"['METAR', 'TAF']"
UGGG,UGGG,,,37549,Tbilisi,41.68,44.95,493,TB,GE,9,[]
UGKO,UGKO,KUT,,,Kutaisi/Kopitnarii Intl,42.177,42.483,44,IM,GE,3,"['METAR', 'TAF']"
UGMM,UGMM,,,37541,Muhrani,41.933,44.583,544,MM,GE,9,['METAR']
UGMS,UGMS,,,,Mestia/Tamar Arpt,43.055,42.75,1442,SZ,GE,4,"['METAR', 'TAF']"
UGSB,UGSB,BUS,,37484,Batumi Intl,41.61,41.6,32,AJ,GE,4,"['METAR', 'TAF']"
UGTB,UGTB,TBS,,,Tbilisi Intl,41.669,44.955,468,TB,GE,2,"['METAR', 'TAF']"
UHBB,UHBB,BQS,,,Blagoveshchensk Arpt,50.425,127.412,185,AM,RU,1,"['METAR', 'TAF']"
UHBP,UHBP,,,31329,Ekimchan Arpt,53.077,132.951,543,AM,RU,9,['METAR']
UHHH,UHHH,KHV,,31735,Khabarovsk/Novy Arpt,48.527,135.184,74,KH,RU,0,"['METAR', 'TAF']"
UHHO,UHHO,,,31655,Troickoe,49.335,136.601,35,KH,RU,9,['METAR']
UHMA,UHMA,DYR,,25563,Anadyr Arpt,64.733,177.739,53,CH,RU,0,"['METAR', 'TAF']"
UHMD,UHMD,PVS,,25594,Providenja Bay Arpt,64.378,-173.243,40,CH,RU,4,"['METAR', 'TAF']"
UHMG,UHMG,,,,Chaybukha Arpt,61.835,160.548,61,MA,RU,1,['METAR']
UHMM,UHMM,GDX,,25913,Magadan/Sokol Arpt,59.911,150.725,175,MA,RU,0,"['METAR', 'TAF']"
UHMP,UHMP,PWE,,25051,Pevek Arpt,69.775,170.599,4,CH,RU,1,"['METAR', 'TAF']"
UHNN,UHNN,NLI,,31369,Nikolaevsk-On-Amure,53.154,140.661,57,KH,RU,1,"['METAR', 'TAF']"
UHPP,UHPP,PKC,,32540,Petropavlovsk-Kamchatsky Arpt,53.175,158.444,33,KA,RU,0,"['METAR', 'TAF']"
UHSH,UHSH,OHH,,,Okha Arpt,53.52,142.878,30,SA,RU,3,"['METAR', 'TAF']"
UHSS,UHSS,UUS,,32150,Yuzhno-Sakhalinsk Arpt,46.887,142.719,14,SA,RU,1,"['METAR', 'TAF']"
UHWW,UHWW,VVO,,,Vladivostok Intl,43.399,132.146,11,PR,RU,1,"['METAR', 'TAF']"
UIAA,UIAA,HTA,,30758,Chita/Kadala Arpt,52.026,113.31,650,CH,RU,2,"['METAR', 'TAF']"
UIBB,UIBB,BTK,,30309,Bratsk Arpt,56.365,101.716,485,IR,RU,0,"['METAR', 'TAF']"
UIII,UIII,IKT,,30710,Irkutsk Intl,52.273,104.38,480,IR,RU,2,"['METAR', 'TAF']"
UIIO,UIIO,,,,Ust-Ordynysky,52.825,104.734,529,IR,RU,9,['METAR']
UIKB,UIKB,ODO,,,Bodajbo,57.865,114.239,276,IR,RU,9,['METAR']
UIKK,UIKK,KCK,,30230,Kirensk,57.773,108.064,253,IR,RU,9,['METAR']
UINN,UINN,,,29698,Nizhneudinsk,54.891,99.065,406,IR,RU,9,['METAR']
UIUH,UIUH,,,30739,Khorinsk,52.166,109.793,664,BU,RU,9,['METAR']
UIUU,UIUU,UUD,,30823,Ulan-Ude Arpt,51.808,107.443,508,BU,RU,1,"['METAR', 'TAF']"
UKBB,UKBB,KBP,,33347,Kiev/Borispil Arpt,50.34,30.896,125,32,UA,1,"['METAR', 'TAF']"
UKCC,UKCC,DOK,,,Donetsk Intl,48.074,37.74,235,14,UA,4,"['METAR', 'TAF']"
UKCM,UKCM,MPW,,34712,Mariupol Intl,47.075,37.452,72,14,UA,2,"['METAR', 'TAF']"
UKCW,UKCW,VSG,,,Luhansk Intl,48.417,39.374,187,9,UA,1,"['METAR', 'TAF']"
UKDD,UKDD,DNK,,,Dnipropetrovsk Intl,48.365,35.097,147,12,UA,3,"['METAR', 'TAF']"
UKDE,UKDE,OZH,,34601,Zaporizhia/Mokraya Intl,47.867,35.316,106,23,UA,5,"['METAR', 'TAF']"
UKDR,UKDR,KWG,,,Lozuvatka Intl,48.044,33.21,119,12,UA,2,"['METAR', 'TAF']"
UKFF,UKFF,,,,Simferopol Intl,45.034,33.982,187,43,UA,0,"['METAR', 'TAF']"
UKHH,UKHH,HRK,,34300,Kharkiv Intl,49.925,36.29,149,63,UA,2,"['METAR', 'TAF']"
UKII,UKII,,,33815,Kishinev,47.017,28.983,173,51,UA,9,['METAR']
UKKE,UKKE,CKC,,,Cherkasy Arpt,49.416,31.995,108,71,UA,3,"['METAR', 'TAF']"
UKKK,UKKK,IEV,,33345,Kiev/Zhuliany Arpt,50.41,30.443,175,32,UA,6,"['METAR', 'TAF']"
UKKM,UKKM,,,,Hostomel Arpt,50.603,30.192,156,32,UA,5,"['METAR', 'TAF']"
UKLI,UKLI,IFO,,,Ivano-Frankivsk Arpt,48.884,24.691,273,26,UA,3,"['METAR', 'TAF']"
UKLL,UKLL,LWO,,33393,Lviv Intl,49.812,23.956,316,46,UA,2,"['METAR', 'TAF']"
UKLN,UKLN,CWC,,,Chernovsty Intl,48.259,25.981,242,77,UA,4,"['METAR', 'TAF']"
UKLR,UKLR,RWN,,33301,Rivne Intl,50.608,26.145,227,56,UA,1,"['METAR', 'TAF']"
UKLU,UKLU,UDJ,,,Uzhhorod Arpt,48.633,22.261,111,21,UA,5,"['METAR', 'TAF']"
UKOH,UKOH,KHE,,,Kherson Intl,46.676,32.506,43,65,UA,4,"['METAR', 'TAF']"
UKON,UKON,NLV,,,Mykolaiv Arpt,47.058,31.92,48,48,UA,3,"['METAR', 'TAF']"
UKOO,UKOO,ODS,,33837,Odessa Intl,46.427,30.677,52,51,UA,2,"['METAR', 'TAF']"
UKWW,UKWW,VIN,,,Vinnitsa/Gavrishevka Arpt,49.242,28.614,293,5,UA,3,"['METAR', 'TAF']"
ULAA,ULAA,ARH,,22550,Arhangelsk/Talagi Arpt,64.599,40.712,10,AR,RU,0,"['METAR', 'TAF']"
ULAK,ULAK,,,,Severomorsk-1,69.032,33.418,83,MU,RU,9,[]
ULAM6,,,,,Port of Pascagoula,30.348,-88.505,0,MS,US,8,[]
ULDD,ULDD,AMV,,23022,Amderma Arpt,69.761,61.576,1,NE,RU,1,"['METAR', 'TAF']"
ULIP2,,,,99452,Ulithi Atoll,10.2,139.8,2,,US,9,[]
ULKK,ULKK,KSZ,,22887,Kotlas Arpt,61.237,46.7,52,AR,RU,2,"['METAR', 'TAF']"
ULLI,ULLI,LED,,26063,St Petersburg/Pulkovo Arpt,59.798,30.267,25,LE,RU,1,"['METAR', 'TAF']"
ULMM,ULMM,MMK,,22113,Murmansk Arpt,68.781,32.749,79,MU,RU,0,"['METAR', 'TAF']"
ULOL,ULOL,VLU,,26477,Velikie Luki,56.381,30.602,96,PS,RU,9,"['METAR', 'TAF']"
ULOO,ULOO,PKV,,26258,Pskov Arpt,57.79,28.397,46,PS,RU,2,"['METAR', 'TAF']"
ULPB,ULPB,PES,,22820,Petrozavodsk Arpt,61.885,34.155,41,KR,RU,2,"['METAR', 'TAF']"
ULRA2,,,,,CMAN,-99.99,-99.99,9999,,,8,[]
ULWC,ULWC,CEE,,27113,Botovo/Cherepovets Arpt,59.281,38.019,113,VL,RU,1,"['METAR', 'TAF']"
ULWT,ULWT,,,27051,Tot'Ma,59.981,42.769,136,VL,RU,9,['METAR']
ULWW,ULWW,VGD,,27037,Vologda Arpt,59.283,39.943,116,VL,RU,2,"['METAR', 'TAF']"
UMBB,UMBB,BQT,,33008,Brest Arpt,52.109,23.897,138,BR,BY,3,"['METAR', 'TAF']"
UMGG,UMGG,GME,,33041,Gomel Arpt,52.525,31.015,135,HO,BY,3,"['METAR', 'TAF']"
UMII,UMII,VTB,,26666,Vitebsk Arpt,55.133,30.36,208,VI,BY,3,"['METAR', 'TAF']"
UMIO,UMIO,,,,Orsha Arpt,54.44,30.297,189,VI,BY,4,"['METAR', 'TAF']"
UMKK,UMKK,KGD,,26702,Kaliningrad/Khrabrovo Arpt,54.885,20.583,6,KG,RU,3,"['METAR', 'TAF']"
UMMG,UMMG,GNA,,,Hrodna Arpt,53.602,24.056,125,HR,BY,3,"['METAR', 'TAF']"
UMMM,UMMM,MHP,,26850,Minsk Intl,53.864,27.54,221,MI,BY,6,"['METAR', 'TAF']"
UMMS,UMMS,MSQ,,,Minsk Arpt,53.883,28.031,196,MI,BY,1,"['METAR', 'TAF']"
UMOO,UMOO,MVQ,,,Mogilev Arpt,53.954,30.1,188,MA,BY,3,"['METAR', 'TAF']"
UNAA,UNAA,ABA,,,Abakan Intl,53.74,91.385,249,KK,RU,0,"['METAR', 'TAF']"
UNBB,UNBB,BAX,,29838,Barnaul Arpt,53.362,83.54,249,AL,RU,2,"['METAR', 'TAF']"
UNEE,UNEE,KEJ,,29642,Kemerovo Intl,55.27,86.107,261,KE,RU,2,"['METAR', 'TAF']"
UNII,UNII,EIE,,29263,Enisejsk Arpt,58.473,92.113,75,KY,RU,9,['METAR']
UNKL,UNKL,KJA,,,Krasnoyarsk Arpt,56.173,92.493,278,KY,RU,2,"['METAR', 'TAF']"
UNLA2,,,,,Unalaska,53.879,-166.54,2,AL,US,8,[]
UNNN,UNNN,,,,Novosibirsk/Severny ,55.091,82.906,177,NO,RU,9,['METAR']
UNNT,UNNT,OVB,,29634,Novosibirsk/Tolmachevo Arpt,55.013,82.651,106,NV,RU,3,"['METAR', 'TAF']"
UNOO,UNOO,OMS,,28698,Omsk Arpt,54.964,73.32,85,OM,RU,0,"['METAR', 'TAF']"
UNTT,UNTT,TOF,,,Tomsk/Bogashevo Arpt,56.381,85.207,179,TO,RU,3,"['METAR', 'TAF']"
UNWW,UNWW,NOZ,,29846,Novokuznetsk Arpt,53.811,86.878,307,KE,RU,3,"['METAR', 'TAF']"
UOHH,UOHH,HTG,,38402,Khantanga Arpt,71.977,102.476,53,TA,RU,1,"['METAR', 'TAF']"
UOII,UOII,IAA,,38401,Igarka Arpt,67.435,86.624,29,KY,RU,2,"['METAR', 'TAF']"
UOOO,UOOO,NSK,,,Norilsk/Alykel Arpt,69.308,87.322,177,TA,RU,0,"['METAR', 'TAF']"
UPBC1,,,,,Union Pacific Bridge,38.038,-122.121,4,CA,US,8,[]
UQXA2,,,,,CMAN,-99.99,-99.99,9999,,,8,[]
URFF,URFF,SIP,,33946,Simferopol Intl,45.036,33.986,190,CR,UA,0,"['METAR', 'TAF']"
URKA,URKA,AAQ,,37001,Anapa Arpt,44.995,37.341,41,KD,RU,3,"['METAR', 'TAF']"
URKK,URKK,KRR,,,Krasnodar Arpt,45.033,39.15,29,KD,RU,2,"['METAR', 'TAF']"
URKM,URKM,,,37021,Maykop Arpt,44.679,40.035,177,AD,RU,4,"['METAR', 'TAF']"
URMG,URMG,GRV,,,Grozny Arpt,43.387,45.702,160,CE,RU,4,"['METAR', 'TAF']"
URML,URML,MCX,,,Makhachkala/Uytash Arpt,42.817,47.652,4,DA,RU,2,"['METAR', 'TAF']"
URMM,URMM,MRV,,37054,Mineralyne Vody Arpt,44.225,43.082,318,ST,RU,1,"['METAR', 'TAF']"
URMN,URMN,NAL,,37212,Nalchik Arpt,43.514,43.646,424,KB,RU,4,"['METAR', 'TAF']"
URMO,URMO,OGZ,,37228,Vladikavkaz Arpt,43.204,44.608,505,SE,RU,3,"['METAR', 'TAF']"
URMT,URMT,STW,,34949,Stavropol/Shpakovskoye Intl,45.108,42.1,448,ST,RU,3,"['METAR', 'TAF']"
URRP,URRP,ROV,,,Platov Intl,47.494,39.925,73,RO,RU,3,"['METAR', 'TAF']"
URRR,URRR,RVI,,34730,Rostov na Donu Arpt,47.258,39.818,81,RO,RU,3,"['METAR', 'TAF']"
URSS,URSS,AER,,37171,Sochi Intl,43.438,39.926,4,KD,RU,3,"['METAR', 'TAF']"
URWA,URWA,ASF,,,Astrakhan Arpt,46.286,47.995,-19,AS,RU,2,"['METAR', 'TAF']"
URWI,URWI,ESL,,34861,Elista Arpt,46.374,44.331,145,KL,RU,2,"['METAR', 'TAF']"
URWW,URWW,VOG,,34560,Volgograd Intl,48.788,44.336,131,VG,RU,0,"['METAR', 'TAF']"
USCC,USCC,CEK,,28642,Cheljabinsk Arpt,55.306,61.503,227,CH,RU,3,"['METAR', 'TAF']"
USCM,USCM,MQF,,,Magnitogorsk Intl,53.393,58.756,425,BA,RU,2,"['METAR', 'TAF']"
USDA,USDA,SBT,,,Sabette Arpt,71.216,72.05,5,YA,RU,0,"['METAR', 'TAF']"
USDD,USDD,SLY,,,Salekhard Arpt,66.591,66.611,53,YA,RU,0,"['METAR', 'TAF']"
USHH,USHH,HMA,,23933,Khanty-Mansijsk Arpt,61.029,69.086,46,KH,RU,2,"['METAR', 'TAF']"
USMM,USMM,NYM,,23445,Nadym Arpt,65.482,72.699,15,YA,RU,2,"['METAR', 'TAF']"
USMU,USMU,NUX,,,Novyi Urengoi Arpt,66.074,76.5,62,YA,RU,1,"['METAR', 'TAF']"
USNN,USNN,NJC,,23471,Nizhnevartovsk Arpt,60.959,76.497,52,KH,RU,3,"['METAR', 'TAF']"
USPP,USPP,PEE,,28225,Perm/Savino Arpt,57.914,56.021,120,PE,RU,1,"['METAR', 'TAF']"
USRK,USRK,KGP,,23748,Kogalym Intl,62.19,74.534,67,KH,RU,3,"['METAR', 'TAF']"
USRR,USRR,SGC,,23849,Surgut Intl,61.342,73.422,52,KH,RU,0,"['METAR', 'TAF']"
USSS,USSS,SVX,,28440,Yekaterinburg/Koltsovo Arpt,56.745,60.792,222,SV,RU,2,"['METAR', 'TAF']"
USTR,USTR,TJM,,,Tyumen/Roschino Intl,57.19,65.324,93,TY,RU,1,"['METAR', 'TAF']"
UTAA,UTAA,ASB,,38880,Ashgabat Intl,37.975,58.371,207,S,TM,1,"['METAR', 'TAF']"
UTAK,UTAK,KRW,,,Turkmenbashi Arpt,40.054,53.007,83,B,TM,2,"['METAR', 'TAF']"
UTAM,UTAM,MYP,,,Mary Arpt,37.619,61.897,218,M,TM,2,"['METAR', 'TAF']"
UTAT,UTAT,TAZ,,,Daşoguz Arpt,41.761,59.827,84,D,TM,4,"['METAR', 'TAF']"
UTAV,UTAV,CRZ,,,Türkmenabat Arpt,39.083,63.613,187,L,TM,3,"['METAR', 'TAF']"
UTDD,UTDD,DYU,,38836,Dushanbe Arpt,38.543,68.825,785,DU,TJ,2,"['METAR', 'TAF']"
UTDK,UTDK,TJU,,,Kulob Arpt,37.988,69.805,675,KT,TJ,3,"['METAR', 'TAF']"
UTDL,UTDL,LBD,,,Khujand Arpt,40.215,69.695,436,GB,TJ,3,"['METAR', 'TAF']"
UTDT,UTDT,KQT,,,Qurghonteppa Intl,37.866,68.865,443,KT,TJ,4,"['METAR', 'TAF']"
UTVT2,,,,,CMAN,-99.99,-99.99,9999,,,8,[]
UUBC,UUBC,KLF,,,Kaluga Intl,54.552,36.37,198,KL,RU,3,"['METAR', 'TAF']"
UUBI,UUBI,IWA,,27347,Ivanovo/Yuzhny Arpt,56.939,40.946,121,IV,RU,2,"['METAR', 'TAF']"
UUBP,UUBP,BZK,,26898,Bryansk Arpt,53.214,34.176,197,BR,RU,1,"['METAR', 'TAF']"
UUBW,UUBW,ZIA,,,Moscow/Ramenskoye Arpt,55.553,38.15,111,MO,RU,6,"['METAR', 'TAF']"
UUDD,UUDD,DME,,,Moscow/Domodedovo Arpt,55.409,37.906,165,MO,RU,5,"['METAR', 'TAF']"
UUDL,UUDL,IAR,,,Yaroslav/Tunoshna Arpt,57.561,40.157,88,YA,RU,3,"['METAR', 'TAF']"
UUEE,UUEE,SVO,,,Moscow/Sheremetyevo Intl,55.973,37.415,186,MO,RU,0,"['METAR', 'TAF']"
UUEM,UUEM,KLD,,27402,Tver/Migalov,56.825,35.758,138,MO,RU,3,"['METAR', 'TAF']"
UUMO,UUMO,OSF,,,Ostafyevo Intl,55.512,37.507,167,MO,RU,6,"['METAR', 'TAF']"
UUOB,UUOB,EGO,,,Belgorod Intl,50.644,36.59,218,BE,RU,4,"['METAR', 'TAF']"
UUOK,UUOK,URS,,,Kursk/Vostochmy Arpt,51.751,36.297,203,KR,RU,3,"['METAR', 'TAF']"
UUOL,UUOL,LPK,,27930,Lipetsk Arpt,52.702,39.534,176,LI,RU,3,"['METAR', 'TAF']"
UUOO,UUOO,VOZ,,34122,Voronez Intl,51.814,39.228,154,VO,RU,2,"['METAR', 'TAF']"
UUWW,UUWW,VKO,,,Moscow/Vnukovo Arpt,55.592,37.261,195,MO,RU,5,"['METAR', 'TAF']"
UUYH,UUYH,UCT,,,Ukhta Arpt,63.575,53.806,134,KO,RU,2,"['METAR', 'TAF']"
UUYS,UUYS,USK,,23221,Usinsk Arpt,66.002,57.373,70,KO,RU,1,"['METAR', 'TAF']"
UUYT,UUYT,,,23803,Ust-Kulom,61.686,53.683,102,KO,RU,9,['METAR']
UUYW,UUYW,VKT,,,Vorkuta Arpt,67.488,64.002,173,KO,RU,2,"['METAR', 'TAF']"
UUYY,UUYY,SCW,,23804,Syktyvkar Arpt,61.647,50.845,107,KO,RU,0,"['METAR', 'TAF']"
UWGG,UWGG,GOJ,,27459,Nizhny Novgorod Intl,56.225,43.786,73,NI,RU,1,"['METAR', 'TAF']"
UWKD,UWKD,KZN,,27595,Kazan Intl,55.61,49.275,114,TA,RU,1,"['METAR', 'TAF']"
UWKE,UWKE,NBC,,27607,Begishevo Arpt,55.566,52.1,193,TA,RU,2,"['METAR', 'TAF']"
UWKS,UWKS,CSY,,,Cheboksary Arpt,56.09,47.347,165,CU,RU,3,"['METAR', 'TAF']"
UWLL,UWLL,ULV,,27785,Ulyanovsk/Barataevka,54.274,48.236,119,UL,RU,5,"['METAR', 'TAF']"
UWLW,UWLW,ULY,,,Ulyanovsk/Vostochny Arpt,54.402,48.8,67,UL,RU,4,"['METAR', 'TAF']"
UWOO,UWOO,REN,,35121,Orenburg Arpt,51.795,55.457,90,OR,RU,0,"['METAR', 'TAF']"
UWOR,UWOR,OSW,,37865,Orsk Arpt,51.07,58.597,270,OR,RU,2,"['METAR', 'TAF']"
UWPP,UWPP,PEZ,,27962,Penza Arpt,53.123,45.019,168,PN,RU,3,"['METAR', 'TAF']"
UWPS,UWPS,SKX,,27760,Saransk Arpt,54.116,45.203,206,MR,RU,3,"['METAR', 'TAF']"
UWSG,UWSG,GSV,,34171,Saratov/Gagarin Arpt,51.713,46.171,31,SA,RU,2,"['METAR', 'TAF']"
UWSS,UWSS,RTW,,34172,Saratov/Tsentralny Arpt,51.566,46.039,147,SA,RU,6,"['METAR', 'TAF']"
UWUU,UWUU,UFA,,28722,Ufa Intl,54.57,55.87,137,BA,RU,3,"['METAR', 'TAF']"
UWWW,UWWW,KUF,,28900,Samara/Kurumoch Intl,53.509,50.163,124,SA,RU,3,"['METAR', 'TAF']"
UZED,UZED,,,38579,Dzizak,40.117,67.833,381,JI,UZ,9,['METAR']
UZFA,UZFA,AZN,,38475,Andijan Arpt,40.727,72.294,474,AN,UZ,5,"['METAR', 'TAF']"
UZFF,UZFF,,,38618,Fergana Arpt,40.356,71.745,612,FA,UZ,4,"['METAR', 'TAF']"
UZFN,UZFN,NMA,,38611,Namangan Arpt,40.983,71.573,477,NG,UZ,3,"['METAR', 'TAF']"
UZNN,UZNN,NCU,,,Nukus Arpt,42.488,59.623,76,QR,UZ,1,"['METAR', 'TAF']"
UZNU,UZNU,UGC,,,Urgench Arpt,41.584,60.642,97,XO,UZ,3,"['METAR', 'TAF']"
UZSA,UZSA,NVI,,38567,Navoi Arpt,40.116,65.167,346,NW,UZ,4,"['METAR', 'TAF']"
UZSB,UZSB,BHK,,,Bukhara Arpt,39.775,64.483,225,BU,UZ,1,"['METAR', 'TAF']"
UZSK,UZSK,KSQ,,,Karshi Arpt,38.804,65.773,399,QA,UZ,3,"['METAR', 'TAF']"
UZSL,UZSL,,,,Karshi/Khanabad,38.833,65.914,399,QA,UZ,9,[]
UZSM,UZSM,,,38413,Tamdy,41.762,64.598,216,NW,UZ,9,['METAR']
UZSS,UZSS,SKD,,38696,Samarkand Arpt,39.7,66.974,665,SA,UZ,3,"['METAR', 'TAF']"
UZST,UZST,TMJ,,38927,Termez Arpt,37.287,67.318,311,SU,UZ,1,"['METAR', 'TAF']"
UZTT,UZTT,TAS,,38457,Taskent Intl,41.258,69.281,429,TK,UZ,1,"['METAR', 'TAF']"
VAAH,VAAH,AMD,,42647,Ahmadabad/Patel Intl,23.077,72.635,52,GJ,IN,1,"['METAR', 'TAF']"
VAAK,VAAK,AKD,,,Akola,20.699,77.059,311,MM,IN,9,['METAR']
VAAU,VAAU,IXU,,43014,Aurangabad Arpt,19.863,75.398,578,MM,IN,3,"['METAR', 'TAF']"
VABB,VABB,BOM,,43003,Mumbai/Shivaji Intl,19.1,72.859,14,MM,IN,0,"['METAR', 'TAF']"
VABI,VABI,,,42782,Bilaspur Arpt,21.988,82.111,278,HP,IN,9,['METAR']
VABJ,VABJ,BHJ,,42634,Bhuj-Rudramata Arpt,23.286,69.672,79,GJ,IN,4,"['METAR', 'TAF']"
VABM,VABM,,,43198,Belgaum Arpt,15.859,74.618,766,KA,IN,9,"['METAR', 'TAF']"
VABO,VABO,BDQ,,,Vadodara Arpt,22.333,73.225,36,GJ,IN,4,"['METAR', 'TAF']"
VABP,VABP,BHO,,42667,Bhopal/Raja Bhoj Arpt,23.288,77.337,520,MP,IN,3,"['METAR', 'TAF']"
VABV,VABV,BHU,,,Bhavnagar Arpt,21.752,72.185,8,GJ,IN,3,"['METAR', 'TAF']"
VADU,VADU,,,42914,Diu Arpt,20.714,70.923,10,DA,IN,4,"['METAR', 'TAF']"
VAGD,VAGD,GDB,,42871,Gondia Arpt,21.467,80.2,312,MA,IN,3,"['METAR', 'TAF']"
VAGO,VAGO,,,,Goa Arpt,15.382,73.837,42,,IN,9,[]
VAHS,VAHS,HSR,,,Rajkot Intl,22.3772,71.0374,198,GJ,IN,3,"['METAR', 'TAF']"
VAID,VAID,IDR,,42754,Indore Arpt,22.722,75.801,564,MP,IN,2,"['METAR', 'TAF']"
VAJB,VAJB,JLR,,42675,Jabalpur Arpt,23.178,80.05,489,MP,IN,2,"['METAR', 'TAF']"
VAJJ,VAJJ,,,,Mumbai/Juhu Arpt,19.098,72.834,1,MM,IN,6,['METAR']
VAJL,VAJL,JLG,,,Jalgaon Arpt,20.961,75.625,257,MM,IN,3,"['METAR', 'TAF']"
VAJM,VAJM,,,,Jamnagar Arpt,22.465,70.009,20,GJ,IN,4,"['METAR', 'TAF']"
VAKD,VAKD,,,42855,Khandwa Arpt,21.857,76.337,334,MP,IN,9,['METAR']
VAKE,VAKE,IXY,,,Kandla Arpt,23.15,70.117,29,GJ,IN,4,"['METAR', 'TAF']"
VAKF1,,,,,Virginia Key,25.732,-80.162,3,FL,US,8,[]
VAKP,VAKP,KLH,,43157,Kolhapur Arpt,16.664,74.287,612,MM,IN,4,"['METAR', 'TAF']"
VAKS,VAKS,IXK,,,Keshod Arpt,21.317,70.27,51,GJ,IN,4,['METAR']
VANP,VANP,NAG,,42867,Nagpur/Ambedkar Intl,21.089,79.055,309,MM,IN,1,"['METAR', 'TAF']"
VAOZ,VAOZ,ISK,,42920,Ozar Arpt,20.119,73.914,598,MM,IN,3,"['METAR', 'TAF']"
VAPO,VAPO,,,,Pune Intl,18.582,73.92,593,MM,IN,3,"['METAR', 'TAF']"
VAPR,VAPR,PBD,,,Porbandar Arpt,21.649,69.657,8,GJ,IN,2,"['METAR', 'TAF']"
VARK,VARK,RAJ,,42737,Rajkot Arpt,22.309,70.779,125,GJ,IN,3,['TAF']
VASD,VASD,,,,Shirdi Intl,19.689,74.379,587,MH,IN,4,"['METAR', 'TAF']"
VASL,VASL,SSE,,43117,Solapur Arpt,17.627,75.935,488,MM,IN,9,"['METAR', 'TAF']"
VASU,VASU,STV,,,Surat Arpt,21.114,72.742,6,GJ,IN,4,"['METAR', 'TAF']"
VAUD,VAUD,UDR,,42542,Udaipur/Pratap Arpt,24.618,73.896,506,RJ,IN,3,"['METAR', 'TAF']"
VBBA3,,,,,CMAN,-99.99,-99.99,9999,,,8,[]
VCAF1,,,,,Vaca Key,24.712,-81.105,0,FL,US,8,[]
VCAT2,,,,,Port Lacava,28.64,-96.595,0,TX,US,8,[]
VCBI,VCBI,CMB,,43450,Katunayake/Bandaranaike Intl,7.181,79.884,10,WE,LK,5,"['METAR', 'TAF']"
VCCA,VCCA,ACJ,,43421,Anuradhapura,8.303,80.429,103,NC,LK,9,['METAR']
VCCB,VCCB,BTC,,43436,Batticaloa,7.706,81.679,6,EA,LK,9,['METAR']
VCCC,VCCC,RML,,43467,Colombo/Ratmalana Arpt,6.822,79.886,6,WE,LK,1,['METAR']
VCCJ,VCCJ,JAF,,43400,Jaffna Intl,9.7931,80.0707,15,NO,LK,3,['METAR']
VCCT,VCCT,TRR,,43418,Trincomalee,8.541,81.184,3,EA,LK,9,['METAR']
VCRI,VCRI,HRI,,43497,Mattala/Rajapaksa Intl,6.287,81.125,50,SO,LK,3,"['METAR', 'TAF']"
VCVA2,,,,,Village Cove,57.125,-170.285,8,AK,US,8,[]
VDKC,VDKC,,,48995,Kompong-Cham,12.029,105.441,55,3,KH,9,['METAR']
VDPP,VDPP,PNH,,48991,Phnom-Penh Intl,11.547,104.844,10,12,KH,2,"['METAR', 'TAF']"
VDSA,VDSA,SAI,,,Siem Reap-Ankr Intl,13.371,104.225,59,17,KH,2,"['METAR', 'TAF']"
VDSR,VDSR,REP,,48966,Siem Reap Intl,13.409,103.811,16,17,KH,2,"['METAR', 'TAF']"
VDSV,VDSV,KOS,,,Sihanoukville Intl,10.582,103.637,1,,KH,3,"['METAR', 'TAF']"
VDXA2,,,,,CMAN,-99.99,-99.99,9999,,,8,[]
VDZA2,,,,,Valdez,61.125,-146.362,0,AK,US,8,[]
VEAB,VEAB,,,42475,Allahabad Arpt,25.441,81.735,98,UP,IN,4,"['METAR', 'TAF']"
VEAN,VEAN,IXV,,,Along Arpt,28.175,94.802,274,AP,IN,4,"['METAR', 'TAF']"
VEAT,VEAT,IXA,,42724,Agartala Arpt,23.887,91.24,20,TR,IN,4,"['METAR', 'TAF']"
VEAY,VEAY,AYJ,,,Ayodhya Arpt,26.7484,82.1624,102,UP,IN,3,"['METAR', 'TAF']"
VEBD,VEBD,IXB,,42398,Siliguri/Bagdogra Arpt,26.681,88.329,126,WB,IN,4,"['METAR', 'TAF']"
VEBI,VEBI,SHL,,42512,Shillong Arpt,25.704,91.979,892,ML,IN,4,"['METAR', 'TAF']"
VEBN,VEBN,VNS,,42479,Varanasi/Shastri Intl,25.452,82.859,81,MH,IN,3,"['METAR', 'TAF']"
VEBS,VEBS,BBI,,42971,Bhubaneswar Intl,20.244,85.818,42,OR,IN,2,"['METAR', 'TAF']"
VEBU,VEBU,PAB,,,Bilaspur Arpt,21.988,82.111,274,CT,IN,3,"['METAR', 'TAF']"
VECC,VECC,CCU,,42809,Kolkata/Bose Intl,22.651,88.445,11,WB,IN,0,"['METAR', 'TAF']"
VECO,VECO,COH,,,Cooch Behar Arpt,26.331,89.467,48,WB,IN,3,"['METAR', 'TAF']"
VECX,VECX,,,43368,Car Nicobar Arpt,9.15,92.817,14,AN,IN,2,"['METAR', 'TAF']"
VEDG,VEDG,RDP,,,Durgapur/Kazi Nazrul Arpt,23.623,87.243,88,WB,IN,3,"['METAR', 'TAF']"
VEDO,VEDO,,,,Deoghar Arpt,24.446,86.707,244,BR,IN,4,"['METAR', 'TAF']"
VEDX,VEDX,,,,Kalaikuinda Arpt,22.339,87.214,61,WB,IN,3,['TAF']
VEDZ,VEDZ,DEP,,,Daporijo Arpt,27.985,94.222,229,AR,IN,4,"['METAR', 'TAF']"
VEGK,VEGK,GOP,,42379,Gorakhpur Arpt,26.74,83.451,83,UP,IN,4,"['METAR', 'TAF']"
VEGT,VEGT,GAU,,42410,Guwahati/Bordoloi Intl,26.107,91.587,50,AS,IN,2,"['METAR', 'TAF']"
VEGY,VEGY,GAY,,42591,Gaya Arpt,24.744,84.951,115,BR,IN,4,"['METAR', 'TAF']"
VEHO,VEHO,,,,UNK,-99.99,-99.99,9999,AR,IN,8,['TAF']
VEHX,VEHX,,,,Hasimara Arpt,26.6979,89.3689,104,WB,IN,4,"['METAR', 'TAF']"
VEIM,VEIM,IMF,,42623,Imphal Arpt,24.76,93.897,777,MN,IN,2,"['METAR', 'TAF']"
VEJH,VEJH,JRG,,42886,Jharsuguda Arpt,21.914,84.05,231,OR,IN,3,"['METAR', 'TAF']"
VEJP,VEJP,PYB,,,Jeypore Arpt,18.8796,82.5525,597,OR,IN,5,['TAF']
VEJR,VEJR,JGB,,,Jagdalpur Arpt,19.075,82.037,555,CT,IN,3,"['METAR', 'TAF']"
VEJS,VEJS,IXW,,42798,Jamshedpur/Sonari Arpt,22.813,86.169,151,BR,IN,3,"['METAR', 'TAF']"
VEJT,VEJT,JRH,,,Jorhat Arpt,26.731,94.175,95,AS,IN,4,"['METAR', 'TAF']"
VEKI,VEKI,,,,Kushinagar Arpt,26.776,83.889,81,UP,IN,3,"['METAR', 'TAF']"
VEKO,VEKO,,,,Khajuraho Arpt,24.817,79.919,222,MP,IN,3,"['METAR', 'TAF']"
VEKU,VEKU,IXS,,,Silchar Kumbhigram Arpt,24.913,92.979,107,AS,IN,4,"['METAR', 'TAF']"
VELP,VELP,AJL,,42726,Lengpui Arpt,23.841,92.62,429,MZ,IN,3,"['METAR', 'TAF']"
VELR,VELR,IXI,,42309,N Lakhimpur/Lilabari Arpt,27.296,94.098,101,AS,IN,3,"['METAR', 'TAF']"
VEMN,VEMN,DIB,,42314,Dibrugarh Arpt,27.481,95.014,111,AS,IN,1,"['METAR', 'TAF']"
VEMR,VEMR,DMU,,,Dimapur Arpt,25.884,93.771,147,NL,IN,3,"['METAR', 'TAF']"
VENF1,,,,99422,Venice Pier,27.07,-82.45,4,FL,US,7,[]
VEPB,VEPB,,,43333,Port Blair,11.645,92.733,6,AN,IN,9,['METAR']
VEPG,VEPG,IXT,,,Pasighat Arpt,28.065,95.337,157,AR,IN,4,['TAF']
VEPT,VEPT,PAT,,42492,Patna/Narayan Intl,25.591,85.088,53,BR,IN,1,"['METAR', 'TAF']"
VEPU,VEPU,,,,Purnea Arpt,25.759,87.418,39,BR,IN,1,['TAF']
VEPY,VEPY,,,,Pakyong Arpt,27.228,88.587,1399,SK,IN,3,"['METAR', 'TAF']"
VERB,VERB,,,42372,Fursatganj Arpt,26.25,81.383,110,UP,IN,4,['METAR']
VERC,VERC,IXR,,42701,Ranchi/Bursa Munda Arpt,23.314,85.322,646,BR,IN,2,"['METAR', 'TAF']"
VERK,VERK,,,,Rourkela Arpt,22.256,84.816,196,OR,IN,3,"['METAR', 'TAF']"
VERP,VERP,,,42875,Raipur/Vivikenanda Arpt,21.182,81.738,318,CT,IN,3,"['METAR', 'TAF']"
VERU,VERU,RUP,,,Rupsi Arpt,26.14,89.91,45,AS,IN,4,"['METAR', 'TAF']"
VERV4,,,,,Veracruz Harbor,19.202,-96.113,0,,MX,8,[]
VETJ,VETJ,TEI,,,Tezu Arpt,27.941,96.134,244,AP,IN,3,"['METAR', 'TAF']"
VETZ,VETZ,TEZ,,,Tezpur Arpt,26.709,92.785,73,AS,IN,3,"['METAR', 'TAF']"
VEUK,VEUK,,,,Utkela Arpt,20.0976,83.1838,205,OR,IN,3,['TAF']
VEZO,VEZO,ZER,,,Zero Arpt,27.588,93.828,1647,AP,IN,5,"['METAR', 'TAF']"
VGCB,VGCB,CXB,,41992,Cox's Bazar,21.452,91.964,4,BA,BD,9,['METAR']
VGEG,VGEG,CGP,,41978,Chittogram/Amanat Intl,22.249,91.814,7,BA,BD,3,"['METAR', 'TAF']"
VGHS,VGHS,DAC,,41922,Dhaka/Shahjalal Intl,23.846,90.4,11,32,BD,2,"['METAR', 'TAF']"
VGIS,VGIS,IRD,,41907,Ishurdi,24.15,89.051,14,RA,BD,9,['METAR']
VGJR,VGJR,JSR,,41936,Jessore,23.184,89.161,9,46,BD,9,['METAR']
VGRJ,VGRJ,RJH,,41895,Rajshahi Arpt,24.436,88.617,18,RA,BD,9,['METAR']
VGSY,VGSY,ZYL,,41891,Sylhet/Osmani Arpt,24.959,91.87,16,SY,BD,9,['METAR']
VGTJ,VGTJ,,,41923,Dhaka/Tejgaon Arpt,23.779,90.383,22,32,BD,9,['METAR']
VGZR,VGZR,,,,Kurmitola/Zia Intl,23.843,90.398,11,32,BD,9,[]
VHCH,VHCH,,,,Cheung Chau,22.205,114.027,8,HK,CN,9,['METAR']
VHHH,VHHH,HKG,,45007,Hong Kong Intl,22.309,113.922,9,HK,HK,0,"['METAR', 'TAF']"
VIAG,VIAG,AGR,,42260,Agra Intl,27.156,77.961,159,UP,IN,4,"['METAR', 'TAF']"
VIAL,VIAL,IXD,,,Allahabad/Bamhra,25.44,81.734,100,UP,IN,9,['METAR']
VIAM,VIAM,,,,Ambala Arpt,30.368,76.817,277,HR,IN,4,['TAF']
VIAR,VIAR,ATQ,,42071,Amritsar/Jee Intl,31.707,74.801,226,PB,IN,6,"['METAR', 'TAF']"
VIAW,VIAW,,,,Awantipur,33.876,74.976,1644,PB,IN,7,['TAF']
VIAX,VIAX,AIP,,,Adampur Arpt,31.434,75.758,226,PB,IN,4,['TAF']
VIBK,VIBK,BKB,,,Nal Arpt,28.071,73.207,229,RJ,IN,3,['TAF']
VIBN,VIBN,,,,Varanasi/Babatp,25.452,82.859,83,UP,IN,3,"['METAR', 'TAF']"
VIBR,VIBR,KUU,,,Bhuntar Arpt,31.876,77.154,1089,HP,IN,4,"['METAR', 'TAF']"
VIBT,VIBT,BUP,,,Bhantinda Arpt,30.269,74.757,211,PB,IN,3,['TAF']
VIBY,VIBY,BEK,,42189,Bareilly Arpt,28.421,79.452,175,UP,IN,4,"['METAR', 'TAF']"
VICG,VICG,IXC,,,Chandigarh/Singh Intl,30.677,76.789,316,CH,IN,4,"['METAR', 'TAF']"
VICX,VICX,,,42367,Kanpur/Chakeri Arpt,26.404,80.41,127,UP,IN,9,['METAR']
VIDD,VIDD,,,42182,New Delhi/Safdarjung,28.583,77.211,213,DL,IN,6,['METAR']
VIDN,VIDN,DED,,,Dehradun Arpt,30.19,78.18,550,UP,IN,3,"['METAR', 'TAF']"
VIDP,VIDP,DEL,,42181,New Delhi/Gandhi Intl,28.567,77.117,236,DL,IN,0,"['METAR', 'TAF']"
VIDX,VIDX,,,,Hindon,28.708,77.359,213,UP,IN,6,['TAF']
VIGG,VIGG,DHM,,,Kangra Arpt,32.165,76.263,760,HP,IN,3,"['METAR', 'TAF']"
VIGR,VIGR,GWL,,42361,Gwalior Arpt,26.293,78.228,187,MP,IN,3,"['METAR', 'TAF']"
VIHR,VIHR,HSS,,42131,Hissar,29.178,75.755,217,HR,IN,9,['METAR']
VIHX,VIHX,,,,Halwar,30.748,75.629,241,PB,IN,5,['TAF']
VIJN,VIJN,,,42463,Jhansi Arpt,25.491,78.559,239,UP,IN,9,['METAR']
VIJO,VIJO,JDH,,42339,Jodhpur Arpt,26.243,73.039,215,RJ,IN,2,"['METAR', 'TAF']"
VIJP,VIJP,JAI,,42348,Jaipur Intl,26.824,75.812,383,RJ,IN,3,"['METAR', 'TAF']"
VIJR,VIJR,JSA,,,Jaisalmer Arpt,26.889,70.865,229,RJ,IN,3,"['METAR', 'TAF']"
VIJU,VIJU,IXJ,,,Jammu Arpt,32.689,74.837,285,JK,IN,5,"['METAR', 'TAF']"
VIKG,VIKG,KQH,,,Kishangarh Arpt,26.591,74.816,450,RJ,IN,3,"['METAR', 'TAF']"
VIKO,VIKO,KTU,,42452,Kota Arpt,25.163,75.849,275,RJ,IN,3,"['METAR', 'TAF']"
VILD,VILD,LUH,,,Ludhiana Arpt,30.855,75.953,270,PB,IN,4,"['METAR', 'TAF']"
VILH,VILH,IXL,,,Leh Kushok Bakula Arpt,34.136,77.546,3256,JK,IN,2,"['METAR', 'TAF']"
VILK,VILK,LKO,,42369,Lucknow/Singh Arpt,26.761,80.889,121,JK,IN,1,"['METAR', 'TAF']"
VIPK,VIPK,IXP,,,Pathankot Arpt,32.234,75.635,310,PB,IN,4,['TAF']
VIPT,VIPT,PGH,,,Pantnagar Arpt,29.033,79.474,236,PB,IN,3,"['METAR', 'TAF']"
VIPX,VIPX,,,,Phalodi Arpt,27.105,72.216,242,RJ,IN,3,[]
VISM,VISM,SLV,,,Shimla Arpt,31.082,77.068,1537,HP,IN,5,"['METAR', 'TAF']"
VISP,VISP,,,,Sarsawa Arpt,29.994,77.425,272,UP,IN,4,"['METAR', 'TAF']"
VISR,VISR,SXR,,,Srinagar Intl,33.987,74.774,1655,JK,IN,3,"['METAR', 'TAF']"
VIST,VIST,TNI,,42571,Satna,24.567,80.833,317,MP,IN,9,['METAR']
VIUD,VIUD,,,,Udaipur Dabok,24.617,73.883,515,RJ,IN,9,['METAR']
VIUT,VIUT,,,,Uttarlai Arpt,25.813,71.482,152,RJ,IN,3,"['METAR', 'TAF']"
VLAP,VLAP,AOU,,48957,Attopeu,14.815,106.822,97,AT,LA,9,['METAR']
VLIP,VLIP,,,48955,Pakse,15.117,105.167,102,CH,LA,9,['METAR']
VLLB,VLLB,LPQ,,48930,Luang-Prabang,19.897,102.161,297,LP,LA,3,"['METAR', 'TAF']"
VLLN,VLLN,LXG,,48924,Luang Namtha Arpt,20.963,101.403,548,LM,LA,2,"['METAR', 'TAF']"
VLPS,VLPS,PKZ,,,Pakse Intl,15.132,105.781,102,CH,LA,4,"['METAR', 'TAF']"
VLSB,VLSB,ZBY,,48938,Sayaboury,19.244,101.709,288,XA,LA,9,['METAR']
VLSK,VLSK,ZVK,,48947,Savannakhet Arpt,16.557,104.76,148,SV,LA,4,"['METAR', 'TAF']"
VLSV,VLSV,VNA,,48952,Salavan Arpt,15.71,106.412,183,SL,LA,9,['METAR']
VLTK,VLTK,THK,,48946,Thakhek,17.379,104.649,168,SV,LA,9,['METAR']
VLVT,VLVT,VTE,,48940,Vientiane/Wattay Arpt,17.987,102.564,171,VT,LA,5,"['METAR', 'TAF']"
VMMC,VMMC,MFM,,45011,Macao Intl,22.141,113.596,1,MO,MO,4,"['METAR', 'TAF']"
VNBW,VNBW,BWA,,44438,Bhairawa Airpor,27.505,83.413,104,LU,NP,9,['METAR']
VNJL,VNJL,JUM,,44424,Jumla,29.274,82.192,2371,KA,NP,9,['METAR']
VNKT,VNKT,KTM,,44454,Kathmandu/Tribhuvan Intl,27.697,85.359,1334,BA,NP,1,"['METAR', 'TAF']"
VNPK,VNPK,PKR,,44434,Pokhara Arpt,28.2,83.98,823,GA,NP,9,['METAR']
VNSI,VNSI,SIF,,44449,Simra Arpt,27.16,84.98,131,NA,NP,9,['METAR']
VNSK,VNSK,SKH,,44416,Surkhet,28.586,81.635,682,BH,NP,9,['METAR']
VNTJ,VNTJ,TPJ,,44474,Taplejung/Suketar Arpt,27.351,87.696,2424,ME,NP,9,['METAR']
VNVT,VNVT,BIR,,44478,Biratnagar Arpt,26.482,87.264,74,KO,NP,9,['METAR']
VOAR,VOAR,,,,Arkonam Arpt,13.071,79.691,81,TN,IN,6,"['METAR', 'TAF']"
VOAT,VOAT,AGX,,,Agatti Arpt,10.824,72.176,5,LD,IN,3,"['METAR', 'TAF']"
VOBG,VOBG,,,,Bangaluru/Hal Arpt,12.949,77.663,884,KA,IN,5,"['METAR', 'TAF']"
VOBI,VOBI,BEP,,,Bellary,15.167,76.867,470,KA,IN,9,['METAR']
VOBL,VOBL,BLR,,,Bangaluru Intl,13.205,77.704,908,KA,IN,2,"['METAR', 'TAF']"
VOBM,VOBM,IXG,,,Belagavi Arpt,15.861,74.617,758,KA,IN,2,"['METAR', 'TAF']"
VOBR,VOBR,IXX,,43125,Bidar Arpt,17.909,77.482,664,KA,IN,4,['TAF']
VOBX,VOBX,,,,Campbell Bay/Jatin Arpt,7.013,93.923,1,AN,IN,2,"['METAR', 'TAF']"
VOBZ,VOBZ,VGA,,43181,Vijayawada Arpt,16.53,80.797,26,AP,IN,3,"['METAR', 'TAF']"
VOCB,VOCB,CJB,,43321,Coimbatore Arpt,11.03,77.043,394,TN,IN,4,"['METAR', 'TAF']"
VOCC,VOCC,,,43353,Kochi Naval Arpt,9.947,76.273,1,KL,IN,9,"['METAR', 'TAF']"
VOCI,VOCI,COK,,,Cochin Intl,10.152,76.402,8,KL,IN,0,"['METAR', 'TAF']"
VOCL,VOCL,CCJ,,,Calicut Intl,11.137,75.955,104,KL,IN,3,"['METAR', 'TAF']"
VOCP,VOCP,CDP,,,Kadapa Arpt,14.513,78.771,134,AP,IN,3,"['METAR', 'TAF']"
VOCX,VOCX,CBD,,,Car Nicobar,9.153,92.819,2,AN,IN,7,['TAF']
VODX,VODX,,,,Shibpur,13.236,93.05,1,AN,IN,3,['METAR']
VOGA,VOGA,GOX,,,Manohar Intl,15.7426,73.8631,168,GA,IN,3,"['METAR', 'TAF']"
VOGB,VOGB,GBI,,,Kalaburagi Arpt,17.309,76.957,477,KA,IN,3,"['METAR', 'TAF']"
VOGO,VOGO,GOI,,43194,Goa Intl,15.378,73.828,56,GA,IN,4,"['METAR', 'TAF']"
VOHB,VOHB,,,,Hubli Arpt,15.362,75.085,661,KA,IN,4,"['METAR', 'TAF']"
VOHS,VOHS,HYD,,,Hyderabad/Gandhi Intl,17.233,78.429,607,AP,IN,1,"['METAR', 'TAF']"
VOHY,VOHY,BPM,,43128,Hyderabad/Begumpet Arpt,17.453,78.468,540,AP,IN,6,"['METAR', 'TAF']"
VOJV,VOJV,VDY,,,Jindal/Vijayanagar Arpt,15.174,76.635,508,,IN,3,"['METAR', 'TAF']"
VOKN,VOKN,CNN,,,Kannur Intl,11.917,75.547,105,KL,IN,4,"['METAR', 'TAF']"
VOKU,VOKU,KJB,,,Kurnool Arpt,15.716,78.169,280,AP,IN,3,"['METAR', 'TAF']"
VOKV,VOKV,,,43337,Kavaratti,10.542,72.616,4,LD,IN,4,['TAF']
VOLT,VOLT,,,,Latur Arpt,18.408,76.465,649,MA,IN,3,"['METAR', 'TAF']"
VOMD,VOMD,IXM,,43360,Madurai Intl,9.835,78.093,135,TN,IN,3,"['METAR', 'TAF']"
VOML,VOML,IXE,,43284,Mangaluru Arpt,12.961,74.89,100,KA,IN,2,"['METAR', 'TAF']"
VOMM,VOMM,MAA,,43279,Chennai Intl,12.994,80.18,7,TN,IN,1,"['METAR', 'TAF']"
VOMY,VOMY,MYQ,,,Mysuru Arpt,12.229,76.652,727,KA,IN,3,"['METAR', 'TAF']"
VOND,VOND,,,,Nanded Arpt,19.181,77.333,86,WB,IN,3,"['METAR', 'TAF']"
VOPB,VOPB,IXZ,,,Port Blair/Veer Savarkar Intl,11.641,92.73,1,AN,IN,1,"['METAR', 'TAF']"
VOPC,VOPC,,,,Pondicherry Arpt,11.969,79.81,43,TN,IN,4,['METAR']
VORM,VORM,,,,Ramnad Arpt,9.3253,78.9716,5,TN,IN,4,['METAR']
VORY,VORY,RJA,,,Rajahmundry Arpt,17.11,81.818,47,AP,IN,3,"['METAR', 'TAF']"
VOSH,VOSH,RQY,,,Shivamogga/Kuvempu Arpt,13.857,75.615,654,KA,IN,4,"['METAR', 'TAF']"
VOSM,VOSM,SXV,,,Salem Arpt,11.783,78.066,301,TN,IN,3,['METAR']
VOSR,VOSR,,,,Sindhudurg Arpt,16.001,73.534,62,MA,IN,4,"['METAR', 'TAF']"
VOTJ,VOTJ,TJV,,,Thanjavur Arpt,10.722,79.102,77,TN,IN,4,['TAF']
VOTK,VOTK,TCR,,,Tuticorin Arpt,8.722,78.028,25,TN,IN,4,['METAR']
VOTP,VOTP,TIR,,,Tirupati Arpt,13.633,79.543,103,AP,IN,4,"['METAR', 'TAF']"
VOTR,VOTR,TRZ,,43344,Tiruchchirapalli Arpt,10.765,78.71,90,TN,IN,2,"['METAR', 'TAF']"
VOTV,VOTV,TRV,,43372,Thiruvananthapuram Intl,8.484,76.919,9,KL,IN,3,"['METAR', 'TAF']"
VOVR,VOVR,,,43303,Vellore,12.909,79.064,234,TN,IN,9,['METAR']
VOVZ,VOVZ,VTZ,,43149,Vizagapatam Arpt,17.722,83.228,4,AP,IN,2,"['METAR', 'TAF']"
VQPR,VQPR,PBH,,43399,Paro Intl,27.403,89.425,2227,PA,BT,2,['METAR']
VQSP4,,,,,Vieques/Isabel Segun,18.153,-65.444,3,,PR,8,[]
VRGN,VRGN,,,,Gan Isl,-0.693,73.156,2,SC,MV,9,['METAR']
VRMG,VRMG,GAN,,43599,Gan Intl,-0.693,73.156,2,,MV,2,"['METAR', 'TAF']"
VRMH,VRMH,HAQ,,,Hanimaadhoo Intl,6.744,73.171,1,,MV,2,"['METAR', 'TAF']"
VRMM,VRMM,MLE,,43555,Velana Intl,4.192,73.529,2,NC,MV,1,"['METAR', 'TAF']"
VTBC,VTBC,,,48480,Chanthaburi,12.61,102.104,4,22,TH,9,['METAR']
VTBD,VTBD,DMK,,48456,Bangkok Intl,13.913,100.607,6,10,TH,0,"['METAR', 'TAF']"
VTBG,VTBG,,,48450,Kanchanaburi,14.067,99.363,88,71,TH,9,['METAR']
VTBI,VTBI,,,48430,Prachin Buri,14.076,101.38,18,25,TH,9,['METAR']
VTBJ,VTBJ,,,48465,Phetchaburi,12.999,100.061,4,78,TH,9,['METAR']
VTBO,VTBO,TDX,,,Trat Arpt,12.275,102.319,25,23,TH,3,"['METAR', 'TAF']"
VTBP,VTBP,,,48500,Prachuap Khirik,11.788,99.805,5,77,TH,9,['METAR']
VTBS,VTBS,BKK,,48459,Bangkok/Suvarnabhumi Arpt,13.686,100.767,1,20,TH,6,"['METAR', 'TAF']"
VTBT2,,,,,CMAN,-99.99,-99.99,9999,,,8,[]
VTBU,VTBU,UTP,,48477,Rayong/U-Tapao Intl,12.68,101.001,12,21,TH,3,"['METAR', 'TAF']"
VTCC,VTCC,CNX,,48327,Chiang Mai Intl,18.771,98.963,308,50,TH,1,"['METAR', 'TAF']"
VTCH,VTCH,HGN,,48300,Mae Hong Son Arpt,19.302,97.972,266,58,TH,3,"['METAR', 'TAF']"
VTCL,VTCL,LPT,,48328,Lampang Arpt,18.277,99.502,240,52,TH,5,"['METAR', 'TAF']"
VTCN,VTCN,NNT,,48331,Nan Arpt,18.807,100.787,211,55,TH,3,"['METAR', 'TAF']"
VTCP,VTCP,PRH,,48330,Phrae Arpt,18.129,100.162,166,54,TH,4,"['METAR', 'TAF']"
VTCR,VTCR,,,48303,Chiang Rai,19.956,99.885,386,57,TH,9,['METAR']
VTCS,VTCS,,,48325,Mae Sariang,18.179,97.93,219,58,TH,9,['METAR']
VTCT,VTCT,CEI,,,Chiang Rai Intl,19.961,99.881,389,57,TH,3,"['METAR', 'TAF']"
VTPB,VTPB,PHY,,48379,Phetchabun Arpt,16.676,101.195,134,76,TH,4,"['METAR', 'TAF']"
VTPH,VTPH,HHQ,,48475,Hua Hin Arpt,12.633,99.951,12,77,TH,4,"['METAR', 'TAF']"
VTPM,VTPM,MAQ,,48375,Mae Sot Arpt,16.703,98.542,211,63,TH,3,"['METAR', 'TAF']"
VTPN,VTPN,,,48400,Nakhon Sawan Arpt,15.672,100.135,33,60,TH,9,['METAR']
VTPO,VTPO,THS,,,Sukhothai Arpt,17.238,99.818,58,64,TH,5,"['METAR', 'TAF']"
VTPP,VTPP,PHS,,48378,Phitsanulok Arpt,16.792,100.274,45,65,TH,2,"['METAR', 'TAF']"
VTPT,VTPT,TKT,,48376,Tak Arpt,16.897,99.254,148,63,TH,4,"['METAR', 'TAF']"
VTPU,VTPU,,,48351,Uttaradit,17.674,100.235,79,53,TH,9,['METAR']
VTSA,VTSA,,,48570,Satun,6.661,100.08,10,91,TH,9,['METAR']
VTSB,VTSB,URT,,48551,Surat Thani Intl,9.133,99.152,10,84,TH,4,"['METAR', 'TAF']"
VTSC,VTSC,NAW,,48583,Narathiwat Arpt,6.52,101.743,5,96,TH,4,"['METAR', 'TAF']"
VTSE,VTSE,CJM,,48517,Chumphon Arpt,10.711,99.362,8,86,TH,2,"['METAR', 'TAF']"
VTSF,VTSF,NST,,,Nakhon Si Thammarat Arpt,8.546,99.94,6,80,TH,4,"['METAR', 'TAF']"
VTSG,VTSG,KBV,,,Krabi Arpt,8.099,98.986,32,81,TH,5,"['METAR', 'TAF']"
VTSH,VTSH,SGZ,,48568,Songkhla Arpt,7.184,100.604,10,90,TH,6,"['METAR', 'TAF']"
VTSK,VTSK,PAN,,48580,Pattani Arpt,6.79,101.147,8,94,TH,4,"['METAR', 'TAF']"
VTSM,VTSM,USM,,,Samui Intl,9.548,100.062,12,80,TH,2,"['METAR', 'TAF']"
VTSN,VTSN,,,48552,Nakhon Si Thamm,8.47,99.97,7,,TH,9,['METAR']
VTSP,VTSP,HKT,,48565,Phuket Intl,8.105,98.308,12,83,TH,3,"['METAR', 'TAF']"
VTSR,VTSR,UNN,,48532,Ranong Arpt,9.773,98.587,23,85,TH,3,"['METAR', 'TAF']"
VTSS,VTSS,HDY,,48569,Hat Yai Intl,6.933,100.393,28,90,TH,1,"['METAR', 'TAF']"
VTST,VTST,TST,,48567,Trang Arpt,7.512,99.621,17,92,TH,4,"['METAR', 'TAF']"
VTSY,VTSY,,,,Yala/Betong Arpt,5.788,101.147,225,95,TH,4,"['METAR', 'TAF']"
VTUB,VTUB,,,48383,Mukdahan,16.533,104.717,145,48,TH,9,['METAR']
VTUC,VTUC,,,48403,Chaiyaphum,15.812,102.029,186,36,TH,9,['METAR']
VTUD,VTUD,UTH,,48354,Udon Thani Arpt,17.382,102.799,177,41,TH,4,"['METAR', 'TAF']"
VTUI,VTUI,SNO,,,Sakon Nakhon Arpt,17.195,104.119,162,47,TH,5,"['METAR', 'TAF']"
VTUK,VTUK,KKC,,48381,Khon Kaen Arpt,16.462,102.786,190,40,TH,3,"['METAR', 'TAF']"
VTUL,VTUL,LOE,,48353,Loei Arpt,17.445,101.725,257,42,TH,4,"['METAR', 'TAF']"
VTUM,VTUM,,,48352,Nong Khai,17.865,102.747,175,43,TH,9,['METAR']
VTUN,VTUN,,,48431,Nakhon Ratchasi,14.954,102.072,195,30,TH,9,['METAR']
VTUO,VTUO,BFV,,,Buriram Arpt,15.227,103.244,182,31,TH,3,"['METAR', 'TAF']"
VTUQ,VTUQ,NAK,,,Nakhon Ratchasima Arpt,14.95,102.313,225,30,TH,4,"['METAR', 'TAF']"
VTUS,VTUS,,,48356,Sakon Nakhon,17.15,104.13,171,,TH,9,['METAR']
VTUU,VTUU,UBP,,48407,Ubon Ratchathan Intl,15.251,104.87,119,34,TH,2,"['METAR', 'TAF']"
VTUV,VTUV,ROI,,,Roi Et Arpt,16.117,103.772,136,45,TH,4,"['METAR', 'TAF']"
VTUW,VTUW,KOP,,,Nakhon Phanom Arpt,17.384,104.643,167,48,TH,3,"['METAR', 'TAF']"
VVCI,VVCI,HPH,,,Haiphong/Cat Bi Intl,20.823,106.727,6,HP,VN,3,"['METAR', 'TAF']"
VVCR,VVCR,CXR,,,Cam Ranh Intl,11.998,109.219,12,BR,VN,2,"['METAR', 'TAF']"
VVCT,VVCT,VCA,,,Can Tho Intl,10.085,105.712,6,2,VN,3,"['METAR', 'TAF']"
VVDN,VVDN,DAD,,48855,Da Nang Intl,16.044,108.199,7,DN,VN,5,"['METAR', 'TAF']"
VVNB,VVNB,HAN,,48820,Hanoi/Noi Bai Intl,21.218,105.805,6,HI,VN,0,"['METAR', 'TAF']"
VVNT,VVNT,NHA,,48877,Nha Trang,12.228,109.19,4,21,VN,9,['METAR']
VVPB,VVPB,HUI,,48852,Huế/Phu Bai Arpt,16.399,107.699,15,BC,VN,1,"['METAR', 'TAF']"
VVPK,VVPK,PXU,,48866,Pleiku City,14.005,108.017,740,30,VN,9,['METAR']
VVPQ,VVPQ,PQC,,,Phu Quoc Arpt,10.169,103.995,8,40,VN,4,"['METAR', 'TAF']"
VVQN,VVQN,,,48870,Quy Nhon,13.864,109.137,10,BH,VN,9,['METAR']
VVTS,VVTS,SGN,,48900,Ho Chi Minh/Nhat Intl,10.817,106.667,10,23,VN,1,"['METAR', 'TAF']"
VVVD,VVVD,,,,Van Don Intl,21.118,107.414,8,21,VN,4,"['METAR', 'TAF']"
VVVH,VVVH,VII,,48845,Vinh,18.738,105.671,7,26,VN,9,['METAR']
VYMD,VYMD,MDL,,,Mandalay Intl,21.702,95.978,87,4,MM,1,"['METAR', 'TAF']"
VYNT,VYNT,NYT,,,Naypyitaw Intl,19.623,96.201,610,4,MM,2,"['METAR', 'TAF']"
VYSW,VYSW,AKY,,48062,Sittwe Arpt,20.134,92.873,4,,MM,9,['METAR']
VYYY,VYYY,RGN,,48097,Yangon Intl,16.906,96.137,31,6,MM,1,"['METAR', 'TAF']"
WAAA,WAAA,UPG,,97180,Makassar/Hasanuddin Intl,-5.062,119.554,13,SN,ID,0,"['METAR', 'TAF']"
WAAB,WAAB,,,97192,Bau-Bau Arpt,-5.488,122.57,36,SG,ID,9,['METAR']
WABB,WABB,BIK,,97560,Biak/Kaisiepo Arpt,-1.19,136.108,12,PA,ID,0,"['METAR', 'TAF']"
WABI,WABI,NBX,,97682,Nabire,-3.389,135.392,29,PA,ID,9,"['METAR', 'TAF']"
WABN,WABN,KOX,,97796,Kokonao,-4.711,136.435,3,PA,ID,9,['METAR']
WABO,WABO,ZRI,,97570,Serui,-1.874,136.239,17,PA,ID,9,"['METAR', 'TAF']"
WABP,WABP,,,,Timika Moses Kilangi,-4.528,136.887,32,PA,ID,2,['METAR']
WABT,WABT,EWI,,97780,Enarotali,-3.926,136.377,1768,PA,ID,9,"['METAR', 'TAF']"
WADD,WADD,DPS,,,Bali/Rai Intl,-8.748,115.167,3,BA,ID,1,"['METAR', 'TAF']"
WADL,WADL,LOP,,97240,Lombok Intl,-8.757,116.277,97,NB,ID,3,"['METAR', 'TAF']"
WAFB,WAFB,,,,UNK,-99.999,-99.999,9999,SN,ID,9,['TAF']
WAFD,WAFD,,,,Bua Arpt,-3.084,120.245,7,SN,ID,4,['TAF']
WAFJ,WAFJ,,,,Mamuju/Tampa Padang Arpt,-2.589,119.029,2,SB,ID,3,['TAF']
WAFM,WAFM,,,,Andi Jemma Arpt,-2.554,120.325,38,SN,ID,3,['TAF']
WAFO,WAFO,,,,Morowali Arpt,-2.202,121.662,6,ST,ID,8,['TAF']
WAHI,WAHI,YIA,,,Yogyakarta Intl,-7.9041,110.0575,7,YO,ID,9,[]
WAHQ,WAHQ,,,,Surakarta/Soemarmo Intl,-7.514,110.751,125,JT,ID,4,['METAR']
WAHS,WAHS,SRG,,96839,Semarang/Uani Arpt,-6.973,110.375,3,JT,ID,2,['METAR']
WAHV2,,,,,Wachapreague,37.607,-75.687,0,VA,US,8,[]
WAJI,WAJI,ZRM,,97580,Sarmi,-1.871,138.752,3,PA,ID,9,"['METAR', 'TAF']"
WAJJ,WAJJ,DJJ,,97690,Jayapura/Sentani Arpt,-2.573,140.514,93,PA,ID,3,"['METAR', 'TAF']"
WAJW,WAJW,,,97686,Wamena,-4.099,138.953,1653,PA,ID,9,"['METAR', 'TAF']"
WAKK,WAKK,MKQ,,97980,Merauke/Mopah Arpt,-8.52,140.417,5,PA,ID,3,"['METAR', 'TAF']"
WAKP8,,,,,Wake Island,19.29,166.618,2,,US,8,[]
WAKT,WAKT,TMH,,97876,Tanah Merah,-6.097,140.304,24,PA,ID,9,"['METAR', 'TAF']"
WALL,WALL,BPN,,96633,Sepinggan Intl,-1.268,116.894,3,KI,ID,1,"['METAR', 'TAF']"
WALR,WALR,TRK,,,Tarakan Juwata Intl,3.327,117.566,6,KT,ID,9,[]
WALS,WALS,SRI,,,Samarinda/Pranoto Intl,-0.371,117.255,3,KT,ID,3,['TAF']
WAMA,WAMA,GLX,,97406,Galela,1.82,127.83,8,,ID,9,"['METAR', 'TAF']"
WAMG,WAMG,GTO,,97048,Gorontalo Arpt,0.637,122.85,32,SA,ID,9,"['METAR', 'TAF']"
WAMH,WAMH,NAH,,97008,Tahuna/Naha Arpt,3.683,125.528,5,SA,ID,9,"['METAR', 'TAF']"
WAMI,WAMI,TLI,,97028,Toli-Toli/Lalos Arpt,1.123,120.796,9,ST,ID,9,"['METAR', 'TAF']"
WAML,WAML,,,,Palu,-0.677,119.758,0,ST,ID,9,['METAR']
WAMM,WAMM,MDC,,97014,Manado/Ratulangi Intl,1.541,124.926,86,SA,ID,1,"['METAR', 'TAF']"
WAMN,WAMN,MNA,,,Melonguane Arpt,4.006,126.675,4,,ID,3,"['METAR', 'TAF']"
WAMP,WAMP,PSJ,,97096,Poso,-1.383,120.733,2,ST,ID,9,"['METAR', 'TAF']"
WAMT,WAMT,,,97430,Ternate/Babullah Arpt,0.831,127.381,15,MU,ID,9,"['METAR', 'TAF']"
WAMW,WAMW,LUW,,97086,Luwuk Arpt,-1.039,122.772,17,ST,ID,9,"['METAR', 'TAF']"
WAOO,WAOO,BDJ,,96685,Banjarmasin/Syamsudin Noor Arpt,-3.44,114.759,23,KS,ID,2,"['METAR', 'TAF']"
WAPA,WAPA,AHI,,97722,Amahai,-3.35,128.883,10,MA,ID,9,"['METAR', 'TAF']"
WAPC,WAPC,NDA,,,Central Maluku/Bandaneira Arpt,-4.522,129.905,28,MU,ID,3,['TAF']
WAPH,WAPH,,,97460,Labuha,-1.617,124.55,3,MU,ID,9,"['METAR', 'TAF']"
WAPI,WAPI,SXK,,97900,Saumlaki,-7.989,131.306,67,MA,ID,9,"['METAR', 'TAF']"
WAPN,WAPN,SQN,,97600,Sanana,-2.097,125.964,10,MU,ID,9,"['METAR', 'TAF']"
WAPP,WAPP,AMQ,,97724,Ambon/Pattimura Arpt,-3.71,128.089,20,MA,ID,1,"['METAR', 'TAF']"
WAPR,WAPR,NAM,,97700,Namlea,-3.25,127.083,20,MA,ID,9,"['METAR', 'TAF']"
WAPS,WAPS,,,,Saumlaki/Mathilda Batlayeri Arpt,-7.848,131.335,136,MU,ID,3,['TAF']
WAQA,WAQA,,,,Nunukan Arpt,4.137,117.667,9,KU,ID,4,['TAF']
WAQD,WAQD,,,,Tanjung Harapan Arpt,2.836,117.374,3,KU,ID,5,['TAF']
WAQJ,WAQJ,,,,Yuvai Semaring Arpt,3.903,115.692,762,KU,ID,3,['TAF']
WAQQ,WAQQ,TRK,,96509,Juwata Intl,3.327,117.568,6,KU,ID,3,"['METAR', 'TAF']"
WAQT,WAQT,,,96529,Kalimarau Arpt,2.155,117.432,18,KU,ID,3,['TAF']
WARQ,WARQ,SOC,,,Surakarta/Sumarmo Intl,-7.516,110.757,125,JT,ID,4,"['METAR', 'TAF']"
WARR,WARR,SUB,,,Surabaya/Juanda Intl,-7.38,112.787,3,JI,ID,2,"['METAR', 'TAF']"
WARS,WARS,SRG,,,Semarang/Uani Arpt,-6.973,110.375,3,JT,ID,2,"['METAR', 'TAF']"
WASD2,,,,,Washington DC,38.87,-77.02,0,DC,US,8,[]
WASF,WASF,FKQ,,97630,Fak-Fak,-2.92,132.265,125,PB,ID,9,"['METAR', 'TAF']"
WASK,WASK,KNG,,97760,Kaimana Arpt,-3.65,133.694,2,PB,ID,9,"['METAR', 'TAF']"
WASR,WASR,MKW,,97530,Manokwari Arpt,-0.892,134.049,3,PB,ID,9,"['METAR', 'TAF']"
WASS,WASS,SOQ,,97502,Sorong,-0.926,131.121,5,PB,ID,9,"['METAR', 'TAF']"
WATS1,,,,,Lake Wateree,34.335,-80.702,85,SC,US,8,[]
WATT,WATT,KOE,,,Kupang/El Tari Arpt,-10.172,123.671,104,NT,ID,0,"['METAR', 'TAF']"
WAWB,WAWB,BUW,,,Betoambari Arpt,-5.487,122.569,32,SG,ID,3,['TAF']
WAWH,WAWH,KSR,,,Aroeppala Arpt,-6.177,120.437,7,SN,ID,3,['TAF']
WAWP,WAWP,PUM,,,Kolaka/Sangia Nibandera Arpt,-4.345,121.522,12,SN,ID,3,['TAF']
WAWS,WAWS,SQR,,,Soroako Arpt,-2.529,121.357,423,SN,ID,3,['TAF']
WAWW,WAWW,KDI,,,Kendari Arpt,-4.082,122.418,45,SG,ID,9,['TAF']
WAXM3,,,,,Waquoit Bay Reserve,41.582,-70.525,10,MA,US,8,[]
WAYY,WAYY,TIM,,,Timika/Mozes Kilangin Intl,-4.528,136.887,32,PA,ID,2,['METAR']
WBGB,WBGB,BTU,,96441,Bintulu Arpt,3.12,113.025,34,SR,MY,2,"['METAR', 'TAF']"
WBGG,WBGG,KCH,,96413,Kuching Intl,1.484,110.34,26,SR,MY,1,"['METAR', 'TAF']"
WBGR,WBGR,MYY,,96449,Miri Arpt,4.322,113.987,18,SR,MY,4,"['METAR', 'TAF']"
WBGS,WBGS,SBW,,96421,Sibu Arpt,2.264,111.983,26,SR,MY,3,"['METAR', 'TAF']"
WBGY,WBGY,,,,Sri Aman,1.222,111.466,13,SB,MY,3,['METAR']
WBKK,WBKK,BKI,,96471,Kota Kinabalu Intl,5.937,116.051,9,SB,MY,3,"['METAR', 'TAF']"
WBKL,WBKL,LBU,,96465,Labuan Intl,5.301,115.25,29,SB,MY,6,"['METAR', 'TAF']"
WBKS,WBKS,SDK,,96491,Sandakan Arpt,5.901,118.059,13,SB,MY,2,"['METAR', 'TAF']"
WBKT,WBKT,KUD,,96477,Kudat Arpt,6.922,116.837,11,SB,MY,3,['METAR']
WBKW,WBKW,TWU,,96481,Tawau Arpt,4.316,118.119,17,SB,MY,3,"['METAR', 'TAF']"
WBSB,WBSB,BWN,,96315,Brunei Intl,4.944,114.928,15,BM,BN,1,"['METAR', 'TAF']"
WBYA1,,,,,Weeks Bay,30.417,-87.825,0,AL,US,8,[]
WCRP1,,,,,CMAN,-99.99,-99.99,9999,,,8,[]
WCXA2,,,,,CMAN,-99.99,-99.99,9999,,,8,[]
WDSV2,,,,,Willoughby Deguassin,36.982,-76.322,6,VA,US,8,[]
WELM1,,,,,Wells,43.32,-70.56,6,ME,US,8,[]
WEXM1,,,,,Wells Reserve,43.338,-70.55,16,ME,US,8,[]
WFPM4,,,,,Whitefish Point,46.762,-84.966,186,MI,US,8,[]
WGXA2,,,,,CMAN,-99.99,-99.99,9999,,,8,[]
WHRI2,,,,,Waukegan Harbor,42.361,-87.813,179,IL,US,8,[]
WIAA,WIAA,,,96001,Sabang,5.875,95.335,126,AC,ID,9,['METAR']
WIAG,WIAG,AKQ,,,Menggala,-4.612,105.23,29,LA,ID,9,['METAR']
WIAM,WIAM,,,,Tasikmalaya / C,-7.33,108.25,335,,ID,9,['METAR']
WIAR,WIAR,,,,Madiun,-7.617,111.517,110,JI,ID,9,['METAR']
WIAS,WIAS,,,,Malang,-7.967,112.7,475,JI,ID,9,['METAR']
WIBB,WIBB,PKU,,96109,Pakanbaru/Kasim Arpt,0.461,101.445,41,RI,ID,3,"['METAR', 'TAF']"
WIDD,WIDD,BTH,,,Batam/Hang Nadim,1.121,104.119,26,RI,ID,5,"['METAR', 'TAF']"
WIDN,WIDN,TNJ,,,Tanjung Pinang Arpt,0.923,104.532,18,RI,ID,3,['METAR']
WIEE,WIEE,PDG,,,Padang/Minangkabau Intl,-0.783,100.283,5,SB,ID,2,"['METAR', 'TAF']"
WIHH,WIHH,HLP,,,Jakarta/Perdanakusum,-6.267,106.891,26,JK,ID,6,"['METAR', 'TAF']"
WIHK,WIHK,,,,Kalijati,-6.55,107.667,80,LA,ID,9,[]
WIHS,WIHS,,,,Semarang/Yani Intl,-6.973,110.375,3,SS,ID,9,[]
WIIA,WIIA,,,,Curug/Budiarto Arpt,-6.293,106.573,40,JB,ID,9,['METAR']
WIIB,WIIB,,,96781,Bandung,-6.901,107.576,742,JB,ID,9,['METAR']
WIIH,WIIH,,,,Halim Intl,-6.25,106.9,30,,ID,6,"['METAR', 'TAF']"
WIII,WIII,CGK,,96749,Jakarta/Hatta Intl,-6.125,106.659,9,JB,ID,1,"['METAR', 'TAF']"
WIIJ,WIIJ,JOG,,,Jogyakarta,-7.788,110.432,118,YO,ID,9,['METAR']
WIIL,WIIL,,,,Cilacap,-7.73,109.02,6,,ID,9,['METAR']
WIKD,WIKD,TJQ,,96249,Tanjungpandan,-2.75,107.75,44,,ID,9,['METAR']
WIKK,WIKK,,,96237,Pangkalpinang,-2.17,106.13,33,,ID,9,['METAR']
WIKS,WIKS,,,96179,Singkep,-0.479,104.579,31,RI,ID,9,['METAR']
WILL,WILL,TKG,,,Bandar Lampung Intl,-5.242,105.179,83,SS,ID,3,['METAR']
WIMB,WIMB,GNS,,96075,Gunung Sitoli/Binaka,1.166,97.705,7,SU,ID,9,['METAR']
WIMG,WIMG,,,96163,Padang,-0.875,100.352,3,SB,ID,9,['METAR']
WIMM,WIMM,KNO,,96035,Medan/Kualanamu Intl,3.636,98.874,7,SU,ID,2,"['METAR', 'TAF']"
WIMS,WIMS,FLZ,,96073,Sibolga/Tobang Arpt,1.556,98.889,8,SU,ID,9,['METAR']
WIOI,WIOI,,,,Singkawang II,1.083,109.694,98,KB,ID,9,['METAR']
WIOK,WIOK,KTG,,96615,Ketapang,-1.85,109.967,4,KB,ID,9,['METAR']
WION,WION,NTX,,96147,Ranai,3.913,108.388,1,RI,ID,9,['METAR']
WIOO,WIOO,PNK,,96581,Pontianak/Supadio Arpt,-0.151,109.404,4,KB,ID,3,"['METAR', 'TAF']"
WIOS,WIOS,SQG,,96559,Sintang,0.117,111.533,25,KB,ID,9,['METAR']
WIPA,WIPA,DJB,,96195,Jambi,-1.638,103.644,27,JA,ID,9,"['METAR', 'TAF']"
WIPB,WIPB,LLJ,,,Lubuklinggau Arpt,-3.283,102.917,98,SS,ID,3,['TAF']
WIPH,WIPH,KRC,,96207,Kerinci,-2.767,101.367,28,BE,ID,9,"['METAR', 'TAF']"
WIPL,WIPL,BKS,,96253,Bengkulu,-3.883,102.333,16,BE,ID,9,"['METAR', 'TAF']"
WIPP,WIPP,PLM,,96221,Palembang/Badaruddin Arpt,-2.898,104.7,7,SS,ID,2,"['METAR', 'TAF']"
WIPR,WIPR,RGT,,,Rengat/Japura Arpt,-0.353,102.335,24,RI,ID,9,['METAR']
WIPT,WIPT,,,,Padang/Minangkabau Intl,-0.794,100.289,5,SB,ID,2,['METAR']
WIPY,WIPY,PXA,,,Atung Bungsu Arpt,-4.025,103.378,638,SS,ID,3,"['METAR', 'TAF']"
WITM,WITM,LSW,,96009,Lhokseumawe/Saleh Arpt,5.227,96.95,29,AC,ID,9,['METAR']
WITT,WITT,BTJ,,96011,Banda Aceh,5.524,95.42,21,AC,ID,9,"['METAR', 'TAF']"
WIWF1,,,,,CMAN,-99.99,-99.99,9999,,,8,[]
WIXA2,,,,,CMAN,-99.99,-99.99,9999,,,8,[]
WKXA1,,,,,Weeks Bay Reserve,30.421,-87.829,10,AL,US,8,[]
WLON7,,,,,Wilmington,34.227,-77.953,4,NC,US,8,[]
WMAP,WMAP,,,,Kluang Arpt,2.017,103.317,86,JH,MY,5,['TAF']
WMAU,WMAU,MEP,,,Mersing Arpt,2.387,103.876,5,JH,MY,4,['METAR']
WMBA,WMBA,SWY,,48620,Sitiawan Arpt,4.221,100.701,9,PK,MY,3,['METAR']
WMBT,WMBT,TOD,,,Pulau Tioman Arpt,2.818,104.16,5,JH,MY,4,['TAF']
WMKA,WMKA,AOR,,,Alor Setar/Halim Arpt,6.19,100.398,5,KD,MY,4,"['METAR', 'TAF']"
WMKB,WMKB,BWH,,48602,Butterworth Arpt,5.466,100.391,4,7,MY,6,"['METAR', 'TAF']"
WMKC,WMKC,KBR,,48615,Kota Bharu Arpt,6.167,102.293,7,KN,MY,3,"['METAR', 'TAF']"
WMKD,WMKD,KUA,,48657,Kuantan Arpt,3.775,103.209,18,PH,MY,3,"['METAR', 'TAF']"
WMKE,WMKE,KTE,,,Kerteh Arpt,4.537,103.427,5,TR,MY,4,"['METAR', 'TAF']"
WMKI,WMKI,IPH,,,Ipoh/Azlan Shah Arpt,4.568,101.092,37,PK,MY,5,"['METAR', 'TAF']"
WMKJ,WMKJ,JHB,,48679,Johore Bharu/Senai Arpt,1.641,103.67,38,JH,MY,5,"['METAR', 'TAF']"
WMKK,WMKK,KUL,,48650,Kuala Lumpur Intl,2.747,101.714,21,SL,MY,2,"['METAR', 'TAF']"
WMKL,WMKL,LGK,,48600,Langkawi Arpt,6.33,99.729,4,PS,MY,5,"['METAR', 'TAF']"
WMKM,WMKM,MKZ,,48665,Malacca Arpt,2.263,102.252,9,ML,MY,3,"['METAR', 'TAF']"
WMKN,WMKN,TGG,,48618,Kuala Terengganu Arpt,5.383,103.103,12,TF,MY,2,"['METAR', 'TAF']"
WMKP,WMKP,PEN,,48601,Penang Intl,5.297,100.277,4,7,MY,3,"['METAR', 'TAF']"
WMPA,WMPA,PKG,,,Pulau Pangkor Arpt,4.245,100.553,1,PK,MY,6,['TAF']
WMSA,WMSA,SZB,,48647,Kuala Lumpur/Shah Arpt,3.13,101.552,19,SL,MY,6,"['METAR', 'TAF']"
WNEM4,,,,,West Neebish,46.283,-84.205,187,MI,US,8,[]
WPDL,WPDL,DIL,,,Dilli/Lobato Arpt,-8.546,125.529,8,NT,TL,9,"['METAR', 'TAF']"
WPEC,WPEC,BCH,,,Baucau,-8.486,126.399,531,BA,TL,9,['METAR']
WPLF1,,,,,CMAN,-99.99,-99.99,9999,,,8,[]
WPOW1,,,,,West Point ,47.662,-122.436,3,WA,US,5,[]
WPTW1,,,,,Westport,46.904,-124.105,11,WA,US,8,[]
WRBF1,,,,,CMAN,-99.99,-99.99,9999,,,8,[]
WRXA2,,,,,CMAN,-99.99,-99.99,9999,,,8,[]
WSAP,WSAP,QPG,,48694,Singapore/Pays,1.36,103.909,20,4,SG,6,"['METAR', 'TAF']"
WSLM4,,,,,CMAN,-99.99,-99.99,9999,,,8,[]
WSSL,WSSL,XSP,,48699,Singapore/Seletar Arpt,1.417,103.866,11,2,SG,6,"['METAR', 'TAF']"
WSSS,WSSS,SIN,,48698,Singapore/Changi Intl,1.368,103.982,17,4,SG,0,"['METAR', 'TAF']"
WYCM6,,,,,Bay Waveland Yacht,30.326,-89.326,10,MS,US,8,[]
YABA,YABA,ALH,,,Albany Rgnl,-34.94,117.805,67,WA,AU,2,['METAR']
YABP4,,,,,Yabucoa Harbor,18.055,-65.833,4,,PR,8,[]
YAMB,YAMB,,,,Amberly,-27.63,152.711,26,QL,AU,5,"['METAR', 'TAF']"
YARG,YARG,GYL,,,Argyle Arpt,-16.632,128.449,157,WA,AU,4,['METAR']
YATA2,,,,,Yakutat,59.548,-139.733,6,AK,US,8,[]
YAYE,YAYE,AYQ,,,Ayers Rock Arpt,-25.173,130.975,489,NT,AU,2,['METAR']
YAYT,YAYT,,,,Ayton,-15.921,145.353,17,QL,AU,3,['METAR']
YBAF,YBAF,,,94575,Archerfield Arpt,-27.572,153.008,18,QL,AU,9,['METAR']
YBAS,YBAS,ASP,,94326,Alice Springs Arpt,-23.795,133.889,549,NT,AU,0,"['METAR', 'TAF']"
YBBN,YBBN,BNE,,94578,Brisbane Intl,-27.391,153.13,3,QL,AU,1,"['METAR', 'TAF']"
YBCG,YBCG,OOL,,94592,Coolangatta/Gold Coast Arpt,-28.168,153.505,5,QL,AU,4,"['METAR', 'TAF']"
YBCS,YBCS,CNS,,94287,Cairns Intl,-16.874,145.745,2,QL,AU,0,"['METAR', 'TAF']"
YBCV,YBCV,CTL,,94510,Charleville Arpt,-26.414,146.256,306,QL,AU,2,['METAR']
YBDV,YBDV,BVI,,95482,Birdsville Arpt,-25.898,139.347,46,QL,AU,1,['METAR']
YBGL,YBGL,,,94380,Gladstone,-23.85,151.25,75,,AU,9,['METAR']
YBHI,YBHI,BHQ,,,Broken Hill Arpt,-32.001,141.469,285,NS,AU,2,['METAR']
YBHM,YBHM,HTI,,,Hamilton Island Arpt,-20.357,148.949,4,QL,AU,3,"['METAR', 'TAF']"
YBLN,YBLN,BQB,,,Busselton Rgnl,-33.688,115.402,17,WA,AU,3,"['METAR', 'TAF']"
YBMA,YBMA,ISA,,94332,Mount Isa Arpt,-20.678,139.488,346,QL,AU,1,"['METAR', 'TAF']"
YBMK,YBMK,MKY,,,Mackay Arpt,-21.171,149.183,4,QL,AU,4,['METAR']
YBNA,YBNA,BNK,,,Ballina Byron Arpt,-28.835,153.558,3,NS,AU,4,['METAR']
YBOK,YBOK,OKY,,94552,Oakey Arpt,-27.403,151.741,406,QL,AU,9,['METAR']
YBPN,YBPN,PPP,,94365,Proserpine Arpt,-20.492,148.555,20,QL,AU,5,['METAR']
YBRK,YBRK,ROK,,94374,Rockhampton Arpt,-23.375,150.477,10,QL,AU,0,"['METAR', 'TAF']"
YBRM,YBRM,BME,,94203,Broome Arpt,-17.948,122.235,11,WA,AU,0,"['METAR', 'TAF']"
YBSU,YBSU,MCY,,,Sunshine Coast Arpt,-26.603,153.091,4,QL,AU,3,"['METAR', 'TAF']"
YBTL,YBTL,TSV,,94294,Townsville Arpt,-19.248,146.766,4,QL,AU,2,"['METAR', 'TAF']"
YBUD,YBUD,BDB,,,Bundaberg Arpt,-24.907,152.32,30,QL,AU,2,['METAR']
YBWP,YBWP,WEI,,94171,Weipa Arpt,-12.678,141.92,21,QL,AU,2,['METAR']
YBWW,YBWW,WTB,,,Toowoomba/Wellcamp Arpt,-27.558,151.793,460,QL,AU,3,"['METAR', 'TAF']"
YBWX,YBWX,BWB,,,Barrow Isl Arpt,-20.864,115.406,5,WA,AU,3,['METAR']
YCAR,YCAR,CVQ,,,Carnarvon Arpt,-24.888,113.67,4,WA,AU,2,['METAR']
YCAS,YCAS,CSI,,,Casino Arpt,-28.879,153.053,25,NS,AU,3,['METAR']
YCBA,YCBA,CAZ,,,Cobar Arpt,-31.539,145.796,219,NS,AU,1,['METAR']
YCBB,YCBB,COJ,,,Coonabarabran Arpt,-31.33,149.27,644,NS,AU,4,['METAR']
YCBP,YCBP,CPD,,,Coober Pedy Arpt,-29.035,134.722,227,SA,AU,2,['METAR']
YCCY,YCCY,CNJ,,,Cloncurry Arpt,-20.666,140.505,188,QL,AU,4,['METAR']
YCDU,YCDU,CED,,,Ceduna Arpt,-32.128,133.702,21,QL,AU,2,['METAR']
YCFS,YCFS,CFS,,94791,Coffs Harbour Arpt,-30.317,153.119,2,NS,AU,2,"['METAR', 'TAF']"
YCIN,YCIN,DCN,,,Curtin,-17.574,123.831,83,WA,AU,3,"['METAR', 'TAF']"
YCNM,YCNM,CNB,,,Coonamble Arpt,-30.978,148.38,180,NS,AU,3,['METAR']
YCOM,YCOM,OOM,,,Cooma/Snowy Mtn Arpt,-36.294,148.972,930,NS,AU,4,['METAR']
YDBY,YDBY,DRB,,,Derby Arpt,-17.37,123.661,7,WA,AU,5,['METAR']
YDGV,YDGV,,,94150,Gove Airport,-12.27,136.82,52,,AU,9,['METAR']
YDPO,YDPO,DPO,,,Devonport Arpt,-41.17,146.427,10,TA,AU,9,[]
YDTC,YDTC,,,94238,Tennant Creek Arpt,-19.63,134.17,375,,AU,9,['METAR']
YDYL,YDYL,,,94462,Yulara Aws,-25.18,130.97,493,,AU,9,['METAR']
YEML,YEML,EMD,,,Emerald Arpt,-23.569,148.176,192,QL,AU,3,['METAR']
YESP,YESP,EPR,,,Esperance Arpt,-33.682,121.828,143,WA,AU,2,['METAR']
YFLI,YFLI,FLS,,,Flinders Arpt,-40.091,148.003,10,TA,AU,9,[]
YFRT,YFRT,FOS,,95646,Forrest Arpt,-30.848,128.114,159,WA,AU,0,"['METAR', 'TAF']"
YGEL,YGEL,GET,,94403,Geraldton Arpt,-28.805,114.699,32,WA,AU,2,"['METAR', 'TAF']"
YGFN,YGFN,GFN,,,Grafton Arpt,-29.758,153.03,26,NS,AU,4,['METAR']
YGLA,YGLA,GLT,,,Gladstone Arpt,-23.87,151.221,17,QL,AU,4,"['METAR', 'TAF']"
YGNN6,,,,,Niagara Coast Guard,43.261,-79.064,73,NY,US,8,[]
YGTE,YGTE,GTE,,94153,Groote Eylandt Arpt,-13.975,136.463,14,NT,AU,3,['METAR']
YGTH,YGTH,GFF,,,Griffith Arpt,-34.249,146.07,132,NS,AU,2,['METAR']
YHID,YHID,HID,,94174,Horn Island Arpt,-10.584,142.29,5,QL,AU,0,"['METAR', 'TAF']"
YHUG,YHUG,HGD,,,Hughenden Arpt,-20.819,144.233,320,QL,AU,4,['METAR']
YKRV2,,,,,York River East Rang,37.25,-76.333,6,VA,US,8,[]
YKRY,YKRY,KGY,,94549,Kingaroy Arpt,-26.574,151.84,435,QL,AU,3,['METAR']
YKTV2,,,,,Yorktown,37.227,-76.478,10,VA,US,8,[]
YLEC,YLEC,LGH,,,Leigh Creek Arpt,-30.598,138.426,261,SA,AU,3,['METAR']
YLHI,YLHI,LDH,,,Lord Howe Island Arpt,-31.538,159.077,2,NS,AU,1,"['METAR', 'TAF']"
YLIS,YLIS,LSY,,,Lismore Arpt,-28.831,153.26,6,NS,AU,5,['METAR']
YLRE,YLRE,LRE,,,Longreach Arpt,-23.434,144.28,191,QL,AU,1,['METAR']
YMAV,YMAV,AVV,,,Avalon Arpt,-38.029,144.478,11,VI,AU,5,"['METAR', 'TAF']"
YMAY,YMAY,ABX,,94896,Albury Arpt,-36.068,146.958,156,NS,AU,5,['METAR']
YMDG,YMDG,DGE,,,Mudgee Arpt,-32.563,149.615,470,NS,AU,4,['METAR']
YMEK,YMEK,MKR,,,Meetatharra Arpt,-26.612,118.548,521,WA,AU,1,['METAR']
YMEN,YMEN,MEB,,94864,Melbourne/Essendon F,-37.728,144.902,86,VI,AU,7,['METAR']
YMER,YMER,MIM,,,Merimbula Arpt,-36.91,149.9,2,NS,AU,3,['METAR']
YMES,YMES,,,94907,East Sale Arpt,-38.098,147.148,4,VI,AU,9,['METAR']
YMHB,YMHB,HBA,,94975,Hobart Intl,-42.834,147.503,2,TA,AU,0,"['METAR', 'TAF']"
YMIA,YMIA,MQL,,,Mildura Arpt,-34.229,142.086,53,VI,AU,2,['METAR']
YMLT,YMLT,LST,,94968,Launceston Arpt,-41.544,147.213,167,TA,AU,3,"['METAR', 'TAF']"
YMLV,YMLV,,,94865,Laverton Arpt,-37.856,144.757,20,VI,AU,9,['METAR']
YMMB,YMMB,MBW,,94870,Moorabbin Arpt,-37.98,145.096,12,VI,AU,9,['METAR']
YMMI,YMMI,WUI,,,Murrin Murrin Arpt,-28.705,121.891,469,WA,AU,9,['METAR']
YMML,YMML,MEL,,94866,Melbourne Intl,-37.666,144.832,115,VI,AU,1,"['METAR', 'TAF']"
YMMQ,YMMQ,,,94998,Macquarie Island,-54.499,158.937,8,TA,AU,9,['METAR']
YMNG,YMNG,,,,Mangalore Arpt,-36.89,145.18,142,,AU,9,[]
YMOR,YMOR,MRZ,,,Moree Arpt,-29.49,149.847,211,NS,AU,2,['METAR']
YMTG,YMTG,MGB,,,Mt Gambier Arpt,-37.746,140.785,65,SA,AU,2,['METAR']
YMWY,YMWY,,,94957,Wynyard West,-40.98,145.72,11,,AU,9,['METAR']
YNAR,YNAR,NRA,,95706,Narrandera Arpt,-34.705,146.514,142,NS,AU,4,['METAR']
YNBR,YNBR,NAA,,,Narrabri Arpt,-30.315,149.83,230,NS,AU,4,['METAR']
YNTN,YNTN,NTN,,,Normanton Arpt,-17.687,141.073,19,QL,AU,2,['METAR']
YNWN,YNWN,ZNE,,,Newman Arpt,-23.417,119.799,526,WA,AU,3,['METAR']
YOLD,YOLD,OLP,,,Olympic Dam Arpt,-30.483,136.877,102,SA,AU,4,"['METAR', 'TAF']"
YPAD,YPAD,ADL,,94672,Adelaide Intl,-34.952,138.52,2,SA,AU,1,"['METAR', 'TAF']"
YPAL,YPAL,,,94802,Albany Arpt,-34.941,117.802,67,WA,AU,9,[]
YPBH,YPBH,,,,Broken Hill Pat,-31.97,141.47,315,,AU,9,['METAR']
YPBO,YPBO,PBO,,,Paraburdoo Arpt,-23.172,117.749,425,WA,AU,2,['METAR']
YPCC,YPCC,CCK,,96996,Cocos Isl Intl,-12.189,96.834,3,,CC,0,"['METAR', 'TAF']"
YPCD,YPCD,,,94653,Ceduna Airport,-32.12,133.7,23,,AU,9,[]
YPDB,YPDB,,,,Derby Arpt,-17.372,123.662,8,,AU,9,[]
YPDN,YPDN,DRW,,94120,Darwin Intl,-12.424,130.893,32,NT,AU,0,"['METAR', 'TAF']"
YPEA,YPEA,,,94612,Bullsbrook/Pearce RA,-31.667,116.019,38,WA,AU,5,"['METAR', 'TAF']"
YPED,YPED,,,95676,Edinburgh MO,-34.711,138.622,17,SA,AU,9,['METAR']
YPFT,YPFT,,,,Forrest Airport,-30.83,128.1,160,,AU,9,['METAR']
YPGN,YPGN,,,,Geraldton Airpo,-28.78,114.7,37,,AU,9,['METAR']
YPGV,YPGV,GOV,,,Gove Arpt,-12.274,136.82,53,NT,AU,1,"['METAR', 'TAF']"
YPJT,YPJT,JAD,,94609,Perth/Jandakot Arpt,-32.101,115.879,29,WA,AU,6,"['METAR', 'TAF']"
YPKG,YPKG,KGI,,94637,Kalgoorlie/Boulder Arpt,-30.785,121.453,372,WA,AU,1,"['METAR', 'TAF']"
YPKU,YPKU,KNX,,94216,Kununurra Arpt,-15.781,128.71,42,WA,AU,2,"['METAR', 'TAF']"
YPLM,YPLM,LEA,,94302,Learmonth Arpt,-22.241,114.097,5,WA,AU,0,"['METAR', 'TAF']"
YPMQ,YPMQ,PQQ,,,Port Macquarie Arpt,-31.434,152.866,4,NS,AU,4,['METAR']
YPMR,YPMR,,,94430,Meekatharra Air,-26.6,118.53,522,,AU,9,['METAR']
YPPD,YPPD,PHE,,94312,Port Hedland Intl,-20.372,118.632,6,WA,AU,2,"['METAR', 'TAF']"
YPPF,YPPF,,,95677,Parafield Arpt,-34.798,138.628,10,SA,AU,9,['METAR']
YPPH,YPPH,PER,,94610,Perth Intl,-31.927,115.976,16,WA,AU,0,"['METAR', 'TAF']"
YPTN,YPTN,KTR,,94131,Tindal Arpt,-14.523,132.383,135,NT,AU,2,"['METAR', 'TAF']"
YPWR,YPWR,UMR,,94659,Woomera Arpt,-31.156,136.805,169,SA,AU,0,"['METAR', 'TAF']"
YPXM,YPXM,XCH,,96995,Christmas Isl Arpt,-10.453,105.688,262,CX,CX,2,"['METAR', 'TAF']"
YRMD,YRMD,RCM,,94341,Richmond Arpt,-20.7,143.116,209,QL,AU,2,"['METAR', 'TAF']"
YRSV2,,,,,Chesapeake Bay,37.414,-76.713,9,VA,US,8,[]
YSBK,YSBK,BWU,,94765,Bankstown Arpt,-33.918,150.987,6,NS,AU,9,['METAR']
YSCB,YSCB,CBR,,94926,Canberra Intl,-35.309,149.2,577,AC,AU,2,"['METAR', 'TAF']"
YSCM,YSCM,,,94923,Cooma,-36.23,149.08,778,,AU,9,['METAR']
YSCN,YSCN,CDU,,94755,Camden Airport,-34.039,150.689,72,NS,AU,9,['METAR']
YSDU,YSDU,DBO,,94719,Dubbo Rgnl,-32.221,148.575,285,NS,AU,2,"['METAR', 'TAF']"
YSNF,YSNF,NLK,,94996,Norfolk Island Arpt,-29.039,167.941,113,NS,NF,0,"['METAR', 'TAF']"
YSNW,YSNW,NOA,,94750,Nowra Arpt,-34.947,150.535,109,NS,AU,3,"['METAR', 'TAF']"
YSRI,YSRI,XRH,,94753,Richmond,-33.601,150.777,19,NS,AU,5,"['METAR', 'TAF']"
YSSY,YSSY,SYD,,94767,Sydney Intl,-33.946,151.173,3,NS,AU,0,"['METAR', 'TAF']"
YSTW,YSTW,TMW,,,Tamworth Arpt,-31.084,150.847,404,NS,AU,3,"['METAR', 'TAF']"
YSWG,YSWG,WGA,,94910,Wagga Arpt,-35.158,147.457,212,NS,AU,3,"['METAR', 'TAF']"
YSWM,YSWM,,,,Williamtown Aer,-32.78,151.82,9,,AU,9,['METAR']
YTEF,YTEF,TEF,,,Telfer Arpt,-21.715,122.229,298,WA,AU,2,"['METAR', 'TAF']"
YTMU,YTMU,TUM,,,Tumut Arpt,-35.26,148.24,268,,AU,9,[]
YTNK,YTNK,TCA,,,Tennant Creek Arpt,-19.634,134.183,368,NT,AU,1,"['METAR', 'TAF']"
YTRE,YTRE,TRO,,,Taree Arpt,-31.889,152.514,8,NS,AU,3,"['METAR', 'TAF']"
YWGT,YWGT,WGT,,,Wangaratta Arpt,-36.421,146.305,152,VI,AU,3,"['METAR', 'TAF']"
YWHA,YWHA,WYA,,95664,Whyalla Arpt,-33.054,137.521,12,SA,AU,2,"['METAR', 'TAF']"
YWLM,YWLM,NTL,,94776,Williamtown/New Castle Arpt,-32.794,151.836,7,NS,AU,3,"['METAR', 'TAF']"
YWLP,YWLP,,,,Wilson Promontory He,-39.13,146.42,86,,AU,9,[]
ZBAA,ZBAA,PEK,,54511,Beijing Intl,40.082,116.603,31,BJ,CN,0,"['METAR', 'TAF']"
ZBAD,ZBAD,PKX,,,Beijing/Daxing Arpt,39.501,116.412,25,BJ,CN,4,"['METAR', 'TAF']"
ZBDS,ZBDS,DSN,,,Ordos/Ejin Horo Arpt,39.49,109.861,1390,NM,CN,8,['METAR']
ZBHH,ZBHH,HET,,53463,Hohhot/Baita Intl,40.854,111.827,1081,NM,CN,2,"['METAR', 'TAF']"
ZBSJ,ZBSJ,SJW,,,Zhengding Arpt,38.281,114.697,70,HA,CN,3,"['METAR', 'TAF']"
ZBTJ,ZBTJ,TSN,,,Tianjin/Binhai Intl,39.124,117.346,4,TJ,CN,3,"['METAR', 'TAF']"
ZBYN,ZBYN,TYN,,53772,Taiyuan/Wusu Intl,37.747,112.628,778,SX,CN,1,"['METAR', 'TAF']"
ZGCS,ZGCS,,,,Changsha,28.2,113.083,41,HN,CN,9,['METAR']
ZGDY,ZGDY,DYG,,,Zhandjiajie/Hehua Intl,29.1033,110.4431,211,HN,CN,3,['METAR']
ZGGG,ZGGG,CAN,,59287,Guangzhou/Baiyun Intl,23.392,113.307,11,GD,CN,3,"['METAR', 'TAF']"
ZGHA,ZGHA,CSX,,,Changsha/Huanghua Arpt,28.18,113.219,61,HN,CN,2,"['METAR', 'TAF']"
ZGHK,ZGHK,,,59758,Haikou,20.03,110.35,15,,CN,9,['METAR']
ZGKL,ZGKL,KWL,,57957,Guilin/Liangjiang Intl,25.22,110.04,151,GX,CN,2,"['METAR', 'TAF']"
ZGNN,ZGNN,NNG,,59431,Nanning/Wuwei Intl,22.609,108.173,128,GX,CN,1,"['METAR', 'TAF']"
ZGOW,ZGOW,SWA,,59316,Jieyang/Chaoshan Intl,23.55,116.505,4,GD,CN,2,"['METAR', 'TAF']"
ZGSD,ZGSD,ZUH,,,Zhuhai/Jinwan Arpt,22.008,113.378,6,GD,CN,9,[]
ZGSZ,ZGSZ,SZX,,59493,Shenzhen/Boan Intl,22.639,113.803,18,GD,CN,5,"['METAR', 'TAF']"
ZGZJ,ZGZJ,ZHA,,,Zhanjiang Arpt,21.214,110.359,41,GD,CN,9,['METAR']
ZHCC,ZHCC,CGO,,57083,Zhengzhou/Xinzheng Arpt,34.52,113.834,149,HA,CN,2,"['METAR', 'TAF']"
ZHEC,ZHEC,EHU,,,Ezhou Huahu Arpt,30.34237,115.03893,21,HB,CN,4,"['METAR', 'TAF']"
ZHHH,ZHHH,WUH,,57494,Wuhan/Tianhe Intl,30.783,114.205,33,HB,CN,1,"['METAR', 'TAF']"
ZJHK,ZJHK,HAK,,,Haikou/Meilan Intl,19.934,110.445,21,HI,CN,3,"['METAR', 'TAF']"
ZJSY,ZJSY,SYX,,,Sanya/Phoenix Intl,18.303,109.412,27,HN,CN,2,"['METAR', 'TAF']"
ZKKC,ZKKC,,,47025,Kimchaek,40.699,129.208,8,HA,KP,2,['METAR']
ZKPY,ZKPY,FNJ,,47058,Pyongyang Intl,39.204,125.672,37,PY,KP,2,"['METAR', 'TAF']"
ZKWS,ZKWS,WOS,,47055,Wonsan/Kalma Intl,39.166,127.484,2,NH,KP,3,['TAF']
ZLIC,ZLIC,INC,,53614,Yinchuan/Hedong Arpt,38.323,106.392,1136,NX,CN,9,['METAR']
ZLJQ,ZLJQ,JGN,,52533,Jiuquan Arpt,39.86,98.338,1556,GS,CN,9,['METAR']
ZLLL,ZLLL,LHW,,,Lanzhou/Zhongchuan Arpt,36.513,103.623,1939,GS,CN,0,"['METAR', 'TAF']"
ZLSN,ZLSN,SIA,,,Xi'An,34.3,108.93,398,,CN,9,['METAR']
ZLXN,ZLXN,XNN,,52866,Xining Arpt,36.528,102.04,2177,QH,CN,9,['METAR']
ZLXY,ZLXY,XIY,,57036,Xianyang Intl,34.449,108.752,478,SN,CN,1,"['METAR', 'TAF']"
ZLYA,ZLYA,ENY,,53845,Yan An Arpt,36.637,109.553,946,SN,CN,9,['METAR']
ZMCK,ZMCK,,,,Ulaanbaatar Intl,47.651,106.822,1366,1,MN,6,"['METAR', 'TAF']"
ZMUB,ZMUB,ULN,,44292,Ulan-Bator/Khaan Arpt,47.843,106.766,1300,1,MN,0,"['METAR', 'TAF']"
ZPLJ,ZPLJ,LJG,,,Sanyi Arpt,26.678,100.247,2242,YN,CN,9,[]
ZPPP,ZPPP,KMG,,56778,Kunming/Changshui Intl,25.107,102.934,2104,YN,CN,1,"['METAR', 'TAF']"
ZSAM,ZSAM,XMN,,59134,Xiamen-Gaoqi Intl,24.546,118.131,13,FJ,CN,1,"['METAR', 'TAF']"
ZSCN,ZSCN,KHN,,58606,Nanchang/Changbei Intl,28.863,115.902,42,JS,CN,9,['METAR']
ZSFZ,ZSFZ,FOC,,,Fuzhou/Changle Intl,25.936,119.666,14,FJ,CN,3,"['METAR', 'TAF']"
ZSGZ,ZSGZ,KOW,,57993,Ganzhou,25.867,115,127,JS,CN,9,['METAR']
ZSHC,ZSHC,HGH,,58457,Hangzhou/Xiaoshan Intl,30.229,120.434,8,ZJ,CN,3,"['METAR', 'TAF']"
ZSJN,ZSJN,TNA,,,Jinan Yaoqiang Intl,36.856,117.206,22,SD,CN,2,"['METAR', 'TAF']"
ZSNB,ZSNB,NGB,,58239,Ningbo/Lishe Intl,29.827,121.462,5,ZJ,CN,4,"['METAR', 'TAF']"
ZSNJ,ZSNJ,NKG,,58238,Nanjing/Lukou Intl,31.739,118.863,27,JS,CN,3,"['METAR', 'TAF']"
ZSNT,ZSNT,NTG,,,Rengang,32.02,120.85,6,,CN,9,"['METAR', 'TAF']"
ZSOF,ZSOF,HFE,,58321,Hefei/Xinqiao Intl,31.99,116.965,64,AH,CN,2,"['METAR', 'TAF']"
ZSPD,ZSPD,PVG,,,Shanghai/Pudong Intl,31.146,121.8,4,SH,CN,6,"['METAR', 'TAF']"
ZSQD,ZSQD,TAO,,54857,Qingdao/Jiaodong Arpt,36.362,120.087,2,SD,CN,1,"['METAR', 'TAF']"
ZSQZ,ZSQZ,JJN,,,Quanzhou/Jinjiang Arpt,24.7968,118.5889,7,FJ,CN,4,['TAF']
ZSSS,ZSSS,SHA,,58367,Shanghai/Hongqiao Intl,31.209,121.337,2,SH,CN,0,"['METAR', 'TAF']"
ZSTN,ZSTN,,,54823,Jinan,36.6,117.05,215,SD,CN,9,['METAR']
ZSWZ,ZSWZ,WNZ,,58659,Wenzhou/Yongqiang Arpt,27.912,120.852,6,ZJ,CN,3,['METAR']
ZSYT,ZSYT,YNT,,,Yantai/Penglai Arpt,37.402,121.372,18,SD,CN,3,['METAR']
ZUCK,ZUCK,CKG,,57516,Chongqing/Jiangbei Intl,29.718,106.639,416,CQ,CN,2,"['METAR', 'TAF']"
ZUGY,ZUGY,KWE,,57816,Guizhou/Longdongbao Arpt,26.538,106.801,1130,GZ,CN,3,"['METAR', 'TAF']"
ZULS,ZULS,LXA,,55591,Lhasa/Gongga Arpt,29.294,90.9,3577,XZ,CN,9,"['METAR', 'TAF']"
ZUTF,ZUTF,TFU,,,Chengdu/Tianfu Arpt,30.304,104.436,443,CQ,CN,5,['METAR']
ZUUU,ZUUU,CTU,,56294,Chengdu/Shuangliu Intl,30.576,103.95,494,CQ,CN,1,"['METAR', 'TAF']"
ZWHM,ZWHM,HMI,,52203,Hami,42.843,93.664,826,XJ,CN,9,['METAR']
ZWSD,ZWSD,,,,UNK,-99.99,-99.99,9999,,CN,9,[]
ZWSH,ZWSH,KHG,,51709,Kashgar Arpt,39.542,76.019,1374,XJ,CN,1,"['METAR', 'TAF']"
ZWTN,ZWTN,HTN,,51828,Hotan,37.147,79.97,1341,XJ,CN,9,['METAR']
ZWWW,ZWWW,URC,,,Ürümqi/Diwopu Arpt,43.907,87.474,654,XJ,CN,0,"['METAR', 'TAF']"
ZWYN,ZWYN,YIN,,51431,Yining,43.956,81.33,672,XJ,CN,9,['METAR']
ZYCC,ZYCC,CGQ,,54161,Changchun/Longjia Intl,43.993,125.682,211,JL,CN,3,"['METAR', 'TAF']"
ZYHB,ZYHB,HRB,,,Harbin/Taiping Arpt,45.628,126.259,134,HL,CN,1,"['METAR', 'TAF']"
ZYQQ,ZYQQ,NDG,,50745,Qiqihar,47.238,123.919,145,HL,CN,9,['METAR']
ZYTL,ZYTL,DLC,,54662,Dalian/Zhoushuizi Intl,38.961,121.556,33,LN,CN,1,"['METAR', 'TAF']"
ZYTX,ZYTX,SHE,,,Shenyang/Taoxian Intl,41.639,123.485,56,LN,CN,1,"['METAR', 'TAF']"
